date,Open,High,Low,Close,Volume,sample
2015-01-02,53.7600,55.1100,52.0300,52.6900,268708,in
2015-01-05,52.6100,52.7300,49.6800,50.0400,375782,in
2015-01-06,50.0000,50.3700,47.5500,47.9300,451642,in
2015-01-07,48.0000,49.3100,46.8300,48.6500,460083,in
2015-01-08,48.7800,49.6500,47.7300,48.7900,362081,in
2015-01-09,48.9200,49.6100,47.1600,48.3600,421007,in
2015-01-12,48.1900,48.1900,45.6200,46.0700,394946,in
2015-01-13,45.6900,46.7900,44.2000,45.8900,476541,in
2015-01-14,46.1600,48.9100,45.0100,48.4800,510252,in
2015-01-15,48.6000,51.2700,46.0700,46.2500,478340,in
2015-01-16,46.3500,48.8700,45.9500,48.6900,175626,in
2015-01-20,48.6900,48.7700,45.8900,46.3900,438892,in
2015-01-21,46.6900,48.2000,46.5500,47.7800,340252,in
2015-01-22,47.3500,49.0900,45.8700,46.3100,426829,in
2015-01-23,46.6300,47.7600,45.2100,45.5900,374289,in
2015-01-26,45.2000,46.4100,44.3500,45.1500,310638,in
2015-01-27,45.1300,46.5500,44.8100,46.2300,313141,in
2015-01-28,45.8300,45.8300,44.0800,44.4500,365440,in
2015-01-29,44.4300,44.9600,43.5800,44.5300,300732,in
2015-01-30,44.6300,48.3500,44.3100,48.2400,454142,in
2015-02-02,47.5900,50.5600,46.6700,49.5700,511409,in
2015-02-03,49.7900,54.2400,49.6900,53.0500,644919,in
2015-02-04,51.6700,52.5600,47.9500,48.4500,577515,in
2015-02-05,48.6700,52.1000,47.3600,50.4800,596851,in
2015-02-06,50.8600,53.1600,50.7200,51.6900,584976,in
2015-02-09,52.0100,53.9900,51.6500,52.8600,536364,in
2015-02-10,52.4300,52.6500,49.8600,50.0200,501701,in
2015-02-11,50.9800,51.1400,48.0500,48.8400,519272,in
2015-02-12,49.4200,51.6000,49.1400,51.2100,563662,in
2015-02-13,51.3500,53.4300,51.0300,52.7800,437072,in
2015-02-17,52.7500,54.1500,50.8100,53.5300,518799,in
2015-02-18,53.2400,53.4100,50.3200,52.1400,257476,in
2015-02-19,50.5500,52.1400,49.1500,51.1600,125210,in
2015-02-20,51.2400,51.8500,49.9100,50.3400,366125,in
2015-02-23,50.7500,50.9900,48.6700,49.4500,475383,in
2015-02-24,49.4200,50.3300,48.6800,49.2800,293101,in
2015-02-25,49.1600,51.2800,48.4300,50.9900,429524,in
2015-02-26,51.0000,51.2200,47.8000,48.1700,459584,in
2015-02-27,48.9700,49.9400,48.4600,49.7600,399494,in
2015-03-02,49.4500,51.0400,48.7100,49.5900,427177,in
2015-03-03,49.8000,50.8300,49.4500,50.5200,370597,in
2015-03-04,50.6100,51.9900,49.6000,51.5300,463989,in
2015-03-05,51.6200,52.4000,50.6100,50.7600,370953,in
2015-03-06,50.8900,51.2200,48.8800,49.6100,406840,in
2015-03-09,49.6000,50.7900,49.2500,50.0000,409877,in
2015-03-10,50.0800,50.3600,48.2000,48.2900,395761,in
2015-03-11,48.7700,49.0500,47.3300,48.1700,404590,in
2015-03-12,48.4400,48.7600,46.8600,47.0500,358381,in
2015-03-13,46.9300,47.2800,44.7500,44.8400,395722,in
2015-03-16,44.8100,45.0000,42.8500,43.8800,367600,in
2015-03-17,43.8400,44.2000,42.4100,43.4600,346310,in
2015-03-18,42.5100,45.3400,42.0300,44.6600,220638,in
2015-03-19,44.6000,44.7100,42.7500,43.9600,106907,in
2015-03-20,43.9900,46.5300,43.3100,45.7200,379180,in
2015-03-23,46.4100,47.6100,45.3300,47.4500,292417,in
2015-03-24,47.4600,48.5600,46.6700,47.5100,309553,in
2015-03-25,47.7200,49.4600,47.0000,49.2100,398795,in
2015-03-26,49.0200,52.4800,48.7300,51.4300,515277,in
2015-03-27,51.0100,51.3800,48.2100,48.8700,384092,in
2015-03-30,48.5700,49.1600,47.6100,48.6800,355866,in
2015-03-31,48.7300,48.7300,47.2800,47.6000,365748,in
2015-04-01,47.5500,50.4500,47.0500,50.0900,451104,in
2015-04-02,49.5900,50.2700,48.1100,49.1400,453394,in
2015-04-06,49.4700,52.2400,49.4700,52.1400,325282,in
2015-04-07,51.9500,54.1300,51.1700,53.9800,548870,in
2015-04-08,53.1800,53.2300,50.3700,50.4200,552627,in
2015-04-09,51.0000,52.0700,50.5100,50.7900,449531,in
2015-04-10,50.7300,51.9300,50.0800,51.6400,395135,in
2015-04-13,51.8100,53.1000,51.4700,51.9100,375534,in
2015-04-14,52.0500,53.7900,51.8300,53.2900,431026,in
2015-04-15,53.5500,56.6900,53.3900,56.3900,508904,in
2015-04-16,55.9200,57.4200,55.0700,56.7100,413134,in
2015-04-17,56.5600,56.8800,55.3100,55.7400,230623,in
2015-04-20,56.1600,57.1700,54.8500,56.3800,112382,in
2015-04-21,56.4100,56.9100,55.0100,55.2600,354244,in
2015-04-22,56.3400,57.1900,55.7300,56.1600,329631,in
2015-04-23,56.2800,58.4100,55.7600,57.7400,415569,in
2015-04-24,57.5300,57.9500,56.5000,57.1500,328322,in
2015-04-27,57.3000,57.8900,56.5200,56.9900,250558,in
2015-04-28,56.6500,57.8300,56.0700,57.0600,281864,in
2015-04-29,56.9300,59.3300,56.5400,58.5800,411097,in
2015-04-30,58.5500,59.8500,58.3800,59.6300,340322,in
2015-05-01,59.7900,59.9000,58.3200,59.1500,244753,in
2015-05-04,59.3000,59.7300,58.4500,58.9300,215046,in
2015-05-05,58.9500,61.1000,58.6300,60.4000,389743,in
2015-05-06,60.7200,62.5800,60.5400,60.9300,423583,in
2015-05-07,60.6900,61.3100,58.4900,58.9400,437022,in
2015-05-08,59.0200,59.9000,58.1400,59.3900,434575,in
2015-05-11,59.4300,59.8500,58.7500,59.2500,332694,in
2015-05-12,59.2700,61.3600,59.1200,60.7500,397345,in
2015-05-13,61.2300,61.8500,60.0200,60.5000,426835,in
2015-05-14,60.1000,60.8400,59.3600,59.8800,361432,in
2015-05-15,59.6700,59.9700,58.4200,59.6900,222089,in
2015-05-18,59.8500,60.8800,59.0600,59.4300,144389,in
2015-05-19,59.5400,59.6300,57.0900,57.2600,336779,in
2015-05-20,58.3200,59.0400,58.1000,58.9800,287129,in
2015-05-21,58.8100,60.9400,58.6900,60.7200,329765,in
2015-05-22,60.6600,60.8000,59.3500,59.7200,230307,in
2015-05-26,60.0500,60.2500,57.7100,58.0300,330128,in
2015-05-27,58.3200,58.9500,57.3600,57.5100,314917,in
2015-05-28,57.6300,58.0700,56.5100,57.6800,340682,in
2015-05-29,57.9700,60.7000,57.7200,60.3000,452222,in
2015-06-01,60.2900,60.6400,59.3300,60.2000,292189,in
2015-06-02,60.1800,61.5800,60.0900,61.2600,344508,in
2015-06-03,61.0200,61.4300,59.3400,59.6400,371298,in
2015-06-04,59.5700,59.9400,57.8300,58.0000,363345,in
2015-06-05,57.9900,59.2300,56.8300,59.1300,461016,in
2015-06-08,58.9600,59.1300,57.8600,58.1400,339845,in
2015-06-09,58.3100,60.6800,58.2300,60.1400,405486,in
2015-06-10,60.5800,61.8200,60.4500,61.4300,459765,in
2015-06-11,61.1400,61.5300,60.2100,60.7700,352421,in
2015-06-12,60.5500,60.6300,59.7300,59.9600,246898,in
2015-06-15,59.9000,59.9800,58.7300,59.5200,275187,in
2015-06-16,59.6000,60.3700,59.4200,59.9700,233935,in
2015-06-17,60.0300,61.3800,58.8500,59.9200,396155,in
2015-06-18,59.7800,60.8900,59.2500,60.4500,181875,in
2015-06-19,60.5000,60.5600,58.8800,59.6100,116656,in
2015-06-22,59.4400,60.3000,58.9300,59.6800,255306,in
2015-06-23,60.2100,61.4900,59.5500,61.0100,336224,in
2015-06-24,61.1400,61.5700,59.8000,60.2700,312985,in
2015-06-25,60.2200,60.4600,59.4300,59.7000,222341,in
2015-06-26,59.6600,59.9600,58.7600,59.6300,231957,in
2015-06-29,58.8400,59.2700,58.0400,58.3300,286035,in
2015-06-30,58.2700,59.6900,57.9400,59.4700,282475,in
2015-07-01,58.9800,58.9800,56.6800,56.9600,373405,in
2015-07-02,56.8700,57.9500,56.5000,56.9300,297050,in
2015-07-06,54.9000,55.3400,52.4100,52.5300,540608,in
2015-07-07,52.7500,53.4300,50.5800,52.3300,527267,in
2015-07-08,52.9100,52.9600,50.9100,51.6500,434752,in
2015-07-09,51.8300,53.5400,51.4800,52.7800,382334,in
2015-07-10,52.4800,53.8900,51.9600,52.7400,349075,in
2015-07-13,52.1500,53.1700,51.2600,52.2000,359477,in
2015-07-14,52.0000,53.4300,50.8800,53.0400,422756,in
2015-07-15,53.4000,53.5000,51.2100,51.4100,334563,in
2015-07-16,51.6200,52.1700,50.8400,50.9100,319167,in
2015-07-17,50.9100,51.2300,50.1400,50.8900,203485,in
2015-07-20,50.7600,51.2600,49.8500,50.1500,102597,in
2015-07-21,49.9500,51.0200,49.7700,50.3600,254321,in
2015-07-22,50.7100,50.7100,49.0400,49.1900,347986,in
2015-07-23,49.2300,49.6300,48.2100,48.4500,316060,in
2015-07-24,48.7900,49.0300,47.7200,48.1400,278233,in
2015-07-27,48.0000,48.2000,46.9100,47.3900,273614,in
2015-07-28,47.0200,48.4400,46.6800,47.9800,338107,in
2015-07-29,47.8100,49.5200,47.3900,48.7900,366893,in
2015-07-30,48.8300,49.3600,48.3400,48.5200,247662,in
2015-07-31,48.4700,48.6200,46.7000,47.1200,334474,in
2015-08-03,46.8600,46.9400,45.0800,45.1700,371085,in
2015-08-04,45.3500,46.2300,45.2900,45.7400,285786,in
2015-08-05,45.9600,46.7000,44.8300,45.1500,367326,in
2015-08-06,45.1600,45.2700,44.2000,44.6600,360977,in
2015-08-07,44.8200,45.1600,43.7000,43.8700,400070,in
2015-08-10,43.5800,45.0100,43.3500,44.9600,491433,in
2015-08-11,44.8100,45.3400,42.6900,43.0800,538005,in
2015-08-12,43.2700,43.8700,42.8000,43.3000,492271,in
2015-08-13,43.3400,43.7200,41.9100,42.2300,420146,in
2015-08-14,42.2300,42.9600,41.3500,42.5000,317211,in
2015-08-17,42.1800,42.6900,41.6400,41.8700,314275,in
2015-08-18,41.8800,42.9000,41.4300,42.6200,200185,in
2015-08-19,42.4100,42.6800,40.4000,40.8000,107578,in
2015-08-20,40.5800,41.4800,40.2100,41.1400,380433,in
2015-08-21,41.0300,41.4000,39.8600,40.4500,377181,in
2015-08-24,40.3000,40.4700,37.7500,38.2400,468366,in
2015-08-25,38.1800,39.8900,38.1600,39.3100,375650,in
2015-08-26,39.6900,39.8600,38.5200,38.6000,368722,in
2015-08-27,38.9600,42.8600,38.9500,42.5600,533682,in
2015-08-28,42.6800,45.9000,41.7800,45.2200,666328,in
2015-08-31,45.0000,49.3300,43.6000,49.2000,757503,in
2015-09-01,48.1000,48.8700,44.1500,45.4100,713418,in
2015-09-02,44.2600,46.7700,43.2100,46.2500,689301,in
2015-09-03,46.1100,48.4200,45.6500,46.7500,539450,in
2015-09-04,46.6800,47.2300,45.6100,46.0500,385631,in
2015-09-08,45.8200,46.4100,44.1400,45.9400,508815,in
2015-09-09,45.7900,46.2600,44.0500,44.1500,422735,in
2015-09-10,44.1600,46.0400,43.3600,45.9200,498992,in
2015-09-11,45.7100,45.8800,44.1600,44.6300,395838,in
2015-09-14,44.7800,44.9700,43.5900,44.0000,326269,in
2015-09-15,44.1100,45.2500,43.9200,44.5900,335953,in
2015-09-16,45.1600,47.3500,44.8200,47.1500,421981,in
2015-09-17,47.1300,47.7100,46.3300,46.9000,366390,in
2015-09-18,46.8900,47.0300,44.2400,44.6800,211301,in
2015-09-21,44.9700,46.7400,44.6900,46.6800,104528,in
2015-09-22,46.4500,46.4800,45.1400,45.8300,345875,in
2015-09-23,46.5400,47.1500,44.4100,44.4800,411957,in
2015-09-24,44.6200,45.1800,43.7100,44.9100,371976,in
2015-09-25,45.0500,46.3800,44.8600,45.7000,338622,in
2015-09-28,45.3800,45.5000,44.3000,44.4300,273906,in
2015-09-29,44.5000,45.7000,44.3000,45.2300,265176,in
2015-09-30,44.9200,45.8500,44.6800,45.0900,355853,in
2015-10-01,45.3800,47.1000,44.6300,44.7400,478979,in
2015-10-02,45.0700,45.8100,43.9700,45.5400,420740,in
2015-10-05,45.6500,46.9400,45.2100,46.2600,323061,in
2015-10-06,46.2000,49.0800,45.7300,48.5300,453101,in
2015-10-07,49.0000,49.7100,47.7000,47.8100,547488,in
2015-10-08,48.1100,50.0700,47.7600,49.4300,509760,in
2015-10-09,49.6900,50.9200,49.1700,49.6300,508680,in
2015-10-12,49.5100,50.1300,47.0400,47.1000,408663,in
2015-10-13,47.4600,48.4300,46.4400,46.6600,465388,in
2015-10-14,46.6900,46.9600,45.9400,46.6400,348241,in
2015-10-15,46.2800,47.0200,45.2300,46.3800,370940,in
2015-10-16,46.8700,47.5000,46.1600,47.2600,198127,in
2015-10-19,47.2700,47.4900,45.8500,45.8900,125840,in
2015-10-20,46.2500,46.5200,45.2300,45.5500,361314,in
2015-10-21,45.8800,46.0800,44.8600,45.2000,384288,in
2015-10-22,45.2700,46.1000,44.9000,45.3800,322742,in
2015-10-23,45.4400,45.7500,44.2000,44.6000,406577,in
2015-10-26,44.7400,44.9400,43.6400,43.9800,302084,in
2015-10-27,43.7800,43.9100,42.5800,43.2000,370825,in
2015-10-28,43.4400,46.2200,43.0600,45.9400,521518,in
2015-10-29,46.0600,46.7900,45.1600,46.0600,436513,in
2015-10-30,45.7400,47.0300,45.4800,46.5900,363307,in
2015-11-02,46.4300,46.7300,45.5600,46.1400,305518,in
2015-11-03,46.1100,48.3600,45.9600,47.9000,434574,in
2015-11-04,47.7400,48.2800,46.1700,46.3200,459307,in
2015-11-05,46.5700,46.6500,45.1200,45.2000,437646,in
2015-11-06,45.4100,45.6400,44.1100,44.2900,448133,in
2015-11-09,44.5200,45.1200,43.6400,43.8700,487992,in
2015-11-10,44.1000,44.7600,43.5700,44.2100,445973,in
2015-11-11,43.6300,44.1100,42.6200,42.9300,502371,in
2015-11-12,43.0500,43.3300,41.5400,41.7500,545351,in
2015-11-13,41.6100,42.8400,40.2200,40.7400,480893,in
2015-11-16,40.9200,42.2500,40.0600,41.7400,535179,in
2015-11-17,41.9600,42.0300,40.5800,40.6700,363714,in
2015-11-18,41.1100,41.5500,39.9100,40.7500,251518,in
2015-11-19,40.7200,41.0500,39.8900,40.5400,131356,in
2015-11-20,40.5400,40.9900,38.9900,40.3900,432642,in
2015-11-23,41.4900,42.7500,40.4100,41.7500,516190,in
2015-11-24,42.0400,43.4600,41.8600,42.8700,430304,in
2015-11-25,42.6900,43.2500,41.7200,43.0400,383158,in
2015-11-27,43.2500,43.3000,41.6700,41.7100,316475,in
2015-11-30,41.7700,42.6100,41.5000,41.6500,369509,in
2015-12-01,41.7300,42.2300,41.1700,41.8500,415537,in
2015-12-02,41.6900,41.9700,39.8400,39.9400,545289,in
2015-12-03,40.1500,41.7800,40.0700,41.0800,496884,in
2015-12-04,41.3100,42.0000,39.6000,39.9700,510758,in
2015-12-07,40.1000,40.1500,37.5000,37.6500,635413,in
2015-12-08,37.6800,38.5800,36.6400,37.5100,767184,in
2015-12-09,37.8600,38.9900,36.8700,37.1600,646166,in
2015-12-10,37.2700,37.5400,36.3800,36.7600,513940,in
2015-12-11,36.6300,36.8400,35.1600,35.6200,505406,in
2015-12-14,35.4000,36.7000,34.5300,36.3100,550476,in
2015-12-15,36.3200,37.8800,36.0300,37.3500,474159,in
2015-12-16,36.7900,37.3500,35.2900,35.5200,402967,in
2015-12-17,35.8000,35.8400,34.6300,34.9500,196227,in
2015-12-18,34.8700,35.5700,34.2900,34.7300,116038,in
2015-12-21,34.5800,34.8600,33.9800,34.7400,298080,in
2015-12-22,35.8000,36.5400,35.6600,36.1400,302263,in
2015-12-23,36.4700,37.9500,36.2800,37.5000,374658,in
2015-12-24,37.8600,38.2800,37.3800,38.1000,205873,in
2015-12-28,38.0000,38.0900,36.6000,36.8100,220644,in
2015-12-29,36.7000,37.9400,36.6600,37.8700,241945,in
2015-12-30,37.3600,37.4000,36.4000,36.6000,267912,in
2015-12-31,36.8100,37.7900,36.2200,37.0400,283623,in
2016-01-04,37.6000,38.3900,36.3300,36.7600,431985,in
2016-01-05,36.9000,37.1000,35.7400,35.9700,410131,in
2016-01-06,36.1800,36.3900,33.7700,33.9700,563811,in
2016-01-07,34.0900,34.2600,32.1000,33.2700,617409,in
2016-01-08,33.3000,34.3400,32.6400,33.1600,596496,in
2016-01-11,32.9400,33.2000,30.8800,31.4100,648640,in
2016-01-12,31.1100,32.2100,29.9300,30.4400,627218,in
2016-01-13,30.5400,31.7100,30.1000,30.4800,637903,in
2016-01-14,30.6000,31.7700,30.2800,31.2000,537906,in
2016-01-15,31.1800,31.1800,29.1300,29.4200,329094,in
2016-01-19,29.2000,30.2100,28.2100,28.4600,188026,in
2016-01-20,28.3300,28.5800,26.1900,26.5500,690039,in
2016-01-21,28.3500,30.2500,27.8700,29.5300,694040,in
2016-01-22,29.8400,32.3500,29.5300,32.1900,636573,in
2016-01-25,32.0500,32.7400,29.6800,30.3400,606892,in
2016-01-26,29.8100,32.4100,29.2500,31.4500,642432,in
2016-01-27,30.5500,32.8400,30.1400,32.3000,738551,in
2016-01-28,32.1900,34.8200,31.7400,33.2200,833378,in
2016-01-29,33.7000,34.4000,32.6500,33.6200,618110,in
2016-02-01,33.8300,34.1800,31.2900,31.6200,595612,in
2016-02-02,31.3700,31.5300,29.5700,29.8800,602564,in
2016-02-03,29.7500,32.7500,29.4000,32.2800,811699,in
2016-02-04,32.7100,33.6000,31.5300,31.7200,696721,in
2016-02-05,31.6400,32.4500,30.6300,30.8900,616531,in
2016-02-08,30.9700,31.3800,29.5700,29.6900,603646,in
2016-02-09,30.1700,30.6100,27.7400,27.9400,738219,in
2016-02-10,28.3600,29.2200,27.2400,27.4500,781280,in
2016-02-11,27.3400,27.4800,26.0500,26.2100,795965,in
2016-02-12,27.3000,29.6600,26.9500,29.4400,675157,in
2016-02-16,29.0800,31.5300,28.7000,29.0400,651956,in
2016-02-17,29.1400,31.4900,28.7300,30.6600,578639,in
2016-02-18,31.3500,31.9800,30.2700,30.7700,225497,in
2016-02-19,30.6000,30.7300,29.0500,29.6400,103202,in
2016-02-22,29.7200,32.0500,29.4800,31.4800,521016,in
2016-02-23,33.3400,33.5300,31.2200,31.8700,539379,in
2016-02-24,31.2800,32.4000,30.5600,32.1500,652245,in
2016-02-25,32.1900,33.4900,31.0700,33.0700,611874,in
2016-02-26,33.0400,34.6900,32.6400,32.7800,646294,in
2016-02-29,32.7200,33.9800,32.3200,33.7500,512468,in
2016-03-01,33.9000,34.7600,33.3700,34.4000,566226,in
2016-03-02,33.8900,35.1700,33.5500,34.6600,597834,in
2016-03-03,34.7300,35.3200,34.1900,34.5700,512962,in
2016-03-04,34.6600,36.3400,34.4000,35.9200,578290,in
2016-03-07,36.2000,38.1100,36.0900,37.9000,709870,in
2016-03-08,37.9400,38.3900,36.1200,36.5000,706933,in
2016-03-09,36.3600,38.5100,36.2400,38.2900,740632,in
2016-03-10,38.1700,38.4800,37.2100,37.8400,701435,in
2016-03-11,37.9900,39.0200,37.9200,38.5000,564791,in
2016-03-14,38.1700,38.7700,36.6800,37.1800,489938,in
2016-03-15,37.3700,37.4000,35.9600,36.3400,446100,in
2016-03-16,36.7400,38.6300,36.6100,38.4600,494174,in
2016-03-17,38.5900,40.3600,38.4700,40.2000,298013,in
2016-03-18,40.2500,41.2000,39.1500,39.4400,130151,in
2016-03-21,39.0600,40.3000,38.6100,39.9100,479337,in
2016-03-22,41.5900,41.9000,40.7700,41.4500,463693,in
2016-03-23,41.1900,41.3400,39.6700,39.7900,492003,in
2016-03-24,39.7300,39.7700,38.3300,39.4600,495168,in
2016-03-28,39.5500,40.1400,38.8600,39.3900,299775,in
2016-03-29,39.3200,39.4800,37.9100,38.2800,488032,in
2016-03-30,38.5200,39.8500,38.1400,38.3200,542469,in
2016-03-31,38.3000,39.0400,37.5700,38.3400,532152,in
2016-04-01,38.1400,38.5600,36.6300,36.7900,547190,in
2016-04-04,36.6100,37.2100,35.4600,35.7000,549477,in
2016-04-05,35.5000,36.5800,35.2400,35.8900,485543,in
2016-04-06,36.5200,37.9000,36.4300,37.7500,751048,in
2016-04-07,37.7600,38.3000,36.6900,37.2600,626749,in
2016-04-08,37.5200,39.8400,37.4500,39.7200,817230,in
2016-04-11,39.7200,40.7500,39.2500,40.3600,679351,in
2016-04-12,40.3500,42.2500,40.0900,42.1700,796837,in
2016-04-13,41.6300,42.4200,41.2400,41.7600,730437,in
2016-04-14,41.5400,42.1600,40.8400,41.5000,488614,in
2016-04-15,41.4300,41.7300,39.9800,40.3600,520146,in
2016-04-18,38.7500,40.2400,37.6100,39.7800,342463,in
2016-04-19,40.0400,41.5300,39.5800,41.0800,101734,in
2016-04-20,40.8000,42.9100,39.8500,42.6300,796240,in
2016-04-21,43.9700,44.4900,43.0500,43.1800,671103,in
2016-04-22,43.4200,44.4500,43.1100,43.7300,575107,in
2016-04-25,43.7500,44.0400,42.5800,42.6400,606383,in
2016-04-26,42.9600,44.8300,42.5000,44.0400,564392,in
2016-04-27,44.6400,45.6200,43.7700,45.3300,648028,in
2016-04-28,45.3000,46.1400,44.9400,46.0300,487412,in
2016-04-29,45.9000,46.7800,45.2400,45.9200,598439,in
2016-05-02,45.9000,46.1500,44.5400,44.7800,464027,in
2016-05-03,44.9200,45.3500,43.3200,43.6500,625551,in
2016-05-04,43.8500,44.8800,43.2200,43.7800,711125,in
2016-05-05,44.0400,46.0700,43.9600,44.3200,746159,in
2016-05-06,44.5200,45.3400,43.5400,44.6600,695306,in
2016-05-09,45.0000,45.9400,43.2400,43.4400,767568,in
2016-05-10,43.2500,44.7900,43.0300,44.6600,709415,in
2016-05-11,44.6000,46.3600,43.9600,46.2300,869957,in
2016-05-12,46.0000,47.0200,45.6100,46.7000,715102,in
2016-05-13,46.4100,46.4900,45.7500,46.2100,519363,in
2016-05-16,46.2800,47.9800,46.1500,47.7200,550863,in
2016-05-17,47.9000,48.7600,47.5300,48.3100,470440,in
2016-05-18,48.5300,48.9500,47.7500,48.1900,343184,in
2016-05-19,47.8700,48.2800,46.7300,48.1600,108816,in
2016-05-20,48.2000,48.7900,47.4400,47.7500,538047,in
2016-05-23,48.4600,48.5000,47.4000,48.0800,475453,in
2016-05-24,48.0800,49.2700,47.6400,48.6200,475965,in
2016-05-25,49.0900,49.7500,48.6500,49.5600,550501,in
2016-05-26,49.7000,50.2100,49.2200,49.4800,488465,in
2016-05-27,49.3100,49.6000,48.6900,49.3300,406386,in
2016-05-31,49.5400,50.1000,48.8100,49.1000,476988,in
2016-06-01,48.8200,49.2500,47.7500,49.0100,568839,in
2016-06-02,48.9000,49.4700,47.9700,49.1700,564846,in
2016-06-03,49.0400,49.4100,48.3300,48.6200,481034,in
2016-06-06,48.8800,49.9000,48.7100,49.6900,450472,in
2016-06-07,49.7100,50.5300,49.4400,50.3600,542254,in
2016-06-08,50.4100,51.6200,50.3200,51.2300,656416,in
2016-06-09,51.4500,51.6700,50.2300,50.5600,560723,in
2016-06-10,50.4700,50.7300,48.8000,49.0700,596119,in
2016-06-13,48.8500,49.2800,48.1600,48.8800,506036,in
2016-06-14,48.5200,48.6900,47.8400,48.4900,456144,in
2016-06-15,47.9000,48.7200,47.2800,48.0100,527870,in
2016-06-16,47.4500,47.7500,45.9100,46.2100,507910,in
2016-06-17,45.9900,48.2900,45.8300,47.9800,226653,in
2016-06-20,48.2900,49.4200,48.1400,49.3700,98293,in
2016-06-21,49.1400,49.3200,48.1600,48.8500,475407,in
2016-06-22,50.2200,50.5400,48.4000,49.1300,569939,in
2016-06-23,49.0800,50.2300,49.0800,50.1100,401885,in
2016-06-24,50.3000,50.4500,46.7000,47.6400,649446,in
2016-06-27,47.8100,47.9600,45.8300,46.3300,504613,in
2016-06-28,46.5900,48.1800,46.5400,47.8500,498851,in
2016-06-29,48.0600,50.0000,47.9800,49.8800,511476,in
2016-06-30,49.5500,49.6200,48.1700,48.3300,508736,in
2016-07-01,48.3800,49.3000,47.9000,48.9900,405187,in
2016-07-05,49.1100,49.3500,46.3300,46.6000,609194,in
2016-07-06,46.8300,47.9500,45.9200,47.4300,607663,in
2016-07-07,47.8800,48.2500,44.8700,45.1400,710893,in
2016-07-08,45.1900,45.9700,44.7700,45.4100,583078,in
2016-07-11,45.0700,45.7700,44.4200,44.7600,533657,in
2016-07-12,44.5800,46.9300,44.5100,46.8000,658257,in
2016-07-13,46.5800,46.7100,44.5600,44.7500,686245,in
2016-07-14,45.1400,45.8000,44.9500,45.6800,573761,in
2016-07-15,45.5200,46.3300,45.0500,45.9500,430256,in
2016-07-18,46.1200,46.1400,44.8600,45.2400,211393,in
2016-07-19,45.2300,45.6700,44.5300,44.6500,128127,in
2016-07-20,44.5900,45.2500,43.6900,44.9400,541014,in
2016-07-21,45.6500,46.0900,44.5200,44.7500,432972,in
2016-07-22,44.6000,44.9700,43.7400,44.1900,428407,in
2016-07-25,44.2000,44.3700,42.9700,43.1300,389837,in
2016-07-26,43.0700,43.3900,42.3600,42.9200,461324,in
2016-07-27,42.6600,43.2000,41.6800,41.9200,537390,in
2016-07-28,41.9300,42.2200,41.0400,41.1400,447913,in
2016-07-29,41.1200,41.6700,40.5700,41.6000,478763,in
2016-08-01,41.3500,41.8800,39.8200,40.0600,533020,in
2016-08-02,40.0800,40.9100,39.2600,39.5100,534512,in
2016-08-03,39.7000,41.2000,39.1900,40.8300,655186,in
2016-08-04,41.1600,42.0800,40.4300,41.9300,598836,in
2016-08-05,41.8400,42.1000,41.0600,41.8000,550189,in
2016-08-08,41.9900,43.3900,41.8100,43.0200,562530,in
2016-08-09,42.8300,43.5200,42.4700,42.7700,624703,in
2016-08-10,42.7400,43.3900,41.4200,41.7100,676148,in
2016-08-11,41.4800,43.8600,41.1000,43.4900,682235,in
2016-08-12,43.4600,44.7800,43.3100,44.4900,536081,in
2016-08-15,44.7400,45.9300,44.3800,45.7400,522526,in
2016-08-16,45.5900,46.7300,45.3400,46.5800,550440,in
2016-08-17,46.3700,46.9500,45.8400,46.7900,563354,in
2016-08-18,46.9000,48.3800,46.6300,48.2200,229277,in
2016-08-19,48.3300,48.7500,47.9300,48.5200,162438,in
2016-08-22,48.4000,48.4000,46.7500,47.0500,515256,in
2016-08-23,47.3900,48.3200,46.5900,48.1000,623904,in
2016-08-24,47.5900,47.7400,46.4500,46.7700,603495,in
2016-08-25,46.8000,47.4600,46.4200,47.3300,458816,in
2016-08-26,47.3700,48.4600,46.9400,47.6400,558344,in
2016-08-29,47.2200,47.2800,46.6200,46.9800,309254,in
2016-08-30,46.9800,47.4900,46.2100,46.3500,464449,in
2016-08-31,46.2400,46.4100,44.5100,44.7000,549007,in
2016-09-01,44.8500,45.0800,43.0000,43.1600,605003,in
2016-09-02,43.5500,44.6700,43.1600,44.4400,576915,in
2016-09-06,44.1500,46.5300,43.8400,44.8300,932145,in
2016-09-07,44.8500,46.1700,44.5500,45.5000,572884,in
2016-09-08,46.1200,47.7500,45.7700,47.6200,761943,in
2016-09-09,47.3600,47.3600,45.5600,45.8800,688191,in
2016-09-12,45.5700,46.5100,44.7200,46.2900,745016,in
2016-09-13,46.0600,46.1300,44.7700,44.9000,657775,in
2016-09-14,45.0000,45.3300,43.4200,43.5800,705861,in
2016-09-15,43.7000,44.3400,43.2600,43.9100,537185,in
2016-09-16,43.7100,43.7500,42.7400,43.0300,231191,in
2016-09-19,43.1800,44.1500,43.1200,43.3000,129857,in
2016-09-20,43.1300,44.0500,42.5500,43.4400,694130,in
2016-09-21,44.5000,45.6500,44.5000,45.3400,585987,in
2016-09-22,45.6200,46.5200,45.5200,46.3200,521680,in
2016-09-23,46.0700,46.5500,44.2200,44.4800,718395,in
2016-09-26,44.6200,46.2000,44.4300,45.9300,527119,in
2016-09-27,45.6200,45.9600,44.1900,44.6700,630757,in
2016-09-28,44.9600,47.4500,44.3500,47.0500,1008434,in
2016-09-29,47.2000,48.3200,46.6000,47.8300,702649,in
2016-09-30,47.7600,48.3000,47.0400,48.2400,496515,in
2016-10-03,48.0400,49.0200,47.7800,48.8100,458021,in
2016-10-04,48.6500,49.2600,48.2600,48.6900,513710,in
2016-10-05,49.2600,49.9700,49.1000,49.8300,520070,in
2016-10-06,49.6500,50.6300,49.3300,50.4400,547915,in
2016-10-07,50.5900,50.7400,49.4000,49.8100,618809,in
2016-10-11,51.1000,51.5400,50.3900,50.7900,765608,in
2016-10-12,50.8400,51.1700,49.8900,50.1800,533884,in
2016-10-13,50.0000,50.5900,49.3600,50.4400,740676,in
2016-10-14,50.5800,51.1400,49.9000,50.3500,519431,in
2016-10-17,50.2300,50.5800,49.4700,49.9400,418723,in
2016-10-18,50.0400,50.7800,49.7600,50.2900,192803,in
2016-10-19,50.7700,51.9300,50.6900,51.6000,132427,in
2016-10-20,51.4000,51.5800,50.2500,50.4300,548947,in
2016-10-21,50.6600,51.0200,50.2100,50.8500,551300,in
2016-10-24,50.8500,50.9800,49.6200,50.5200,623398,in
2016-10-25,50.4900,50.9300,49.2700,49.9600,553778,in
2016-10-26,49.3100,50.1000,48.8700,49.1800,679320,in
2016-10-27,49.2200,50.0600,49.0000,49.7200,543173,in
2016-10-28,49.6100,49.8100,48.4200,48.7000,550081,in
2016-10-31,48.2500,48.7400,46.6300,46.8600,649237,in
2016-11-01,46.7700,47.3500,46.2000,46.6700,834989,in
2016-11-02,46.3200,46.4700,44.9600,45.3400,674322,in
2016-11-03,45.4800,45.9000,44.3700,44.6600,540439,in
2016-11-04,44.6300,44.8700,43.5700,44.0700,736685,in
2016-11-07,44.4500,45.0100,44.1100,44.8900,605733,in
2016-11-08,44.9700,45.3900,44.4100,44.9800,669639,in
2016-11-09,44.8200,45.9500,43.0700,45.2700,946512,in
2016-11-10,45.3100,45.6400,44.2500,44.6600,686338,in
2016-11-14,43.2000,43.8100,42.2000,43.3200,704766,in
2016-11-15,43.7600,46.0900,43.5500,45.8100,706177,in
2016-11-16,45.7700,46.4100,45.0300,45.5700,658169,in
2016-11-17,45.3700,46.5800,44.8800,45.4200,284874,in
2016-11-18,44.9300,45.7700,44.5500,45.6900,155651,in
2016-11-21,45.8300,47.8000,45.7700,47.4900,665326,in
2016-11-22,48.3700,49.2000,47.1700,48.0300,826208,in
2016-11-23,47.9400,48.4300,47.4000,47.9600,556861,in
2016-11-25,47.9700,48.2600,45.8800,46.0600,465977,in
2016-11-28,45.4300,47.6500,45.1400,47.0800,734381,in
2016-11-29,46.8800,46.9800,44.8200,45.2300,732818,in
2016-11-30,45.2400,49.9000,45.2200,49.4400,1311000,in
2016-12-01,49.0700,51.8000,48.9800,51.0600,974805,in
2016-12-02,51.0100,51.7300,50.1800,51.6800,667099,in
2016-12-05,51.4600,52.4200,50.9300,51.7900,600782,in
2016-12-06,50.9700,51.6000,50.2800,50.9300,642746,in
2016-12-07,50.9300,51.2000,49.7200,49.7700,816879,in
2016-12-08,49.8800,50.9800,49.6100,50.8400,780062,in
2016-12-09,50.9200,51.6600,50.8600,51.5000,652040,in
2016-12-12,52.5800,54.5100,52.1800,52.8300,847025,in
2016-12-13,52.5100,53.4100,52.3500,52.9800,638396,in
2016-12-14,52.4500,52.7800,50.6700,51.0400,677957,in
2016-12-15,50.7900,51.4800,49.9500,50.9000,551759,in
2016-12-16,51.1000,52.0800,50.5000,51.9000,252567,in
2016-12-19,52.1500,52.5200,51.5100,52.1200,129990,in
2016-12-20,52.1100,52.7000,51.8500,52.2300,416592,in
2016-12-21,53.5600,53.7900,52.3200,52.4900,471993,in
2016-12-22,52.5200,53.1900,52.0800,52.9500,393487,in
2016-12-23,52.6800,53.2800,52.2600,53.0200,285166,in
2016-12-27,53.2900,54.1000,53.0300,53.9000,277306,in
2016-12-28,53.9300,54.3700,53.5600,54.0600,322535,in
2016-12-29,53.6600,54.2100,53.4600,53.7700,360194,in
2016-12-30,53.8700,54.0900,53.4100,53.7200,271094,in
2017-01-03,54.2000,55.2400,52.1100,52.3300,727793,in
2017-01-04,52.4900,53.4300,52.1500,53.2600,512641,in
2017-01-05,53.3900,54.1200,52.7900,53.7600,517362,in
2017-01-06,53.7300,54.3200,53.3200,53.9900,528333,in
2017-01-09,53.7500,53.8300,51.7600,51.9600,564893,in
2017-01-10,51.8300,52.3700,50.7100,50.8200,632573,in
2017-01-11,50.8100,52.7800,50.7500,52.2500,815846,in
2017-01-12,52.3700,53.5000,52.1200,53.0100,660703,in
2017-01-13,53.0500,53.1700,52.2700,52.3700,477986,in
2017-01-17,52.5500,53.5200,52.1200,52.4800,606023,in
2017-01-18,52.5200,52.7900,50.9100,51.0800,236238,in
2017-01-19,51.3900,51.8700,51.0200,51.3700,122593,in
2017-01-20,51.4500,52.9000,51.3900,52.4200,567231,in
2017-01-23,53.3300,53.4700,52.2100,52.7500,455333,in
2017-01-24,52.8600,53.5600,52.6700,53.1800,520285,in
2017-01-25,52.9500,53.4700,52.5600,52.7500,589709,in
2017-01-26,52.9600,54.0600,52.7900,53.7800,578065,in
2017-01-27,53.7400,54.0800,52.5800,53.1700,495556,in
2017-01-30,53.1500,53.4600,52.4100,52.6300,486309,in
2017-01-31,52.6000,53.5600,52.2400,52.8100,586676,in
2017-02-01,52.7600,53.9100,52.6400,53.8800,577243,in
2017-02-02,53.5700,54.3400,53.3500,53.5400,492553,in
2017-02-03,53.6800,54.2200,53.4000,53.8300,462616,in
2017-02-06,53.8100,54.1300,52.9100,53.0100,425085,in
2017-02-07,53.1400,53.2400,51.6300,52.1700,624057,in
2017-02-08,51.6400,52.6700,51.2200,52.3400,767379,in
2017-02-09,52.3700,53.2100,52.3700,53.0000,610196,in
2017-02-10,53.1500,54.1300,52.9000,53.8600,596449,in
2017-02-13,53.8000,53.9500,52.7700,52.9300,586034,in
2017-02-14,52.9100,53.7200,52.8600,53.2000,493022,in
2017-02-15,53.0000,53.5100,52.7300,53.1100,463638,in
2017-02-16,53.0100,53.5900,52.6800,53.3600,343363,in
2017-02-17,53.4700,53.5200,52.8800,53.4000,195352,in
2017-02-21,53.4800,54.6800,53.3500,54.0600,665310,in
2017-02-22,54.2600,54.6000,53.3500,53.5900,499480,in
2017-02-23,53.9100,54.9400,53.8700,54.4500,529880,in
2017-02-24,54.3300,54.5100,53.7600,53.9900,395258,in
2017-02-27,54.0200,54.6100,53.9400,54.0500,394380,in
2017-02-28,54.0400,54.2300,53.1800,54.0100,593909,in
2017-03-01,53.9500,54.4400,53.6300,53.8300,491289,in
2017-03-02,53.6900,53.8000,52.5400,52.6100,638390,in
2017-03-03,52.5800,53.3900,52.5500,53.3300,436360,in
2017-03-06,53.1900,53.5600,52.7600,53.2000,503692,in
2017-03-07,53.1700,53.8000,52.7100,53.1400,494677,in
2017-03-08,52.7900,52.9200,50.0500,50.2800,963392,in
2017-03-09,50.2200,50.8400,48.5900,49.2800,1073506,in
2017-03-10,49.6100,50.1100,48.3100,48.4900,796960,in
2017-03-13,48.4500,48.6800,47.9000,48.4000,601362,in
2017-03-14,48.4500,48.7900,47.0900,47.7200,857711,in
2017-03-15,48.7600,49.0400,48.1600,48.8600,655788,in
2017-03-16,49.0100,49.6200,48.4500,48.7500,516853,in
2017-03-17,48.7900,49.2000,48.6000,48.7800,172340,in
2017-03-20,48.7000,48.7400,47.8400,48.2200,142258,in
2017-03-21,47.9300,48.7300,47.2300,47.3400,628119,in
2017-03-22,48.1600,48.3200,47.0100,48.0400,680849,in
2017-03-23,48.1500,48.4800,47.5800,47.7000,499878,in
2017-03-24,47.6700,48.2000,47.5400,47.9700,421027,in
2017-03-27,48.1200,48.2800,47.0800,47.7300,466176,in
2017-03-28,47.8900,48.7400,47.8000,48.3700,502377,in
2017-03-29,48.4700,49.6300,48.3800,49.5100,548615,in
2017-03-30,49.6000,50.4700,49.2700,50.3500,580668,in
2017-03-31,50.3200,50.8500,49.9000,50.6000,527607,in
2017-04-03,50.6900,50.8300,50.1200,50.2400,440724,in
2017-04-04,50.2400,51.3000,49.8800,51.0300,532054,in
2017-04-05,51.1800,51.8800,50.7400,51.1500,651398,in
2017-04-06,50.8000,51.8200,50.7700,51.7000,473019,in
2017-04-07,51.7000,52.9400,51.4900,52.2400,796437,in
2017-04-10,52.3100,53.1800,52.2900,53.0800,565439,in
2017-04-11,53.1300,53.4500,52.7000,53.4000,598003,in
2017-04-12,53.4000,53.7600,52.7100,53.1100,629805,in
2017-04-13,52.8500,53.3900,52.8200,53.1800,480835,in
2017-04-17,52.9700,53.2100,52.5500,52.6500,326340,in
2017-04-18,52.7500,52.8500,52.1000,52.4100,202043,in
2017-04-19,52.3600,52.6500,50.0900,50.4400,133173,in
2017-04-20,50.6300,50.9700,50.1800,50.2700,606263,in
2017-04-21,50.7100,50.9300,49.2000,49.6200,687474,in
2017-04-24,49.6800,50.2200,49.0300,49.2300,517897,in
2017-04-25,49.2200,49.8300,48.8700,49.5600,587240,in
2017-04-26,49.3600,50.2000,48.9400,49.6200,655717,in
2017-04-27,49.2200,49.4300,48.2000,48.9700,771189,in
2017-04-28,49.2700,49.7600,48.8000,49.3300,633992,in
2017-05-01,49.1700,49.3200,48.5900,48.8400,364386,in
2017-05-02,48.7800,49.2800,47.3500,47.6600,702375,in
2017-05-03,48.1200,48.2300,47.3000,47.8200,691319,in
2017-05-04,47.6000,47.7500,45.2900,45.5200,943959,in
2017-05-05,45.5100,46.6800,43.7600,46.2200,1021610,in
2017-05-08,46.3500,46.9800,45.7300,46.4300,785055,in
2017-05-09,46.4900,46.7800,45.5300,45.8800,701944,in
2017-05-10,46.1800,47.7800,46.0100,47.3300,819796,in
2017-05-11,47.3900,48.2200,47.3400,47.8300,661783,in
2017-05-12,47.8100,48.0700,47.3500,47.8400,537490,in
2017-05-15,47.8500,49.6600,47.7500,48.8500,687153,in
2017-05-16,48.8200,49.3800,48.1700,48.6600,589212,in
2017-05-17,48.2300,49.5000,48.0300,49.0700,650107,in
2017-05-18,48.9300,49.6000,48.0500,49.3500,242754,in
2017-05-19,49.2800,50.5300,49.2800,50.3300,146452,in
2017-05-22,50.6000,51.0600,50.4400,50.7300,564310,in
2017-05-23,51.0400,51.7900,50.5700,51.4700,584139,in
2017-05-24,51.4400,51.8800,51.0300,51.3600,736341,in
2017-05-25,51.2500,52.0000,48.4500,48.9000,1147389,in
2017-05-26,48.7500,49.9400,48.1800,49.8000,763920,in
2017-05-30,49.9300,50.2800,49.0300,49.6600,663486,in
2017-05-31,49.6500,49.7100,47.7300,48.3200,779144,in
2017-06-01,48.6300,49.1700,47.9000,48.3600,774478,in
2017-06-02,48.0400,48.1900,46.7400,47.6600,802662,in
2017-06-05,47.7100,48.4200,46.8600,47.4000,710199,in
2017-06-06,47.4000,48.4000,46.9400,48.1900,825056,in
2017-06-07,47.9800,48.2300,45.6500,45.7200,1182327,in
2017-06-08,45.8500,46.1800,45.2000,45.6400,927695,in
2017-06-09,45.7100,46.1800,45.2700,45.8300,735933,in
2017-06-12,45.8000,46.7100,45.6600,46.0800,666765,in
2017-06-13,46.0100,46.5700,45.5600,46.4600,783320,in
2017-06-14,45.9400,46.4900,44.5400,44.7300,924408,in
2017-06-15,44.6900,44.8100,44.2200,44.4600,500938,in
2017-06-16,44.2500,44.9400,44.2400,44.7400,191824,in
2017-06-19,44.6800,45.0600,44.0500,44.2000,123943,in
2017-06-20,44.1100,44.4000,42.7500,43.2300,894104,in
2017-06-21,43.3800,44.2000,42.0500,42.5300,1071747,in
2017-06-22,42.5500,43.3200,42.2600,42.7400,668830,in
2017-06-23,42.8000,43.2000,42.5300,43.0100,690906,in
2017-06-26,43.1600,43.6500,42.6300,43.3800,661354,in
2017-06-27,43.4900,44.4400,43.3200,44.2400,759115,in
2017-06-28,43.7000,44.9000,43.6700,44.7400,753375,in
2017-06-29,44.8900,45.4500,44.6500,44.9300,768946,in
2017-06-30,44.8900,46.3500,44.8800,46.0400,677408,in
2017-07-03,46.2800,47.1000,45.9200,47.0700,517621,in
2017-07-05,47.0400,47.3200,44.5100,45.1300,1173581,in
2017-07-06,45.6500,46.5300,45.1800,45.5200,969676,in
2017-07-07,45.3500,45.4200,43.7800,44.2300,975914,in
2017-07-10,44.3500,44.8400,43.6500,44.4000,848570,in
2017-07-11,44.5800,45.8100,43.8300,45.0400,1010691,in
2017-07-12,45.7400,46.4800,45.1100,45.4900,963505,in
2017-07-13,45.4400,46.2800,44.9900,46.0800,748971,in
2017-07-14,46.0800,46.7400,45.8000,46.5400,742895,in
2017-07-17,46.6800,46.8800,45.8900,46.0200,560633,in
2017-07-18,45.9900,46.9200,45.8100,46.4000,208420,in
2017-07-19,46.2500,47.2600,46.1400,47.1200,140677,in
2017-07-20,47.0900,47.5500,46.6600,46.7900,720621,in
2017-07-21,46.9100,47.2100,45.5400,45.7700,769438,in
2017-07-24,45.6200,46.5300,45.4000,46.3400,707910,in
2017-07-25,46.4600,48.6600,46.3800,47.8900,885700,in
2017-07-26,48.5100,48.8700,47.8600,48.7500,887864,in
2017-07-27,48.7000,49.2400,48.2500,49.0400,880757,in
2017-07-28,49.1700,49.8100,48.8600,49.7100,771225,in
2017-07-31,49.8500,50.4100,49.1800,50.1700,781539,in
2017-08-01,50.2100,50.4300,48.3700,49.1600,1008583,in
2017-08-02,48.8000,49.6500,48.5500,49.5900,847722,in
2017-08-03,49.5900,49.9600,48.7800,49.0300,837763,in
2017-08-04,48.9500,49.6400,48.5000,49.5800,745664,in
2017-08-07,49.5900,49.7300,48.5400,49.3900,831374,in
2017-08-08,49.3100,49.7900,48.8600,49.1700,924240,in
2017-08-09,49.0000,49.7200,48.9000,49.5600,858250,in
2017-08-10,49.6800,50.2200,48.3500,48.5900,1135440,in
2017-08-11,48.5200,48.9800,47.9800,48.8200,804237,in
2017-08-14,48.7900,49.1600,47.4300,47.5900,763241,in
2017-08-15,47.4900,47.9000,47.0200,47.5500,770358,in
2017-08-16,47.7200,47.9900,46.6700,46.7800,815544,in
2017-08-17,46.8000,47.1900,46.4600,47.0900,608314,in
2017-08-18,46.9300,48.7400,46.7800,48.5100,253069,in
2017-08-21,48.7200,48.7500,47.0300,47.3700,129192,in
2017-08-22,47.4500,48.0300,47.2000,47.6400,864387,in
2017-08-23,47.6400,48.5000,47.5300,48.4100,701693,in
2017-08-24,48.3600,48.4300,47.0600,47.4300,831358,in
2017-08-25,47.6200,47.9100,47.3900,47.8700,646518,in
2017-08-28,47.8900,48.2000,46.1500,46.5700,921285,in
2017-08-29,46.8600,46.9600,45.7600,46.4400,895643,in
2017-08-30,46.3100,46.7200,45.8400,45.9600,895643,in
2017-08-31,45.9500,47.4700,45.5800,47.2300,882983,in
2017-09-01,47.0800,47.3500,46.5600,47.2900,915708,in
2017-09-05,47.2800,48.9800,47.1500,48.6600,742808,in
2017-09-06,48.5900,49.4200,48.5200,49.1600,788963,in
2017-09-07,49.1400,49.3300,48.6300,49.0900,702514,in
2017-09-08,49.0900,49.2600,47.2700,47.4800,843760,in
2017-09-11,47.5800,48.2700,47.0000,48.0700,774468,in
2017-09-12,48.1200,48.4400,47.7300,48.2300,676040,in
2017-09-13,48.3400,49.4000,48.1200,49.3000,706925,in
2017-09-14,49.3100,50.5000,49.1500,49.8900,709035,in
2017-09-15,49.7200,50.1300,49.4100,49.8900,433597,in
2017-09-18,49.8500,50.3300,49.1900,49.9100,189605,in
2017-09-19,49.9100,50.4200,49.3300,49.4800,143379,in
2017-09-20,49.8400,50.6500,49.7500,50.4100,754413,in
2017-09-21,50.7200,50.8100,50.0700,50.5500,580569,in
2017-09-22,50.7300,50.7800,50.2900,50.6600,473795,in
2017-09-25,50.6800,52.2800,50.3900,52.2200,701244,in
2017-09-26,52.1200,52.4300,51.4300,51.8800,709515,in
2017-09-27,52.0900,52.3400,51.6300,52.1400,637035,in
2017-09-28,52.0500,52.8600,51.2200,51.5600,801816,in
2017-09-29,51.5800,51.7700,51.2500,51.6700,551982,in
2017-10-02,51.6400,51.7100,50.0700,50.5800,600933,in
2017-10-03,50.5900,50.7300,50.1400,50.4200,462735,in
2017-10-04,50.1600,50.6700,49.7600,49.9800,598836,in
2017-10-05,49.8800,51.2200,49.8500,50.7900,654385,in
2017-10-06,50.7500,50.8200,49.1000,49.2900,743114,in
2017-10-09,49.2500,49.7900,49.1300,49.5800,505079,in
2017-10-10,49.5500,51.0600,49.5400,50.9200,664839,in
2017-10-11,50.9400,51.4200,50.6100,51.3000,651948,in
2017-10-12,51.0000,51.1300,50.1500,50.6000,729273,in
2017-10-13,50.7300,51.7200,50.7000,51.4500,667497,in
2017-10-16,51.4300,52.3700,51.3500,51.8700,520725,in
2017-10-17,51.9300,52.2500,51.2100,51.8800,471612,in
2017-10-18,51.9400,52.3300,51.6900,52.0400,152620,in
2017-10-19,52.0500,52.1700,51.0700,51.2900,127413,in
2017-10-20,51.4200,51.7300,50.7000,51.4700,674142,in
2017-10-23,52.0700,52.3000,51.6800,51.9000,583563,in
2017-10-24,51.8900,52.6200,51.5500,52.4700,709553,in
2017-10-25,52.5600,52.5700,51.8900,52.1800,681739,in
2017-10-26,52.1900,52.8600,51.9100,52.6400,594647,in
2017-10-27,52.8000,54.2000,52.2500,53.9000,730915,in
2017-10-30,54.1600,54.4600,53.7500,54.1500,565043,in
2017-10-31,54.0800,54.8500,53.9300,54.3800,497295,in
2017-11-01,54.6500,55.2200,53.8900,54.3000,671038,in
2017-11-02,54.2800,54.8400,53.9900,54.5400,482846,in
2017-11-03,54.7300,55.7600,54.4000,55.6400,614159,in
2017-11-06,55.9700,57.6100,55.6600,57.3500,861713,in
2017-11-07,57.2700,57.6900,56.8300,57.2000,750187,in
2017-11-08,56.9600,57.9200,56.4100,56.8100,919147,in
2017-11-09,56.8500,57.5300,56.6900,57.1700,666949,in
2017-11-10,57.0200,57.3500,56.5500,56.7400,541296,in
2017-11-13,56.9000,57.1500,56.3000,56.7600,631619,in
2017-11-14,56.7200,56.7700,54.8100,55.7000,707338,in
2017-11-15,55.0600,55.5600,54.8800,55.3300,501385,in
2017-11-16,55.3000,55.6200,54.9300,55.1400,213923,in
2017-11-17,55.2500,56.6800,55.1800,56.5500,184944,in
2017-11-20,56.6900,56.7600,55.5700,56.0900,593241,in
2017-11-21,56.3800,57.2200,56.3200,56.8300,619066,in
2017-11-22,57.1200,58.1500,57.0300,58.0200,837411,in
2017-11-24,58.0500,59.0500,57.7500,58.9500,577826,in
2017-11-27,58.9500,58.9900,57.5500,58.1100,690078,in
2017-11-28,57.8600,58.1100,57.4200,57.9900,546526,in
2017-11-29,57.7300,58.3000,56.7500,57.3000,741564,in
2017-11-30,57.4100,57.9800,56.8200,57.4000,735128,in
2017-12-01,57.4200,58.8800,57.2900,58.3600,685215,in
2017-12-04,58.3200,58.3400,57.3500,57.4700,529965,in
2017-12-05,57.4800,57.9200,57.0800,57.6200,499245,in
2017-12-06,57.4500,57.5700,55.8700,55.9600,678992,in
2017-12-07,56.0000,56.7800,55.8200,56.6900,557325,in
2017-12-08,56.6500,57.7900,56.5400,57.3600,681599,in
2017-12-11,57.2500,58.0800,56.9100,57.9900,606724,in
2017-12-12,58.0200,58.5600,56.8500,57.1400,826488,in
2017-12-13,57.4500,57.8300,56.5500,56.6000,658143,in
2017-12-14,56.7000,57.2200,56.0900,57.0400,580571,in
2017-12-15,57.1500,57.4900,56.9400,57.3000,210054,in
2017-12-18,57.3700,57.7800,56.8200,57.1600,137151,in
2017-12-19,57.3000,57.6400,57.1600,57.4600,420784,in
2017-12-20,57.6600,58.1200,57.4400,58.0900,420844,in
2017-12-21,58.0200,58.3800,57.6300,58.3600,405320,in
2017-12-22,58.2100,58.5000,57.8700,58.4700,324554,in
2017-12-26,58.4000,60.0100,58.3200,59.9700,437785,in
2017-12-27,59.7900,59.9300,59.3300,59.6400,402396,in
2017-12-28,59.5300,59.9400,59.4400,59.8400,345962,in
2017-12-29,59.9100,60.5100,59.8200,60.4200,464478,in
2018-01-02,60.2000,60.7400,60.1000,60.3700,510313,in
2018-01-03,60.3900,61.9700,60.2800,61.6300,673859,in
2018-01-04,61.9600,62.2100,61.5900,62.0100,654363,in
2018-01-05,61.9000,62.0400,61.0900,61.4400,563036,in
2018-01-08,61.6100,61.9700,61.3400,61.7300,616474,in
2018-01-09,61.9200,63.4800,61.8000,62.9600,844720,in
2018-01-10,63.4100,63.6700,63.0900,63.5700,697844,in
2018-01-11,63.5000,64.7700,63.4300,63.8000,876642,in
2018-01-12,63.5700,64.5000,63.0600,64.3000,678727,in
2018-01-16,64.4300,64.8900,63.3900,63.7300,867771,in
2018-01-17,63.8900,64.1700,63.3100,63.9700,444384,in
2018-01-18,64.0700,64.3500,63.4700,63.9500,204504,in
2018-01-19,63.7400,63.7700,62.8500,63.3700,142711,in
2018-01-22,63.6100,64.1400,63.1700,63.4900,625662,in
2018-01-23,63.8800,64.8800,63.7000,64.4700,662456,in
2018-01-24,64.4200,66.0500,64.3400,65.6100,887018,in
2018-01-25,65.8800,66.6600,65.0800,65.5100,771758,in
2018-01-26,65.2500,66.3500,64.9100,66.1400,678186,in
2018-01-29,66.1800,66.4600,64.9800,65.5600,656168,in
2018-01-30,65.5300,65.5600,63.8900,64.5000,688380,in
2018-01-31,64.0300,64.9400,63.6700,64.7300,613258,in
2018-02-01,64.7600,66.2500,64.6300,65.8000,685750,in
2018-02-02,65.9900,66.3000,64.4700,65.4500,857572,in
2018-02-05,65.1000,65.4000,63.4200,64.1500,891063,in
2018-02-06,63.4300,64.2900,63.1200,63.3900,797814,in
2018-02-07,63.9200,64.1800,61.2500,61.7900,1029408,in
2018-02-08,61.7000,62.0900,60.2700,61.1500,929578,in
2018-02-09,60.4300,60.7700,58.0700,59.2000,933307,in
2018-02-12,59.1200,60.8300,59.1000,59.2900,736917,in
2018-02-13,59.3500,59.7300,58.3900,59.1900,580600,in
2018-02-14,58.9800,60.9000,58.2000,60.6000,650324,in
2018-02-15,60.7100,61.6400,59.7200,61.3400,340401,in
2018-02-16,61.4500,61.9900,60.8800,61.6800,181179,in
2018-02-20,61.6300,62.7400,61.5800,61.9000,794481,in
2018-02-21,61.6300,61.8600,60.9200,61.6800,466924,in
2018-02-22,61.3400,63.0900,60.7500,62.7700,592603,in
2018-02-23,62.6000,63.7300,62.3300,63.5500,460597,in
2018-02-26,63.6000,64.2400,63.0600,63.9100,469853,in
2018-02-27,64.0600,64.0800,62.6400,63.0100,562670,in
2018-02-28,62.7900,63.4400,61.3600,61.6400,768409,in
2018-03-01,61.5500,61.8300,60.1800,60.9900,812505,in
2018-03-02,61.3400,61.6000,60.1300,61.2500,613514,in
2018-03-05,61.5500,62.7900,61.1000,62.5700,599266,in
2018-03-06,62.5800,63.2800,62.1700,62.6000,634953,in
2018-03-07,62.3000,62.5800,60.5800,61.1500,879119,in
2018-03-08,61.3300,61.4000,59.9500,60.1200,720510,in
2018-03-09,60.2700,62.1800,60.1400,62.0400,659722,in
2018-03-12,62.1000,62.3300,60.6700,61.3600,537990,in
2018-03-13,61.3700,61.9700,60.2700,60.7100,747738,in
2018-03-14,60.8700,61.3300,60.1100,60.9600,665017,in
2018-03-15,60.9500,61.5400,60.8200,61.1900,430201,in
2018-03-16,61.1900,62.5400,61.0800,62.3400,202493,in
2018-03-19,62.2300,62.3500,61.3600,62.0600,115962,in
2018-03-20,62.1000,63.8100,62.0800,63.4000,717709,in
2018-03-21,63.7200,65.5500,63.5800,65.1700,763768,in
2018-03-22,65.5000,65.7400,64.1400,64.3000,689172,in
2018-03-23,64.2800,66.0000,64.1100,65.8800,752994,in
2018-03-26,65.9000,66.5500,65.0800,65.5500,585899,in
2018-03-27,65.5300,66.4100,64.5300,65.2500,670811,in
2018-03-28,64.7000,65.1300,63.7200,64.3800,697678,in
2018-03-29,64.6900,65.2600,64.1600,64.9400,562819,in
2018-04-02,64.9100,65.4200,62.8000,63.0100,582742,in
2018-04-03,62.8900,63.8600,62.8600,63.5100,527289,in
2018-04-04,63.5900,63.6400,62.0600,63.3700,760596,in
2018-04-05,63.6000,64.1200,63.0700,63.5400,588597,in
2018-04-06,63.7000,63.7900,61.8100,62.0600,753262,in
2018-04-09,62.0000,63.6100,61.9300,63.4200,655831,in
2018-04-10,63.3000,65.8600,63.2000,65.5100,840280,in
2018-04-11,65.5900,67.4500,65.1500,66.8200,963017,in
2018-04-12,66.7500,67.3300,66.0000,67.0700,687468,in
2018-04-13,67.1800,67.7600,66.7000,67.3900,624203,in
2018-04-16,67.2400,67.7400,66.1300,66.2200,560076,in
2018-04-17,66.4200,66.7500,65.5600,66.5200,486076,in
2018-04-18,66.6800,68.9100,66.5600,68.4700,221664,in
2018-04-19,68.7500,69.5600,67.9800,68.2900,125993,in
2018-04-20,68.2600,68.6200,67.5000,68.3800,724906,in
2018-04-23,68.2200,69.0300,67.1400,68.6400,740941,in
2018-04-24,68.9500,69.3800,67.5400,67.7000,832296,in
2018-04-25,67.7500,68.1800,67.1100,68.0500,764049,in
2018-04-26,68.0300,68.7800,67.7100,68.1900,660549,in
2018-04-27,68.2100,68.3600,67.6400,68.1000,542549,in
2018-04-30,68.1500,69.3400,67.1700,68.5700,755186,in
2018-05-01,68.5600,68.9000,66.8500,67.2500,694771,in
2018-05-02,67.4900,68.1400,66.9200,67.9300,789367,in
2018-05-03,67.6800,68.6000,67.2100,68.4300,691219,in
2018-05-04,68.5000,69.9700,68.1200,69.7200,690876,in
2018-05-07,69.8500,70.8400,69.5100,70.7300,758916,in
2018-05-08,70.0300,70.4000,67.6300,69.0600,1253566,in
2018-05-09,70.0500,71.3600,69.8500,71.1400,863386,in
2018-05-10,71.2300,71.8900,70.5600,71.3600,749808,in
2018-05-11,71.4500,71.6300,70.4500,70.7000,634145,in
2018-05-14,70.5400,71.2600,70.2600,70.9600,592826,in
2018-05-15,71.1500,71.9200,70.4200,71.3100,815289,in
2018-05-16,71.0200,71.5900,70.6600,71.4900,574279,in
2018-05-17,71.5600,72.3000,71.0900,71.4900,562639,in
2018-05-18,71.6000,71.7500,70.9900,71.2800,211785,in
2018-05-21,71.4700,72.5900,71.2500,72.2400,119892,in
2018-05-22,72.5300,72.8300,71.9000,72.1300,723458,in
2018-05-23,72.1100,72.2600,71.1900,71.8400,702791,in
2018-05-24,71.8300,72.0000,70.5200,70.7100,640725,in
2018-05-25,70.6500,70.8000,67.4200,67.8800,955354,in
2018-05-29,66.4900,67.3500,65.9200,66.7300,1059750,in
2018-05-30,66.8500,68.6700,66.3500,68.2100,726886,in
2018-05-31,68.2400,68.3000,66.5600,67.0400,917563,in
2018-06-01,67.0700,67.3400,65.5100,65.8100,781103,in
2018-06-04,65.7100,66.0400,64.5700,64.7500,696050,in
2018-06-05,64.9400,65.5700,64.2200,65.5200,714674,in
2018-06-06,65.5100,65.9600,64.2700,64.7300,708829,in
2018-06-07,65.0700,66.0700,64.8100,65.9500,675041,in
2018-06-08,65.9800,66.2400,65.1500,65.7400,571224,in
2018-06-11,65.5600,66.3500,64.8500,66.1000,558281,in
2018-06-12,66.0500,66.7000,65.8700,66.3600,524411,in
2018-06-13,66.0100,66.8900,65.5200,66.6400,626398,in
2018-06-14,66.6200,67.1600,66.3600,66.8900,460168,in
2018-06-15,66.6200,67.1600,64.2900,65.0600,512591,in
2018-06-18,64.4000,65.9800,63.5900,65.8500,218933,in
2018-06-19,65.8200,65.9000,64.3900,65.0700,122646,in
2018-06-20,65.1100,66.5300,65.0100,66.2200,801625,in
2018-06-21,65.3400,66.2200,64.3400,65.5400,760719,in
2018-06-22,65.9300,69.3800,65.7100,68.5800,1136232,in
2018-06-25,68.7500,69.4400,67.7800,68.0800,816207,in
2018-06-26,68.2100,70.9100,67.7200,70.5300,848537,in
2018-06-27,70.6800,73.0600,70.5600,72.7600,775155,in
2018-06-28,72.2700,74.0300,72.2000,73.4500,717347,in
2018-06-29,73.3300,74.4600,72.9300,74.1500,602399,in
2018-07-02,73.6200,74.3500,72.5100,73.9400,652167,in
2018-07-03,74.0800,75.2700,72.7300,74.1400,667235,in
2018-07-05,74.3500,74.8000,72.5300,72.9400,841632,in
2018-07-06,73.1600,74.0100,72.1400,73.8000,611419,in
2018-07-09,73.8700,74.2800,72.9900,73.8500,533003,in
2018-07-10,74.0400,74.7000,73.6500,74.1100,586829,in
2018-07-11,74.2000,74.2600,70.0200,70.3800,861726,in
2018-07-12,70.6000,71.2400,69.2300,70.3300,707887,in
2018-07-13,70.3800,71.6600,69.8400,71.0100,530277,in
2018-07-16,70.5200,70.8700,67.5800,68.0600,530480,in
2018-07-17,68.0300,68.4400,67.0300,68.0800,440727,in
2018-07-18,67.6100,69.0600,67.0400,68.7600,187313,in
2018-07-19,69.0000,70.1700,67.8000,69.4600,103220,in
2018-07-20,69.3900,71.1000,69.3700,70.4600,500967,in
2018-07-23,68.1700,69.3100,67.6000,67.8900,555915,in
2018-07-24,67.8000,69.0500,67.5600,68.5200,524591,in
2018-07-25,68.7700,69.7000,68.2000,69.3000,622913,in
2018-07-26,69.3800,69.9200,68.9200,69.6100,489059,in
2018-07-27,69.5800,69.7700,68.2600,68.6900,460450,in
2018-07-30,69.0100,70.4300,68.8000,70.1300,463011,in
2018-07-31,70.0500,70.2200,67.9800,68.7600,519070,in
2018-08-01,68.4300,68.5200,67.3100,67.6600,576561,in
2018-08-02,67.8600,69.3600,66.9200,68.9600,531071,in
2018-08-03,68.9900,69.2400,67.8700,68.4900,476615,in
2018-08-06,68.6500,69.9200,68.5000,69.0100,495605,in
2018-08-07,68.9000,69.8300,68.8100,69.1700,485027,in
2018-08-08,69.0900,69.3700,66.3200,66.9400,760313,in
2018-08-09,66.7900,67.4100,66.4900,66.8100,509401,in
2018-08-10,66.7400,67.8700,66.1400,67.6300,524490,in
2018-08-13,67.7800,67.9500,65.7100,67.2000,578219,in
2018-08-14,67.4200,68.3700,66.5800,67.0400,538484,in
2018-08-15,66.6200,66.9000,64.5100,65.0100,573473,in
2018-08-16,64.9500,65.5200,64.4300,65.4600,383380,in
2018-08-17,65.4700,66.3900,65.3000,65.9100,171403,in
2018-08-20,65.9100,66.6800,65.5900,66.4300,112709,in
2018-08-21,66.6200,68.1000,66.5200,67.3500,437164,in
2018-08-22,66.0800,68.1500,65.9800,67.8600,581899,in
2018-08-23,68.0700,68.1200,67.3200,67.8300,450690,in
2018-08-24,67.9000,69.3100,67.7800,68.7200,517796,in
2018-08-27,68.5700,68.9700,68.3400,68.8700,332612,in
2018-08-28,68.9300,69.2000,68.2100,68.5300,426833,in
2018-08-29,68.5400,69.7600,68.3700,69.5100,497095,in
2018-08-30,69.7100,70.5000,69.5500,70.2500,445584,in
2018-08-31,70.0600,70.3600,69.6400,69.8000,419739,in
2018-09-04,70.1200,71.4000,69.0800,69.8700,785981,in
2018-09-05,69.4300,69.5900,68.5600,68.7200,542104,in
2018-09-06,68.6400,69.0200,67.0000,67.7700,633824,in
2018-09-07,67.8800,68.0800,66.8600,67.7500,530895,in
2018-09-10,67.8200,68.5200,67.3300,67.5400,571174,in
2018-09-11,67.5300,70.0100,67.4800,69.2500,676869,in
2018-09-12,69.8900,71.2600,69.5000,70.3700,800543,in
2018-09-13,70.2400,70.2800,68.3500,68.5900,684937,in
2018-09-14,68.7900,69.9100,67.9400,68.9900,611075,in
2018-09-17,68.9300,69.7200,68.5300,68.9100,422294,in
2018-09-18,68.8000,70.4200,68.5300,69.8500,234202,in
2018-09-19,69.7100,71.5000,69.6500,71.1200,125208,in
2018-09-20,71.3900,71.8100,70.7300,70.8000,607520,in
2018-09-21,70.2000,71.8000,69.9800,70.7800,855943,in
2018-09-24,71.1400,72.7400,71.1400,72.0800,576894,in
2018-09-25,72.2500,72.7800,71.8900,72.2800,551280,in
2018-09-26,72.0900,72.3800,71.4700,71.5700,464463,in
2018-09-27,72.0100,72.6000,71.7100,72.1200,454549,in
2018-09-28,72.1800,73.7300,71.8800,73.2500,544047,in
2018-10-01,73.2900,75.7700,72.9500,75.3000,601451,in
2018-10-02,75.4200,75.9100,74.9300,75.2300,463615,in
2018-10-03,75.1200,76.9000,74.3000,76.4100,698817,in
2018-10-04,76.1800,76.4700,73.8800,74.3300,687949,in
2018-10-05,74.6700,75.2200,73.8400,74.3400,613218,in
2018-10-08,74.4000,74.5800,73.0700,74.2900,554938,in
2018-10-09,74.2100,75.2800,74.0000,74.9600,623537,in
2018-10-10,74.6600,75.0800,72.3800,73.1700,652737,in
2018-10-11,72.6800,72.7600,70.5100,70.9700,783962,in
2018-10-12,70.9900,72.0100,70.6400,71.3400,626668,in
2018-10-15,71.8500,72.7000,70.8500,71.7800,568610,in
2018-10-16,71.7200,72.2900,71.0200,71.9200,535003,in
2018-10-17,72.1700,72.4300,69.4300,69.7500,651584,in
2018-10-18,70.0300,70.0300,68.4700,68.6500,215337,in
2018-10-19,68.6800,69.7700,68.5600,69.1200,108311,in
2018-10-22,69.4100,69.6500,68.2700,69.1700,513770,in
2018-10-23,69.5500,69.6600,65.7400,66.4300,853265,in
2018-10-24,66.1700,67.7200,66.0500,66.8200,775963,in
2018-10-25,66.3600,67.6500,65.9900,67.3300,573096,in
2018-10-26,66.9500,67.8800,66.2000,67.5900,595211,in
2018-10-29,67.5500,67.9500,66.2900,67.0400,477487,in
2018-10-30,66.6800,67.2600,65.3300,66.1800,680441,in
2018-10-31,66.3200,67.0000,64.8100,65.3100,666487,in
2018-11-01,64.8800,65.3900,63.1100,63.6900,790286,in
2018-11-02,63.5000,63.9500,62.6300,63.1400,708906,in
2018-11-05,62.9900,64.1400,62.5200,63.1000,609129,in
2018-11-06,62.7000,63.3200,61.3100,62.2100,761240,in
2018-11-07,61.7400,63.1800,61.2000,61.6700,866628,in
2018-11-08,61.6400,62.4200,60.4000,60.6700,764546,in
2018-11-09,60.7500,60.7900,59.2600,60.1900,821729,in
2018-11-12,60.7000,61.2800,58.6800,59.9300,806219,in
2018-11-13,58.8800,59.3500,54.7500,55.6900,1095643,in
2018-11-14,55.2700,57.3700,55.1300,56.2500,844696,in
2018-11-15,56.0200,57.2600,55.5900,56.4600,256499,in
2018-11-16,56.5800,57.9600,55.8900,56.4600,159001,in
2018-11-19,56.7200,57.3300,55.0800,56.7600,699684,in
2018-11-20,57.3900,57.4400,52.7700,53.4300,983120,in
2018-11-21,53.3900,55.8600,53.3900,54.6300,734277,in
2018-11-23,53.8700,54.1200,50.1500,50.4200,1014667,in
2018-11-26,50.6200,52.2500,50.1000,51.6300,663108,in
2018-11-27,51.5400,52.3800,50.3000,51.5600,764010,in
2018-11-28,52.0900,52.5600,50.0600,50.2900,831688,in
2018-11-29,50.3100,52.2000,49.4100,51.4500,812721,in
2018-11-30,51.2700,51.7900,49.6500,50.9300,796714,in
2018-12-03,52.4500,53.8500,52.0300,52.9500,758010,in
2018-12-04,53.1300,54.5500,52.4300,53.2500,738130,in
2018-12-06,52.9300,53.3000,50.0800,51.4900,987266,in
2018-12-07,51.7600,54.2200,50.6000,52.6100,987717,in
2018-12-10,52.0300,52.8100,50.5300,51.0000,733225,in
2018-12-11,50.8900,52.4300,50.7000,51.6500,665262,in
2018-12-12,51.9500,52.8800,50.9400,51.1500,730810,in
2018-12-13,51.2000,53.2700,50.3500,52.5800,733627,in
2018-12-14,52.8300,52.9500,50.8400,51.2000,526839,in
2018-12-17,51.2500,51.8700,49.0100,49.8800,211257,in
2018-12-18,49.1600,49.5900,45.7900,46.2400,120101,in
2018-12-19,45.9300,48.0000,45.9300,47.2000,817721,in
2018-12-20,47.3900,47.5100,45.6700,45.8800,794130,in
2018-12-21,46.2500,46.7700,45.1300,45.5900,694003,in
2018-12-24,45.4500,46.2400,42.3600,42.5300,415859,in
2018-12-26,42.8500,47.0000,42.5200,46.2200,698408,in
2018-12-27,46.5800,46.7000,44.3700,44.6100,665590,in
2018-12-28,45.4400,46.2200,44.4200,45.3300,564385,in
2018-12-31,45.2200,46.5300,44.7300,45.4100,476970,in
2019-01-02,45.8000,47.7800,44.3500,46.5400,850480,in
2019-01-03,46.2600,47.4900,45.3500,47.0900,788718,in
2019-01-04,46.9000,49.2200,46.6500,47.9600,817277,in
2019-01-07,48.3000,49.7900,48.1100,48.5200,819939,in
2019-01-08,48.7300,49.9500,48.3100,49.7800,765981,in
2019-01-09,49.8000,52.5800,49.7100,52.3600,891922,in
2019-01-10,52.1800,52.7800,51.3700,52.5900,821782,in
2019-01-11,52.2800,53.3100,51.1800,51.5900,812339,in
2019-01-14,51.7300,52.1100,50.3800,50.5100,791527,in
2019-01-15,50.7800,52.3000,50.6400,52.1100,664183,in
2019-01-16,52.0000,52.5200,51.2600,52.3100,694182,in
2019-01-17,52.3000,52.5800,50.9800,52.0700,288560,in
2019-01-18,52.2300,53.9200,52.0900,53.8000,193099,in
2019-01-22,53.7300,54.2400,51.8000,52.5700,951158,in
2019-01-23,52.9500,53.6400,51.8600,52.6200,702866,in
2019-01-24,52.4500,53.4700,52.0700,53.1300,714415,in
2019-01-25,53.1700,53.9400,52.9100,53.6900,593385,in
2019-01-28,53.5600,53.6400,51.3300,51.9900,650667,in
2019-01-29,52.1200,53.9300,51.8400,53.3100,660527,in
2019-01-30,53.2400,54.9300,53.0900,54.2300,731312,in
2019-01-31,54.2800,55.3700,53.6200,53.7900,718650,in
2019-02-01,54.0100,55.6600,53.3700,55.2600,689566,in
2019-02-04,55.3200,55.7500,53.2900,54.5600,622472,in
2019-02-05,54.8600,55.2100,53.4700,53.6600,609756,in
2019-02-06,53.7300,54.3000,52.8600,54.0100,606720,in
2019-02-07,53.9400,54.2100,51.8000,52.6400,749010,in
2019-02-08,52.5900,52.9900,52.0800,52.7200,621003,in
2019-02-11,52.6600,52.7800,51.2300,52.4100,750242,in
2019-02-12,52.4700,54.0500,52.2900,53.1000,708312,in
2019-02-13,53.3500,54.6000,53.2700,53.9000,706552,in
2019-02-14,53.9600,54.6800,53.0800,54.4100,623546,in
2019-02-15,54.4800,55.8700,54.2400,55.5900,276907,in
2019-02-19,55.7800,56.3300,55.2900,56.0900,153728,in
2019-02-20,55.9400,57.5500,55.4800,56.9200,685111,in
2019-02-21,57.2400,57.6100,56.6400,56.9600,546202,in
2019-02-22,56.8400,57.8100,56.7100,57.2600,513439,in
2019-02-25,57.1700,57.5300,55.0800,55.4800,723012,in
2019-02-26,55.4600,56.0800,55.0200,55.5000,538919,in
2019-02-27,55.9500,57.3900,55.7200,56.9400,577227,in
2019-02-28,57.0000,57.4300,56.4300,57.2200,496678,in
2019-03-01,57.2200,57.8800,55.5700,55.8000,684186,in
2019-03-04,55.8300,57.0000,55.8100,56.5900,549396,in
2019-03-05,56.4500,57.1900,56.0900,56.5600,538399,in
2019-03-06,56.2800,56.4000,55.4200,56.2200,637677,in
2019-03-07,56.2000,56.9900,56.0800,56.6600,628824,in
2019-03-08,56.4300,56.5100,54.5200,56.0700,747358,in
2019-03-11,56.0700,57.0100,55.9600,56.7900,597156,in
2019-03-12,56.7600,57.5500,56.7400,56.8700,652798,in
2019-03-13,57.0900,58.4800,57.0100,58.2600,610616,in
2019-03-14,58.3500,58.7400,58.0000,58.6100,567604,in
2019-03-15,58.5100,58.9500,57.7400,58.5200,507393,in
2019-03-18,58.4500,59.2300,58.0500,59.0900,157241,in
2019-03-19,59.0100,59.5700,58.6200,59.0300,114822,in
2019-03-20,59.0200,60.1200,58.3900,59.8300,786342,in
2019-03-21,59.9900,60.3900,59.6600,59.9800,655380,in
2019-03-22,59.8700,60.0700,58.2800,59.0400,738840,in
2019-03-25,58.9800,59.3500,58.1700,58.8200,705399,in
2019-03-26,59.1200,60.3800,59.0400,59.9400,685988,in
2019-03-27,60.0300,60.2200,58.8100,59.4100,732150,in
2019-03-28,59.4000,59.5600,58.2000,59.3000,712209,in
2019-03-29,59.5300,60.7300,59.4100,60.1400,705559,in
2019-04-01,60.2400,61.8000,60.1300,61.5900,670808,in
2019-04-02,61.8100,62.7500,61.6000,62.5800,793227,in
2019-04-03,62.6400,62.9900,62.0500,62.4600,799672,in
2019-04-04,62.5000,62.7700,61.8900,62.1000,684973,in
2019-04-05,62.1800,63.3400,61.8200,63.0800,686862,in
2019-04-08,63.3300,64.4800,63.1300,64.4000,895767,in
2019-04-09,64.4000,64.7900,63.6800,63.9800,790677,in
2019-04-10,64.2200,64.7000,64.0500,64.6100,722216,in
2019-04-11,64.4800,64.4900,63.3100,63.5800,760504,in
2019-04-12,63.7100,64.6500,63.6600,63.8900,625588,in
2019-04-15,63.7600,63.8400,63.0300,63.4000,555858,in
2019-04-16,63.5700,64.3700,62.9900,64.0500,547469,in
2019-04-17,64.3200,64.6100,63.6600,63.7600,235376,in
2019-04-18,63.7500,64.1600,63.4600,64.0000,148238,in
2019-04-22,64.0000,65.9200,64.0000,65.7000,763527,in
2019-04-23,65.7500,66.6000,65.5800,66.3000,700598,in
2019-04-24,66.1700,66.4300,65.6600,65.8900,678386,in
2019-04-25,65.8100,66.2800,64.9000,65.2100,603001,in
2019-04-26,65.1300,65.1800,62.2800,63.3000,1000836,in
2019-04-29,62.9500,63.6900,62.4600,63.5000,654076,in
2019-04-30,63.5800,64.7500,63.3000,63.9100,750494,in
2019-05-01,63.4000,63.9300,62.7700,63.6000,676872,in
2019-05-02,63.6100,63.6800,60.9500,61.8100,914661,in
2019-05-03,61.5500,62.5200,61.3000,61.9400,646866,in
2019-05-06,61.4300,62.9500,60.0400,62.2500,768810,in
2019-05-07,62.1700,62.4900,60.6600,61.4000,842810,in
2019-05-08,61.4400,62.3700,61.0700,62.1200,791769,in
2019-05-09,62.0200,62.2100,60.9200,61.7000,769583,in
2019-05-10,61.6400,62.4900,61.4200,61.6600,786494,in
2019-05-13,61.6500,63.3300,60.6400,61.0400,1003106,in
2019-05-14,60.8600,62.1100,60.6900,61.7800,751668,in
2019-05-15,61.3700,62.3400,60.8500,62.0200,723001,in
2019-05-16,62.1200,63.4800,62.0800,62.8700,545679,in
2019-05-17,63.1200,63.6400,62.5200,62.7600,215802,in
2019-05-20,63.5300,63.8100,62.4500,63.1000,131888,in
2019-05-21,63.2800,63.6000,62.7500,62.9900,641680,in
2019-05-22,62.6400,62.7800,61.0300,61.4200,766728,in
2019-05-23,61.2700,61.2900,57.3300,57.9100,1108052,in
2019-05-24,58.2100,59.1000,57.5000,58.6300,758099,in
2019-05-28,58.9400,59.5700,58.1300,59.1400,1020323,in
2019-05-29,59.0700,59.1400,56.8800,58.8100,1124959,in
2019-05-30,59.1200,59.7000,56.3300,56.5900,842281,in
2019-05-31,56.4600,56.6100,53.0500,53.5000,1031488,in
2019-06-03,53.4200,54.6300,52.1100,53.2500,984308,in
2019-06-04,52.8900,53.7800,52.4300,53.4800,831625,in
2019-06-05,52.8600,53.4100,50.6000,51.6800,943186,in
2019-06-06,51.6600,53.3000,51.1700,52.5900,790067,in
2019-06-07,53.1000,54.3200,52.6200,53.9900,828133,in
2019-06-10,54.2400,54.8400,53.0500,53.2600,687146,in
2019-06-11,53.4300,54.0400,52.9100,53.2700,642940,in
2019-06-12,53.0400,53.0500,50.7200,51.1400,786105,in
2019-06-13,51.0700,53.4500,50.9200,52.2800,945024,in
2019-06-14,52.1800,52.9800,51.7000,52.5100,574229,in
2019-06-17,52.5000,52.7400,51.5800,51.9300,397868,in
2019-06-18,51.9500,54.3100,51.5000,53.9000,181640,in
2019-06-19,54.0900,54.4200,53.2800,53.7600,122838,in
2019-06-20,54.1200,57.0200,54.1100,56.6500,854514,in
2019-06-21,57.2600,57.9800,56.6600,57.4300,676047,in
2019-06-24,57.7200,58.2200,56.7500,57.9000,597164,in
2019-06-25,57.7400,58.8400,57.2000,57.8300,673140,in
2019-06-26,58.8400,59.9300,58.6500,59.3800,686817,in
2019-06-27,59.2700,59.7300,58.6100,59.4300,531405,in
2019-06-28,59.2200,59.8000,57.7500,58.4700,556101,in
2019-07-01,59.2700,60.2800,58.3400,59.0900,674887,in
2019-07-02,59.1400,59.4300,56.0900,56.2500,878938,in
2019-07-03,56.4900,57.4800,56.0400,57.3400,600131,in
2019-07-05,57.3800,57.8200,56.2900,57.5100,698015,in
2019-07-08,57.7700,58.4600,57.3000,57.6600,540861,in
2019-07-09,57.5600,59.1000,57.2900,57.8300,551872,in
2019-07-10,58.4000,60.5300,58.3500,60.4300,690656,in
2019-07-11,60.4400,60.9400,60.1400,60.2000,573019,in
2019-07-12,60.4600,60.7400,59.9300,60.2100,469029,in
2019-07-15,60.2500,60.9200,59.2000,59.5800,566818,in
2019-07-16,59.2600,60.0600,57.0700,57.6200,712540,in
2019-07-17,57.5200,58.3600,56.2100,56.7800,504432,in
2019-07-18,56.6000,57.3200,54.7200,55.3000,215361,in
2019-07-19,55.7200,56.3600,54.9900,55.6300,105217,in
2019-07-22,56.2200,56.8400,55.7200,56.2200,619483,in
2019-07-23,56.1700,57.4700,55.7400,56.7700,521876,in
2019-07-24,57.2300,57.6400,55.3300,55.8800,745248,in
2019-07-25,55.9000,56.9900,55.8100,56.0200,559282,in
2019-07-26,55.9300,56.5700,55.6800,56.2000,476785,in
2019-07-29,56.2000,57.1000,55.8100,56.8700,529742,in
2019-07-30,57.0700,58.4700,56.9600,58.0500,547401,in
2019-07-31,58.3400,58.8200,57.8100,58.5800,614001,in
2019-08-01,57.8500,57.9900,53.5900,53.9500,886748,in
2019-08-02,54.5400,56.0500,54.1500,55.6600,739810,in
2019-08-05,55.3800,55.6100,54.2200,54.6900,823844,in
2019-08-06,54.9500,55.4200,53.2900,53.6300,682794,in
2019-08-07,53.4200,53.7700,50.5200,51.0900,1063214,in
2019-08-08,52.3300,53.0600,51.9400,52.5400,724762,in
2019-08-09,52.8800,54.9200,52.3700,54.5000,726386,in
2019-08-12,54.3200,55.1800,53.5400,54.9300,611027,in
2019-08-13,54.7300,57.4700,54.2100,57.1000,783486,in
2019-08-14,56.7400,56.8500,53.9700,55.2300,718293,in
2019-08-15,54.9000,55.3300,53.7700,54.4700,527866,in
2019-08-16,54.7400,55.6700,54.2600,54.8700,168345,in
2019-08-19,54.9600,56.4100,54.8400,56.2100,113571,in
2019-08-20,56.1000,56.6000,55.2800,56.3400,659258,in
2019-08-21,56.0500,57.1300,55.5500,55.6800,704035,in
2019-08-22,55.9400,56.4600,54.8500,55.3500,621573,in
2019-08-23,55.3500,55.6000,53.2400,54.1700,807151,in
2019-08-26,53.2500,55.2600,52.9600,53.6400,679022,in
2019-08-27,53.7600,55.7200,53.6900,54.9300,596624,in
2019-08-28,55.7100,56.7500,55.3400,55.7800,674048,in
2019-08-29,55.8800,56.8900,55.4300,56.7100,630760,in
2019-08-30,56.6300,56.7200,54.5500,55.1000,708268,in
2019-09-03,55.0000,55.2400,52.8400,53.9400,970804,in
2019-09-04,53.9200,56.5800,53.8400,56.2600,682298,in
2019-09-05,55.9500,57.7600,55.7500,56.3000,712466,in
2019-09-06,56.1900,56.9500,54.8300,56.5200,714294,in
2019-09-09,56.8000,58.1600,56.5800,57.8500,646993,in
2019-09-10,58.0300,58.7600,57.2000,57.4000,755472,in
2019-09-11,57.8900,58.3000,55.6100,55.7500,858772,in
2019-09-12,55.9300,56.3400,54.0000,55.0900,845977,in
2019-09-13,55.1500,55.6800,54.4400,54.8500,599470,in
2019-09-16,61.4800,63.3800,58.7700,62.9000,1404916,in
2019-09-17,61.9600,62.5900,58.4600,59.3400,993237,in
2019-09-18,58.8100,59.4300,57.6700,58.1100,216961,in
2019-09-19,58.2000,59.5400,58.0100,58.1300,112327,in
2019-09-20,58.6500,59.1000,57.7900,58.0900,576019,in
2019-09-23,59.2500,59.3900,57.3700,58.6400,526785,in
2019-09-24,58.4400,58.4900,56.6900,57.2900,591529,in
2019-09-25,56.7000,57.0200,55.5500,56.4900,563550,in
2019-09-26,56.6900,56.8400,55.4100,56.4100,599653,in
2019-09-27,56.5100,56.7600,54.7500,55.9100,712966,in
2019-09-30,56.5400,56.5700,53.9800,54.0700,532522,in
2019-10-01,54.2800,54.8400,53.0500,53.6200,589176,in
2019-10-02,54.0000,54.4200,52.1700,52.6400,590306,in
2019-10-03,52.4700,52.9100,50.9900,52.4500,642466,in
2019-10-04,52.2900,53.3500,52.0400,52.8100,541104,in
2019-10-07,52.6900,54.0600,52.5900,52.7500,549019,in
2019-10-08,52.8100,53.2700,51.8100,52.6300,658324,in
2019-10-09,52.5700,53.7400,52.3100,52.5900,632666,in
2019-10-10,52.6900,53.9700,51.3800,53.5500,613944,in
2019-10-11,53.8800,54.9300,53.6400,54.7000,467643,in
2019-10-14,54.9000,54.9000,52.7700,53.5900,467643,in
2019-10-15,53.5100,53.7900,52.3900,52.8100,511249,in
2019-10-16,52.9200,53.7400,52.5200,53.3600,451643,in
2019-10-17,52.9900,54.1600,52.6200,53.9300,418422,in
2019-10-18,54.0900,54.6200,53.3500,53.7800,174477,in
2019-10-21,53.7100,54.0300,52.7100,53.3100,95979,in
2019-10-22,53.3900,54.6200,53.1000,54.1600,506573,in
2019-10-23,54.3000,56.0700,53.6200,55.9700,620202,in
2019-10-24,55.9000,56.5100,55.4100,56.2300,480764,in
2019-10-25,56.0700,56.7400,55.6000,56.6600,445020,in
2019-10-28,56.6500,56.9200,55.5800,55.8100,437020,in
2019-10-29,55.8000,55.9100,54.6100,55.5400,521457,in
2019-10-30,55.5300,55.7300,54.4200,55.0600,659328,in
2019-10-31,54.9000,55.5900,53.7100,54.1800,677419,in
2019-11-01,54.1500,56.3300,54.0700,56.2000,538117,in
2019-11-04,56.4100,57.4300,55.8300,56.5400,580350,in
2019-11-05,56.5600,57.5000,56.3000,57.2300,435319,in
2019-11-06,57.2600,57.8500,56.1100,56.3500,623258,in
2019-11-07,56.3500,57.8800,56.2700,57.1500,678165,in
2019-11-08,57.0800,57.4800,55.7600,57.2400,636941,in
2019-11-11,57.4000,57.4000,56.2500,56.8600,498981,in
2019-11-12,56.8900,57.5500,56.5400,56.8000,586568,in
2019-11-13,56.7900,57.5300,56.2000,57.1200,547635,in
2019-11-14,57.3900,57.7900,56.6300,56.7700,516832,in
2019-11-15,56.9100,57.9700,56.4300,57.7200,375993,in
2019-11-18,57.8800,58.0900,56.5500,57.0500,159328,in
2019-11-19,56.9000,57.1100,55.0400,55.2100,121214,in
2019-11-20,55.1600,57.2500,54.7600,57.1100,674891,in
2019-11-21,57.0000,58.6700,56.6000,58.5800,593533,in
2019-11-22,58.3100,58.7400,57.5000,57.7700,508244,in
2019-11-25,57.9200,58.1500,57.2100,58.0100,420642,in
2019-11-26,57.9200,58.5600,57.7600,58.4100,443816,in
2019-11-27,58.2700,58.6800,57.5100,58.1100,454256,in
2019-11-29,58.1300,58.3000,55.0200,55.1700,718724,in
2019-12-02,55.4700,56.6700,55.4200,55.9600,616423,in
2019-12-03,55.9600,56.8000,55.3500,56.1000,560554,in
2019-12-04,56.4300,58.6600,56.2800,58.4300,760541,in
2019-12-05,58.3600,59.1200,58.1000,58.4300,649461,in
2019-12-06,58.3200,59.8500,57.7000,59.2000,679609,in
2019-12-09,59.1100,59.2500,58.2300,59.0200,511561,in
2019-12-10,58.9200,59.5200,58.5200,59.2400,566822,in
2019-12-11,59.0600,59.2200,58.1100,58.7600,589650,in
2019-12-12,58.8800,59.7200,58.7500,59.1800,530851,in
2019-12-13,59.3600,60.4800,59.2700,60.0700,512288,in
2019-12-16,59.8700,60.3400,59.7100,60.2100,347395,in
2019-12-17,60.2300,61.0600,60.0300,60.9400,163744,in
2019-12-18,60.5500,61.1800,60.3200,60.9300,131071,in
2019-12-19,60.8600,61.4700,60.7900,61.2200,426341,in
2019-12-20,61.1100,61.2000,60.0200,60.4400,552517,in
2019-12-23,60.4100,60.7700,60.1000,60.5200,314711,in
2019-12-24,60.6300,61.1600,60.4700,61.1100,204535,in
2019-12-26,61.2000,61.8300,61.0600,61.6800,265091,in
2019-12-27,61.7300,61.9700,61.2400,61.7200,351899,in
2019-12-30,61.7100,62.3400,61.0900,61.6800,427149,in
2019-12-31,61.6800,61.8800,60.6300,61.0600,494535,in
2020-01-02,61.6000,61.6000,60.6400,61.1800,486873,in
2020-01-03,61.1800,64.0900,61.1300,63.0500,885861,in
2020-01-06,63.7100,64.7200,62.6400,63.2700,724236,in
2020-01-07,62.9100,63.1500,62.1100,62.7000,582649,in
2020-01-08,62.8400,65.6500,59.1500,59.6100,1205710,in
2020-01-09,59.9900,60.3100,58.6600,59.5600,750933,in
2020-01-10,59.6100,59.7800,58.8500,59.0400,596186,in
2020-01-13,59.0400,59.2700,57.9100,58.0800,584002,in
2020-01-14,58.0300,58.7200,57.7200,58.2300,507714,in
2020-01-15,58.2000,58.3600,57.3600,57.8100,433169,in
2020-01-16,58.1000,58.8700,57.5600,58.5200,182871,in
2020-01-17,58.5900,58.9800,58.2700,58.5400,122561,in
2020-01-21,59.1700,59.7300,57.6800,58.3400,648335,in
2020-01-22,58.2600,58.3800,56.0300,56.7400,620119,in
2020-01-23,56.1100,56.2700,54.7700,55.5900,703995,in
2020-01-24,55.6900,55.9500,53.8500,54.1900,586195,in
2020-01-27,53.7000,53.7100,52.1300,53.1400,712880,in
2020-01-28,52.7700,54.0600,52.6800,53.4800,633963,in
2020-01-29,53.9700,54.3700,52.8100,53.3300,624979,in
2020-01-30,53.0900,53.2000,51.6600,52.1400,720123,in
2020-01-31,52.9200,53.3600,50.9700,51.5600,827907,in
2020-02-03,51.0100,51.9700,49.8000,50.1100,876044,in
2020-02-04,49.9400,51.5500,49.3100,49.6100,859357,in
2020-02-05,49.5100,51.8800,49.4700,50.7500,887946,in
2020-02-06,51.1700,52.2000,50.2400,50.9500,750659,in
2020-02-07,51.1100,51.4800,50.0900,50.3200,768345,in
2020-02-10,50.1200,50.4900,49.4200,49.5700,715894,in
2020-02-11,49.6100,50.6900,49.5800,49.9400,725733,in
2020-02-12,49.9600,51.7300,49.9500,51.1700,795256,in
2020-02-13,51.7200,51.9600,50.6000,51.4200,745400,in
2020-02-14,51.5100,52.3400,51.3200,52.0500,607343,in
2020-02-18,52.2300,52.4100,50.8800,52.0500,221774,in
2020-02-19,52.1200,53.6600,51.9300,53.2900,113683,in
2020-02-20,53.5000,54.5000,53.2200,53.7800,676179,in
2020-02-21,53.7400,53.8600,52.5500,53.3800,707555,in
2020-02-24,52.6000,52.6400,50.4500,51.4300,765515,in
2020-02-25,51.3700,52.0200,49.6900,49.9000,764989,in
2020-02-26,50.0800,50.4400,48.3000,48.7300,884482,in
2020-02-27,48.6300,48.7800,45.8800,47.0900,1011915,in
2020-02-28,46.4900,47.0300,43.8500,44.7600,1101659,in
2020-03-02,43.7000,47.5600,43.3200,46.7500,949471,in
2020-03-03,47.7200,48.6600,46.4700,47.1800,1011933,in
2020-03-04,46.9400,48.4100,46.6500,46.7800,745856,in
2020-03-05,47.1300,47.5700,45.6500,45.9000,704591,in
2020-03-06,46.0900,46.3800,41.0500,41.2800,1276180,in
2020-03-09,32.8700,34.8800,27.3400,31.1300,1774383,in
2020-03-10,30.3700,35.0200,30.2000,34.3600,1064632,in
2020-03-11,34.6200,36.3500,32.5600,32.9800,874646,in
2020-03-12,33.0700,33.6300,30.0200,31.5000,1025036,in
2020-03-13,30.7700,33.8700,30.3300,31.7300,743129,in
2020-03-16,33.7500,33.7500,28.1000,28.7000,698829,in
2020-03-17,28.6900,30.3000,26.6300,26.9500,545820,in
2020-03-18,26.9400,27.2200,20.0600,20.3700,309481,in
2020-03-19,22.3000,27.7100,21.3600,25.2200,136722,in
2020-03-20,24.7300,27.8900,19.4600,22.4300,1133808,in
2020-03-23,22.5200,24.0700,20.8000,23.3600,852951,in
2020-03-24,23.8700,25.1600,23.0900,24.0100,659697,in
2020-03-25,24.3700,25.2400,22.9100,24.4900,618725,in
2020-03-26,24.2500,24.6500,22.3800,22.6000,633877,in
2020-03-27,23.2900,23.4400,20.8800,21.5100,603124,in
2020-03-30,20.9300,20.9300,19.2700,20.0900,758711,in
2020-03-31,20.2300,21.8900,20.0100,20.4800,660082,in
2020-04-01,20.1000,21.5500,19.9000,20.3100,703286,in
2020-04-02,21.2200,27.3900,20.7600,25.3200,1095972,in
2020-04-03,24.8100,29.1300,23.5200,28.3400,1007577,in
2020-04-06,26.0900,28.2400,25.2800,26.0800,752710,in
2020-04-07,26.3400,27.2400,23.5400,23.6300,797707,in
2020-04-08,24.3000,26.4500,23.7400,25.0900,823554,in
2020-04-09,26.2800,28.3600,22.5700,22.7600,1122149,in
2020-04-13,24.6000,24.7400,22.0300,22.4100,775120,in
2020-04-14,22.3600,23.0800,19.9500,20.1100,785478,in
2020-04-15,20.7200,20.8900,19.2000,19.8700,544797,in
2020-04-16,20.1500,20.5300,19.4200,19.8700,350942,in
2020-04-17,20.0000,20.2200,17.3100,18.2700,240628,in
2020-04-20,17.7300,17.8500,-40.3200,-37.6300,247947,in
2020-04-21,-14.0000,13.8600,-16.7400,10.0100,2288230,in
2020-04-22,13.1200,16.1800,10.2600,13.7800,1235218,in
2020-04-23,14.2000,18.2600,13.3500,16.5000,833584,in
2020-04-24,16.7800,17.9700,15.6400,16.9400,600220,in
2020-04-27,16.8400,16.9800,11.8800,12.7800,623201,in
2020-04-28,12.9600,13.6900,10.0700,12.3400,897087,in
2020-04-29,13.3500,16.7800,12.6700,15.0600,554134,in
2020-04-30,15.6400,19.4400,15.4500,18.8400,545344,in
2020-05-01,19.0400,20.4800,18.0700,19.7800,403201,in
2020-05-04,19.1100,21.4200,18.0500,20.3900,311488,in
2020-05-05,21.2400,25.4900,21.1300,24.5600,387240,in
2020-05-06,25.5200,26.0800,22.5800,23.9900,381165,in
2020-05-07,24.0900,26.7400,22.9400,23.5500,310261,in
2020-05-08,23.3500,24.9900,23.2600,24.7400,205181,in
2020-05-11,24.4900,25.5800,23.6700,24.1400,179591,in
2020-05-12,24.4900,26.2300,24.2200,25.7800,212335,in
2020-05-13,25.3000,26.4500,24.7900,25.2900,150864,in
2020-05-14,25.5600,27.9600,25.1800,27.5600,160507,in
2020-05-15,27.6400,29.9200,27.2400,29.4300,108016,in
2020-05-18,29.5300,33.3200,29.5300,31.8200,89376,in
2020-05-19,32.8300,33.4400,31.3400,32.5000,430823,in
2020-05-20,31.8900,33.7800,31.5600,33.4900,406431,in
2020-05-21,33.5300,34.6600,33.2600,33.9200,372814,in
2020-05-22,33.9500,34.0000,30.7200,33.2500,429036,in
2020-05-26,33.3000,34.8100,32.4800,34.3500,466737,in
2020-05-27,34.1400,34.3200,31.7500,32.8100,415246,in
2020-05-28,32.1000,34.2100,31.1400,33.7100,440168,in
2020-05-29,33.6800,35.7700,32.3600,35.4900,443647,in
2020-06-01,35.2100,35.9000,34.2700,35.4400,385710,in
2020-06-02,35.5600,37.0600,35.2800,36.8100,343483,in
2020-06-03,36.8600,38.1800,35.8800,37.2900,494253,in
2020-06-04,36.7600,37.6200,36.3800,37.4100,307612,in
2020-06-05,37.3300,39.6800,37.0500,39.5500,396856,in
2020-06-08,39.4100,40.4400,37.9600,38.1900,416639,in
2020-06-09,38.2200,39.1000,37.0700,38.9400,396033,in
2020-06-10,38.5000,39.9100,37.7300,39.6000,385868,in
2020-06-11,39.0900,39.0900,35.4100,36.3400,513912,in
2020-06-12,36.2600,36.9900,34.4800,36.2600,406508,in
2020-06-15,36.0300,37.2600,34.3600,37.1200,387546,in
2020-06-16,37.0500,39.0600,36.3800,38.3800,366323,in
2020-06-17,37.9300,38.7500,37.2100,37.9600,239516,in
2020-06-18,37.7400,38.9700,37.1100,38.8400,113384,in
2020-06-19,38.8500,40.4900,38.4000,39.7500,64113,in
2020-06-22,39.1800,40.7000,39.1200,40.4600,315264,in
2020-06-23,40.6800,41.6300,39.7600,40.3700,368730,in
2020-06-24,39.9900,40.5400,37.3100,38.0100,499490,in
2020-06-25,38.0500,39.2300,37.0800,38.7200,451640,in
2020-06-26,39.0900,39.3500,37.7900,38.4900,356712,in
2020-06-29,37.9600,39.8900,37.5000,39.7000,343913,in
2020-06-30,39.6400,40.0800,38.8500,39.2700,370059,in
2020-07-01,39.8400,40.5800,39.0500,39.8200,407170,in
2020-07-02,39.7800,40.7400,39.4600,40.6500,347096,in
2020-07-06,40.3800,41.0800,39.8400,40.6300,373236,in
2020-07-07,40.6800,40.9500,39.9000,40.6200,256596,in
2020-07-08,40.4800,41.0800,40.3000,40.9000,286740,in
2020-07-09,40.8700,40.9900,39.2700,39.6200,367386,in
2020-07-10,39.5800,40.7700,38.5400,40.5500,393149,in
2020-07-13,40.3500,40.7200,39.4700,40.1000,370715,in
2020-07-14,39.6000,40.5700,39.0700,40.2900,426971,in
2020-07-15,40.5500,41.2600,40.0800,41.2000,352542,in
2020-07-16,40.9700,41.1800,40.5200,40.7500,200101,in
2020-07-17,40.7200,40.9000,40.0200,40.5900,88220,in
2020-07-20,40.6400,40.9100,39.8300,40.8100,60179,in
2020-07-21,40.6500,42.4000,40.6400,41.9600,389117,in
2020-07-22,41.5400,42.0300,41.1400,41.9000,333647,in
2020-07-23,41.9500,42.3600,40.8300,41.0700,389412,in
2020-07-24,41.0600,41.6700,40.6600,41.2900,353159,in
2020-07-27,41.2600,41.8200,40.4800,41.6000,377714,in
2020-07-28,41.6500,41.9300,40.8500,41.0400,276804,in
2020-07-29,41.1300,41.5700,40.9300,41.2700,295855,in
2020-07-30,41.3200,41.3900,38.7200,39.9200,487325,in
2020-07-31,40.3400,40.5500,39.6600,40.2700,318788,in
2020-08-03,40.3900,41.2400,39.5800,41.0100,338326,in
2020-08-04,40.7800,42.0800,40.1400,41.7000,451575,in
2020-08-05,41.5600,43.5200,41.4700,42.1900,491268,in
2020-08-06,42.1900,42.6500,41.6100,41.9500,359610,in
2020-08-07,41.9700,42.2200,41.0600,41.2200,398997,in
2020-08-10,41.5000,42.3300,41.1700,41.9400,367796,in
2020-08-11,41.9800,42.9400,41.4800,41.6100,432843,in
2020-08-12,41.6200,42.9000,41.5300,42.6700,397831,in
2020-08-13,42.5700,42.8400,42.0900,42.2400,329507,in
2020-08-14,42.3300,42.5700,41.6200,42.0100,310866,in
2020-08-17,42.2400,42.9700,41.8000,42.8900,208429,in
2020-08-18,42.7900,42.9900,42.1100,42.8900,111628,in
2020-08-19,42.6000,43.0300,42.3600,42.9300,81299,in
2020-08-20,42.7400,42.7900,41.5000,42.5800,377070,in
2020-08-21,42.7500,42.9600,41.4600,42.3400,345368,in
2020-08-24,42.4800,42.8900,42.2300,42.6200,294731,in
2020-08-25,42.3600,43.5700,42.3100,43.3500,330800,in
2020-08-26,43.3900,43.7800,43.0000,43.3900,262243,in
2020-08-27,43.4500,43.5000,42.3600,43.0400,320968,in
2020-08-28,42.9800,43.4200,42.6900,42.9700,272800,in
2020-08-31,42.9100,43.5700,42.5600,42.6100,236877,in
2020-09-01,42.8300,43.4300,42.7200,42.7600,285146,in
2020-09-02,43.0200,43.2100,41.2300,41.5100,421771,in
2020-09-03,41.6300,41.7900,40.2200,41.3700,417634,in
2020-09-04,41.2500,41.8700,39.3500,39.7700,444184,in
2020-09-08,39.4800,39.5900,36.1300,36.7600,720975,in
2020-09-09,36.7900,38.4500,36.1600,38.0500,455356,in
2020-09-10,37.8000,38.1800,36.9300,37.3000,367555,in
2020-09-11,37.0100,37.8200,36.6700,37.3300,363787,in
2020-09-14,37.3200,37.6800,36.8200,37.2600,347563,in
2020-09-15,37.2800,38.5700,37.0600,38.2800,348861,in
2020-09-16,38.3500,40.3400,38.3500,40.1600,367612,in
2020-09-17,40.1900,41.2200,39.4200,40.9700,280669,in
2020-09-18,40.9700,41.4900,40.3000,41.1100,85906,in
2020-09-21,40.9800,41.2700,38.6600,39.3100,66195,in
2020-09-22,39.6300,40.0200,39.0000,39.6000,287807,in
2020-09-23,39.7600,40.7500,39.2600,39.9300,318754,in
2020-09-24,39.6000,40.3700,39.1200,40.3100,269992,in
2020-09-25,40.1500,40.6400,39.7100,40.2500,229025,in
2020-09-28,40.0700,40.8000,39.7800,40.6000,226425,in
2020-09-29,40.5800,40.7000,38.4100,39.2900,379599,in
2020-09-30,39.1600,40.3700,38.6800,40.2200,340294,in
2020-10-01,39.9000,40.4700,37.6100,38.7200,443442,in
2020-10-02,38.6000,38.6500,36.6300,37.0500,391428,in
2020-10-05,37.0000,39.7200,37.0000,39.2200,378579,in
2020-10-06,39.3500,40.8600,39.1000,40.6700,400531,in
2020-10-07,39.8300,40.3500,39.2800,39.9500,433065,in
2020-10-08,39.9900,41.3300,39.7600,41.1900,409787,in
2020-10-09,41.3100,41.4700,40.3800,40.6000,331703,in
2020-10-12,40.4000,40.4500,39.0400,39.4300,322035,in
2020-10-13,39.5300,40.5300,39.3500,40.2000,375470,in
2020-10-14,40.1900,41.1600,39.8200,41.0400,328295,in
2020-10-15,41.1300,41.2900,39.2200,40.9600,248251,in
2020-10-16,40.8800,41.0500,40.0800,40.8800,96488,in
2020-10-19,40.6900,41.2200,40.5400,40.8300,75335,in
2020-10-20,40.6500,41.7000,40.2500,41.4600,360574,in
2020-10-21,41.2200,41.5900,39.7800,40.0300,366899,in
2020-10-22,40.0400,41.0200,39.7100,40.6400,307494,in
2020-10-23,40.6100,40.9200,39.5700,39.8500,268931,in
2020-10-26,39.6900,39.7400,38.2800,38.5600,360184,in
2020-10-27,38.5900,39.8300,38.5100,39.5700,339535,in
2020-10-28,38.9700,39.0100,36.9700,37.3900,489954,in
2020-10-29,37.3900,37.7600,34.9200,36.1700,568816,in
2020-10-30,36.0700,36.6000,35.2100,35.7900,388971,in
2020-11-02,35.2400,37.1500,33.6400,36.8100,489204,in
2020-11-03,37.0300,38.3200,36.5700,37.6600,410611,in
2020-11-04,38.1500,39.2500,37.2600,39.1500,437000,in
2020-11-05,39.1700,39.3500,38.2700,38.7900,298366,in
2020-11-06,38.5400,38.6100,37.0600,37.1400,411026,in
2020-11-09,37.3400,41.3300,37.1600,40.2900,622921,in
2020-11-10,39.9100,41.8400,39.4100,41.3600,457045,in
2020-11-11,41.7900,43.0600,41.3200,41.4500,443772,in
2020-11-12,41.4700,42.1900,40.8700,41.1200,401031,in
2020-11-13,40.9400,40.9400,40.0600,40.1300,338187,in
2020-11-16,40.1700,42.0900,40.1500,41.3400,378785,in
2020-11-17,41.4400,41.6900,40.5700,41.4300,243677,in
2020-11-18,41.3500,42.4600,41.0800,41.8200,107013,in
2020-11-19,41.6100,41.9800,41.0800,41.7400,88144,in
2020-11-20,41.7000,42.3200,41.5100,42.1500,276340,in
2020-11-23,42.4600,43.3600,42.2900,43.0600,300717,in
2020-11-24,42.8400,45.2000,42.8200,44.9100,418527,in
2020-11-25,44.8200,46.2600,44.7300,45.7100,417182,in
2020-11-27,45.9000,46.0900,44.5500,45.5300,365128,in
2020-11-30,45.3400,45.8000,44.4200,45.3400,370755,in
2020-12-01,45.0800,45.7000,44.1200,44.5500,314919,in
2020-12-02,44.3800,45.9200,43.9200,45.2800,368854,in
2020-12-03,44.9900,45.8400,44.6600,45.6400,350768,in
2020-12-04,45.6400,46.6800,45.6100,46.2600,335453,in
2020-12-07,46.1500,46.5400,45.3600,45.7600,348871,in
2020-12-08,45.6600,45.9300,45.1400,45.6000,332641,in
2020-12-09,45.6000,46.2400,44.9500,45.5200,434976,in
2020-12-10,45.6900,47.7400,45.5200,46.7800,447529,in
2020-12-11,46.9700,47.2900,46.3400,46.5700,367305,in
2020-12-14,46.7300,47.4400,45.6900,46.9900,403543,in
2020-12-15,46.9900,47.7300,46.5400,47.6200,311169,in
2020-12-16,47.6000,47.9400,47.1700,47.8200,275331,in
2020-12-17,47.8500,48.5900,47.8100,48.3600,96536,in
2020-12-18,48.4300,49.2800,48.1000,49.1000,83711,in
2020-12-21,48.5400,48.6100,46.1800,47.7400,478098,in
2020-12-22,47.9300,47.9600,46.6000,47.0200,295737,in
2020-12-23,46.7900,48.5000,46.1600,48.1200,344306,in
2020-12-24,48.0900,48.6200,47.5600,48.2300,167390,in
2020-12-28,48.2300,48.9600,47.5000,47.6200,238462,in
2020-12-29,47.7200,48.3500,47.6800,48.0000,213778,in
2020-12-30,48.1300,48.6600,47.6100,48.4000,266957,in
2020-12-31,48.3500,48.5800,47.7700,48.5200,181894,in
2021-01-04,48.4000,49.8300,47.1800,47.6200,528525,in
2021-01-05,47.3800,50.2000,47.2400,49.9300,643191,in
2021-01-06,49.8200,50.9400,49.4800,50.6300,509365,in
2021-01-07,50.5300,51.2800,50.3900,50.8300,369292,in
2021-01-08,50.9300,52.7500,50.8100,52.2400,499416,in
2021-01-11,52.5800,52.7000,51.5000,52.2500,394822,in
2021-01-12,52.1800,53.4500,52.0700,53.2100,400200,in
2021-01-13,53.3100,53.9300,52.5800,52.9100,429898,in
2021-01-14,52.8400,53.7500,52.2400,53.5700,390087,in
2021-01-15,53.8000,53.8300,51.8300,52.3600,165668,in
2021-01-19,52.0000,53.1300,51.7600,52.9800,125964,in
2021-01-20,53.1300,53.7900,53.0500,53.2400,400301,in
2021-01-21,52.9300,53.4100,52.7500,53.1300,352397,in
2021-01-22,53.1000,53.1600,51.4400,52.2700,437484,in
2021-01-25,52.1700,52.9500,51.8200,52.7700,349076,in
2021-01-26,52.9100,53.2500,52.2900,52.6100,314538,in
2021-01-27,52.7600,53.3000,51.8500,52.8500,442376,in
2021-01-28,52.6500,53.5800,52.0400,52.3400,411406,in
2021-01-29,52.1500,53.2500,51.9300,52.2000,410914,in
2021-02-01,51.9900,53.7400,51.6400,53.5500,416067,in
2021-02-02,53.4800,55.2600,53.4500,54.7600,463718,in
2021-02-03,55.0500,56.3300,54.8100,55.6900,448693,in
2021-02-04,55.9600,56.5800,55.3000,56.2300,381404,in
2021-02-05,56.4600,57.2900,56.4300,56.8500,400833,in
2021-02-08,57.0600,58.1400,57.0000,57.9700,399724,in
2021-02-09,58.1100,58.6200,57.2700,58.3600,514698,in
2021-02-10,58.4500,58.9100,58.0800,58.6800,457535,in
2021-02-11,58.4000,58.7100,57.8400,58.2400,380445,in
2021-02-12,57.9400,59.8200,57.4100,59.4700,480822,in
2021-02-16,59.9800,60.9500,59.3300,60.0500,602332,in
2021-02-17,60.2400,61.7300,59.4300,61.1400,335419,in
2021-02-18,61.6800,62.2600,59.7900,60.5200,132035,in
2021-02-19,60.2000,60.2900,58.5900,59.2400,102427,in
2021-02-22,58.8800,61.8400,58.8200,61.4900,505773,in
2021-02-23,62.1600,63.0000,60.6700,61.6700,570677,in
2021-02-24,61.2900,63.5100,60.9700,63.2200,489933,in
2021-02-25,63.3900,63.8100,62.6500,63.5300,510357,in
2021-02-26,63.4600,63.5700,61.3400,61.5000,472723,in
2021-03-01,61.9500,62.9200,59.9600,60.6400,456679,in
2021-03-02,60.2300,61.2100,59.3800,59.7500,464133,in
2021-03-03,59.5500,61.9900,59.2400,61.2800,465311,in
2021-03-04,61.0800,64.8600,60.5200,63.8300,694628,in
2021-03-05,64.1600,66.4200,63.8200,66.0900,573168,in
2021-03-08,66.6800,67.9800,64.5700,65.0500,533376,in
2021-03-09,64.7300,65.9800,63.6300,64.0100,554564,in
2021-03-10,63.8400,64.9600,63.1300,64.4400,498488,in
2021-03-11,64.7000,66.2100,64.5400,66.0200,441063,in
2021-03-12,65.9600,66.2400,65.4100,65.6100,321714,in
2021-03-15,65.5600,66.4000,64.1300,65.3900,378009,in
2021-03-16,65.3300,65.4300,63.8000,64.8000,317537,in
2021-03-17,64.7500,65.3400,63.6000,64.6000,254724,in
2021-03-18,64.4200,64.8200,58.2000,60.0000,143597,in
2021-03-19,59.5600,61.7200,58.9400,61.4200,84171,in
2021-03-22,61.5500,61.9000,60.3900,61.5500,404370,in
2021-03-23,61.2800,61.3500,57.2500,57.7600,712317,in
2021-03-24,57.4000,61.3400,57.2900,61.1800,566291,in
2021-03-25,60.8000,60.8600,57.4400,58.5600,580105,in
2021-03-26,58.4800,61.3600,58.3200,60.9700,471996,in
2021-03-29,60.9300,61.7700,59.4100,61.5600,449360,in
2021-03-30,61.9600,62.2700,59.9400,60.5500,388188,in
2021-03-31,60.4500,61.1700,58.8500,59.1600,414162,in
2021-04-01,59.4900,61.7500,58.8600,61.4500,605567,in
2021-04-05,61.5000,61.5000,57.6300,58.6500,438864,in
2021-04-06,58.8000,60.9000,58.6200,59.3300,457348,in
2021-04-07,59.2600,60.0400,58.1200,59.7700,475537,in
2021-04-08,59.5200,59.9300,58.8200,59.6000,419913,in
2021-04-09,59.7600,59.9500,59.1000,59.3200,351436,in
2021-04-12,59.3500,60.7700,58.7300,59.7000,410218,in
2021-04-13,59.6400,60.5900,59.6400,60.1800,349733,in
2021-04-14,60.4400,63.4400,60.3800,63.1500,419813,in
2021-04-15,62.8300,63.5700,62.5300,63.4600,243370,in
2021-04-16,63.3200,63.8800,62.8300,63.1300,87795,in
2021-04-19,62.9800,63.6300,62.6300,63.3800,74384,in
2021-04-20,63.4700,64.2500,61.5000,62.4400,476046,in
2021-04-21,62.3900,62.5600,60.8600,61.3500,431486,in
2021-04-22,61.1100,61.8700,60.6100,61.4300,344700,in
2021-04-23,61.6500,62.4300,61.2500,62.1400,345407,in
2021-04-26,62.0600,62.3100,60.6600,61.9100,366865,in
2021-04-27,61.9700,63.3000,61.9100,62.9400,361536,in
2021-04-28,63.0400,64.5300,62.6700,63.8600,387683,in
2021-04-29,63.7000,65.4700,63.6500,65.0100,384489,in
2021-04-30,64.8800,64.9500,63.0800,63.5800,400515,in
2021-05-03,63.6400,64.6800,62.9100,64.4900,285969,in
2021-05-04,64.5300,66.1900,64.2900,65.6900,370208,in
2021-05-05,66.4500,66.7600,64.9200,65.6300,460066,in
2021-05-06,65.2700,65.9800,64.5000,64.7100,389214,in
2021-05-07,64.9000,65.2400,63.9000,64.9000,431417,in
2021-05-10,65.5700,65.7500,63.9500,64.9200,448337,in
2021-05-11,64.9000,65.5000,63.6800,65.2800,514949,in
2021-05-12,65.4600,66.6300,64.9700,66.0800,508519,in
2021-05-13,65.7500,65.8100,63.0900,63.8200,547691,in
2021-05-14,63.8300,65.6200,63.3300,65.3700,383749,in
2021-05-17,65.5000,66.4300,64.8300,66.2700,268476,in
2021-05-18,66.3300,67.0100,64.1100,65.4900,167348,in
2021-05-19,65.2800,65.3500,61.9500,63.3600,101902,in
2021-05-20,63.3900,63.9600,61.8900,62.0500,524168,in
2021-05-21,61.8900,64.0700,61.5600,63.5800,530831,in
2021-05-24,63.8700,66.1400,63.6300,66.0500,466647,in
2021-05-25,66.0200,66.5100,65.4100,66.0700,497394,in
2021-05-26,66.0400,66.4300,65.2500,66.2100,376207,in
2021-05-27,66.1600,66.9200,65.4700,66.8500,337542,in
2021-05-28,66.9500,67.5200,66.1700,66.3200,390461,in
2021-06-01,66.6800,68.8700,66.4100,67.7200,570985,in
2021-06-02,67.9900,69.0000,67.7800,68.8300,332995,in
2021-06-03,68.7600,69.4000,68.1900,68.8100,351367,in
2021-06-04,68.9100,69.7600,68.3300,69.6200,326250,in
2021-06-07,69.5200,70.0000,68.9300,69.2300,365621,in
2021-06-08,69.2900,70.2700,68.4700,70.0500,441302,in
2021-06-09,70.0100,70.6200,69.4600,69.9600,410820,in
2021-06-10,69.7600,70.6500,68.6800,70.2900,492464,in
2021-06-11,70.1000,71.2400,69.6800,70.9100,563575,in
2021-06-14,70.6500,71.7800,70.6500,70.8800,319639,in
2021-06-15,71.1600,72.4900,70.8100,72.1200,336035,in
2021-06-16,72.4500,72.9900,71.6100,72.1500,426775,in
2021-06-17,71.6500,72.3000,69.7700,71.0400,373780,in
2021-06-18,71.1000,72.1700,70.1600,71.6400,139584,in
2021-06-21,71.5200,73.9600,71.1500,73.6600,123662,in
2021-06-22,73.4100,73.9500,72.9400,73.0600,498555,in
2021-06-23,72.9100,74.2500,72.8200,73.0800,429207,in
2021-06-24,73.2800,73.6100,72.3200,73.3000,334833,in
2021-06-25,73.3200,74.1800,72.8500,74.0500,364721,in
2021-06-28,73.9900,74.4500,72.6200,72.9100,354701,in
2021-06-29,72.7800,73.8100,71.9700,72.9800,321448,in
2021-06-30,73.4700,74.1400,72.8200,73.4700,383626,in
2021-07-01,73.5000,76.2200,73.3900,75.2300,615678,in
2021-07-02,75.0200,75.6200,74.4100,75.1600,377531,in
2021-07-06,75.3500,76.9800,72.9400,73.3700,714044,in
2021-07-07,73.8500,74.8600,71.0700,72.2000,607971,in
2021-07-08,72.1700,73.2600,70.7600,72.9400,529690,in
2021-07-09,73.2600,74.7600,72.7200,74.5600,422154,in
2021-07-12,74.7400,74.9300,73.1600,74.1000,397931,in
2021-07-13,74.1800,75.5200,73.6800,75.2500,444078,in
2021-07-14,75.1700,75.4400,72.2100,73.1300,528360,in
2021-07-15,72.9600,72.9600,71.4000,71.6500,368679,in
2021-07-16,71.4800,72.3000,70.4100,71.8100,133926,in
2021-07-19,71.4900,71.6700,65.6300,66.4200,82565,in
2021-07-20,66.6000,67.6500,65.2100,67.4200,561629,in
2021-07-21,66.4500,70.5100,66.4400,70.3000,503030,in
2021-07-22,70.2200,72.0300,69.8600,71.9100,435181,in
2021-07-23,71.7100,72.2100,71.3900,72.0700,274778,in
2021-07-26,72.1800,72.4300,70.5600,71.9100,395743,in
2021-07-27,72.2200,72.3300,71.0800,71.6500,333123,in
2021-07-28,71.9000,72.6000,71.7000,72.3900,318911,in
2021-07-29,72.4000,73.6800,72.2600,73.6200,294462,in
2021-07-30,73.4100,74.2300,72.9300,73.9500,303700,in
2021-08-02,73.9100,73.9500,70.5500,71.2600,448200,in
2021-08-03,71.5200,71.9600,69.1900,70.5600,509938,in
2021-08-04,70.3200,70.8100,67.8500,68.1500,582924,in
2021-08-05,68.0600,69.3500,67.6100,69.0900,416331,in
2021-08-06,69.1400,70.1800,67.8000,68.2800,537136,in
2021-08-09,67.8800,67.9000,65.1500,66.4800,598381,in
2021-08-10,66.8500,68.9000,66.5600,68.2900,452126,in
2021-08-11,68.5100,69.4500,66.6700,69.2500,513292,in
2021-08-12,69.3600,69.6200,68.4600,69.0900,352465,in
2021-08-13,68.9100,69.2200,67.7700,68.4400,272033,in
2021-08-16,68.1300,68.1400,65.7300,67.2900,334844,in
2021-08-17,67.4300,67.7200,66.3300,66.5900,235303,in
2021-08-18,66.5800,67.4800,64.3400,65.4600,121197,in
2021-08-19,64.5800,64.7600,62.6300,63.6900,88237,in
2021-08-20,64.0500,64.1000,62.1100,62.3200,365009,in
2021-08-23,61.9600,66.0000,61.7400,65.6400,397290,in
2021-08-24,65.5400,67.8000,65.4100,67.5400,335888,in
2021-08-25,67.6300,68.5400,66.9200,68.3600,353742,in
2021-08-26,68.0000,68.3100,67.0200,67.4200,344286,in
2021-08-27,67.7500,69.0500,67.5200,68.7400,326056,in
2021-08-30,69.3000,69.6400,67.6700,69.2100,360797,in
2021-08-31,69.1800,69.3400,68.1600,68.5000,325853,in
2021-09-01,68.5500,69.2400,67.1200,68.5900,399497,in
2021-09-02,68.2900,70.6100,67.8400,69.9900,403314,in
2021-09-03,69.7600,70.5300,69.0500,69.2900,313086,in
2021-09-07,69.1100,69.4800,67.6400,68.3500,481704,in
2021-09-08,68.3700,69.7500,68.3100,69.3000,389325,in
2021-09-09,69.3600,69.8900,67.5600,68.1400,556451,in
2021-09-10,67.9700,69.9600,67.6800,69.7200,411079,in
2021-09-13,69.7400,70.9700,69.5100,70.4500,390939,in
2021-09-14,70.6400,71.2200,69.9800,70.4600,414231,in
2021-09-15,70.7600,73.1400,70.6500,72.6100,418665,in
2021-09-16,72.6500,72.9900,71.5300,72.6100,298412,in
2021-09-17,72.6200,72.7200,71.2100,71.9700,119933,in
2021-09-20,71.9200,72.0800,69.8600,70.2900,75837,in
2021-09-21,70.5900,71.6300,69.6700,70.5600,393403,in
2021-09-22,70.8500,72.3000,70.6400,72.2300,381061,in
2021-09-23,71.9700,73.5000,71.6100,73.3000,403405,in
2021-09-24,73.2400,74.2700,72.8100,73.9800,350382,in
2021-09-27,74.1900,75.7500,74.1600,75.4500,417829,in
2021-09-28,75.4300,76.6700,74.2400,75.2900,476143,in
2021-09-29,74.3800,75.7900,73.7400,74.8300,424193,in
2021-09-30,74.7800,76.0700,73.1400,75.0300,583189,in
2021-10-01,75.1200,75.9900,74.2300,75.8800,388996,in
2021-10-04,75.9000,78.3800,75.3200,77.6200,458006,in
2021-10-05,77.5800,79.4800,77.4700,78.9300,449617,in
2021-10-06,79.0400,79.7800,76.8300,77.4300,459055,in
2021-10-07,77.0000,78.8900,74.9600,78.3000,545008,in
2021-10-08,78.8600,80.1100,78.6300,79.3500,662010,in
2021-10-11,79.5900,82.1800,79.5500,80.5200,653756,in
2021-10-12,80.5000,81.6200,79.4700,80.6400,598181,in
2021-10-13,80.5800,81.0400,79.4200,80.4400,487220,in
2021-10-14,80.5900,81.6800,80.3800,81.3100,399813,in
2021-10-15,81.4800,82.6600,81.3900,82.2800,277953,in
2021-10-18,82.6000,83.8700,81.8400,82.4400,134098,in
2021-10-19,82.3700,83.7400,81.8000,82.9600,82607,in
2021-10-20,83.3400,84.2500,81.3000,83.8700,530693,in
2021-10-21,83.5800,83.9600,80.7900,82.5000,567503,in
2021-10-22,82.6100,84.2200,81.7600,83.7600,465355,in
2021-10-25,83.9800,85.4100,83.3900,83.7600,568725,in
2021-10-26,83.7200,84.8800,82.9700,84.6500,467716,in
2021-10-27,84.3900,84.5100,82.0100,82.6600,529952,in
2021-10-28,82.2500,83.2100,80.5800,82.8100,491585,in
2021-10-29,83.0900,83.7400,81.4100,83.5700,507309,in
2021-11-01,83.3600,84.8800,82.7400,84.0500,412309,in
2021-11-02,83.8700,84.4100,82.9200,83.9100,429608,in
2021-11-03,83.0700,83.0800,79.6900,80.8600,546577,in
2021-11-04,80.1800,83.4200,78.2500,78.8100,701119,in
2021-11-05,79.3700,81.8000,78.9600,81.2700,531054,in
2021-11-08,81.1300,82.6700,81.0500,81.9300,393953,in
2021-11-09,82.1600,84.6300,81.7800,84.1500,504832,in
2021-11-10,84.5300,84.9700,80.8100,81.3400,555215,in
2021-11-11,81.4100,82.3300,80.2000,81.5900,475436,in
2021-11-12,81.2100,81.6200,79.7800,80.7900,390304,in
2021-11-15,80.6600,81.2000,79.3000,80.8800,343484,in
2021-11-16,80.9300,81.8100,80.0300,80.7600,325668,in
2021-11-17,80.5400,80.6900,77.6900,78.3600,174471,in
2021-11-18,78.3400,79.3600,77.0800,79.0100,83984,in
2021-11-19,78.7600,79.9200,75.3700,76.1000,623448,in
2021-11-22,75.7500,77.1600,74.7600,76.7500,465768,in
2021-11-23,76.4600,78.8600,75.3000,78.5000,506987,in
2021-11-24,78.4800,79.2300,77.9800,78.3900,328848,in
2021-11-26,78.3400,78.6500,67.4000,68.1500,844630,in
2021-11-29,69.2300,72.9300,68.8600,69.9500,675090,in
2021-11-30,70.0400,71.2200,64.4300,66.1800,722475,in
2021-12-01,67.0100,69.4900,64.8400,65.5700,602447,in
2021-12-02,65.6300,67.4900,62.4300,66.5000,668293,in
2021-12-03,67.5000,69.2200,65.6000,66.2600,449974,in
2021-12-06,67.0200,70.1500,66.7200,69.4900,401060,in
2021-12-07,69.7200,73.0300,69.5200,72.0500,496528,in
2021-12-08,71.8600,73.0000,70.9100,72.3600,464846,in
2021-12-09,72.5200,73.3400,70.3900,70.9400,393205,in
2021-12-10,70.6800,72.3300,70.3200,71.6700,397883,in
2021-12-13,72.0400,73.0000,70.7100,71.2900,406604,in
2021-12-14,71.1200,72.0300,69.5100,70.7300,359454,in
2021-12-15,70.3500,71.6600,69.3900,70.8700,294337,in
2021-12-16,71.4800,72.9900,71.0300,72.3800,142541,in
2021-12-17,71.9200,72.2600,69.8900,70.8600,78125,in
2021-12-20,70.0700,70.0700,66.0400,68.2300,492217,in
2021-12-21,69.2100,71.5500,68.5600,71.1200,358779,in
2021-12-22,71.2700,73.1600,70.8000,72.7600,306709,in
2021-12-23,73.0300,73.9500,72.2700,73.7900,270223,in
2021-12-27,73.3800,76.0900,72.5700,75.5700,268490,in
2021-12-28,75.9700,76.9200,75.5300,75.9800,249728,in
2021-12-29,76.0400,77.3700,75.3600,76.5600,283557,in
2021-12-30,76.5800,77.4400,75.7800,76.9900,231163,in
2021-12-31,76.6600,77.0800,74.9500,75.2100,237118,in
2022-01-03,75.6900,76.4600,74.2700,76.0800,317628,in
2022-01-04,76.0200,77.6400,75.7000,76.9900,372848,in
2022-01-05,77.1800,78.5800,76.5100,77.8500,397898,in
2022-01-06,77.2400,80.2400,76.7300,79.4600,476665,in
2022-01-07,79.6200,80.4700,78.5200,78.9000,414434,in
2022-01-10,78.8800,79.4500,77.8300,78.2300,389956,in
2022-01-11,78.4200,81.5900,78.3600,81.2200,481815,in
2022-01-12,81.3800,83.1000,81.1700,82.6400,420619,in
2022-01-13,82.8200,82.9400,81.3900,82.1200,364769,in
2022-01-14,81.7300,84.4500,81.5800,83.8200,364442,in
2022-01-18,84.3200,86.6300,83.5000,85.4300,163643,in
2022-01-19,86.6100,87.9100,85.7700,86.9600,113153,in
2022-01-20,86.2300,87.8200,86.0000,86.9000,532202,in
2022-01-21,84.5700,85.5600,82.7800,85.1400,509103,in
2022-01-24,84.9100,86.0900,81.9000,83.3100,511695,in
2022-01-25,84.1500,85.7100,82.9900,85.6000,507219,in
2022-01-26,85.2600,87.9500,85.0100,87.3500,459642,in
2022-01-27,87.1500,88.5400,86.2000,86.6100,427804,in
2022-01-28,87.5000,88.8400,86.4400,86.8200,436172,in
2022-01-31,87.4500,88.3900,86.3400,88.1500,359080,in
2022-02-01,88.1500,88.8700,86.5500,88.2000,376841,in
2022-02-02,88.3500,89.7200,87.1000,88.2600,456863,in
2022-02-03,87.9800,90.4500,86.7500,90.2700,465771,in
2022-02-04,90.1900,93.1700,90.0700,92.3100,410926,in
2022-02-07,91.8200,92.7300,90.7300,91.3200,497754,in
2022-02-08,91.6400,91.6800,88.5100,89.3600,467386,in
2022-02-09,89.8600,90.5800,88.4100,89.6600,445618,in
2022-02-10,90.0100,91.7400,89.0300,89.8800,492091,in
2022-02-11,90.0000,94.6600,89.1900,93.1000,554423,in
2022-02-14,93.9100,95.8200,92.0900,95.4600,467071,in
2022-02-15,94.8300,95.1700,90.6600,92.0700,442641,in
2022-02-16,92.2100,95.0100,90.0000,93.6600,401453,in
2022-02-17,90.9000,93.3600,90.6200,91.7600,212552,in
2022-02-18,91.6300,92.6600,89.0300,91.0700,150382,in
2022-02-22,91.7500,96.0000,90.3500,92.3500,789041,in
2022-02-23,91.7400,93.9000,90.6400,92.1000,440574,in
2022-02-24,92.5200,100.5400,91.4500,92.8100,872244,in
2022-02-25,93.3200,95.6400,90.0600,91.5900,523793,in
2022-02-28,94.9900,99.1000,94.4300,95.7200,490796,in
2022-03-01,96.0900,106.7800,95.3200,103.4100,698814,in
2022-03-02,107.1200,112.5100,105.1800,110.6000,651853,in
2022-03-03,111.3300,116.5700,106.4300,107.6700,592031,in
2022-03-04,107.9600,116.0200,107.2500,115.6800,493875,in
2022-03-07,121.3300,130.5000,115.5400,119.4000,576022,in
2022-03-08,120.6700,129.4400,117.0700,123.7000,583106,in
2022-03-09,124.6600,126.8400,103.6300,108.7000,594773,in
2022-03-10,110.4100,114.8800,105.5300,106.0200,437924,in
2022-03-11,105.9900,110.2900,104.4800,109.3300,368194,in
2022-03-14,109.4200,109.7200,99.7600,103.0100,344184,in
2022-03-15,102.2800,102.5800,93.5300,96.4400,401690,in
2022-03-16,95.2300,99.2200,94.0700,95.0400,293947,in
2022-03-17,95.3400,104.2400,94.8500,102.9800,210763,in
2022-03-18,103.6200,106.2800,102.3000,104.7000,74247,in
2022-03-21,105.1300,112.6900,104.0800,112.1200,77217,in
2022-03-22,112.9000,115.0100,109.3000,111.7600,318629,in
2022-03-23,108.8500,115.4000,108.3800,114.9300,289182,in
2022-03-24,114.4700,116.6400,110.6100,112.3400,307238,in
2022-03-25,111.7500,114.1200,108.6800,113.9000,320304,in
2022-03-28,112.9200,112.9300,102.8300,105.9600,372251,in
2022-03-29,103.4700,107.8400,98.4400,104.2400,387200,in
2022-03-30,105.2400,108.7500,104.5500,107.8200,284544,in
2022-03-31,107.4500,107.8000,99.6600,100.2800,450845,in
2022-04-01,101.2300,101.7500,97.7800,99.2700,324777,in
2022-04-04,98.9500,103.9400,98.0500,103.2800,288131,in
2022-04-05,103.6600,105.5900,99.8800,101.9600,280283,in
2022-04-06,101.2400,104.0200,95.7300,96.2300,366036,in
2022-04-07,97.1600,98.8200,93.8100,96.0300,367318,in
2022-04-08,97.1700,98.7600,95.2900,98.2600,310082,in
2022-04-11,98.4000,98.5200,92.9300,94.2900,315873,in
2022-04-12,95.1700,101.3500,94.8400,100.6000,329037,in
2022-04-13,100.9100,104.4700,99.8700,104.2500,312502,in
2022-04-14,104.2000,107.6400,102.1200,106.9500,244952,in
2022-04-18,107.0300,109.8100,106.0000,108.2100,68489,in
2022-04-19,107.7500,108.9200,102.1000,102.5600,71792,in
2022-04-20,103.0500,104.1600,100.7000,102.7500,299028,in
2022-04-21,102.5000,105.4200,102.0100,103.7900,280321,in
2022-04-22,104.0700,104.2200,101.0600,102.0700,246116,in
2022-04-25,101.3800,101.5500,95.2800,98.5400,328153,in
2022-04-26,98.6400,102.7800,97.0600,101.7000,351850,in
2022-04-27,101.7600,102.9900,99.8000,102.0200,278781,in
2022-04-28,102.1100,105.6800,100.1300,105.3600,312064,in
2022-04-29,105.1700,107.9900,103.7800,104.6900,294386,in
2022-05-02,104.0000,105.9400,100.2800,105.1700,261878,in
2022-05-03,105.0800,105.8000,102.1000,102.4100,239266,in
2022-05-04,103.5000,108.6100,102.9500,107.8100,272909,in
2022-05-05,107.5800,111.3700,106.4500,108.2600,286916,in
2022-05-06,108.7000,111.1800,107.2400,109.7700,294278,in
2022-05-09,110.4300,110.4900,102.1300,103.0900,368183,in
2022-05-10,102.6500,104.1600,98.8600,99.7600,389750,in
2022-05-11,99.0000,106.4400,98.2000,105.7100,382701,in
2022-05-12,105.6300,107.3700,102.6600,106.1300,323547,in
2022-05-13,106.6500,110.6400,106.2900,110.4900,240989,in
2022-05-16,110.9800,114.9000,108.1100,114.2000,289127,in
2022-05-17,113.8700,115.5600,111.7500,112.4000,252630,in
2022-05-18,113.6600,115.4200,108.4600,109.5900,103669,in
2022-05-19,109.0900,112.6200,105.1300,112.2100,68511,in
2022-05-20,111.4500,114.0400,110.8500,113.2300,229930,in
2022-05-23,110.5600,111.9600,109.1500,110.2900,215623,in
2022-05-24,110.4100,111.4300,108.6100,109.7700,224794,in
2022-05-25,110.3900,111.6800,109.2300,110.3300,191370,in
2022-05-26,110.6900,114.8300,110.2700,114.0900,234752,in
2022-05-27,114.2000,115.3000,112.8500,115.0700,217281,in
2022-05-31,114.9600,119.9800,114.1500,114.6700,440796,in
2022-06-01,115.4000,117.8700,114.5800,115.2600,290530,in
2022-06-02,114.8000,117.7700,111.2000,116.8700,327600,in
2022-06-03,117.5500,120.4600,115.2300,118.8700,240831,in
2022-06-06,120.8200,120.9900,117.6300,118.5000,246825,in
2022-06-07,119.1000,120.3600,117.1400,119.4100,341694,in
2022-06-08,119.7900,123.1800,119.3000,122.1100,340591,in
2022-06-09,122.4300,122.7200,120.7900,121.5100,293295,in
2022-06-10,121.4600,122.7500,118.3300,120.6700,352906,in
2022-06-13,120.1900,122.2500,117.4700,120.9300,372403,in
2022-06-14,121.0900,123.6800,116.6200,118.9300,366320,in
2022-06-15,119.0700,119.6100,114.6000,115.3100,301750,in
2022-06-16,115.9800,118.0800,112.3100,117.5900,162543,in
2022-06-17,117.0800,118.9700,108.2500,109.5600,103149,in
2022-06-21,110.5800,112.4700,108.7200,110.6500,427262,in
2022-06-22,109.5400,109.7600,101.5300,106.1900,432724,in
2022-06-23,104.4200,107.0500,102.3200,104.2700,346362,in
2022-06-24,103.9900,108.5800,103.6400,107.6200,321591,in
2022-06-27,107.2200,110.5400,105.6000,109.5700,282914,in
2022-06-28,110.1800,112.2200,109.6200,111.7600,306748,in
2022-06-29,111.8600,114.0500,109.2200,109.7800,322060,in
2022-06-30,109.7000,110.4500,105.1000,105.7600,362890,in
2022-07-01,106.0100,109.3400,104.5600,108.4300,305338,in
2022-07-05,108.8000,111.4500,97.4300,99.5000,594215,in
2022-07-06,100.3600,102.1400,95.1000,98.5300,444106,in
2022-07-07,98.2200,104.4800,96.5700,102.7300,379861,in
2022-07-08,102.2200,105.2400,101.5100,104.7900,327461,in
2022-07-11,104.7900,105.0500,100.8900,104.0900,348566,in
2022-07-12,103.4600,103.4900,95.3500,95.8400,398552,in
2022-07-13,95.8900,97.9600,93.6700,96.3000,347193,in
2022-07-14,96.5700,97.0000,90.5600,95.7800,387528,in
2022-07-15,96.3900,99.0300,94.5700,97.5900,240766,in
2022-07-18,97.2700,102.8000,95.8500,102.6000,84669,in
2022-07-19,102.0000,104.4600,99.8500,104.2200,63149,in
2022-07-20,103.6000,104.3900,101.5100,102.2600,315620,in
2022-07-21,99.9100,99.9900,94.5900,96.3500,318911,in
2022-07-22,96.5100,97.9500,94.2300,94.7000,307568,in
2022-07-25,95.1000,96.9400,93.0100,96.7000,278998,in
2022-07-26,96.3300,99.0000,94.7600,94.9800,310043,in
2022-07-27,95.6000,98.5900,94.3000,97.2600,321903,in
2022-07-28,98.1700,99.8400,96.0400,96.4200,318403,in
2022-07-29,97.3000,101.8800,96.4100,98.6200,349374,in
2022-08-01,98.4600,98.6500,92.4200,93.8900,365293,in
2022-08-02,93.7500,96.4700,92.5900,94.4200,328538,in
2022-08-03,93.8300,96.5700,90.3800,90.6600,395099,in
2022-08-04,90.9500,91.9000,87.5500,88.5400,334931,in
2022-08-05,88.0600,90.7600,87.0100,89.0100,350016,in
2022-08-08,88.4600,90.8900,87.2200,90.7600,340157,in
2022-08-09,90.6900,92.6500,89.0500,90.5000,347045,in
2022-08-10,90.5100,92.4300,87.6600,91.9300,383766,in
2022-08-11,91.5500,95.0500,91.2400,94.3400,341234,in
2022-08-12,94.0900,94.8100,91.1600,92.0900,264953,in
2022-08-15,91.9400,92.1000,86.8200,89.4100,275443,in
2022-08-16,87.9300,90.6500,85.7300,86.5300,305366,in
2022-08-17,87.1000,89.1600,85.8800,88.1100,230346,in
2022-08-18,87.3900,91.4600,87.3200,90.5000,80029,in
2022-08-19,90.3900,92.0900,88.3800,90.7700,58714,in
2022-08-22,89.6500,91.2600,86.6000,90.2300,352665,in
2022-08-23,90.5500,94.2200,90.4200,93.7400,285607,in
2022-08-24,93.7800,95.4000,92.7900,94.8900,320388,in
2022-08-25,95.3500,95.7600,92.2900,92.5200,279877,in
2022-08-26,93.0600,94.0200,91.0800,93.0600,288392,in
2022-08-29,92.9600,97.3700,92.2900,97.0100,283463,in
2022-08-30,96.9000,97.6600,90.5400,91.6400,386272,in
2022-08-31,92.3100,92.7300,88.2700,89.5500,344147,in
2022-09-01,88.8300,89.6300,85.9800,86.6100,305106,in
2022-09-02,86.5600,89.6600,86.3500,86.8700,277533,in
2022-09-06,86.8400,90.3900,86.1800,86.8800,420255,in
2022-09-07,86.9300,87.7600,81.5000,81.9400,380781,in
2022-09-08,81.9100,84.2500,81.2000,83.5400,342763,in
2022-09-09,82.8000,87.2000,82.7100,86.7900,305188,in
2022-09-12,86.2500,89.1000,85.1600,87.7800,275104,in
2022-09-13,88.0900,89.3100,85.0600,87.3100,347998,in
2022-09-14,87.9400,90.1900,86.1800,88.4800,335381,in
2022-09-15,88.9100,89.1500,84.5300,85.1000,235358,in
2022-09-16,85.1600,86.5900,84.2700,85.1100,87829,in
2022-09-19,85.2100,86.2200,82.1000,85.7300,59626,in
2022-09-20,85.6100,86.4500,83.5200,84.4500,279813,in
2022-09-21,84.2500,86.6800,82.4900,82.9400,339683,in
2022-09-22,83.0700,86.0000,82.4000,83.4900,303492,in
2022-09-23,83.5400,83.9200,78.0400,78.7400,334271,in
2022-09-26,79.2300,80.3100,76.2500,76.7100,280927,in
2022-09-27,76.4700,79.5100,76.4200,78.5000,283614,in
2022-09-28,78.0800,82.3400,76.5500,82.1500,324678,in
2022-09-29,81.9000,82.9400,80.3400,81.2300,286126,in
2022-09-30,81.7400,82.5600,79.1400,79.4900,253154,in
2022-10-03,81.0200,84.5600,80.8700,83.6300,287168,in
2022-10-04,83.2200,86.9800,83.2200,86.5200,302549,in
2022-10-05,86.3700,88.4200,85.4200,87.7600,329790,in
2022-10-06,88.0800,89.0700,87.0400,88.4500,235296,in
2022-10-07,88.9300,93.3100,88.0000,92.6400,429162,in
2022-10-10,93.4800,93.6400,90.5400,91.1300,289508,in
2022-10-11,91.1400,91.3500,87.9100,89.3500,333158,in
2022-10-12,88.6700,90.0700,86.2800,87.2700,332271,in
2022-10-13,87.0800,89.6600,85.5600,89.1100,298032,in
2022-10-14,89.2700,89.7300,85.2000,85.6100,237026,in
2022-10-17,85.5900,87.1200,84.6100,85.4600,172020,in
2022-10-18,85.7000,86.5100,82.0900,82.8200,97304,in
2022-10-19,83.6900,86.2000,82.5900,85.5500,71309,in
2022-10-20,85.9400,88.1700,85.2200,85.9800,338344,in
2022-10-21,85.0700,85.9000,83.1500,85.0500,272803,in
2022-10-24,85.2400,85.9200,82.6300,84.5800,250726,in
2022-10-25,84.8800,86.0300,83.0600,85.3200,240441,in
2022-10-26,85.0700,88.4100,84.1400,87.9100,287182,in
2022-10-27,88.2600,89.7900,87.3300,89.0800,292556,in
2022-10-28,88.6700,88.7600,87.0800,87.9000,263404,in
2022-10-31,88.3900,88.6500,85.3000,86.5300,285342,in
2022-11-01,86.4300,89.4500,85.9200,88.3700,274321,in
2022-11-02,88.6200,90.3600,87.7200,90.0000,280961,in
2022-11-03,89.3500,89.6700,87.6000,88.1700,239816,in
2022-11-04,87.9000,92.8700,87.8200,92.6100,354060,in
2022-11-07,91.0000,93.7400,90.4000,91.7900,322419,in
2022-11-08,91.8700,92.1700,88.5200,88.9100,344223,in
2022-11-09,88.5700,89.2400,85.5000,85.8300,388301,in
2022-11-10,85.8500,87.3500,84.7000,86.4700,340007,in
2022-11-11,86.2700,90.1000,86.1800,88.9600,301664,in
2022-11-14,89.0200,89.8400,85.1500,85.8700,315450,in
2022-11-15,85.2500,88.6800,84.0600,86.9200,331709,in
2022-11-16,86.8900,87.5100,84.2000,85.5900,225668,in
2022-11-17,85.2200,85.4500,81.4000,81.6400,138476,in
2022-11-18,82.0900,82.6400,77.2400,80.0800,96583,in
2022-11-21,80.3000,80.3000,75.0800,79.7300,475104,in
2022-11-22,80.2200,82.3600,79.8500,80.9500,269615,in
2022-11-23,81.0800,81.9500,76.8300,77.9400,379145,in
2022-11-25,77.5100,79.9000,76.2200,76.2800,266451,in
2022-11-28,75.9300,77.8400,73.6000,77.2400,405033,in
2022-11-29,76.5400,79.6500,76.2900,78.2000,381869,in
2022-11-30,79.0000,81.3800,78.4000,80.5500,287534,in
2022-12-01,80.4000,83.3400,79.9300,81.2200,321432,in
2022-12-02,81.4700,82.2200,79.6500,79.9800,280235,in
2022-12-05,79.9900,82.7200,76.7700,76.9300,346657,in
2022-12-06,77.3500,77.8800,73.4100,74.2500,380598,in
2022-12-07,74.5500,75.3800,71.7500,72.0100,392236,in
2022-12-08,72.3800,75.4400,71.1200,71.4600,474459,in
2022-12-09,71.8500,72.9200,70.0800,71.0200,356722,in
2022-12-12,71.7900,73.9900,70.2500,73.1700,323553,in
2022-12-13,73.2900,76.3700,73.2100,75.3900,352858,in
2022-12-14,75.2700,77.7500,74.9000,77.2800,292488,in
2022-12-15,77.3700,77.7700,75.3300,76.1100,224663,in
2022-12-16,76.3700,76.5700,73.3300,74.2900,99205,in
2022-12-19,74.5000,76.4100,73.8100,75.1900,69348,in
2022-12-20,75.7000,76.7500,74.3100,76.0900,254792,in
2022-12-21,75.9900,78.6100,75.8000,78.2900,234624,in
2022-12-22,78.4300,79.9000,77.0300,77.4900,219142,in
2022-12-23,78.1800,80.3300,77.9800,79.5600,237711,in
2022-12-27,79.9000,81.1800,79.1600,79.5300,199601,in
2022-12-28,79.8900,79.9200,77.3000,78.9600,207717,in
2022-12-29,78.8200,78.8200,76.7900,78.4000,199858,in
2022-12-30,78.7300,80.6700,77.7100,80.2600,205909,in
2023-01-03,80.5700,81.5000,76.6000,76.9300,338520,in
2023-01-04,77.2500,77.4200,72.7300,72.8400,352434,in
2023-01-05,73.2500,74.9200,72.4600,73.6700,300731,in
2023-01-06,73.9700,75.4700,73.2400,73.7700,258128,in
2023-01-09,73.4700,76.7400,73.4700,74.6300,329290,in
2023-01-10,74.8600,75.9200,73.8400,75.1200,307430,in
2023-01-11,74.7800,77.8400,74.3100,77.4100,350891,in
2023-01-12,77.7000,79.1600,77.1000,78.3900,307705,in
2023-01-13,78.3200,80.1100,77.9700,79.8600,283539,in
2023-01-17,80.1000,81.2300,78.5300,80.1800,312275,in
2023-01-18,80.9700,82.3800,78.9400,79.4800,92549,in
2023-01-19,79.1400,81.1800,78.1300,80.3300,58863,in
2023-01-20,80.6000,81.6400,79.6900,81.3100,300145,in
2023-01-23,81.7900,82.6400,81.0500,81.6200,297076,in
2023-01-24,81.6200,82.2200,79.6600,80.1300,288207,in
2023-01-25,80.2600,81.2300,79.4500,80.1500,297234,in
2023-01-26,80.4800,82.1400,79.9200,81.0100,291060,in
2023-01-27,81.2200,82.4800,79.0400,79.6800,367588,in
2023-01-30,80.0400,80.4900,77.6600,77.9000,327426,in
2023-01-31,77.9100,79.2500,76.5500,78.8700,312734,in
2023-02-01,79.0600,79.7300,76.0500,76.4100,360859,in
2023-02-02,76.7900,77.2400,74.9700,75.8800,339755,in
2023-02-03,75.9200,78.0000,73.1000,73.3900,413414,in
2023-02-06,73.2300,74.5100,72.2500,74.1100,380028,in
2023-02-07,74.5700,77.6000,74.3500,77.1400,408279,in
2023-02-08,77.4900,78.5700,77.0800,78.4700,353468,in
2023-02-09,78.4500,78.8400,76.5200,78.0600,324156,in
2023-02-10,77.6800,80.3300,77.4700,79.7200,356062,in
2023-02-13,79.9400,80.6200,78.4500,80.1400,301299,in
2023-02-14,79.0600,79.6100,77.4600,79.0600,299938,in
2023-02-15,78.8300,79.1500,77.2500,78.5900,264486,in
2023-02-16,78.5400,79.5400,77.9200,78.4900,117600,in
2023-02-17,78.0700,78.2500,75.0600,76.3400,93267,in
2023-02-21,76.5300,77.5100,75.6900,76.1600,402351,in
2023-02-22,76.1100,76.5500,73.8000,73.9500,332018,in
2023-02-23,73.9200,75.9900,73.8300,75.3900,333838,in
2023-02-24,75.6000,76.6300,74.0900,76.3200,329254,in
2023-02-27,76.4200,76.8200,74.9900,75.6800,266091,in
2023-02-28,75.7600,77.8300,75.5500,77.0500,300093,in
2023-03-01,76.8500,77.8500,76.1200,77.6900,342121,in
2023-03-02,77.7400,78.5900,77.2300,78.1600,260331,in
2023-03-03,77.8900,79.9000,75.8300,79.6800,374201,in
2023-03-06,79.9200,80.6300,78.3200,80.4600,292351,in
2023-03-07,80.5000,80.9400,77.0600,77.5800,398241,in
2023-03-08,77.3200,77.7300,76.1100,76.6600,335930,in
2023-03-09,76.5000,78.0600,75.4300,75.7200,349960,in
2023-03-10,75.6500,77.1100,74.7700,76.6800,371834,in
2023-03-13,76.6000,77.4700,72.3000,74.8000,457423,in
2023-03-14,74.7000,74.9000,70.7800,71.3300,432858,in
2023-03-15,71.5600,72.5600,65.6500,67.6100,555164,in
2023-03-16,68.2200,69.3800,65.7100,68.3500,327120,in
2023-03-17,68.2600,69.6400,65.1700,66.7400,152255,in
2023-03-20,66.6200,67.7000,64.1200,67.6400,76873,in
2023-03-21,67.6200,69.6000,66.7700,69.3300,409495,in
2023-03-22,69.4800,71.3100,68.8900,70.9000,337639,in
2023-03-23,69.9500,71.6700,69.1400,69.9600,335241,in
2023-03-24,69.5100,70.3800,66.8200,69.2600,380852,in
2023-03-27,69.4200,73.1000,69.1300,72.8100,353598,in
2023-03-28,72.8600,73.9300,72.1900,73.2000,328472,in
2023-03-29,73.6100,74.3700,72.7600,72.9700,312669,in
2023-03-30,72.9800,74.6300,72.6100,74.3700,269743,in
2023-03-31,74.3700,75.7200,73.7700,75.6700,304361,in
2023-04-03,80.1000,81.6900,79.0000,80.4200,547126,in
2023-04-04,80.4400,81.8100,79.6100,80.7100,343570,in
2023-04-05,81.0100,81.2400,79.7200,80.6100,254974,in
2023-04-06,80.3700,80.9600,79.6500,80.7000,0,in
2023-04-10,80.5000,81.2200,79.6100,79.7400,264906,in
2023-04-11,79.8800,81.5900,79.3700,81.5300,309683,in
2023-04-12,81.4400,83.5300,81.2800,83.2600,356133,in
2023-04-13,83.2200,83.4400,82.1100,82.1600,261230,in
2023-04-14,82.4000,83.1200,81.7600,82.5200,275129,in
2023-04-17,82.4800,82.7100,80.4700,80.8300,217048,in
2023-04-18,81.0000,81.4800,79.8700,80.8600,96290,in
2023-04-19,80.9200,81.1800,78.4600,79.1600,78310,in
2023-04-20,78.8700,78.8900,76.9700,77.2900,361413,in
2023-04-21,77.1300,78.3900,76.7200,77.8700,291114,in
2023-04-24,77.9700,79.1800,76.7200,78.7600,306720,in
2023-04-25,78.7400,79.0700,76.5000,77.0700,361646,in
2023-04-26,77.0800,77.9300,74.0500,74.3000,497778,in
2023-04-27,74.3800,75.2800,74.0300,74.7600,345880,in
2023-04-28,74.9100,76.9200,73.9300,76.7800,328399,in
2023-05-01,76.6600,76.6900,74.5300,75.6600,215017,in
2023-05-02,75.7600,76.1100,71.4200,71.6600,417820,in
2023-05-03,71.5600,71.7900,67.9500,68.6000,490523,in
2023-05-04,68.1600,69.8400,63.6400,68.5600,412495,in
2023-05-05,68.7000,71.8100,68.4800,71.3400,330585,in
2023-05-08,71.3500,73.6900,71.0400,73.1600,290076,in
2023-05-09,72.8400,73.7800,71.3400,73.7100,317493,in
2023-05-10,73.5800,73.8900,71.8000,72.5600,351506,in
2023-05-11,72.7700,73.5000,70.6300,70.8700,365892,in
2023-05-12,71.4200,71.7800,69.9300,70.0400,275435,in
2023-05-15,70.0400,71.6900,69.4100,71.1100,259013,in
2023-05-16,71.3200,71.7900,70.4500,70.8600,232328,in
2023-05-17,70.6000,73.2600,70.0400,72.8300,273708,in
2023-05-18,72.7500,72.8700,71.4200,71.8600,80864,in
2023-05-19,71.9400,73.4000,71.0300,71.5500,69949,in
2023-05-22,71.7000,72.3600,70.5500,71.9900,263977,in
2023-05-23,72.1000,73.7900,71.7100,72.9100,317586,in
2023-05-24,73.7700,74.7300,73.1300,74.3400,386611,in
2023-05-25,74.2100,74.3700,70.9800,71.8300,422637,in
2023-05-26,71.8900,73.0500,71.4900,72.6700,261498,in
2023-05-30,73.2300,73.5500,69.0200,69.4600,440862,in
2023-05-31,69.6200,69.6900,67.0300,68.0900,444787,in
2023-06-01,67.6000,71.0700,67.5100,70.1000,395393,in
2023-06-02,70.2100,72.1700,70.0000,71.7400,322596,in
2023-06-05,75.0300,75.0600,71.7300,72.1500,383943,in
2023-06-06,71.9900,72.3300,70.1300,71.7400,314962,in
2023-06-07,71.5600,73.1900,71.0100,72.5300,299127,in
2023-06-08,72.4700,73.2800,69.0300,71.2900,485396,in
2023-06-09,70.9400,71.7700,70.1000,70.1700,300724,in
2023-06-12,70.2700,70.3300,66.8000,67.1200,404769,in
2023-06-13,67.3100,69.8300,67.1500,69.4200,366354,in
2023-06-14,69.3500,70.4900,68.0700,68.2700,304449,in
2023-06-15,68.7000,70.9600,67.9700,70.6200,115613,in
2023-06-16,70.5500,71.8900,69.9500,71.7800,99185,in
2023-06-20,71.4500,72.0900,69.6500,70.5000,430492,in
2023-06-21,70.9000,72.7200,70.8000,72.5300,264656,in
2023-06-22,72.4300,72.6500,68.9300,69.5100,421348,in
2023-06-23,69.5300,69.6500,67.3500,69.1600,322475,in
2023-06-26,69.8400,70.1100,68.7100,69.3700,280116,in
2023-06-27,69.4900,70.1500,67.5000,67.7000,384752,in
2023-06-28,68.0100,69.7300,67.0500,69.5600,368295,in
2023-06-29,69.2500,70.6000,68.9300,69.8600,292865,in
2023-06-30,69.8200,71.0400,69.5300,70.6400,299873,in
2023-07-03,70.4500,71.7700,69.6900,69.7900,303479,in
2023-07-05,70.1500,72.1700,69.9000,71.7900,456809,in
2023-07-06,71.8000,72.3400,70.2200,71.8000,395381,in
2023-07-07,71.8900,73.9200,71.1900,73.8600,362632,in
2023-07-10,73.8600,74.1500,72.6700,72.9900,301014,in
2023-07-11,73.1900,74.9600,72.9800,74.8300,326883,in
2023-07-12,74.8300,76.1500,74.6700,75.7500,352887,in
2023-07-13,75.8500,77.3300,75.3200,76.8900,379728,in
2023-07-14,77.1600,77.3000,75.1100,75.4200,299576,in
2023-07-17,75.0200,76.0900,73.8400,74.1500,244785,in
2023-07-18,74.1800,75.9600,73.8800,75.7500,125092,in
2023-07-19,75.8400,76.9700,75.0700,75.3500,92920,in
2023-07-20,75.3500,76.1500,74.7200,75.6300,340962,in
2023-07-21,75.7000,77.2900,75.6900,77.0700,308106,in
2023-07-24,77.0100,79.2800,76.4400,78.7400,368285,in
2023-07-25,78.8500,79.9000,78.2900,79.6300,349600,in
2023-07-26,79.3400,79.7700,78.5500,78.7800,322031,in
2023-07-27,78.9000,80.6000,78.8700,80.0900,374358,in
2023-07-28,79.8400,80.7100,79.0700,80.5800,299547,in
2023-07-31,80.6500,82.0000,80.1300,81.8000,297270,in
2023-08-01,81.7300,82.2200,80.5900,81.3700,307859,in
2023-08-02,82.0500,82.4300,79.0500,79.4900,414825,in
2023-08-03,79.7700,81.8600,78.6900,81.5500,402641,in
2023-08-04,81.7300,83.2400,81.5100,82.8200,320873,in
2023-08-07,82.8200,83.3000,81.5200,81.9400,293036,in
2023-08-08,82.5300,83.0800,79.9000,82.9200,424545,in
2023-08-09,82.8800,84.6500,82.6700,84.4000,478140,in
2023-08-10,84.2500,84.8900,82.5800,82.8200,362188,in
2023-08-11,82.8300,83.8100,82.2300,83.1900,331254,in
2023-08-14,83.0900,83.2000,81.7600,82.5100,277352,in
2023-08-15,82.5200,82.9100,80.4000,80.9900,303207,in
2023-08-16,81.2300,81.4300,79.0500,79.3800,325403,in
2023-08-17,79.2500,81.0800,78.9500,80.3900,235581,in
2023-08-18,80.0400,81.6100,79.5900,81.2500,128090,in
2023-08-21,81.4300,82.4700,80.6100,80.7200,115874,in
2023-08-22,80.8000,80.9900,80.1000,80.3500,287489,in
2023-08-23,79.6400,79.9100,77.6200,78.8900,378146,in
2023-08-24,78.5700,79.2800,77.5900,79.0500,349230,in
2023-08-25,78.8800,80.4500,78.1400,79.8300,411409,in
2023-08-28,80.1500,80.8700,79.6100,80.1000,246584,in
2023-08-29,79.9800,81.4100,79.3400,81.1600,284168,in
2023-08-30,81.2900,82.0500,80.8800,81.6300,299418,in
2023-08-31,81.7000,83.6900,81.4800,83.6300,368848,in
2023-09-01,83.6300,86.0600,83.4600,85.5500,420461,in
2023-09-05,86.0600,88.0700,85.0200,86.6900,452908,in
2023-09-06,86.7200,88.0800,85.9300,87.5400,307115,in
2023-09-07,87.5400,87.7400,86.3900,86.8700,270736,in
2023-09-08,86.7800,87.9500,86.1500,87.5100,294437,in
2023-09-11,87.4000,88.1500,86.7100,87.2900,292388,in
2023-09-12,87.2700,89.3700,87.2200,88.8400,341137,in
2023-09-13,88.7500,89.6400,88.2900,88.5200,345972,in
2023-09-14,88.8100,90.7900,88.6800,90.1600,325270,in
2023-09-15,90.6700,91.2300,89.2200,90.7700,315003,in
2023-09-18,91.2000,92.4300,90.7500,91.4800,119258,in
2023-09-19,92.2200,93.7400,91.0700,91.2000,94597,in
2023-09-20,91.5500,91.9800,89.8700,90.2800,457854,in
2023-09-21,89.3000,90.9800,88.3700,89.6300,351032,in
2023-09-22,89.6200,91.3300,89.3100,90.0300,402087,in
2023-09-25,90.5500,90.8300,89.0300,89.6800,328369,in
2023-09-26,89.8800,90.7400,88.1900,90.3900,318016,in
2023-09-27,90.5300,94.1700,90.4000,93.6800,504630,in
2023-09-28,93.7800,95.0300,91.3900,91.7100,406709,in
2023-09-29,91.7600,93.1000,90.3500,90.7900,355782,in
2023-10-02,90.8200,91.8800,88.4600,88.8200,334493,in
2023-10-03,88.6700,90.2700,87.7600,89.2300,350659,in
2023-10-04,89.4200,89.5900,84.1600,84.2200,459995,in
2023-10-05,84.4500,84.9200,82.1500,82.3100,465997,in
2023-10-06,82.2800,83.2800,81.5000,82.7900,461139,in
2023-10-09,85.2500,87.2400,84.6700,86.3800,435037,in
2023-10-10,86.4300,86.7400,85.1200,85.9700,337654,in
2023-10-11,85.9600,86.5100,83.1100,83.4900,425395,in
2023-10-12,83.2000,85.2000,82.3100,82.9100,373492,in
2023-10-13,83.5100,87.8300,83.3500,87.6900,356863,in
2023-10-16,87.7200,88.3300,86.3200,86.6600,235780,in
2023-10-17,87.0600,87.7500,85.6000,86.6600,197124,in
2023-10-18,87.8100,89.8800,87.2000,88.3200,92797,in
2023-10-19,88.2400,90.6800,86.6000,89.3700,72058,in
2023-10-20,90.2800,90.7800,88.3300,88.7500,311917,in
2023-10-23,88.0000,88.2900,85.3500,85.4900,315517,in
2023-10-24,86.1500,86.3000,82.9400,83.7400,370591,in
2023-10-25,83.6900,85.5600,82.0800,85.3900,429459,in
2023-10-26,85.3700,85.5900,82.5600,83.2100,341792,in
2023-10-27,83.5300,85.9000,83.1000,85.5400,333760,in
2023-10-30,85.0000,85.3000,81.8200,82.3100,356928,in
2023-10-31,82.5900,83.3700,80.7400,81.0200,346007,in
2023-11-01,81.4800,83.4200,80.3000,80.4400,321592,in
2023-11-02,80.8200,82.8300,80.2200,82.4600,307122,in
2023-11-03,82.5800,83.6000,80.1000,80.5100,457281,in
2023-11-06,81.1300,82.2400,80.6600,80.8200,271131,in
2023-11-07,80.9300,81.0500,77.0900,77.3700,396289,in
2023-11-08,77.1200,77.5300,74.9100,75.3300,429647,in
2023-11-09,75.6500,77.1600,75.2100,75.7400,303430,in
2023-11-10,75.5900,77.7300,75.3100,77.1700,266998,in
2023-11-13,77.1500,78.6400,76.2100,78.2600,262903,in
2023-11-14,78.5300,79.7700,77.7900,78.2600,263002,in
2023-11-15,78.1700,78.7700,76.3100,76.6600,282301,in
2023-11-16,76.6000,76.6300,72.1600,72.9000,125165,in
2023-11-17,72.9700,75.9900,72.7500,75.8900,101484,in
2023-11-20,75.6500,78.2200,75.6500,77.6000,270638,in
2023-11-21,77.6500,77.9200,76.9200,77.7700,238629,in
2023-11-22,77.7700,77.9700,73.7900,77.1000,389325,in
2023-11-24,76.7900,77.0900,75.0700,75.5400,281147,in
2023-11-27,75.3100,76.2300,74.0600,74.8600,289562,in
2023-11-28,75.0700,77.0200,74.6400,76.4100,286618,in
2023-11-29,76.5600,78.0900,75.6700,77.8600,322170,in
2023-11-30,77.7500,79.6000,75.0500,75.9600,559169,in
2023-12-01,75.5900,76.7600,73.9300,74.0700,358976,in
2023-12-04,74.5800,75.0300,72.6300,73.0400,388832,in
2023-12-05,73.3000,74.1200,72.0200,72.3200,358703,in
2023-12-06,72.1000,72.6000,69.1100,69.3800,436803,in
2023-12-07,69.2800,70.4800,68.8000,69.3400,339000,in
2023-12-08,69.7600,71.6300,69.5000,71.2300,302250,in
2023-12-11,71.1500,71.8100,70.3500,71.3200,274414,in
2023-12-12,71.4300,71.9600,68.2200,68.6100,324530,in
2023-12-13,68.7300,69.8900,67.7100,69.4700,306996,in
2023-12-14,69.8500,72.4600,69.5400,71.5800,275688,in
2023-12-15,71.6100,72.2200,70.3000,71.4300,95513,in
2023-12-18,71.6800,74.2600,70.6400,72.4700,73941,in
2023-12-19,72.4800,74.0100,71.8500,73.4400,230042,in
2023-12-20,74.0600,75.3700,73.6000,74.2200,273364,in
2023-12-21,73.8100,74.5800,72.4400,73.8900,251982,in
2023-12-22,73.9100,74.9800,73.3900,73.5600,222600,in
2023-12-26,73.5600,76.1800,73.1300,75.5700,208715,in
2023-12-27,75.3200,75.6600,73.7700,74.1100,253323,in
2023-12-28,73.8000,74.4000,71.7200,71.7700,262748,in
2023-12-29,71.9900,72.6200,71.2500,71.6500,214486,in
2024-01-02,71.7100,73.6400,70.0600,70.3800,330992,out
2024-01-03,70.5000,73.2300,69.2800,72.7000,334861,out
2024-01-04,73.0400,74.0000,71.0600,72.1900,344467,out
2024-01-05,72.4000,74.2400,72.2100,73.8100,325525,out
2024-01-08,73.5100,73.9500,70.1300,70.7700,392249,out
2024-01-09,70.9100,72.9300,70.4700,72.2400,363445,out
2024-01-10,72.1700,73.5900,71.0100,71.3700,352772,out
2024-01-11,71.3300,73.8100,71.1700,72.0200,373645,out
2024-01-12,73.0100,75.2500,72.3600,72.6800,403636,out
2024-01-16,72.6300,73.5600,71.2300,72.4000,430437,out
2024-01-17,72.0000,72.9500,70.5000,72.5600,315679,out
2024-01-18,72.7800,74.3800,72.1800,74.0800,86646,out
2024-01-19,74.0800,74.9100,73.2000,73.4100,78234,out
2024-01-22,73.4100,75.7500,72.8900,75.1900,372284,out
2024-01-23,74.6800,75.2500,73.4100,74.3700,306060,out
2024-01-24,74.5700,75.8300,73.9400,75.0900,323726,out
2024-01-25,75.3000,77.5100,75.1600,77.3600,320177,out
2024-01-26,77.1500,78.2600,76.0600,78.0100,365456,out
2024-01-29,78.9000,79.2900,76.4100,76.7800,331925,out
2024-01-30,77.0200,78.1400,75.8500,77.8200,347242,out
2024-01-31,77.8400,78.1100,75.5200,75.8500,344493,out
2024-02-01,75.9600,76.9500,73.7000,73.8200,577936,out
2024-02-02,73.9100,74.5200,71.7900,72.2800,467768,out
2024-02-05,72.7500,73.2800,71.4100,72.7800,350843,out
2024-02-06,72.7600,73.8200,72.3800,73.3100,310955,out
2024-02-07,73.5000,74.2200,73.2300,73.8600,294955,out
2024-02-08,74.0800,76.5900,73.5600,76.2200,377906,out
2024-02-09,76.4200,77.2900,75.9300,76.8400,302612,out
2024-02-12,76.6000,77.0900,75.5400,76.9200,248476,out
2024-02-13,77.0300,78.4700,76.8700,77.8700,338174,out
2024-02-14,77.8100,78.7700,76.3800,76.6400,296131,out
2024-02-15,76.6000,78.4400,75.7800,78.0300,122432,out
2024-02-16,78.1100,79.3500,77.2200,79.1900,113713,out
2024-02-20,78.9800,79.8000,77.6700,78.1800,435235,out
2024-02-21,77.1500,78.0800,76.3200,77.9100,323243,out
2024-02-22,78.0900,78.9200,77.2300,78.6100,330511,out
2024-02-23,78.3700,78.3900,76.3500,76.4900,353437,out
2024-02-26,76.4000,78.0300,75.8400,77.5800,274710,out
2024-02-27,77.6200,79.0000,77.1700,78.8700,269236,out
2024-02-28,78.4800,79.6200,77.7800,78.5400,330043,out
2024-02-29,78.2000,79.2800,77.9400,78.2600,317939,out
2024-03-01,78.2800,80.8500,78.0500,79.9700,363417,out
2024-03-04,80.1400,80.4100,78.5600,78.7400,347214,out
2024-03-05,78.7400,79.4900,77.5200,78.1500,436521,out
2024-03-06,78.1500,80.6700,77.9900,79.1300,371049,out
2024-03-07,79.1300,79.5300,78.0200,78.9300,432923,out
2024-03-08,79.5100,79.9900,77.5600,78.0100,347533,out
2024-03-11,77.8000,78.4700,76.7900,77.9300,329873,out
2024-03-12,78.0900,78.7300,77.3400,77.5600,309922,out
2024-03-13,78.0600,79.9000,77.5700,79.7200,316390,out
2024-03-14,79.6300,81.6200,79.5700,81.2600,297450,out
2024-03-15,81.1400,81.4500,80.4900,81.0400,185078,out
2024-03-18,81.0300,83.0900,81.0100,82.7200,84718,out
2024-03-19,82.8500,83.8500,82.3900,83.4700,76814,out
2024-03-20,83.2000,83.2100,81.4400,81.6800,351161,out
2024-03-21,81.4900,81.9200,80.3000,81.0700,266860,out
2024-03-22,80.8400,81.4500,80.4200,80.6300,231101,out
2024-03-25,80.8500,82.4800,80.5900,81.9500,300360,out
2024-03-26,81.9400,82.3600,81.2200,81.6200,235845,out
2024-03-27,81.2900,81.7400,80.5500,81.3500,249964,out
2024-03-28,81.7100,83.2100,81.5200,83.1700,293774,out
2024-04-01,83.1400,84.4900,82.6000,83.7100,321059,out
2024-04-02,84.0400,85.5000,83.8500,85.1500,344040,out
2024-04-03,85.4600,86.2000,84.8500,85.4300,322549,out
2024-04-04,85.6600,87.2200,84.6400,86.5900,359534,out
2024-04-05,86.8600,87.6300,86.3200,86.9100,353206,out
2024-04-08,86.1000,87.1000,84.6900,86.4300,393734,out
2024-04-09,86.5900,86.9800,85.0900,85.2300,314994,out
2024-04-10,85.3400,86.3800,84.5500,86.2100,373939,out
2024-04-11,86.3200,86.6300,84.8400,85.0200,388128,out
2024-04-12,85.6000,87.6700,85.2400,85.6600,369958,out
2024-04-15,85.9300,86.1100,84.0500,85.4100,343894,out
2024-04-16,85.7000,86.1800,84.7500,85.3600,241343,out
2024-04-17,85.3600,85.5100,82.5500,82.6900,259540,out
2024-04-18,82.7900,83.4700,81.5600,82.7300,84468,out
2024-04-19,82.6200,86.2800,81.8000,83.1400,76901,out
2024-04-22,83.0500,83.3500,81.8500,82.8500,313914,out
2024-04-23,82.1300,83.4300,80.8800,83.3600,355814,out
2024-04-24,83.4000,83.7100,82.4400,82.8100,329077,out
2024-04-25,82.8300,83.8300,81.9900,83.5700,314116,out
2024-04-26,83.8100,84.4600,83.3500,83.8500,244090,out
2024-04-29,83.6900,83.9100,82.4000,82.6300,336984,out
2024-04-30,82.7600,83.3000,80.9500,81.9300,400680,out
2024-05-01,81.4800,81.5700,78.8300,79.0000,441978,out
2024-05-02,79.1500,79.9000,78.4100,78.9500,359652,out
2024-05-03,79.0700,79.6300,77.9600,78.1100,324438,out
2024-05-06,78.1600,79.0900,77.9100,78.4800,297369,out
2024-05-07,78.7200,79.1700,77.5500,78.3800,327593,out
2024-05-08,78.3400,79.2700,76.8900,78.9900,355449,out
2024-05-09,79.2300,79.8000,78.9100,79.2600,272712,out
2024-05-10,79.5900,79.9600,78.1400,78.2600,281169,out
2024-05-13,78.1800,79.4900,77.7800,79.1200,287701,out
2024-05-14,79.2300,79.3800,77.6800,78.0200,307410,out
2024-05-15,78.4400,78.9200,76.7000,78.6300,321267,out
2024-05-16,78.8400,79.8500,78.2000,79.2300,230277,out
2024-05-17,79.3800,80.1400,79.0000,80.0600,94152,out
2024-05-20,80.0100,80.6000,79.1700,79.8000,85072,out
2024-05-21,79.7000,79.7200,78.0800,79.2600,371672,out
2024-05-22,78.2100,78.4100,77.2500,77.5700,314145,out
2024-05-23,77.2900,78.6600,76.4300,76.8700,330273,out
2024-05-24,77.0400,78.0500,76.1500,77.7200,299075,out
2024-05-28,77.8100,80.2900,77.6900,79.8300,334074,out
2024-05-29,80.2600,80.6200,78.9900,79.2300,259594,out
2024-05-30,79.2800,79.4200,77.6300,77.9100,373779,out
2024-05-31,77.9100,78.6200,76.6700,76.9900,345120,out
2024-06-03,76.9700,77.5200,73.9800,74.2200,443271,out
2024-06-04,74.0200,74.1300,72.4800,73.2500,408721,out
2024-06-05,72.9000,74.3300,72.8200,74.0700,307701,out
2024-06-06,74.3000,75.7900,74.0600,75.5500,291082,out
2024-06-07,75.6700,76.2500,75.2100,75.5300,280253,out
2024-06-10,75.3500,78.2900,75.2300,77.7400,317031,out
2024-06-11,78.1200,78.3600,77.2200,77.9000,314874,out
2024-06-12,78.2200,79.3200,77.8800,78.5000,322285,out
2024-06-13,78.3700,78.8900,77.6700,78.6200,307638,out
2024-06-14,77.9600,79.1500,77.7300,78.4500,245827,out
2024-06-17,78.4800,80.6600,77.9800,80.3300,126733,out
2024-06-18,80.4300,81.6700,79.7700,81.5700,140709,out
2024-06-20,81.5200,82.4100,81.1300,82.1700,420499,out
2024-06-21,81.2700,81.7900,80.3500,80.7300,290500,out
2024-06-24,80.4500,81.7800,80.2300,81.6300,271745,out
2024-06-25,81.7000,81.9000,80.5500,80.8300,286038,out
2024-06-26,80.7200,81.6300,80.1800,80.9000,308410,out
2024-06-27,80.8600,82.0400,80.5100,81.7400,306342,out
2024-06-28,81.8600,82.7200,80.9700,81.5400,260252,out
2024-07-01,81.4500,83.6400,81.3800,83.3800,345780,out
2024-07-02,83.4300,84.3800,82.7200,82.8100,367787,out
2024-07-03,83.2000,83.9300,82.4600,83.8800,289685,out
2024-07-05,83.6000,84.5200,83.0200,83.1600,361357,out
2024-07-08,83.1500,83.3200,82.0800,82.3300,251774,out
2024-07-09,82.2200,82.4800,81.2500,81.4100,297325,out
2024-07-10,81.8100,82.6600,80.8100,82.1000,334380,out
2024-07-11,82.4000,83.1300,81.6300,82.6200,324170,out
2024-07-12,82.8600,83.7400,82.1000,82.2100,370062,out
2024-07-15,82.1600,82.5800,81.4700,81.9100,296520,out
2024-07-16,81.9200,81.9300,80.2200,80.7600,308186,out
2024-07-17,80.8500,83.1000,80.4500,82.8500,257437,out
2024-07-18,83.1100,83.8200,82.0400,82.8200,95704,out
2024-07-19,82.4700,82.8800,80.0700,80.1300,83795,out
2024-07-22,80.3900,80.6900,79.1700,79.7800,345235,out
2024-07-23,78.2700,78.7300,76.4000,76.9600,417941,out
2024-07-24,77.4500,78.1900,76.9800,77.5900,355971,out
2024-07-25,77.5000,78.4700,76.0400,78.2800,457288,out
2024-07-26,78.3500,78.6000,76.1900,77.1600,365121,out
2024-07-29,77.3000,77.6900,75.3500,75.8100,362635,out
2024-07-30,75.9100,75.9700,74.5900,74.7300,419478,out
2024-07-31,75.2400,78.6600,75.1800,77.9100,460315,out
2024-08-01,78.5900,78.8800,76.2400,76.3100,383014,out
2024-08-02,76.8700,77.2900,72.9700,73.5200,467786,out
2024-08-05,74.2100,74.4600,71.6700,72.9400,500151,out
2024-08-06,73.8600,74.5600,72.2000,73.2000,352250,out
2024-08-07,72.8400,75.8400,72.5800,75.2300,427995,out
2024-08-08,75.4700,76.5200,74.6000,76.1900,327301,out
2024-08-09,76.0200,77.0900,75.8500,76.8400,263007,out
2024-08-12,76.9900,80.1600,76.7000,80.0600,376747,out
2024-08-13,79.7400,80.1500,78.1600,78.3500,370763,out
2024-08-14,78.7300,79.1000,76.8300,76.9800,357636,out
2024-08-15,77.5200,78.6000,76.9300,78.1600,195122,out
2024-08-16,78.1600,78.1600,75.5400,76.6500,100810,out
2024-08-19,76.5800,76.8700,74.1700,74.3700,118172,out
2024-08-20,74.3400,75.0300,73.5000,74.0400,329276,out
2024-08-21,73.1200,74.1600,71.4600,71.9300,390527,out
2024-08-22,71.9300,73.5200,71.5800,73.0100,334117,out
2024-08-23,72.9600,75.0700,72.8300,74.8300,313764,out
2024-08-26,75.1000,77.6000,75.0400,77.4200,409675,out
2024-08-27,77.2000,77.4800,75.4000,75.5300,331162,out
2024-08-28,75.7500,75.9500,73.8200,74.5200,337361,out
2024-08-29,74.4200,76.9100,74.0500,75.9100,408147,out
2024-08-30,75.8700,76.5900,73.3600,73.5500,427273,out
2024-09-03,73.5300,74.4100,70.1000,70.3400,546617,out
2024-09-04,70.2800,71.4600,68.8200,69.2000,482025,out
2024-09-05,69.2700,70.8200,68.7500,69.1500,405596,out
2024-09-06,69.3300,70.1300,67.1700,67.6700,351074,out
2024-09-09,68.1300,68.9600,67.3100,68.7100,351074,out
2024-09-10,68.7800,69.0800,65.2700,65.7500,442855,out
2024-09-11,66.2800,67.9700,65.6300,67.3100,393311,out
2024-09-12,67.3900,69.8100,67.2400,68.9700,351976,out
2024-09-13,69.3100,70.3200,68.4700,68.6500,308983,out
2024-09-16,69.1600,70.7000,68.6500,70.0900,295176,out
2024-09-17,70.5000,71.9200,69.6100,71.1900,251629,out
2024-09-18,71.1400,71.4800,69.7300,70.9100,102907,out
2024-09-19,70.1300,72.4900,70.1300,71.9500,86630,out
2024-09-20,72.1000,72.4000,71.3600,71.9200,306997,out
2024-09-23,71.3100,71.8100,69.4900,70.3700,338267,out
2024-09-24,70.7600,72.4000,70.4400,71.5600,318516,out
2024-09-25,71.5400,71.7200,69.2300,69.6900,476237,out
2024-09-26,69.8900,70.0100,66.9500,67.6700,478069,out
2024-09-27,67.4500,68.6500,67.0600,68.1800,341133,out
2024-09-30,68.6300,69.3200,67.5700,68.1700,350115,out
2024-10-01,68.4100,71.9400,66.3300,69.8300,668216,out
2024-10-02,70.8000,72.4900,69.8700,70.1000,429225,out
2024-10-03,70.9800,74.0900,70.5200,73.7100,460554,out
2024-10-04,73.9500,75.5700,73.4600,74.3800,428815,out
2024-10-07,74.4000,77.4000,73.6200,77.1400,419018,out
2024-10-08,77.3300,78.4600,72.6900,73.5700,496760,out
2024-10-09,73.8400,74.4500,71.5300,73.2400,401159,out
2024-10-10,73.3900,76.2400,73.2600,75.8500,321453,out
2024-10-11,75.7400,76.0400,74.5300,75.5600,315302,out
2024-10-14,75.0500,75.0800,71.8100,73.8300,273455,out
2024-10-15,71.5100,72.1200,69.7100,70.5800,328738,out
2024-10-16,70.9900,71.3100,69.6400,70.3900,222437,out
2024-10-17,70.6800,71.1100,69.4400,70.6700,188161,out
2024-10-18,70.7500,71.2300,68.6900,69.2200,95768,out
2024-10-21,69.4600,71.0300,69.0000,70.5600,92584,out
2024-10-22,70.4900,72.6600,70.0500,72.0900,330456,out
2024-10-23,71.3500,71.7200,70.1300,70.7700,293835,out
2024-10-24,71.0200,72.3400,69.7700,70.1900,286571,out
2024-10-25,70.3300,71.9200,69.9600,71.7800,287189,out
2024-10-28,68.9800,69.0000,66.9200,67.3800,419623,out
2024-10-29,68.0200,68.5200,66.7200,67.2100,291929,out
2024-10-30,67.4700,69.1700,67.2800,68.6100,284795,out
2024-10-31,69.1000,70.8100,68.3000,69.2600,311055,out
2024-11-01,70.4400,71.4500,69.3200,69.4900,320572,out
2024-11-04,70.2900,71.8100,70.2500,71.4700,286947,out
2024-11-05,71.6200,72.6700,71.2900,71.9900,247311,out
2024-11-06,72.0200,72.6300,69.7400,71.6900,388265,out
2024-11-07,71.8700,72.8800,70.6600,72.3600,353595,out
2024-11-08,72.2100,72.2500,69.9900,70.3800,362038,out
2024-11-11,70.2500,70.5600,67.9200,68.0400,364506,out
2024-11-12,68.1500,69.1300,67.7500,68.1200,286926,out
2024-11-13,67.9800,68.8600,66.9400,68.4300,386027,out
2024-11-14,68.1300,69.3900,67.9200,68.7000,232270,out
2024-11-15,68.6200,68.6900,66.8200,67.0200,205235,out
2024-11-18,66.8600,69.3900,66.6100,69.1600,110375,out
2024-11-19,69.0100,69.6900,68.4500,69.3900,89360,out
2024-11-20,69.5500,70.1500,68.7500,68.8700,235637,out
2024-11-21,69.0400,70.3800,68.8600,70.1000,283850,out
2024-11-22,70.1800,71.5100,69.2900,71.2400,408207,out
2024-11-25,71.4400,71.4800,68.7400,68.9400,380922,out
2024-11-26,69.0800,70.3000,68.0500,68.7700,292138,out
2024-11-27,68.9100,69.3700,68.1800,68.7200,227215,out
2024-11-29,68.7700,69.6900,67.8700,68.0000,291408,out
2024-12-02,68.0000,69.1100,67.7100,68.1000,264883,out
2024-12-03,68.1600,70.2300,67.9100,69.9400,303752,out
2024-12-04,70.0200,70.5100,68.4900,68.5400,325636,out
2024-12-05,68.7400,69.1600,67.9800,68.3000,286701,out
2024-12-06,68.4400,68.4900,66.9800,67.2000,341593,out
2024-12-09,67.1500,68.8800,67.0800,68.3700,297085,out
2024-12-10,68.1900,69.0600,67.7200,68.5900,286003,out
2024-12-11,68.5000,70.5300,68.4400,70.2900,335892,out
2024-12-12,70.4300,70.7200,69.1400,70.0200,326046,out
2024-12-13,70.0600,71.4200,69.8700,71.2900,230429,out
2024-12-16,71.4400,71.4400,70.3700,70.7100,204296,out
2024-12-17,70.6100,70.9200,69.1800,70.0800,99604,out
2024-12-18,70.2200,71.3800,69.9900,70.5800,99386,out
2024-12-19,70.1400,71.2600,69.7000,69.9100,291660,out
2024-12-20,69.2300,69.8500,68.4200,69.4600,231592,out
2024-12-23,69.4000,69.9400,68.5900,69.2400,188843,out
2024-12-24,69.5600,70.4300,69.3600,70.1000,122602,out
2024-12-26,70.2000,70.7500,69.3300,69.6200,144877,out
2024-12-27,69.6800,70.7500,69.4400,70.6000,172641,out
2024-12-30,70.4200,71.5600,70.1200,70.9900,199296,out
2024-12-31,71.1500,72.0200,70.8700,71.7200,151155,out
2025-01-02,71.8500,73.7300,71.7900,73.1300,306498,out
2025-01-03,73.1300,74.3500,72.7000,73.9600,296040,out
2025-01-06,74.0500,74.9900,73.2000,73.5600,306042,out
2025-01-07,73.4400,74.5300,73.1100,74.2500,277328,out
2025-01-08,74.5200,75.2900,73.1600,73.3200,328617,out
2025-01-09,73.3200,74.3200,72.8400,73.9200,213421,out
2025-01-10,74.2900,77.8600,74.0200,76.5700,478432,out
2025-01-13,76.5400,79.2700,76.5400,78.8200,460942,out
2025-01-14,78.8200,79.0900,77.4100,77.5000,326729,out
2025-01-15,78.0300,80.7700,77.2400,80.0400,321422,out
2025-01-16,80.4000,80.5900,77.8700,78.6800,159948,out
2025-01-17,78.7500,79.4400,77.7600,77.8800,112409,out
2025-01-21,78.1900,78.4700,75.4900,75.8900,568807,out
2025-01-22,75.8800,76.4500,75.2800,75.4400,315333,out
2025-01-23,75.3900,76.0000,74.1400,74.6200,350688,out
2025-01-24,74.3000,75.2100,74.0100,74.6600,319679,out
2025-01-27,74.5400,75.1500,72.3800,73.1700,334418,out
2025-01-28,73.1500,74.3100,72.9300,73.7700,326075,out
2025-01-29,73.9500,74.0800,72.3300,72.6200,312733,out
2025-01-30,73.0000,73.8400,72.0200,72.7300,336475,out
2025-01-31,73.2000,73.8400,71.9400,72.5300,376335,out
2025-02-03,74.1400,75.1800,72.0500,73.1600,517853,out
2025-02-04,72.3500,73.3500,70.6700,72.7000,452961,out
2025-02-05,72.7600,72.9700,70.9600,71.0300,289902,out
2025-02-06,71.1800,71.8500,70.4300,70.6100,299037,out
2025-02-07,70.5600,71.4100,70.4700,71.0000,273766,out
2025-02-10,71.0000,72.5400,70.8400,72.3200,255941,out
2025-02-11,72.4900,73.6800,72.3100,73.3200,266819,out
2025-02-12,73.2000,73.2200,71.1700,71.3700,318123,out
2025-02-13,71.2400,71.6000,70.2200,71.2900,278197,out
2025-02-14,71.5200,72.0200,70.5200,70.7400,207719,out
2025-02-18,70.7000,72.0700,70.1200,71.8500,130937,out
2025-02-19,71.7800,73.0400,71.7100,72.2500,69012,out
2025-02-20,72.1800,73.2500,71.8500,72.5700,240060,out
2025-02-21,72.5800,72.7700,70.1700,70.4000,268470,out
2025-02-24,69.8000,70.9400,69.8000,70.7000,205468,out
2025-02-25,70.9200,71.2600,68.6800,68.9300,267310,out
2025-02-26,69.1100,69.2800,68.3600,68.6200,255601,out
2025-02-27,68.8200,70.5400,68.6100,70.3500,265933,out
2025-02-28,70.1700,70.2900,69.1400,69.7600,250074,out
2025-03-03,69.9500,70.6000,67.8900,68.3700,332751,out
2025-03-04,68.4600,68.5600,66.7700,68.2600,386750,out
2025-03-05,68.0800,68.1000,65.2200,66.3100,382493,out
2025-03-06,66.3900,67.0900,65.5900,66.3600,341632,out
2025-03-07,66.3400,68.2200,66.1200,67.0400,329710,out
2025-03-10,67.1100,67.6000,65.8000,66.0300,249633,out
2025-03-11,65.9500,67.1700,65.2900,66.2500,222511,out
2025-03-12,66.6200,67.8800,66.1500,67.6800,246675,out
2025-03-13,67.6900,67.9400,66.3700,66.5500,268590,out
2025-03-14,66.7800,67.4800,66.5900,67.1800,180495,out
2025-03-17,67.3500,68.3700,67.2500,67.5800,161298,out
2025-03-18,67.4000,68.7200,66.5600,66.9000,110338,out
2025-03-19,66.7200,67.6300,66.2100,67.1600,73077,out
2025-03-20,67.2900,68.4700,66.8800,68.2600,283376,out
2025-03-21,68.3500,68.6500,67.6500,68.2800,198964,out
2025-03-24,68.3500,69.3300,67.9500,69.1100,247024,out
2025-03-25,69.1600,69.6800,68.5200,69.0000,258411,out
2025-03-26,69.1600,70.2200,69.0600,69.6500,262413,out
2025-03-27,69.9600,69.9700,69.1200,69.9200,211825,out
2025-03-28,69.9100,70.0900,68.8700,69.3600,246650,out
2025-03-31,69.4300,71.8300,68.8100,71.4800,313087,out
2025-04-01,71.3900,72.1000,71.0300,71.2000,272832,out
2025-04-02,71.2000,72.2800,70.5900,71.7100,286501,out
2025-04-03,70.3800,70.4100,65.9800,66.9500,459238,out
2025-04-04,66.6400,66.9000,60.4500,61.9900,559638,out
2025-04-07,61.1200,63.9000,58.9500,60.7000,597617,out
2025-04-08,61.0300,61.7500,57.8800,59.5800,557655,out
2025-04-09,58.3200,62.9300,55.1200,62.3500,592250,out
2025-04-10,62.7100,63.3400,58.7600,60.0700,391826,out
2025-04-11,60.2000,61.8700,59.4300,61.5000,306231,out
2025-04-14,61.7000,62.6800,60.5900,61.5300,238068,out
2025-04-15,61.5800,62.0600,60.8800,61.3300,197404,out
2025-04-16,61.5400,62.9800,60.4400,62.4700,213194,out
2025-04-17,62.6300,64.8600,62.6100,64.6800,111479,out
2025-04-21,64.3000,64.4200,62.4500,63.0800,82671,out
2025-04-22,63.4300,65.0900,63.4300,64.3100,297928,out
2025-04-23,64.0000,64.8700,61.5300,62.2700,397841,out
2025-04-24,62.3400,63.3100,61.9900,62.7900,264908,out
2025-04-25,62.8600,63.4100,61.8000,63.0200,283758,out
2025-04-28,63.4900,63.9200,61.4800,62.0500,276116,out
2025-04-29,61.8700,62.0700,60.1200,60.4200,312373,out
2025-04-30,60.1600,60.4300,57.9100,58.2100,419549,out
2025-05-01,58.1600,59.5000,56.3900,59.2400,364216,out
2025-05-02,58.9900,59.8700,57.7400,58.2900,322096,out
2025-05-05,56.7600,57.7000,55.3000,57.1300,308387,out
2025-05-06,57.2500,59.8400,57.0300,59.0900,343893,out
2025-05-07,58.9800,60.2600,57.8100,58.0700,295238,out
2025-05-08,57.9300,60.2900,57.7400,59.9100,281000,out
2025-05-09,60.2500,61.4500,59.8900,61.0200,239640,out
2025-05-12,61.3900,63.6100,61.0200,61.9500,325865,out
2025-05-13,62.0000,63.9000,61.6500,63.6700,258795,out
2025-05-14,63.6200,63.6800,62.7500,63.1500,225626,out
2025-05-15,62.8800,62.9100,60.4700,61.6200,258404,out
2025-05-16,61.7000,62.7100,61.2500,62.4900,121556,out
2025-05-19,62.7500,63.4000,61.5700,62.6900,95570,out
2025-05-20,62.6800,63.1700,62.1900,62.5600,250414,out
2025-05-21,62.2700,64.1900,61.2800,61.5700,302702,out
2025-05-22,61.3300,61.7500,60.2500,61.2000,258549,out
2025-05-23,60.8100,61.8800,60.0200,61.5300,273392,out
2025-05-27,61.7000,62.1400,60.2600,60.8900,291317,out
2025-05-28,61.0400,62.5400,60.8500,61.8400,260374,out
2025-05-29,61.8300,63.0700,60.5500,60.9400,299859,out
2025-05-30,60.9400,61.7200,59.7400,60.7900,384927,out
2025-06-02,61.1100,63.8800,61.0600,62.5200,403580,out
2025-06-03,63.0200,63.8900,62.4000,63.4100,291260,out
2025-06-04,63.3600,63.9600,62.1700,62.8500,321128,out
2025-06-05,62.7600,63.9800,62.5000,63.3700,232423,out
2025-06-06,63.3300,64.8000,62.8200,64.5800,310133,out
2025-06-09,64.8000,65.4300,64.2000,65.2900,235900,out
2025-06-10,65.4600,66.2800,64.5700,64.9800,279021,out
2025-06-11,64.7600,68.3700,64.6000,68.1500,378473,out
2025-06-12,69.0300,69.2900,66.7200,68.0400,379394,out
2025-06-13,68.9000,77.6200,68.4900,72.9800,715652,out
2025-06-16,76.5400,77.4900,69.3800,71.7700,367312,out
2025-06-17,71.1100,75.5400,71.0000,74.8400,154264,out
2025-06-18,75.6100,76.0700,72.9400,75.1400,0,out
2025-06-20,74.6000,77.5800,74.3000,74.9300,678377,out
2025-06-23,78.0000,78.4000,66.6000,68.5100,728868,out
2025-06-24,67.7400,67.8300,64.0000,64.3700,541475,out
2025-06-25,65.1200,66.0300,64.5100,64.9200,278504,out
2025-06-26,64.9800,66.4200,64.6600,65.2400,233771,out
2025-06-27,65.3000,66.0900,64.8000,65.5200,236284,out
2025-06-30,65.1500,65.8200,64.5000,65.1100,193289,out
2025-07-01,64.9600,65.9800,64.6700,65.4500,193162,out
2025-07-02,65.5600,67.5800,65.2300,67.4500,265200,out
2025-07-03,67.5000,67.5800,66.5300,67.0000,0,out
2025-07-04,67.1300,67.1800,66.0400,66.5000,0,out
2025-07-07,65.7000,68.3200,65.4000,67.9300,332949,out
2025-07-08,67.9600,68.9100,67.3300,68.3300,219882,out
2025-07-09,68.1800,68.9400,67.7000,68.3800,223945,out
2025-07-10,68.2900,68.6500,66.4500,66.5700,258654,out
2025-07-11,66.8500,68.7700,66.5000,68.4500,226297,out
2025-07-14,68.6800,69.6500,66.8000,66.9800,263877,out
2025-07-15,66.8600,67.1300,66.2200,66.5200,252724,out
2025-07-16,66.7300,67.0100,65.4200,66.3800,248346,out
2025-07-17,66.6000,67.6900,66.2900,67.5400,188802,out
2025-07-18,67.6000,68.9600,67.2000,67.3400,107628,out
2025-07-21,67.3200,67.7600,66.4600,67.2000,81194,out
2025-07-22,67.1200,67.1300,65.9900,66.2100,269991,out
2025-07-23,65.4900,65.7800,64.7100,65.2500,251825,out
2025-07-24,65.4200,66.3900,65.3300,66.0300,281209,out
2025-07-25,66.1500,66.7400,65.0000,65.1600,234283,out
2025-07-28,65.1500,67.1400,65.0500,66.7100,262038,out
2025-07-29,67.0400,69.7600,66.5300,69.2100,329112,out
2025-07-30,69.3400,70.5100,68.4500,70.0000,345336,out
2025-07-31,70.3000,70.4100,68.5600,69.2600,247031,out
2025-08-01,69.3500,69.5800,67.0500,67.3300,355819,out
2025-08-04,66.8500,67.7400,65.4600,66.2900,277375,out
2025-08-05,66.2100,66.3900,65.0300,65.1600,279030,out
2025-08-06,65.1500,66.7500,63.6400,64.3500,353827,out
2025-08-07,64.3600,65.1100,63.7000,63.8800,300518,out
2025-08-08,63.8500,64.5800,62.7700,63.8800,322939,out
2025-08-11,63.4800,64.4400,63.0200,63.9600,234807,out
2025-08-12,64.0000,64.3400,63.0600,63.1700,304441,out
2025-08-13,63.0700,63.3800,61.9400,62.6500,298939,out
2025-08-14,62.7900,64.1000,62.5800,63.9600,251652,out
2025-08-15,63.9100,64.1500,62.6800,62.8000,197390,out
2025-08-18,63.0000,63.7900,62.1800,63.4200,95113,out
2025-08-19,63.2700,63.3900,62.2500,62.3500,99484,out
2025-08-20,62.6000,63.5500,62.3900,63.2100,280663,out
2025-08-21,62.8500,63.6700,62.5200,63.5200,250166,out
2025-08-22,63.5000,63.9300,63.3100,63.6600,223169,out
2025-08-25,63.8800,65.1000,63.5300,64.8000,185270,out
2025-08-26,64.7500,64.7600,63.1300,63.2500,199101,out
2025-08-27,63.3100,64.2300,62.9500,64.1500,193476,out
2025-08-28,63.8700,64.7000,63.3500,64.6000,208931,out
2025-08-29,64.2600,64.5500,63.8800,64.0100,0,out
2025-09-02,63.9500,66.0300,63.6600,65.5900,320218,out
2025-09-03,65.6200,65.7200,63.7200,63.9700,298737,out
2025-09-04,63.8200,63.8400,62.7200,63.4800,251689,out
2025-09-05,63.3300,63.4900,61.4500,61.8700,294540,out
2025-09-08,62.0000,63.3400,61.8500,62.2600,237288,out
2025-09-09,62.4300,63.6700,62.3700,62.6300,268529,out
2025-09-10,62.7400,64.0800,62.7200,63.6700,260684,out
2025-09-11,63.8000,63.8000,62.2100,62.3700,222661,out
2025-09-12,62.2700,63.9800,61.6900,62.6900,313265,out
2025-09-15,62.9700,63.6700,62.5200,63.3000,205560,out
2025-09-16,63.3100,64.7600,62.8900,64.5200,234250,out
2025-09-17,64.5900,64.6700,63.6900,64.0500,165427,out
2025-09-18,63.9900,64.5500,63.3300,63.5700,82321,out
2025-09-19,63.5900,63.6500,62.6000,62.6800,87165,out
2025-09-22,62.7400,63.1800,61.9800,62.6400,223779,out
2025-09-23,62.3300,63.8900,61.8500,63.4100,265948,out
2025-09-24,63.6400,65.0500,63.2500,64.9900,282721,out
2025-09-25,64.8000,65.3400,64.0600,64.9800,258353,out
2025-09-26,65.2000,66.4200,64.6600,65.7200,284990,out
2025-09-29,65.0700,65.4000,62.9800,63.4500,294292,out
2025-09-30,63.1400,63.2600,62.0300,62.3700,271649,out
2025-10-01,62.4600,62.8900,61.4000,61.7800,274339,out
2025-10-02,61.7800,62.5400,60.4000,60.4800,290507,out
2025-10-03,60.7000,61.3800,60.5500,60.8800,240044,out
2025-10-06,61.1400,62.1200,61.0400,61.6900,224682,out
2025-10-07,61.7300,62.1100,60.7200,61.7300,245121,out
2025-10-08,62.0500,62.9200,62.0500,62.5500,273318,out
2025-10-09,62.3100,62.8700,61.2500,61.5100,259171,out
2025-10-10,61.4900,61.6700,58.2200,58.9000,339103,out
2025-10-13,59.0000,60.1700,59.0000,59.4900,339103,out
2025-10-14,59.5800,59.8200,57.6800,58.7000,259200,out
2025-10-15,58.6000,59.4200,58.2000,58.2700,224919,out
2025-10-16,58.7700,59.1100,57.2600,57.4600,203866,out
2025-10-17,57.5000,57.7200,56.6000,57.5400,108748,out
2025-10-20,57.7300,57.8100,56.3500,57.5200,108146,out
2025-10-21,57.3700,58.2800,56.9900,57.8200,314207,out
2025-10-22,57.5900,59.8300,57.3400,58.5000,378637,out
2025-10-23,59.9400,62.2000,59.6400,61.7900,735186,out
2025-10-24,61.7900,62.5900,61.2100,61.5000,373744,out
2025-10-27,61.8200,62.1700,60.6700,61.3100,272191,out
2025-10-28,61.5000,61.5000,59.7600,60.1500,307568,out
2025-10-29,60.1800,61.0200,59.7000,60.4800,276875,out
2025-10-30,60.3900,60.7900,59.6400,60.5700,247917,out
2025-10-31,60.3000,61.3800,59.9900,60.9800,278598,out
2025-11-03,61.4000,61.5000,60.5100,61.0500,0,out
2025-11-04,61.0300,61.0300,59.9400,60.5600,219300,out
2025-11-05,60.4300,61.0900,59.5200,59.6000,292518,out
2025-11-06,59.6800,60.5100,58.8300,59.4300,277768,out
2025-11-07,59.6500,60.4600,59.3200,59.7500,259446,out
2025-11-10,59.8700,60.4800,59.4100,60.1300,222879,out
2025-11-11,60.0700,61.2800,59.6600,61.0400,264427,out
2025-11-12,61.0500,61.0600,58.3000,58.4900,329517,out
2025-11-13,58.4700,59.2100,58.1200,58.6900,247349,out
2025-11-14,58.7100,60.6500,58.7100,60.0900,334116,out
2025-11-17,59.8000,60.4400,59.3200,59.9100,189638,out
2025-11-18,59.7400,60.9300,59.3100,60.7400,105325,out
2025-11-19,60.6200,60.7900,58.7700,59.4400,79622,out
2025-11-20,59.6300,60.3300,58.8600,59.1400,324282,out
2025-11-21,58.8000,58.8000,57.3800,58.0600,345014,out
2025-11-24,58.0500,59.0600,57.4200,58.8400,238138,out
2025-11-25,58.8900,58.9600,57.1000,57.9500,334442,out
2025-11-26,58.0500,58.7200,57.6600,58.6500,228285,out
2025-11-28,58.5800,59.6400,58.2700,58.5500,153758,out
2025-12-01,58.9600,59.9700,58.8300,59.3200,232770,out
2025-12-02,59.5200,59.6700,58.2800,58.6400,255513,out
2025-12-03,58.6500,59.6400,58.3700,58.9500,260974,out
2025-12-04,59.0900,60.0200,58.8100,59.6700,264993,out
2025-12-05,59.7000,60.5000,59.4200,60.0800,255075,out
2025-12-08,60.1500,60.3000,58.6800,58.8800,263009,out
2025-12-09,58.8700,59.1700,58.1200,58.2500,260206,out
2025-12-10,58.3700,59.0500,57.6600,58.4600,256508,out
2025-12-11,58.9100,58.9400,57.0100,57.6000,286808,out
2025-12-12,57.8900,58.1900,57.1500,57.4400,212806,out
2025-12-15,57.5000,57.8000,56.4000,56.8200,229310,out
2025-12-16,56.6800,56.7000,54.9800,55.2700,230933,out
2025-12-17,55.2300,56.9800,55.2000,55.9400,125608,out
2025-12-18,56.9000,57.0300,55.8800,56.1500,85735,out
2025-12-19,56.0300,56.9000,55.8200,56.6600,209264,out
2025-12-22,56.6300,58.1300,56.6000,58.0100,221576,out
2025-12-23,57.9500,58.5600,57.7400,58.3800,183633,out
2025-12-24,58.4700,58.7500,58.1300,58.3500,111762,out
2025-12-26,58.3500,58.8800,56.6500,56.7400,166669,out
2025-12-29,57.0400,58.3000,56.9100,58.0800,178590,out
2025-12-30,57.8100,58.4700,57.6000,57.9500,143802,out
2025-12-31,57.9500,58.5500,57.2000,57.4200,157160,out
2026-01-02,57.4100,57.9300,56.6000,57.3200,189503,out
2026-01-05,57.4700,58.5100,56.3100,58.3200,301483,out
2026-01-06,58.3400,58.8700,56.8400,57.1300,292067,out
2026-01-07,57.0000,57.1700,55.7600,55.9900,383128,out
2026-01-08,56.4200,58.7400,55.9700,57.7600,334134,out
2026-01-09,58.4000,59.7700,57.6100,59.1200,360309,out
2026-01-12,59.0000,59.9100,58.4500,59.5000,309700,out
2026-01-13,59.9500,61.5000,59.4700,61.1500,411190,out
2026-01-14,61.1200,62.3600,59.1900,62.0200,410261,out
2026-01-15,61.0600,61.1400,58.8800,59.1900,113642,out
2026-01-16,59.2600,60.1800,58.9400,59.4400,113794,out
2026-01-20,59.0100,60.6800,58.7000,60.3400,499595,out
2026-01-21,59.5700,60.8900,59.2200,60.6200,333062,out
2026-01-22,60.6800,60.8200,58.9600,59.3600,324349,out
2026-01-23,59.6600,61.3600,59.5200,61.0700,283419,out
2026-01-26,61.2200,61.7100,60.3200,60.6300,281062,out
2026-01-27,60.7800,62.6300,60.1400,62.3900,360208,out
2026-01-28,62.5800,63.5700,62.0700,63.2100,354864,out
2026-01-29,63.5000,66.4800,63.2800,65.4200,560007,out
2026-01-30,65.5200,66.1100,63.6400,65.2100,449325,out
2026-02-02,64.7200,64.7400,61.3900,62.1400,414083,out
2026-02-03,62.2800,64.2100,61.1200,63.2100,381144,out
2026-02-04,63.8000,65.5300,62.8600,65.1400,446588,out
2026-02-05,64.4900,64.6700,62.6500,63.2900,389763,out
2026-02-06,63.1000,64.5800,62.2000,63.5500,448924,out
2026-02-09,62.9900,64.8800,62.6200,64.3600,298005,out
2026-02-10,64.4400,64.7100,63.6500,63.9600,276292,out
2026-02-11,64.2000,65.8300,64.1500,64.6300,340194,out
2026-02-12,64.8700,65.1000,62.3900,62.8400,369303,out
2026-02-13,62.9900,63.2600,62.1400,62.8900,255793,out
2026-02-17,63.3000,64.1400,61.8700,62.3300,328727,out
2026-02-18,62.3000,65.5600,62.1200,65.1900,115379,out
2026-02-19,65.1000,66.9000,64.8800,66.4300,113408,out
2026-02-20,66.6700,67.0500,65.9400,66.3900,351351,out
2026-02-23,65.8900,67.2800,65.3800,66.3100,270365,out
2026-02-24,66.3100,67.1500,65.5500,65.6300,312124,out
2026-02-25,66.0700,66.6000,65.1200,65.4200,306780,out
2026-02-26,65.6500,66.7100,63.6000,65.2100,498542,out
2026-02-27,65.3500,67.8300,64.8500,67.0200,437053,out
2026-03-02,75.0000,75.3300,69.2000,71.2300,881329,out
2026-03-03,71.2300,77.9800,70.4100,74.5600,1009753,out
2026-03-04,74.7400,77.2300,73.2800,74.6600,617822,out
2026-03-05,76.1500,82.1600,74.9700,81.0100,707030,out
2026-03-06,79.0800,92.6100,78.2400,90.9000,996251,out
2026-03-09,98.0000,119.4800,81.1900,94.7700,1107193,out
2026-03-10,85.7500,91.4800,76.7300,83.4500,801564,out
2026-03-11,86.8900,88.9900,81.7900,87.2500,538020,out
2026-03-12,89.3200,97.1900,88.6100,95.7300,548999,out
2026-03-13,96.7400,99.3200,92.0400,98.7100,436700,out
2026-03-16,100.9300,102.4400,92.9300,93.5000,455454,out
2026-03-17,94.4100,98.4200,93.8300,96.2100,308425,out
2026-03-18,96.0000,100.5500,91.9600,96.3200,157222,out
2026-03-19,99.1300,101.4800,92.8000,96.1400,118719,out
2026-03-20,95.0000,99.6700,93.4200,98.3200,461845,out
2026-03-23,100.5100,101.6700,84.3700,88.1300,666790,out
2026-03-24,88.7800,93.3600,86.3400,92.3500,420067,out
2026-03-25,88.4900,91.7300,86.4600,90.3200,405170,out
2026-03-26,91.3800,95.4400,89.5100,94.4800,350768,out
2026-03-27,93.3100,101.2400,92.0800,99.6400,374920,out
2026-03-30,102.6000,105.3600,99.4300,102.8800,374075,out
2026-03-31,105.0700,106.8600,99.6200,101.3800,495395,out
2026-04-01,101.7200,103.3100,96.5000,100.1200,434561,out
2026-04-02,98.9200,113.9700,97.5000,111.5400,0,out
2026-04-06,112.9600,115.4800,108.8900,112.4100,271742,out
2026-04-07,112.6200,117.6300,109.2000,112.9500,429331,out
2026-04-08,108.7400,109.1900,91.0500,94.4100,599576,out
2026-04-09,96.7800,102.7000,95.2500,97.8700,427201,out
2026-04-10,98.2300,100.4200,95.5100,96.5700,314855,out
2026-04-13,102.0000,105.6300,97.0300,99.0800,344337,out
2026-04-14,97.9900,98.0000,91.0600,91.2800,315821,out
2026-04-15,92.0200,93.3000,86.9600,91.2900,240397,out
2026-04-16,91.4700,95.4400,90.5200,94.6900,194354,out
2026-04-17,93.1800,94.0400,80.5600,83.8500,116624,out
2026-04-20,89.0000,91.2000,87.0200,89.6100,115578,out
2026-04-21,87.8900,94.4500,87.7600,92.1300,383596,out
2026-04-22,90.0000,93.7300,87.6400,92.9600,299675,out
2026-04-23,92.9000,98.3900,92.3000,95.8500,365210,out
2026-04-24,96.6200,97.8500,92.6800,94.4000,330280,out
2026-04-27,95.6000,97.6700,94.5900,96.3700,219055,out
2026-04-28,96.6700,101.8500,96.2400,99.9300,281078,out
2026-04-29,99.7100,108.6000,98.4200,106.8800,318841,out
2026-04-30,109.0700,110.9300,103.3400,105.0700,341994,out
2026-05-01,105.1400,106.6500,99.3000,101.9400,268707,out
2026-05-04,99.7300,107.4600,99.1100,106.4200,342843,out
2026-05-05,104.9300,105.4800,101.0800,102.2700,241150,out
2026-05-06,102.7000,102.7000,88.6600,95.0800,423491,out
2026-05-07,96.3000,97.9900,89.8500,94.8100,392091,out
2026-05-08,98.2500,98.6400,93.8200,95.4200,243423,out
2026-05-11,98.1900,100.3700,96.1300,98.0700,256251,out
2026-05-12,98.3900,102.7200,98.0000,102.1800,231747,out
2026-05-13,102.1600,103.6700,100.5600,101.0200,212582,out
2026-05-14,101.0200,102.3500,99.3900,101.1700,173862,out
2026-05-15,102.0600,106.0000,101.4800,105.4200,96552,out
2026-05-18,106.0000,109.4700,102.6500,108.6600,117910,out
2026-05-19,107.1100,109.2400,106.7600,107.7700,206472,out
2026-05-20,104.1200,104.4500,96.9400,98.2600,320034,out
2026-05-21,98.9500,102.6600,95.7600,96.3500,345482,out
2026-05-22,98.0000,99.4300,94.7300,96.6000,261142,out
2026-05-26,93.8800,94.7000,89.4100,93.8900,358867,out
2026-05-27,93.3900,93.6900,87.7700,88.6800,290948,out
2026-05-28,89.1100,92.5200,87.1100,88.9000,235145,out
2026-05-29,88.5500,89.0200,86.3500,87.3600,267803,out
2026-06-01,88.5000,94.7800,88.4500,92.1600,322039,out
2026-06-02,92.4500,94.0000,90.1200,93.7600,238146,out
2026-06-03,93.4500,97.0000,93.4500,96.0200,260613,out
2026-06-04,95.7500,95.9100,91.9100,93.0400,219500,out
2026-06-05,92.8200,93.6300,89.6800,90.5400,252903,out
2026-06-08,93.0000,95.4700,90.3900,91.3000,278650,out
2026-06-09,91.2800,91.5500,85.9500,88.2000,306101,out
2026-06-10,89.4000,91.8700,87.3900,90.0300,291935,out
2026-06-11,92.2500,93.6400,85.7400,87.7100,317151,out
2026-06-12,86.6400,87.2300,83.2000,84.8800,233924,out
2026-06-15,81.4000,82.4200,79.7000,80.7500,208395,out
2026-06-16,81.1000,81.5800,75.5200,76.0500,205050,out
2026-06-17,76.5900,80.0300,74.5900,76.7900,100474,out
2026-06-18,75.5300,76.9900,73.5800,76.6000,97813,out
2026-06-22,78.9300,78.9600,74.4500,74.8200,315903,out
2026-06-23,74.1400,74.4500,72.4800,73.2100,203509,out
2026-06-24,73.1300,73.1800,69.6300,70.3400,251403,out
2026-06-25,69.9500,72.5000,68.9000,71.9200,228065,out
2026-06-26,71.4400,71.8600,68.5600,69.2300,249316,out
2026-06-29,70.5000,71.1500,69.3200,70.7500,170488,out
2026-06-30,70.4300,71.6000,69.2200,69.5000,194279,out
2026-07-01,69.9800,70.1900,67.9200,68.5800,200004,out
2026-07-02,68.0300,68.8000,67.0400,68.6900,183635,out
2026-07-06,68.6800,69.2100,67.8200,68.5500,229909,out
2026-07-07,68.5800,72.5100,68.5800,70.4400,264072,out
2026-07-08,72.3800,76.0800,71.7500,73.5200,445251,out
2026-07-09,74.9500,75.1300,71.4200,72.0800,264009,out
2026-07-10,71.8600,73.1600,70.7700,71.4100,219817,out
2026-07-13,73.6900,78.5800,72.6100,78.1400,327411,out
2026-07-14,78.0400,81.2700,77.8400,79.3400,409973,out
2026-07-15,79.7400,80.9300,78.1900,79.6000,239855,out
2026-07-16,80.0000,80.8700,78.5800,78.9500,188731,out
2026-07-17,79.5700,82.7600,78.6100,82.4900,96003,out
2026-07-20,83.7600,85.3900,80.2700,83.2300,99783,out
2026-07-21,83.4800,85.8000,82.2500,84.9100,298109,out
2026-07-22,84.6900,88.6100,84.4400,86.8300,358021,out
2026-07-23,87.7200,93.5000,87.3200,92.1900,401934,out
2026-07-24,92.5500,92.8300,87.6800,89.3100,365438,out
2026-07-27,86.1200,86.2000,81.6300,82.6100,352813,out
2026-07-28,82.0000,82.4300,77.7800,79.2600,368026,out
2026-07-29,80.0400,85.5700,79.9200,84.4600,327417,out
2026-07-30,84.6500,85.9400,82.9700,83.5900,235395,out
2026-07-31,83.9200,86.8700,81.0600,84.6700,257851,out
2026-08-03,80.1000,81.3000,78.4300,80.3400,294823,out
2026-08-04,80.1000,82.3300,75.1100,75.7700,362270,out
2026-08-05,75.1700,76.7000,74.2400,75.2200,259965,out
2026-08-06,75.1400,78.5100,74.5700,77.2900,246260,out
2026-08-07,78.1700,78.7700,76.5300,78.1800,241222,out
2026-08-10,78.4200,82.3800,77.7900,82.1300,271132,out
2026-08-11,82.3500,84.6100,81.2700,83.2000,283823,out
2026-08-12,83.4900,84.3500,82.4000,83.2700,250779,out
2026-08-13,82.7000,83.3000,80.0900,81.2500,245842,out
2026-08-14,81.2700,82.9900,80.7100,82.4000,192132,out
2026-08-17,82.5300,85.0400,81.5000,84.5000,180066,out
2026-08-18,84.9800,85.9400,84.5700,84.9400,90110,out
2026-08-19,85.4200,87.1900,84.3200,85.8300,98764,out
2026-08-20,85.8000,89.0000,85.6000,87.8300,262550,out
2026-08-21,86.2700,87.5100,85.8000,87.0600,228718,out
2026-08-24,86.5000,86.5700,84.3600,85.0100,219422,out
2026-08-25,85.0300,85.8400,80.2300,82.3600,282408,out
2026-08-26,81.1100,83.3100,79.6200,82.2300,255920,out
2026-08-27,82.0000,84.2700,80.6500,83.5300,220113,out
2026-08-28,83.6700,83.7800,82.2500,83.4000,167615,out
2026-08-31,84.6900,86.7900,84.1100,85.7600,235761,out
2026-09-01,86.3100,90.9700,86.1300,90.2200,235761,out
2026-09-02,90.6500,92.2900,90.4500,90.5800,35194,out
