date,hlx,cl,spy,xle
2016-09-09,7.019999980926514,45.880001068115234,213.27999877929688,34.849998474121094
2016-09-12,7.230000019073486,46.290000915527344,216.33999633789062,35.19499969482422
2016-09-13,6.869999885559082,44.900001525878906,213.22999572753906,34.189998626708984
2016-09-14,6.800000190734863,43.58000183105469,213.14999389648438,33.78499984741211
2016-09-15,6.869999885559082,43.90999984741211,215.27999877929688,34.20500183105469
2016-09-16,6.929999828338623,43.029998779296875,213.3699951171875,33.724998474121094
2016-09-19,7.059999942779541,43.29999923706055,213.41000366210938,33.70500183105469
2016-09-20,6.989999771118164,43.439998626708984,213.4199981689453,33.459999084472656
2016-09-21,7.369999885559082,45.34000015258789,215.82000732421875,34.23500061035156
2016-09-22,7.429999828338623,46.31999969482422,217.17999267578125,34.275001525878906
2016-09-23,7.21999979019165,44.47999954223633,215.99000549316406,33.81999969482422
2016-09-26,7.400000095367432,45.93000030517578,214.24000549316406,33.66999816894531
2016-09-27,7.130000114440918,44.66999816894531,215.57000732421875,33.44499969482422
2016-09-28,7.75,47.04999923706055,216.63999938964844,34.88999938964844
2016-09-29,7.949999809265137,47.83000183105469,214.67999267578125,34.83000183105469
2016-09-30,8.130000114440918,48.2400016784668,216.3000030517578,35.30500030517578
2016-10-03,8.600000381469727,48.810001373291016,215.77999877929688,35.279998779296875
2016-10-04,8.279999732971191,48.689998626708984,214.67999267578125,34.91999816894531
2016-10-05,8.850000381469727,49.83000183105469,215.6300048828125,35.45500183105469
2016-10-06,8.979999542236328,50.439998626708984,215.77999877929688,35.5099983215332
2016-10-07,9.15999984741211,49.810001373291016,215.0399932861328,35.30500030517578
2016-10-11,9.350000381469727,50.790000915527344,213.42999267578125,35.45000076293945
2016-10-12,9.329999923706055,50.18000030517578,213.7100067138672,35.29999923706055
2016-10-13,9.270000457763672,50.439998626708984,213.00999450683594,35.10499954223633
2016-10-14,9.460000038146973,50.349998474121094,213.1199951171875,34.900001525878906
2016-10-17,9.420000076293945,49.939998626708984,212.3800048828125,34.72999954223633
2016-10-18,9.529999732971191,50.290000915527344,213.7100067138672,34.869998931884766
2016-10-19,9.760000228881836,51.599998474121094,214.27999877929688,35.3650016784668
2016-10-20,9.920000076293945,50.43000030517578,213.8800048828125,35.32500076293945
2016-10-21,10.069999694824219,50.849998474121094,213.97999572753906,35.095001220703125
2016-10-24,10.079999923706055,50.52000045776367,214.88999938964844,34.9900016784668
2016-10-25,9.819999694824219,49.959999084472656,214.1699981689453,34.83000183105469
2016-10-26,9.75,49.18000030517578,213.74000549316406,34.90999984741211
2016-10-27,9.770000457763672,49.720001220703125,213.1699981689453,34.779998779296875
2016-10-28,9.0,48.70000076293945,212.5399932861328,34.685001373291016
2016-10-31,8.720000267028809,46.86000061035156,212.5500030517578,34.310001373291016
2016-11-01,8.609999656677246,46.66999816894531,211.00999450683594,34.314998626708984
2016-11-02,8.369999885559082,45.34000015258789,209.74000549316406,33.935001373291016
2016-11-03,8.59000015258789,44.65999984741211,208.77999877929688,34.06999969482422
2016-11-04,8.4399995803833,44.06999969482422,208.5500030517578,33.8849983215332
2016-11-07,8.859999656677246,44.88999938964844,213.14999389648438,34.6150016784668
2016-11-08,8.869999885559082,44.97999954223633,214.11000061035156,34.65999984741211
2016-11-09,9.09000015258789,45.27000045776367,216.3800048828125,35.224998474121094
2016-11-10,9.319999694824219,44.65999984741211,216.9199981689453,35.375
2016-11-14,9.680000305175781,43.31999969482422,216.58999633789062,34.92499923706055
2016-11-15,9.819999694824219,45.810001373291016,218.27999877929688,35.90999984741211
2016-11-16,9.869999885559082,45.56999969482422,217.8699951171875,35.65999984741211
2016-11-17,9.729999542236328,45.41999816894531,218.99000549316406,35.41999816894531
2016-11-18,9.880000114440918,45.689998626708984,218.5,35.564998626708984
2016-11-21,9.949999809265137,47.4900016784668,220.14999389648438,36.40999984741211
2016-11-22,9.84000015258789,48.029998779296875,220.5800018310547,36.38999938964844
2016-11-23,10.229999542236328,47.959999084472656,220.6999969482422,36.540000915527344
2016-11-25,10.0,46.060001373291016,221.52000427246094,36.36000061035156
2016-11-28,9.489999771118164,47.08000183105469,220.47999572753906,35.85499954223633
2016-11-29,9.149999618530273,45.22999954223633,220.91000366210938,35.415000915527344
2016-11-30,10.449999809265137,49.439998626708984,220.3800048828125,37.21500015258789
2016-12-01,11.09000015258789,51.060001373291016,219.57000732421875,37.30500030517578
2016-12-02,11.210000038146973,51.68000030517578,219.67999267578125,37.415000915527344
2016-12-05,11.539999961853027,51.790000915527344,221.0,37.744998931884766
2016-12-06,11.710000038146973,50.93000030517578,221.6999969482422,37.67499923706055
2016-12-07,11.130000114440918,49.77000045776367,224.60000610351562,37.974998474121094
2016-12-08,10.520000457763672,50.84000015258789,225.14999389648438,38.18000030517578
2016-12-09,10.699999809265137,51.5,226.50999450683594,38.29999923706055
2016-12-12,10.270000457763672,52.83000183105469,226.25,38.47999954223633
2016-12-13,10.3100004196167,52.97999954223633,227.75999450683594,38.915000915527344
2016-12-14,10.15999984741211,51.040000915527344,225.8800048828125,38.1349983215332
2016-12-15,10.4399995803833,50.900001525878906,226.80999755859375,38.220001220703125
2016-12-16,9.960000038146973,51.900001525878906,225.0399932861328,38.255001068115234
2016-12-19,10.010000228881836,52.119998931884766,225.52999877929688,38.08000183105469
2016-12-20,10.100000381469727,52.22999954223633,226.39999389648438,37.994998931884766
2016-12-21,9.550000190734863,52.4900016784668,225.77000427246094,38.05500030517578
2016-12-22,9.270000457763672,52.95000076293945,225.3800048828125,38.209999084472656
2016-12-23,9.329999923706055,53.02000045776367,225.7100067138672,38.17499923706055
2016-12-27,9.40999984741211,53.900001525878906,226.27000427246094,38.2599983215332
2016-12-28,9.029999732971191,54.060001373291016,224.39999389648438,37.845001220703125
2016-12-29,8.670000076293945,53.77000045776367,224.35000610351562,37.77000045776367
2016-12-30,8.819999694824219,53.720001220703125,223.52999877929688,37.65999984741211
2017-01-03,9.359999656677246,52.33000183105469,225.24000549316406,38.084999084472656
2017-01-04,9.6899995803833,53.2599983215332,226.5800018310547,38.005001068115234
2017-01-05,9.300000190734863,53.7599983215332,226.39999389648438,37.90999984741211
2017-01-06,9.520000457763672,53.9900016784668,227.2100067138672,37.94499969482422
2017-01-09,9.34000015258789,51.959999084472656,226.4600067138672,37.39500045776367
2017-01-10,8.720000267028809,50.81999969482422,226.4600067138672,37.05500030517578
2017-01-11,8.65999984741211,52.25,227.10000610351562,37.45500183105469
2017-01-12,8.529999732971191,53.0099983215332,226.52999877929688,37.29999923706055
2017-01-13,8.479999542236328,52.369998931884766,227.0500030517578,37.189998626708984
2017-01-17,8.5600004196167,52.47999954223633,226.25,37.41999816894531
2017-01-18,8.5,51.08000183105469,226.75,37.334999084472656
2017-01-19,8.539999961853027,51.369998931884766,225.91000366210938,37.130001068115234
2017-01-20,8.579999923706055,52.41999816894531,226.74000549316406,37.27000045776367
2017-01-23,8.25,52.75,226.14999389648438,36.875
2017-01-24,8.020000457763672,53.18000030517578,227.60000610351562,37.279998779296875
2017-01-25,8.390000343322754,52.75,229.57000732421875,37.474998474121094
2017-01-26,8.640000343322754,53.779998779296875,229.3300018310547,37.505001068115234
2017-01-27,8.399999618530273,53.16999816894531,228.97000122070312,37.1150016784668
2017-01-30,8.1899995803833,52.630001068115234,227.5500030517578,36.435001373291016
2017-01-31,8.479999542236328,52.810001373291016,227.52999877929688,36.45000076293945
2017-02-01,8.239999771118164,53.880001068115234,227.6199951171875,36.18000030517578
2017-02-02,8.039999961853027,53.540000915527344,227.77000427246094,36.3849983215332
2017-02-03,8.260000228881836,53.83000183105469,229.33999633789062,36.70000076293945
2017-02-06,8.050000190734863,53.0099983215332,228.92999267578125,36.38999938964844
2017-02-07,7.659999847412109,52.16999816894531,228.94000244140625,35.875
2017-02-08,7.5,52.34000015258789,229.24000549316406,35.959999084472656
2017-02-09,7.619999885559082,53.0,230.60000610351562,36.3650016784668
2017-02-10,7.639999866485596,53.86000061035156,231.50999450683594,36.63999938964844
2017-02-13,7.489999771118164,52.93000030517578,232.77000427246094,36.709999084472656
2017-02-14,8.199999809265137,53.20000076293945,233.6999969482422,36.83000183105469
2017-02-15,7.96999979019165,53.11000061035156,234.9199981689453,36.685001373291016
2017-02-16,7.730000019073486,53.36000061035156,234.72000122070312,36.185001373291016
2017-02-17,7.409999847412109,53.400001525878906,235.08999633789062,35.98500061035156
2017-02-21,8.5,54.060001373291016,236.49000549316406,36.22999954223633
2017-02-22,8.279999732971191,53.59000015258789,236.27999877929688,35.68000030517578
2017-02-23,8.369999885559082,54.45000076293945,236.44000244140625,35.83000183105469
2017-02-24,8.09000015258789,53.9900016784668,236.74000549316406,35.494998931884766
2017-02-27,8.609999656677246,54.04999923706055,237.11000061035156,35.79999923706055
2017-02-28,8.260000228881836,54.0099983215332,236.47000122070312,35.689998626708984
2017-03-01,8.579999923706055,53.83000183105469,239.77999877929688,36.404998779296875
2017-03-02,8.1899995803833,52.61000061035156,238.27000427246094,36.060001373291016
2017-03-03,8.010000228881836,53.33000183105469,238.4199981689453,35.994998931884766
2017-03-06,7.889999866485596,53.20000076293945,237.7100067138672,36.07500076293945
2017-03-07,7.579999923706055,53.13999938964844,237.0,35.755001068115234
2017-03-08,7.389999866485596,50.279998779296875,236.55999755859375,34.82500076293945
2017-03-09,7.260000228881836,49.279998779296875,236.86000061035156,35.05500030517578
2017-03-10,7.610000133514404,48.4900016784668,237.69000244140625,35.005001068115234
2017-03-13,7.559999942779541,48.400001525878906,237.80999755859375,35.0099983215332
2017-03-14,7.230000019073486,47.720001220703125,236.89999389648438,34.6150016784668
2017-03-15,7.579999923706055,48.86000061035156,238.9499969482422,35.3849983215332
2017-03-16,7.400000095367432,48.75,238.47999572753906,35.1349983215332
2017-03-17,7.360000133514404,48.779998779296875,237.02999877929688,34.900001525878906
2017-03-20,7.46999979019165,48.220001220703125,236.77000427246094,34.849998474121094
2017-03-21,7.170000076293945,47.34000015258789,233.72999572753906,34.60499954223633
2017-03-22,7.110000133514404,48.040000915527344,234.27999877929688,34.55500030517578
2017-03-23,7.130000114440918,47.70000076293945,234.02999877929688,34.415000915527344
2017-03-24,7.039999961853027,47.970001220703125,233.86000061035156,34.279998779296875
2017-03-27,6.940000057220459,47.72999954223633,233.6199951171875,34.119998931884766
2017-03-28,7.289999961853027,48.369998931884766,235.32000732421875,34.60499954223633
2017-03-29,7.559999942779541,49.5099983215332,235.5399932861328,35.08000183105469
2017-03-30,7.539999961853027,50.349998474121094,236.2899932861328,35.06999969482422
2017-03-31,7.769999980926514,50.599998474121094,235.74000549316406,34.95000076293945
2017-04-03,7.619999885559082,50.2400016784668,235.3300018310547,34.88999938964844
2017-04-04,7.760000228881836,51.029998779296875,235.47999572753906,35.14500045776367
2017-04-05,7.53000020980835,51.150001525878906,234.77999877929688,35.03499984741211
2017-04-06,7.789999961853027,51.70000076293945,235.44000244140625,35.314998626708984
2017-04-07,7.539999961853027,52.2400016784668,235.1999969482422,35.18000030517578
2017-04-10,7.829999923706055,53.08000183105469,235.33999633789062,35.44499969482422
2017-04-11,7.869999885559082,53.400001525878906,235.05999755859375,35.45000076293945
2017-04-12,7.489999771118164,53.11000061035156,234.02999877929688,35.29999923706055
2017-04-13,7.320000171661377,53.18000030517578,232.50999450683594,34.654998779296875
2017-04-17,7.579999923706055,52.650001525878906,234.57000732421875,34.72999954223633
2017-04-18,7.670000076293945,52.40999984741211,233.8699951171875,34.404998779296875
2017-04-19,7.289999961853027,50.439998626708984,233.44000244140625,33.900001525878906
2017-04-20,7.28000020980835,50.27000045776367,235.33999633789062,34.064998626708984
2017-04-21,7.090000152587891,49.619998931884766,234.58999633789062,33.89500045776367
2017-04-24,6.059999942779541,49.22999954223633,237.1699981689453,34.095001220703125
2017-04-25,6.239999771118164,49.560001373291016,238.5500030517578,34.3849983215332
2017-04-26,6.260000228881836,49.619998931884766,238.39999389648438,34.27000045776367
2017-04-27,6.139999866485596,48.970001220703125,238.60000610351562,33.89500045776367
2017-04-28,6.119999885559082,49.33000183105469,238.0800018310547,33.91999816894531
2017-05-01,6.25,48.84000015258789,238.67999267578125,33.82500076293945
2017-05-02,6.079999923706055,47.65999984741211,238.77000427246094,33.654998779296875
2017-05-03,6.059999942779541,47.81999969482422,238.47999572753906,33.75
2017-05-04,5.679999828338623,45.52000045776367,238.75999450683594,33.130001068115234
2017-05-05,5.829999923706055,46.220001220703125,239.6999969482422,33.654998779296875
2017-05-08,5.869999885559082,46.43000030517578,239.66000366210938,33.89500045776367
2017-05-09,5.860000133514404,45.880001068115234,239.44000244140625,33.6150016784668
2017-05-10,6.079999923706055,47.33000183105469,239.8699951171875,34.060001373291016
2017-05-11,6.0,47.83000183105469,239.3800048828125,33.9900016784668
2017-05-12,5.690000057220459,47.84000015258789,238.97999572753906,33.875
2017-05-15,5.940000057220459,48.849998474121094,240.3000030517578,34.13999938964844
2017-05-16,5.909999847412109,48.65999984741211,240.0800018310547,33.970001220703125
2017-05-17,5.829999923706055,49.06999969482422,235.82000732421875,33.6349983215332
2017-05-18,5.650000095367432,49.349998474121094,236.77000427246094,33.625
2017-05-19,5.929999828338623,50.33000183105469,238.30999755859375,34.040000915527344
2017-05-22,5.869999885559082,50.72999954223633,239.52000427246094,33.96500015258789
2017-05-23,5.829999923706055,51.470001220703125,240.0500030517578,34.04499816894531
2017-05-24,5.690000057220459,51.36000061035156,240.61000061035156,33.8650016784668
2017-05-25,5.239999771118164,48.900001525878906,241.75999450683594,33.25
2017-05-26,5.170000076293945,49.79999923706055,241.7100067138672,33.30500030517578
2017-05-30,5.070000171661377,49.65999984741211,241.5,32.86000061035156
2017-05-31,4.980000019073486,48.31999969482422,241.44000244140625,32.720001220703125
2017-06-01,5.110000133514404,48.36000061035156,243.36000061035156,32.92499923706055
2017-06-02,4.900000095367432,47.65999984741211,244.1699981689453,32.54499816894531
2017-06-05,5.5,47.400001525878906,243.99000549316406,32.60499954223633
2017-06-06,5.75,48.189998626708984,243.2100067138672,32.9900016784668
2017-06-07,5.539999961853027,45.720001220703125,243.66000366210938,32.525001525878906
2017-06-08,5.420000076293945,45.63999938964844,243.77999877929688,32.43000030517578
2017-06-09,5.400000095367432,45.83000183105469,243.41000366210938,33.209999084472656
2017-06-12,5.679999828338623,46.08000183105469,243.36000061035156,33.44499969482422
2017-06-13,5.829999923706055,46.459999084472656,244.5500030517578,33.69499969482422
2017-06-14,5.460000038146973,44.72999954223633,244.24000549316406,33.084999084472656
2017-06-15,5.28000020980835,44.459999084472656,243.77000427246094,32.834999084472656
2017-06-16,5.400000095367432,44.7400016784668,242.63999938964844,33.150001525878906
2017-06-19,5.400000095367432,44.20000076293945,244.66000366210938,32.939998626708984
2017-06-20,5.28000020980835,43.22999954223633,243.00999450683594,32.52000045776367
2017-06-21,4.980000019073486,42.529998779296875,242.9499969482422,31.9950008392334
2017-06-22,5.070000171661377,42.7400016784668,242.83999633789062,31.975000381469727
2017-06-23,5.130000114440918,43.0099983215332,243.1300048828125,32.189998626708984
2017-06-26,5.159999847412109,43.380001068115234,243.2899932861328,32.119998931884766
2017-06-27,5.119999885559082,44.2400016784668,241.3300018310547,32.06999969482422
2017-06-28,5.349999904632568,44.7400016784668,243.49000549316406,32.244998931884766
2017-06-29,5.53000020980835,44.93000030517578,241.35000610351562,32.314998626708984
2017-06-30,5.639999866485596,46.040000915527344,241.8000030517578,32.459999084472656
2017-07-03,5.760000228881836,47.06999969482422,242.2100067138672,33.084999084472656
2017-07-05,5.440000057220459,45.130001068115234,242.77000427246094,32.415000915527344
2017-07-06,5.320000171661377,45.52000045776367,240.5500030517578,32.05500030517578
2017-07-07,5.170000076293945,44.22999954223633,242.11000061035156,32.005001068115234
2017-07-10,5.420000076293945,44.400001525878906,242.3699951171875,32.11000061035156
2017-07-11,5.420000076293945,45.040000915527344,242.19000244140625,32.28499984741211
2017-07-12,5.389999866485596,45.4900016784668,244.00999450683594,32.375
2017-07-13,5.539999961853027,46.08000183105469,244.4199981689453,32.505001068115234
2017-07-14,5.699999809265137,46.540000915527344,245.55999755859375,32.70000076293945
2017-07-17,5.710000038146973,46.02000045776367,245.52999877929688,32.65999984741211
2017-07-18,5.710000038146973,46.400001525878906,245.66000366210938,32.505001068115234
2017-07-19,6.139999866485596,47.119998931884766,246.99000549316406,32.97999954223633
2017-07-20,5.980000019073486,46.790000915527344,247.10000610351562,32.880001068115234
2017-07-21,5.690000057220459,45.77000045776367,246.8800048828125,32.55500030517578
2017-07-24,5.909999847412109,46.34000015258789,246.82000732421875,32.494998931884766
2017-07-25,6.090000152587891,47.88999938964844,247.4199981689453,32.904998779296875
2017-07-26,6.039999961853027,48.75,247.42999267578125,32.939998626708984
2017-07-27,6.340000152587891,49.040000915527344,247.1999969482422,33.275001525878906
2017-07-28,6.420000076293945,49.709999084472656,246.91000366210938,33.23500061035156
2017-07-31,6.539999961853027,50.16999816894531,246.77000427246094,33.310001373291016
2017-08-01,6.440000057220459,49.15999984741211,247.32000732421875,33.30500030517578
2017-08-02,6.309999942779541,49.59000015258789,247.44000244140625,33.18000030517578
2017-08-03,6.139999866485596,49.029998779296875,246.9600067138672,32.71500015258789
2017-08-04,6.260000228881836,49.58000183105469,247.41000366210938,32.81999969482422
2017-08-07,6.03000020980835,49.38999938964844,247.8699951171875,32.56999969482422
2017-08-08,6.0,49.16999816894531,247.25999450683594,32.494998931884766
2017-08-09,5.940000057220459,49.560001373291016,247.25,32.525001525878906
2017-08-10,5.849999904632568,48.59000015258789,243.75999450683594,32.18000030517578
2017-08-11,5.840000152587891,48.81999969482422,244.1199951171875,31.969999313354492
2017-08-14,5.869999885559082,47.59000015258789,246.5399932861328,31.875
2017-08-15,5.769999980926514,47.54999923706055,246.50999450683594,31.7549991607666
2017-08-16,5.659999847412109,46.779998779296875,246.94000244140625,31.450000762939453
2017-08-17,5.739999771118164,47.09000015258789,243.08999633789062,31.0049991607666
2017-08-18,5.909999847412109,48.5099983215332,242.7100067138672,31.15999984741211
2017-08-21,5.929999828338623,47.369998931884766,242.89999389648438,31.0
2017-08-22,6.079999923706055,47.63999938964844,245.44000244140625,31.204999923706055
2017-08-23,6.139999866485596,48.40999984741211,244.55999755859375,31.34000015258789
2017-08-24,6.099999904632568,47.43000030517578,243.99000549316406,31.360000610351562
2017-08-25,6.449999809265137,47.869998931884766,244.55999755859375,31.5
2017-08-28,6.300000190734863,46.56999969482422,244.57000732421875,31.360000610351562
2017-08-29,6.289999961853027,46.439998626708984,244.85000610351562,31.31999969482422
2017-08-30,6.28000020980835,45.959999084472656,246.00999450683594,31.334999084472656
2017-08-31,6.269999980926514,47.22999954223633,247.49000549316406,31.485000610351562
2017-09-01,6.460000038146973,47.290000915527344,247.83999633789062,31.790000915527344
2017-09-05,6.679999828338623,48.65999984741211,246.05999755859375,31.96500015258789
2017-09-06,6.800000190734863,49.15999984741211,246.89999389648438,32.48500061035156
2017-09-07,6.78000020980835,49.09000015258789,246.8699951171875,32.54499816894531
2017-09-08,6.440000057220459,47.47999954223633,246.5800018310547,32.20000076293945
2017-09-11,6.630000114440918,48.06999969482422,249.2100067138672,32.505001068115234
2017-09-12,7.019999980926514,48.22999954223633,250.0500030517578,32.70500183105469
2017-09-13,7.309999942779541,49.29999923706055,250.1699981689453,33.1150016784668
2017-09-14,7.349999904632568,49.88999938964844,250.08999633789062,33.275001525878906
2017-09-15,7.360000133514404,49.88999938964844,249.19000244140625,32.91999816894531
2017-09-18,7.389999866485596,49.90999984741211,249.72000122070312,33.060001373291016
2017-09-19,7.409999847412109,49.47999954223633,249.97000122070312,33.19499969482422
2017-09-20,7.71999979019165,50.40999984741211,250.05999755859375,33.41999816894531
2017-09-21,7.539999961853027,50.54999923706055,249.38999938964844,33.43000030517578
2017-09-22,7.460000038146973,50.65999984741211,249.44000244140625,33.599998474121094
2017-09-25,7.53000020980835,52.220001220703125,248.92999267578125,34.084999084472656
2017-09-26,7.519999980926514,51.880001068115234,249.0800018310547,34.06999969482422
2017-09-27,7.21999979019165,52.13999938964844,250.0500030517578,34.21500015258789
2017-09-28,7.369999885559082,51.560001373291016,250.35000610351562,34.244998931884766
2017-09-29,7.389999866485596,51.66999816894531,251.22999572753906,34.2400016784668
2017-10-02,7.010000228881836,50.58000183105469,252.32000732421875,34.22999954223633
2017-10-03,7.079999923706055,50.41999816894531,252.86000061035156,34.19499969482422
2017-10-04,6.869999885559082,49.97999954223633,253.16000366210938,34.16999816894531
2017-10-05,6.909999847412109,50.790000915527344,254.66000366210938,34.32500076293945
2017-10-06,6.630000114440918,49.290000915527344,254.3699951171875,34.03499984741211
2017-10-09,7.309999942779541,49.58000183105469,253.9499969482422,34.10499954223633
2017-10-10,7.639999866485596,50.91999816894531,254.6199951171875,34.1349983215332
2017-10-11,7.849999904632568,51.29999923706055,255.02000427246094,34.21500015258789
2017-10-12,7.769999980926514,50.599998474121094,254.63999938964844,34.09000015258789
2017-10-13,7.860000133514404,51.45000076293945,254.9499969482422,34.06999969482422
2017-10-16,7.880000114440918,51.869998931884766,255.2899932861328,34.14500045776367
2017-10-17,7.820000171661377,51.880001068115234,255.47000122070312,34.165000915527344
2017-10-18,7.900000095367432,52.040000915527344,255.72000122070312,33.92499923706055
2017-10-19,7.889999866485596,51.290000915527344,255.7899932861328,33.81999969482422
2017-10-20,7.760000228881836,51.470001220703125,257.1099853515625,33.8849983215332
2017-10-23,7.110000133514404,51.900001525878906,256.1099853515625,33.709999084472656
2017-10-24,7.039999961853027,52.470001220703125,256.55999755859375,33.775001525878906
2017-10-25,6.940000057220459,52.18000030517578,255.2899932861328,33.540000915527344
2017-10-26,6.96999979019165,52.63999938964844,255.6199951171875,33.61000061035156
2017-10-27,6.980000019073486,53.900001525878906,257.7099914550781,33.66999816894531
2017-10-30,6.730000019073486,54.150001525878906,256.75,33.845001220703125
2017-10-31,6.820000171661377,54.380001068115234,257.1499938964844,33.95500183105469
2017-11-01,6.909999847412109,54.29999923706055,257.489990234375,34.34000015258789
2017-11-02,7.010000228881836,54.540000915527344,257.5899963378906,34.2400016784668
2017-11-03,7.150000095367432,55.63999938964844,258.45001220703125,34.34000015258789
2017-11-06,7.5,57.349998474121094,258.8500061035156,35.125
2017-11-07,7.360000133514404,57.20000076293945,258.6700134277344,35.08000183105469
2017-11-08,7.320000171661377,56.810001373291016,259.1099853515625,34.90999984741211
2017-11-09,7.460000038146973,57.16999816894531,258.1700134277344,35.01499938964844
2017-11-10,7.25,56.7400016784668,258.0899963378906,34.83000183105469
2017-11-13,6.869999885559082,56.7599983215332,258.3299865722656,34.630001068115234
2017-11-14,6.5,55.70000076293945,257.7300109863281,34.06999969482422
2017-11-15,6.360000133514404,55.33000183105469,256.44000244140625,33.685001373291016
2017-11-16,6.360000133514404,55.13999938964844,258.6199951171875,33.54999923706055
2017-11-17,6.739999771118164,56.54999923706055,257.8599853515625,33.71500015258789
2017-11-20,6.789999961853027,56.09000015258789,258.29998779296875,33.6349983215332
2017-11-21,6.849999904632568,56.83000183105469,259.989990234375,33.709999084472656
2017-11-22,6.980000019073486,58.02000045776367,259.760009765625,33.845001220703125
2017-11-24,6.909999847412109,58.95000076293945,260.3599853515625,33.939998626708984
2017-11-27,6.809999942779541,58.11000061035156,260.2300109863281,33.595001220703125
2017-11-28,6.760000228881836,57.9900016784668,262.8699951171875,33.85499954223633
2017-11-29,6.710000038146973,57.29999923706055,262.7099914550781,34.040000915527344
2017-11-30,6.650000095367432,57.400001525878906,265.010009765625,34.54999923706055
2017-12-01,6.920000076293945,58.36000061035156,264.4599914550781,34.84000015258789
2017-12-04,6.789999961853027,57.470001220703125,264.1400146484375,34.82500076293945
2017-12-05,6.650000095367432,57.619998931884766,263.19000244140625,34.67499923706055
2017-12-06,6.369999885559082,55.959999084472656,263.239990234375,34.224998474121094
2017-12-07,6.349999904632568,56.689998626708984,264.07000732421875,34.32500076293945
2017-12-08,6.5,57.36000061035156,265.510009765625,34.63999938964844
2017-12-11,6.710000038146973,57.9900016784668,266.30999755859375,34.88999938964844
2017-12-12,6.840000152587891,57.13999938964844,266.7799987792969,34.79499816894531
2017-12-13,6.679999828338623,56.599998474121094,266.75,34.744998931884766
2017-12-14,6.75,57.040000915527344,265.6600036621094,34.619998931884766
2017-12-15,6.630000114440918,57.29999923706055,266.510009765625,34.36000061035156
2017-12-18,6.849999904632568,57.15999984741211,268.20001220703125,34.625
2017-12-19,6.869999885559082,57.459999084472656,267.1700134277344,34.67499923706055
2017-12-20,7.179999828338623,58.09000015258789,267.0299987792969,35.165000915527344
2017-12-21,7.639999866485596,58.36000061035156,267.5799865722656,35.90999984741211
2017-12-22,7.579999923706055,58.470001220703125,267.510009765625,35.98500061035156
2017-12-26,7.659999847412109,59.970001220703125,267.19000244140625,36.29999923706055
2017-12-27,7.550000190734863,59.63999938964844,267.32000732421875,36.18000030517578
2017-12-28,7.539999961853027,59.84000015258789,267.8699951171875,36.23500061035156
2017-12-29,7.539999961853027,60.41999816894531,266.8599853515625,36.130001068115234
2018-01-02,7.639999866485596,60.369998931884766,268.7699890136719,36.724998474121094
2018-01-03,8.0,61.630001068115234,270.4700012207031,37.275001525878906
2018-01-04,8.180000305175781,62.0099983215332,271.6099853515625,37.5
2018-01-05,8.119999885559082,61.439998626708984,273.4200134277344,37.48500061035156
2018-01-08,8.289999961853027,61.72999954223633,273.9200134277344,37.709999084472656
2018-01-09,8.1899995803833,62.959999084472656,274.5400085449219,37.6150016784668
2018-01-10,8.149999618530273,63.56999969482422,274.1199951171875,37.56999969482422
2018-01-11,8.34000015258789,63.79999923706055,276.1199951171875,38.34000015258789
2018-01-12,8.680000305175781,64.30000305175781,277.9200134277344,38.709999084472656
2018-01-16,8.220000267028809,63.72999954223633,276.9700012207031,38.220001220703125
2018-01-17,8.279999732971191,63.970001220703125,279.6099853515625,38.55500030517578
2018-01-18,8.029999732971191,63.95000076293945,279.1400146484375,38.2400016784668
2018-01-19,8.140000343322754,63.369998931884766,280.4100036621094,38.189998626708984
2018-01-22,8.279999732971191,63.4900016784668,282.69000244140625,39.01499938964844
2018-01-23,8.399999618530273,64.47000122070312,283.2900085449219,38.95500183105469
2018-01-24,8.270000457763672,65.61000061035156,283.17999267578125,38.849998474121094
2018-01-25,8.130000114440918,65.51000213623047,283.29998779296875,38.54499816894531
2018-01-26,8.079999923706055,66.13999938964844,286.5799865722656,38.755001068115234
2018-01-29,7.800000190734863,65.55999755859375,284.67999267578125,38.16999816894531
2018-01-30,7.650000095367432,64.5,281.760009765625,37.400001525878906
2018-01-31,7.53000020980835,64.7300033569336,281.8999938964844,37.42499923706055
2018-02-01,7.550000190734863,65.80000305175781,281.5799865722656,37.810001373291016
2018-02-02,7.440000057220459,65.44999694824219,275.45001220703125,36.22999954223633
2018-02-05,7.070000171661377,64.1500015258789,263.92999267578125,34.709999084472656
2018-02-06,7.21999979019165,63.38999938964844,269.1300048828125,34.98500061035156
2018-02-07,6.980000019073486,61.790000915527344,267.6700134277344,34.400001525878906
2018-02-08,6.670000076293945,61.150001525878906,257.6300048828125,33.36000061035156
2018-02-09,6.599999904632568,59.20000076293945,261.5,33.334999084472656
2018-02-12,6.820000171661377,59.290000915527344,265.3399963378906,33.880001068115234
2018-02-13,6.829999923706055,59.189998626708984,266.0,33.7400016784668
2018-02-14,6.960000038146973,60.599998474121094,269.5899963378906,34.22999954223633
2018-02-15,6.960000038146973,61.34000015258789,273.0299987792969,34.14500045776367
2018-02-16,6.960000038146973,61.68000030517578,273.1099853515625,34.060001373291016
2018-02-20,6.449999809265137,61.900001525878906,271.3999938964844,33.875
2018-02-21,6.300000190734863,61.68000030517578,270.04998779296875,33.30500030517578
2018-02-22,6.480000019073486,62.77000045776367,270.3999938964844,33.66999816894531
2018-02-23,6.599999904632568,63.54999923706055,274.7099914550781,34.400001525878906
2018-02-26,6.599999904632568,63.90999984741211,277.8999938964844,34.60499954223633
2018-02-27,6.360000133514404,63.0099983215332,274.42999267578125,34.154998779296875
2018-02-28,5.960000038146973,61.63999938964844,271.6499938964844,33.369998931884766
2018-03-01,5.980000019073486,60.9900016784668,267.70001220703125,33.31999969482422
2018-03-02,6.090000152587891,61.25,269.0799865722656,33.474998474121094
2018-03-05,6.300000190734863,62.56999969482422,272.19000244140625,33.83000183105469
2018-03-06,6.25,62.599998474121094,272.8800048828125,33.849998474121094
2018-03-07,6.179999828338623,61.150001525878906,272.7799987792969,33.595001220703125
2018-03-08,6.230000019073486,60.119998931884766,274.1000061035156,33.584999084472656
2018-03-09,6.449999809265137,62.040000915527344,278.8699951171875,34.224998474121094
2018-03-12,6.519999980926514,61.36000061035156,278.5199890136719,34.21500015258789
2018-03-13,6.53000020980835,60.709999084472656,276.7200012207031,33.970001220703125
2018-03-14,6.050000190734863,60.959999084472656,275.29998779296875,33.77000045776367
2018-03-15,6.019999980926514,61.189998626708984,275.0,33.595001220703125
2018-03-16,6.139999866485596,62.34000015258789,274.20001220703125,33.654998779296875
2018-03-19,5.949999809265137,62.060001373291016,270.489990234375,33.1349983215332
2018-03-20,5.960000038146973,63.400001525878906,270.95001220703125,33.415000915527344
2018-03-21,6.28000020980835,65.16999816894531,270.42999267578125,34.290000915527344
2018-03-22,6.070000171661377,64.30000305175781,263.6700134277344,33.59000015258789
2018-03-23,5.989999771118164,65.87999725341797,258.04998779296875,33.3849983215332
2018-03-26,6.03000020980835,65.55000305175781,265.1099853515625,33.98500061035156
2018-03-27,5.820000171661377,65.25,260.6000061035156,33.665000915527344
2018-03-28,5.730000019073486,64.37999725341797,259.8299865722656,33.0099983215332
2018-03-29,5.789999961853027,64.94000244140625,263.1499938964844,33.70500183105469
2018-04-02,5.519999980926514,63.0099983215332,257.4700012207031,33.029998779296875
2018-04-03,5.590000152587891,63.5099983215332,260.7699890136719,33.73500061035156
2018-04-04,5.860000133514404,63.369998931884766,263.55999755859375,33.689998626708984
2018-04-05,6.090000152587891,63.540000915527344,265.6400146484375,34.29499816894531
2018-04-06,5.909999847412109,62.060001373291016,259.7200012207031,33.67499923706055
2018-04-09,5.710000038146973,63.41999816894531,261.0,33.834999084472656
2018-04-10,6.099999904632568,65.51000213623047,265.1499938964844,34.95500183105469
2018-04-11,6.380000114440918,66.81999969482422,263.760009765625,35.31999969482422
2018-04-12,6.389999866485596,67.06999969482422,265.92999267578125,35.314998626708984
2018-04-13,6.329999923706055,67.38999938964844,265.1499938964844,35.70500183105469
2018-04-16,6.269999980926514,66.22000122070312,267.3299865722656,36.06999969482422
2018-04-17,6.239999771118164,66.5199966430664,270.19000244140625,36.209999084472656
2018-04-18,6.489999771118164,68.47000122070312,270.3900146484375,36.779998779296875
2018-04-19,6.480000019073486,68.29000091552734,268.8900146484375,36.82500076293945
2018-04-20,6.489999771118164,68.37999725341797,266.6099853515625,36.650001525878906
2018-04-23,6.25,68.63999938964844,266.57000732421875,36.875
2018-04-24,7.050000190734863,67.69999694824219,262.9800109863281,36.47999954223633
2018-04-25,7.579999923706055,68.05000305175781,263.6300048828125,36.77000045776367
2018-04-26,7.920000076293945,68.19000244140625,266.30999755859375,37.30500030517578
2018-04-27,7.860000133514404,68.0999984741211,266.55999755859375,36.90999984741211
2018-04-30,7.71999979019165,68.56999969482422,264.510009765625,36.904998779296875
2018-05-01,7.539999961853027,67.25,264.9800109863281,36.68000030517578
2018-05-02,7.78000020980835,67.93000030517578,263.20001220703125,36.83000183105469
2018-05-03,7.539999961853027,68.43000030517578,262.6199951171875,36.744998931884766
2018-05-04,7.650000095367432,69.72000122070312,266.0199890136719,36.92499923706055
2018-05-07,7.690000057220459,70.7300033569336,266.9200134277344,36.974998474121094
2018-05-08,7.769999980926514,69.05999755859375,266.9200134277344,37.26499938964844
2018-05-09,8.079999923706055,71.13999938964844,269.5,38.025001525878906
2018-05-10,8.09000015258789,71.36000061035156,272.0199890136719,38.310001373291016
2018-05-11,8.0,70.69999694824219,272.8500061035156,38.3650016784668
2018-05-14,7.960000038146973,70.95999908447266,272.9800109863281,38.630001068115234
2018-05-15,8.0,71.30999755859375,271.1000061035156,38.63999938964844
2018-05-16,8.069999694824219,71.48999786376953,272.239990234375,38.775001525878906
2018-05-17,8.300000190734863,71.48999786376953,272.010009765625,39.36000061035156
2018-05-18,8.399999618530273,71.27999877929688,271.3299865722656,39.05500030517578
2018-05-21,8.210000038146973,72.23999786376953,273.3699951171875,39.45500183105469
2018-05-22,8.050000190734863,72.12999725341797,272.6099853515625,38.93000030517578
2018-05-23,7.800000190734863,71.83999633789062,273.3599853515625,38.92499923706055
2018-05-24,7.75,70.70999908447266,272.79998779296875,38.28499984741211
2018-05-25,7.550000190734863,67.87999725341797,272.1499938964844,37.290000915527344
2018-05-29,7.480000019073486,66.7300033569336,269.0199890136719,37.17499923706055
2018-05-30,7.699999809265137,68.20999908447266,272.6099853515625,38.29999923706055
2018-05-31,7.599999904632568,67.04000091552734,270.94000244140625,38.0099983215332
2018-06-01,7.619999885559082,65.80999755859375,273.6000061035156,38.189998626708984
2018-06-04,7.389999866485596,64.75,274.8999938964844,37.86000061035156
2018-06-05,7.590000152587891,65.5199966430664,275.1000061035156,37.77000045776367
2018-06-06,7.639999866485596,64.7300033569336,277.3999938964844,37.95000076293945
2018-06-07,8.130000114440918,65.94999694824219,277.3699951171875,38.525001525878906
2018-06-08,7.809999942779541,65.73999786376953,278.19000244140625,38.45000076293945
2018-06-11,7.659999847412109,66.0999984741211,278.55999755859375,38.650001525878906
2018-06-12,7.650000095367432,66.36000061035156,278.9200134277344,38.35499954223633
2018-06-13,7.559999942779541,66.63999938964844,278.0299987792969,38.209999084472656
2018-06-14,7.420000076293945,66.88999938964844,278.7300109863281,38.154998779296875
2018-06-15,7.179999828338623,65.05999755859375,277.1300048828125,37.084999084472656
2018-06-18,7.329999923706055,65.8499984741211,276.55999755859375,37.45500183105469
2018-06-19,7.400000095367432,65.06999969482422,275.5,37.369998931884766
2018-06-20,7.420000076293945,66.22000122070312,275.9700012207031,37.53499984741211
2018-06-21,7.159999847412109,65.54000091552734,274.239990234375,36.84000015258789
2018-06-22,7.630000114440918,68.58000183105469,274.739990234375,37.57500076293945
2018-06-25,7.519999980926514,68.08000183105469,271.0,36.81999969482422
2018-06-26,7.650000095367432,70.52999877929688,271.6000061035156,37.28499984741211
2018-06-27,8.260000228881836,72.76000213623047,269.3500061035156,37.78499984741211
2018-06-28,8.449999809265137,73.44999694824219,270.8900146484375,37.73500061035156
2018-06-29,8.329999923706055,74.1500015258789,271.2799987792969,37.970001220703125
2018-07-02,8.100000381469727,73.94000244140625,271.8599853515625,37.40999984741211
2018-07-03,8.0600004196167,74.13999938964844,270.8999938964844,37.64500045776367
2018-07-05,7.96999979019165,72.94000244140625,273.1099853515625,37.60499954223633
2018-07-06,8.010000228881836,73.80000305175781,275.4200134277344,37.834999084472656
2018-07-09,8.380000114440918,73.8499984741211,277.8999938964844,38.400001525878906
2018-07-10,8.569999694824219,74.11000061035156,278.8999938964844,38.685001373291016
2018-07-11,8.4399995803833,70.37999725341797,276.8599853515625,37.8650016784668
2018-07-12,8.40999984741211,70.33000183105469,279.3699951171875,37.93000030517578
2018-07-13,8.529999732971191,71.01000213623047,279.5899963378906,38.130001068115234
2018-07-16,8.5600004196167,68.05999755859375,279.3399963378906,37.689998626708984
2018-07-17,8.649999618530273,68.08000183105469,280.4700012207031,37.540000915527344
2018-07-18,8.630000114440918,68.76000213623047,281.05999755859375,37.564998626708984
2018-07-19,8.609999656677246,69.45999908447266,280.0,37.57500076293945
2018-07-20,8.710000038146973,70.45999908447266,279.67999267578125,37.44499969482422
2018-07-23,8.75,67.88999938964844,280.20001220703125,37.279998779296875
2018-07-24,8.989999771118164,68.5199966430664,281.6099853515625,37.75
2018-07-25,9.260000228881836,69.30000305175781,284.010009765625,38.064998626708984
2018-07-26,9.850000381469727,69.61000061035156,283.3399963378906,38.47999954223633
2018-07-27,9.9399995803833,68.69000244140625,281.4200134277344,38.314998626708984
2018-07-30,10.270000457763672,70.12999725341797,279.95001220703125,38.630001068115234
2018-07-31,10.010000228881836,68.76000213623047,281.3299865722656,38.560001373291016
2018-08-01,9.989999771118164,67.66000366210938,280.8599853515625,38.025001525878906
2018-08-02,9.489999771118164,68.95999908447266,282.3900146484375,37.814998626708984
2018-08-03,9.289999961853027,68.48999786376953,283.6000061035156,37.619998931884766
2018-08-06,9.359999656677246,69.01000213623047,284.6400146484375,37.7599983215332
2018-08-07,9.289999961853027,69.16999816894531,285.5799865722656,38.040000915527344
2018-08-08,9.289999961853027,66.94000244140625,285.4599914550781,37.76499938964844
2018-08-09,9.34000015258789,66.80999755859375,285.07000732421875,37.415000915527344
2018-08-10,9.430000305175781,67.62999725341797,283.1600036621094,37.64500045776367
2018-08-13,9.0600004196167,67.19999694824219,282.1000061035156,37.165000915527344
2018-08-14,9.220000267028809,67.04000091552734,283.8999938964844,37.255001068115234
2018-08-15,8.859999656677246,65.01000213623047,281.7799987792969,35.95500183105469
2018-08-16,8.920000076293945,65.45999908447266,284.05999755859375,36.21500015258789
2018-08-17,8.9399995803833,65.91000366210938,285.05999755859375,36.30500030517578
2018-08-20,8.970000267028809,66.43000030517578,285.6700134277344,36.54999923706055
2018-08-21,9.0600004196167,67.3499984741211,286.3399963378906,36.73500061035156
2018-08-22,9.15999984741211,67.86000061035156,286.1700134277344,37.17499923706055
2018-08-23,9.119999885559082,67.83000183105469,285.7900085449219,37.0
2018-08-24,9.210000038146973,68.72000122070312,287.510009765625,37.27000045776367
2018-08-27,9.1899995803833,68.87000274658203,289.7799987792969,37.54499816894531
2018-08-28,9.020000457763672,68.52999877929688,289.9200134277344,37.3849983215332
2018-08-29,9.289999961853027,69.51000213623047,291.4800109863281,37.6150016784668
2018-08-30,9.1899995803833,70.25,290.29998779296875,37.5099983215332
2018-08-31,9.359999656677246,69.80000305175781,290.30999755859375,37.220001220703125
2018-09-04,9.529999732971191,69.87000274658203,289.80999755859375,37.13999938964844
2018-09-05,9.289999961853027,68.72000122070312,289.0299987792969,37.09000015258789
2018-09-06,8.819999694824219,67.7699966430664,288.1600036621094,36.404998779296875
2018-09-07,8.869999885559082,67.75,287.6000061035156,36.400001525878906
2018-09-10,9.100000381469727,67.54000091552734,288.1000061035156,36.3849983215332
2018-09-11,9.100000381469727,69.25,289.04998779296875,36.72999954223633
2018-09-12,9.149999618530273,70.37000274658203,289.1199951171875,36.91999816894531
2018-09-13,8.890000343322754,68.58999633789062,290.8299865722656,36.935001373291016
2018-09-14,9.010000228881836,68.98999786376953,290.8800048828125,37.130001068115234
2018-09-17,9.079999923706055,68.91000366210938,289.3399963378906,37.189998626708984
2018-09-18,9.300000190734863,69.8499984741211,290.9100036621094,37.435001373291016
2018-09-19,9.600000381469727,71.12000274658203,291.2200012207031,37.54999923706055
2018-09-20,9.789999961853027,70.80000305175781,293.5799865722656,37.560001373291016
2018-09-21,9.739999771118164,70.77999877929688,291.989990234375,37.54999923706055
2018-09-24,9.729999542236328,72.08000183105469,291.0199890136719,38.099998474121094
2018-09-25,9.609999656677246,72.27999877929688,290.75,38.345001220703125
2018-09-26,9.489999771118164,71.56999969482422,289.8800048828125,37.974998474121094
2018-09-27,9.550000190734863,72.12000274658203,290.69000244140625,37.974998474121094
2018-09-28,9.880000114440918,73.25,290.7200012207031,37.869998931884766
2018-10-01,9.880000114440918,75.30000305175781,291.7300109863281,38.39500045776367
2018-10-02,9.920000076293945,75.2300033569336,291.55999755859375,38.435001373291016
2018-10-03,10.119999885559082,76.41000366210938,291.7200012207031,38.744998931884766
2018-10-04,10.100000381469727,74.33000183105469,289.44000244140625,38.584999084472656
2018-10-05,10.210000038146973,74.33999633789062,287.82000732421875,38.58000183105469
2018-10-08,10.3100004196167,74.29000091552734,287.82000732421875,38.54999923706055
2018-10-09,10.779999732971191,74.95999908447266,287.3999938964844,38.89500045776367
2018-10-10,10.180000305175781,73.16999816894531,278.29998779296875,37.67499923706055
2018-10-11,9.84000015258789,70.97000122070312,272.1700134277344,36.400001525878906
2018-10-12,10.020000457763672,71.33999633789062,275.95001220703125,36.5
2018-10-15,10.359999656677246,71.77999877929688,274.3999938964844,36.19499969482422
2018-10-16,10.529999732971191,71.91999816894531,280.3999938964844,36.494998931884766
2018-10-17,10.449999809265137,69.75,280.45001220703125,36.26499938964844
2018-10-18,10.180000305175781,68.6500015258789,276.3999938964844,36.084999084472656
2018-10-19,10.260000228881836,69.12000274658203,276.25,35.76499938964844
2018-10-22,10.260000228881836,69.16999816894531,275.010009765625,35.369998931884766
2018-10-23,9.899999618530273,66.43000030517578,273.6099853515625,34.44499969482422
2018-10-24,8.949999809265137,66.81999969482422,265.32000732421875,33.084999084472656
2018-10-25,8.510000228881836,67.33000183105469,270.0799865722656,33.4900016784668
2018-10-26,8.4399995803833,67.58999633789062,265.3299865722656,33.2400016784668
2018-10-29,8.170000076293945,67.04000091552734,263.8599853515625,32.619998931884766
2018-10-30,8.399999618530273,66.18000030517578,267.7699890136719,33.375
2018-10-31,8.520000457763672,65.30999755859375,270.6300048828125,33.58000183105469
2018-11-01,8.460000038146973,63.689998626708984,273.510009765625,33.8650016784668
2018-11-02,8.25,63.13999938964844,271.8900146484375,33.779998779296875
2018-11-05,8.329999923706055,63.099998474121094,273.3900146484375,34.345001220703125
2018-11-06,8.229999542236328,62.209999084472656,275.1199951171875,34.505001068115234
2018-11-07,8.5,61.66999816894531,281.010009765625,35.06999969482422
2018-11-08,8.180000305175781,60.66999816894531,280.5,34.310001373291016
2018-11-09,8.1899995803833,60.189998626708984,277.760009765625,34.25
2018-11-12,7.659999847412109,59.93000030517578,272.57000732421875,33.540000915527344
2018-11-13,7.349999904632568,55.689998626708984,272.05999755859375,32.77000045776367
2018-11-14,7.400000095367432,56.25,270.20001220703125,32.71500015258789
2018-11-15,7.579999923706055,56.459999084472656,273.0199890136719,33.19499969482422
2018-11-16,7.769999980926514,56.459999084472656,273.7300109863281,33.59000015258789
2018-11-19,7.920000076293945,56.7599983215332,269.1000061035156,33.58000183105469
2018-11-20,7.639999866485596,53.43000030517578,264.1199951171875,32.47999954223633
2018-11-21,7.809999942779541,54.630001068115234,265.0199890136719,32.9900016784668
2018-11-23,7.389999866485596,50.41999816894531,263.25,31.954999923706055
2018-11-26,7.829999923706055,51.630001068115234,267.5,32.435001373291016
2018-11-27,7.929999828338623,51.560001373291016,268.3999938964844,32.345001220703125
2018-11-28,8.130000114440918,50.290000915527344,274.5799865722656,32.900001525878906
2018-11-29,8.180000305175781,51.45000076293945,273.9800109863281,33.1150016784668
2018-11-30,8.199999809265137,50.93000030517578,275.6499938964844,33.05500030517578
2018-12-03,8.520000457763672,52.95000076293945,279.29998779296875,33.790000915527344
2018-12-04,8.350000381469727,53.25,270.25,32.81999969482422
2018-12-06,7.389999866485596,51.4900016784668,269.8399963378906,32.21500015258789
2018-12-07,7.230000019073486,52.61000061035156,263.57000732421875,32.03499984741211
2018-12-10,6.869999885559082,51.0,264.07000732421875,31.53499984741211
2018-12-11,6.820000171661377,51.650001525878906,264.1300048828125,31.545000076293945
2018-12-12,7.090000152587891,51.150001525878906,265.4599914550781,31.670000076293945
2018-12-13,6.639999866485596,52.58000183105469,265.3699951171875,31.770000457763672
2018-12-14,6.510000228881836,51.20000076293945,260.4700012207031,31.045000076293945
2018-12-17,6.190000057220459,49.880001068115234,255.36000061035156,30.479999542236328
2018-12-18,6.25,46.2400016784668,255.0800018310547,29.760000228881836
2018-12-19,6.010000228881836,47.20000076293945,251.25999450683594,29.40999984741211
2018-12-20,5.78000020980835,45.880001068115234,247.1699981689453,28.594999313354492
2018-12-21,5.449999809265137,45.59000015258789,240.6999969482422,28.05500030517578
2018-12-24,5.210000038146973,42.529998779296875,234.33999633789062,26.920000076293945
2018-12-26,5.440000057220459,46.220001220703125,246.17999267578125,28.594999313354492
2018-12-27,5.489999771118164,44.61000061035156,248.07000732421875,28.7450008392334
2018-12-28,5.440000057220459,45.33000183105469,247.75,28.524999618530273
2018-12-31,5.409999847412109,45.40999984741211,249.9199981689453,28.674999237060547
2019-01-02,5.710000038146973,46.540000915527344,250.17999267578125,29.239999771118164
2019-01-03,5.699999809265137,47.09000015258789,244.2100067138672,28.950000762939453
2019-01-04,6.139999866485596,47.959999084472656,252.38999938964844,29.934999465942383
2019-01-07,6.539999961853027,48.52000045776367,254.3800048828125,30.3799991607666
2019-01-08,6.659999847412109,49.779998779296875,256.7699890136719,30.614999771118164
2019-01-09,6.639999866485596,52.36000061035156,257.9700012207031,31.100000381469727
2019-01-10,6.760000228881836,52.59000015258789,258.8800048828125,31.190000534057617
2019-01-11,6.849999904632568,51.59000015258789,258.9800109863281,31.0049991607666
2019-01-14,6.730000019073486,50.5099983215332,257.3999938964844,30.93000030517578
2019-01-15,6.929999828338623,52.11000061035156,260.3500061035156,31.040000915527344
2019-01-16,6.730000019073486,52.310001373291016,260.9800109863281,31.0
2019-01-17,6.889999866485596,52.06999969482422,262.9599914550781,31.28499984741211
2019-01-18,7.119999885559082,53.79999923706055,266.4599914550781,31.920000076293945
2019-01-22,6.829999923706055,52.56999969482422,262.8599853515625,31.225000381469727
2019-01-23,6.880000114440918,52.619998931884766,263.4100036621094,30.905000686645508
2019-01-24,6.909999847412109,53.130001068115234,263.54998779296875,31.06999969482422
2019-01-25,7.059999942779541,53.689998626708984,265.7799987792969,31.46500015258789
2019-01-28,6.909999847412109,51.9900016784668,263.760009765625,31.149999618530273
2019-01-29,7.019999980926514,53.310001373291016,263.4100036621094,31.2450008392334
2019-01-30,7.059999942779541,54.22999954223633,267.5799865722656,31.684999465942383
2019-01-31,6.829999923706055,53.790000915527344,269.92999267578125,31.889999389648438
2019-02-01,6.940000057220459,55.2599983215332,270.05999755859375,32.44499969482422
2019-02-04,7.0,54.560001373291016,271.9599914550781,32.52000045776367
2019-02-05,7.059999942779541,53.65999984741211,273.1000061035156,32.56999969482422
2019-02-06,7.039999961853027,54.0099983215332,272.739990234375,32.33000183105469
2019-02-07,6.849999904632568,52.63999938964844,270.1400146484375,31.614999771118164
2019-02-08,6.690000057220459,52.720001220703125,270.4700012207031,31.469999313354492
2019-02-11,6.869999885559082,52.40999984741211,270.6199951171875,31.6200008392334
2019-02-12,7.090000152587891,53.099998474121094,274.1000061035156,32.02000045776367
2019-02-13,7.150000095367432,53.900001525878906,274.989990234375,32.41999816894531
2019-02-14,7.21999979019165,54.40999984741211,274.3800048828125,32.53499984741211
2019-02-15,7.360000133514404,55.59000015258789,277.3699951171875,33.060001373291016
2019-02-19,6.829999923706055,56.09000015258789,277.8500061035156,33.15999984741211
2019-02-20,7.25,56.91999816894531,278.4100036621094,33.29999923706055
2019-02-21,7.239999771118164,56.959999084472656,277.4200134277344,32.78499984741211
2019-02-22,7.360000133514404,57.2599983215332,279.1400146484375,32.880001068115234
2019-02-25,7.480000019073486,55.47999954223633,279.5199890136719,32.935001373291016
2019-02-26,7.559999942779541,55.5,279.32000732421875,32.83000183105469
2019-02-27,7.599999904632568,56.939998626708984,279.20001220703125,32.95500183105469
2019-02-28,7.400000095367432,57.220001220703125,278.67999267578125,32.625
2019-03-01,7.239999771118164,55.79999923706055,280.4200134277344,33.224998474121094
2019-03-04,7.400000095367432,56.59000015258789,279.3999938964844,33.28499984741211
2019-03-05,7.369999885559082,56.560001373291016,279.0199890136719,33.17499923706055
2019-03-06,7.260000228881836,56.220001220703125,277.3299865722656,32.755001068115234
2019-03-07,7.400000095367432,56.65999984741211,275.010009765625,32.560001373291016
2019-03-08,7.28000020980835,56.06999969482422,274.4599914550781,31.950000762939453
2019-03-11,7.550000190734863,56.790000915527344,278.44000244140625,32.45000076293945
2019-03-12,7.840000152587891,56.869998931884766,279.489990234375,32.65999984741211
2019-03-13,7.739999771118164,58.2599983215332,281.3399963378906,32.9900016784668
2019-03-14,7.829999923706055,58.61000061035156,281.1600036621094,33.025001525878906
2019-03-15,7.400000095367432,58.52000045776367,281.30999755859375,32.755001068115234
2019-03-18,7.920000076293945,59.09000015258789,282.3299865722656,33.209999084472656
2019-03-19,7.820000171661377,59.029998779296875,282.3999938964844,33.119998931884766
2019-03-20,7.980000019073486,59.83000183105469,281.54998779296875,33.40999984741211
2019-03-21,8.0600004196167,59.97999954223633,284.7300109863281,33.64500045776367
2019-03-22,7.539999961853027,59.040000915527344,279.25,32.73500061035156
2019-03-25,7.550000190734863,58.81999969482422,279.0400085449219,32.75
2019-03-26,7.71999979019165,59.939998626708984,281.1199951171875,33.220001220703125
2019-03-27,7.599999904632568,59.40999984741211,279.6499938964844,32.98500061035156
2019-03-28,7.710000038146973,59.29999923706055,280.7099914550781,33.11000061035156
2019-03-29,7.909999847412109,60.13999938964844,282.4800109863281,33.060001373291016
2019-04-01,8.220000267028809,61.59000015258789,285.8299865722656,33.494998931884766
2019-04-02,8.010000228881836,62.58000183105469,285.9700012207031,33.26499938964844
2019-04-03,7.909999847412109,62.459999084472656,286.4200134277344,32.94499969482422
2019-04-04,8.020000457763672,62.099998474121094,287.17999267578125,33.220001220703125
2019-04-05,8.3100004196167,63.08000183105469,288.57000732421875,33.80500030517578
2019-04-08,8.300000190734863,64.4000015258789,288.7900085449219,33.95500183105469
2019-04-09,8.079999923706055,63.97999954223633,287.30999755859375,33.540000915527344
2019-04-10,8.149999618530273,64.61000061035156,288.2900085449219,33.665000915527344
2019-04-11,7.96999979019165,63.58000183105469,288.2099914550781,33.689998626708984
2019-04-12,7.949999809265137,63.88999938964844,290.1600036621094,33.779998779296875
2019-04-15,8.010000228881836,63.400001525878906,289.9700012207031,33.58000183105469
2019-04-16,8.069999694824219,64.05000305175781,290.1600036621094,33.79999923706055
2019-04-17,8.140000343322754,63.7599983215332,289.45001220703125,33.755001068115234
2019-04-18,8.380000114440918,64.0,290.0199890136719,33.595001220703125
2019-04-22,8.59000015258789,65.69999694824219,290.2699890136719,34.30500030517578
2019-04-23,8.579999923706055,66.30000305175781,292.8800048828125,34.25
2019-04-24,8.380000114440918,65.88999938964844,292.2300109863281,33.650001525878906
2019-04-25,7.659999847412109,65.20999908447266,292.04998779296875,33.54499816894531
2019-04-26,7.889999866485596,63.29999923706055,293.4100036621094,33.11000061035156
2019-04-29,8.0600004196167,63.5,293.8699951171875,33.08000183105469
2019-04-30,7.820000171661377,63.90999984741211,294.0199890136719,33.05500030517578
2019-05-01,7.96999979019165,63.599998474121094,291.80999755859375,32.39500045776367
2019-05-02,7.670000076293945,61.810001373291016,291.17999267578125,31.829999923706055
2019-05-03,7.860000133514404,61.939998626708984,294.0299987792969,32.125
2019-05-06,7.739999771118164,62.25,292.82000732421875,32.154998779296875
2019-05-07,7.480000019073486,61.400001525878906,287.92999267578125,31.875
2019-05-08,7.480000019073486,62.119998931884766,287.5299987792969,31.875
2019-05-09,7.480000019073486,61.70000076293945,286.6600036621094,31.875
2019-05-10,7.429999828338623,61.65999984741211,288.1000061035156,32.025001525878906
2019-05-13,7.380000114440918,61.040000915527344,280.8599853515625,31.475000381469727
2019-05-14,7.650000095367432,61.779998779296875,283.3999938964844,31.860000610351562
2019-05-15,7.829999923706055,62.02000045776367,285.05999755859375,32.025001525878906
2019-05-16,8.0,62.869998931884766,287.70001220703125,32.20000076293945
2019-05-17,7.699999809265137,62.7599983215332,285.8399963378906,31.875
2019-05-20,7.650000095367432,63.099998474121094,283.95001220703125,31.889999389648438
2019-05-21,7.71999979019165,62.9900016784668,286.510009765625,32.2599983215332
2019-05-22,7.300000190734863,61.41999816894531,285.6300048828125,31.760000228881836
2019-05-23,6.96999979019165,57.90999984741211,282.1400146484375,30.69499969482422
2019-05-24,7.070000171661377,58.630001068115234,282.7799987792969,30.809999465942383
2019-05-28,7.050000190734863,59.13999938964844,280.1499938964844,30.489999771118164
2019-05-29,7.179999828338623,58.810001373291016,278.2699890136719,30.295000076293945
2019-05-30,7.050000190734863,56.59000015258789,279.0299987792969,29.90999984741211
2019-05-31,6.760000228881836,53.5,275.2699890136719,29.385000228881836
2019-06-03,6.909999847412109,53.25,274.57000732421875,29.760000228881836
2019-06-04,7.039999961853027,53.47999954223633,280.5299987792969,30.274999618530273
2019-06-05,6.980000019073486,51.68000030517578,282.9599914550781,29.940000534057617
2019-06-06,6.980000019073486,52.59000015258789,284.79998779296875,30.4950008392334
2019-06-07,7.730000019073486,53.9900016784668,287.6499938964844,30.635000228881836
2019-06-10,7.789999961853027,53.2599983215332,288.9700012207031,30.725000381469727
2019-06-11,7.909999847412109,53.27000045776367,288.8999938964844,30.78499984741211
2019-06-12,7.429999828338623,51.13999938964844,288.3900146484375,30.350000381469727
2019-06-13,7.619999885559082,52.279998779296875,289.5799865722656,30.704999923706055
2019-06-14,7.289999961853027,52.5099983215332,289.260009765625,30.5049991607666
2019-06-17,7.619999885559082,51.93000030517578,289.3699951171875,30.760000228881836
2019-06-18,7.809999942779541,53.900001525878906,292.3999938964844,31.184999465942383
2019-06-19,7.869999885559082,53.7599983215332,293.05999755859375,31.149999618530273
2019-06-20,8.270000457763672,56.650001525878906,295.8599853515625,31.84000015258789
2019-06-21,8.220000267028809,57.43000030517578,294.0,31.780000686645508
2019-06-24,8.079999923706055,57.900001525878906,293.6400146484375,31.4950008392334
2019-06-25,8.220000267028809,57.83000183105469,290.760009765625,31.2450008392334
2019-06-26,8.329999923706055,59.380001068115234,290.4700012207031,31.725000381469727
2019-06-27,8.470000267028809,59.43000030517578,291.5,31.489999771118164
2019-06-28,8.630000114440918,58.470001220703125,293.0,31.854999542236328
2019-07-01,8.739999771118164,59.09000015258789,295.6600036621094,31.885000228881836
2019-07-02,8.609999656677246,56.25,296.42999267578125,31.375
2019-07-03,8.609999656677246,57.34000015258789,298.79998779296875,31.5
2019-07-05,8.649999618530273,57.5099983215332,298.4599914550781,31.545000076293945
2019-07-08,8.449999809265137,57.65999984741211,296.82000732421875,31.59000015258789
2019-07-09,8.350000381469727,57.83000183105469,297.19000244140625,31.614999771118164
2019-07-10,8.390000343322754,60.43000030517578,298.6099853515625,32.02000045776367
2019-07-11,8.4399995803833,60.20000076293945,299.30999755859375,32.084999084472656
2019-07-12,8.380000114440918,60.209999084472656,300.6499938964844,32.220001220703125
2019-07-15,8.0600004196167,59.58000183105469,300.75,31.93000030517578
2019-07-16,8.079999923706055,57.619998931884766,299.7799987792969,31.59000015258789
2019-07-17,7.989999771118164,56.779998779296875,297.739990234375,31.229999542236328
2019-07-18,8.029999732971191,55.29999923706055,298.8299865722656,31.235000610351562
2019-07-19,8.079999923706055,55.630001068115234,297.1700134277344,31.3799991607666
2019-07-22,8.289999961853027,56.220001220703125,297.8999938964844,31.524999618530273
2019-07-23,8.550000190734863,56.77000045776367,300.0299987792969,31.610000610351562
2019-07-24,8.579999923706055,55.880001068115234,301.44000244140625,31.7450008392334
2019-07-25,8.470000267028809,56.02000045776367,300.0,31.385000228881836
2019-07-26,8.619999885559082,56.20000076293945,302.010009765625,31.225000381469727
2019-07-29,8.59000015258789,56.869998931884766,301.4599914550781,31.100000381469727
2019-07-30,8.760000228881836,58.04999923706055,300.7200012207031,31.450000762939453
2019-07-31,8.760000228881836,58.58000183105469,297.42999267578125,31.350000381469727
2019-08-01,8.739999771118164,53.95000076293945,294.8399963378906,30.639999389648438
2019-08-02,8.050000190734863,55.65999984741211,292.6199951171875,30.200000762939453
2019-08-05,7.75,54.689998626708984,283.82000732421875,29.299999237060547
2019-08-06,7.699999809265137,53.630001068115234,287.79998779296875,29.264999389648438
2019-08-07,7.400000095367432,51.09000015258789,287.9700012207031,29.045000076293945
2019-08-08,7.710000038146973,52.540000915527344,293.6199951171875,29.8799991607666
2019-08-09,7.409999847412109,54.5,291.6199951171875,29.549999237060547
2019-08-12,7.175000190734863,54.93000030517578,288.07000732421875,29.200000762939453
2019-08-13,7.480000019073486,57.099998474121094,292.54998779296875,29.469999313354492
2019-08-14,7.090000152587891,55.22999954223633,283.8999938964844,28.315000534057617
2019-08-15,6.869999885559082,54.470001220703125,284.6499938964844,28.139999389648438
2019-08-16,7.170000076293945,54.869998931884766,288.8500061035156,28.510000228881836
2019-08-19,7.369999885559082,56.209999084472656,292.3299865722656,29.139999389648438
2019-08-20,7.340000152587891,56.34000015258789,290.0899963378906,28.895000457763672
2019-08-21,7.539999961853027,55.68000030517578,292.45001220703125,29.079999923706055
2019-08-22,7.340000152587891,55.349998474121094,292.3599853515625,28.950000762939453
2019-08-23,6.929999828338623,54.16999816894531,284.8500061035156,27.979999542236328
2019-08-26,6.980000019073486,53.63999938964844,288.0,28.100000381469727
2019-08-27,6.860000133514404,54.93000030517578,286.8699951171875,27.924999237060547
2019-08-28,7.090000152587891,55.779998779296875,288.8900146484375,28.325000762939453
2019-08-29,7.309999942779541,56.709999084472656,292.5799865722656,28.739999771118164
2019-08-30,7.239999771118164,55.099998474121094,292.45001220703125,28.739999771118164
2019-09-03,7.119999885559082,53.939998626708984,290.739990234375,28.600000381469727
2019-09-04,7.340000152587891,56.2599983215332,294.0400085449219,29.0
2019-09-05,7.78000020980835,56.29999923706055,297.82000732421875,29.360000610351562
2019-09-06,7.789999961853027,56.52000045776367,298.04998779296875,29.514999389648438
2019-09-09,8.40999984741211,57.849998474121094,298.20001220703125,30.104999542236328
2019-09-10,8.75,57.400001525878906,298.1300048828125,30.459999084472656
2019-09-11,8.890000343322754,55.75,300.25,30.489999771118164
2019-09-12,8.75,55.09000015258789,301.2900085449219,30.299999237060547
2019-09-13,8.880000114440918,54.849998474121094,301.0899963378906,30.540000915527344
2019-09-16,9.699999809265137,62.900001525878906,300.1600036621094,31.565000534057617
2019-09-17,9.319999694824219,59.34000015258789,300.9200134277344,31.125
2019-09-18,8.90999984741211,58.11000061035156,301.1000061035156,30.975000381469727
2019-09-19,8.420000076293945,58.130001068115234,301.0799865722656,30.895000457763672
2019-09-20,8.279999732971191,58.09000015258789,298.2799987792969,30.639999389648438
2019-09-23,8.390000343322754,58.63999938964844,298.2099914550781,30.649999618530273
2019-09-24,8.229999542236328,57.290000915527344,295.8699951171875,30.165000915527344
2019-09-25,8.640000343322754,56.4900016784668,297.6199951171875,30.21500015258789
2019-09-26,8.619999885559082,56.40999984741211,297.0,29.81999969482422
2019-09-27,8.329999923706055,55.90999984741211,295.3999938964844,29.815000534057617
2019-09-30,8.0600004196167,54.06999969482422,296.7699890136719,29.600000381469727
2019-10-01,7.71999979019165,53.619998931884766,293.239990234375,28.915000915527344
2019-10-02,7.610000133514404,52.63999938964844,288.05999755859375,28.204999923706055
2019-10-03,7.670000076293945,52.45000076293945,290.4200134277344,28.510000228881836
2019-10-04,7.659999847412109,52.810001373291016,294.3500061035156,28.690000534057617
2019-10-07,7.650000095367432,52.75,293.0799865722656,28.434999465942383
2019-10-08,7.480000019073486,52.630001068115234,288.5299987792969,27.950000762939453
2019-10-09,7.619999885559082,52.59000015258789,291.2699890136719,28.204999923706055
2019-10-10,7.840000152587891,53.54999923706055,293.239990234375,28.559999465942383
2019-10-11,8.300000190734863,54.70000076293945,296.2799987792969,28.94499969482422
2019-10-14,8.180000305175781,53.59000015258789,295.95001220703125,28.93000030517578
2019-10-15,8.329999923706055,52.810001373291016,298.8800048828125,29.049999237060547
2019-10-16,8.430000305175781,53.36000061035156,298.3999938964844,28.645000457763672
2019-10-17,8.399999618530273,53.93000030517578,299.2799987792969,28.665000915527344
2019-10-18,8.010000228881836,53.779998779296875,297.9700012207031,28.514999389648438
2019-10-21,8.3100004196167,53.310001373291016,299.989990234375,29.024999618530273
2019-10-22,8.9399995803833,54.15999984741211,299.010009765625,29.399999618530273
2019-10-23,9.15999984741211,55.970001220703125,299.8800048828125,29.645000457763672
2019-10-24,9.09000015258789,56.22999954223633,300.3699951171875,29.520000457763672
2019-10-25,8.970000267028809,56.65999984741211,301.6000061035156,29.760000228881836
2019-10-28,8.930000305175781,55.810001373291016,303.29998779296875,29.59000015258789
2019-10-29,9.170000076293945,55.540000915527344,303.2099914550781,29.709999084472656
2019-10-30,8.819999694824219,55.060001373291016,304.1400146484375,29.104999542236328
2019-10-31,8.59000015258789,54.18000030517578,303.3299865722656,28.979999542236328
2019-11-01,8.770000457763672,56.20000076293945,306.1400146484375,29.639999389648438
2019-11-04,8.9399995803833,56.540000915527344,307.3699951171875,30.604999542236328
2019-11-05,8.630000114440918,57.22999954223633,307.0299987792969,30.645000457763672
2019-11-06,8.470000267028809,56.349998474121094,307.1000061035156,30.020000457763672
2019-11-07,8.420000076293945,57.150001525878906,308.17999267578125,30.469999313354492
2019-11-08,8.510000228881836,57.2400016784668,308.94000244140625,30.344999313354492
2019-11-11,8.550000190734863,56.86000061035156,308.3500061035156,30.174999237060547
2019-11-12,8.579999923706055,56.79999923706055,309.0,30.020000457763672
2019-11-13,8.420000076293945,57.119998931884766,309.1000061035156,29.889999389648438
2019-11-14,8.319999694824219,56.77000045776367,309.54998779296875,29.809999465942383
2019-11-15,8.4399995803833,57.720001220703125,311.7900085449219,30.040000915527344
2019-11-18,8.149999618530273,57.04999923706055,312.0199890136719,29.674999237060547
2019-11-19,8.199999809265137,55.209999084472656,311.92999267578125,29.235000610351562
2019-11-20,8.100000381469727,57.11000061035156,310.7699890136719,29.530000686645508
2019-11-21,8.3100004196167,58.58000183105469,310.2699890136719,30.014999389648438
2019-11-22,8.510000228881836,57.77000045776367,310.9599914550781,29.915000915527344
2019-11-25,8.850000381469727,58.0099983215332,313.3699951171875,29.94499969482422
2019-11-26,8.470000267028809,58.40999984741211,314.0799865722656,29.670000076293945
2019-11-27,8.609999656677246,58.11000061035156,315.4800109863281,29.7450008392334
2019-11-29,8.300000190734863,55.16999816894531,314.30999755859375,29.44499969482422
2019-12-02,8.369999885559082,55.959999084472656,311.6400146484375,29.44499969482422
2019-12-03,8.220000267028809,56.099998474121094,309.54998779296875,29.0049991607666
2019-12-04,8.699999809265137,58.43000030517578,311.4599914550781,29.440000534057617
2019-12-05,8.65999984741211,58.43000030517578,312.0199890136719,29.299999237060547
2019-12-06,9.119999885559082,59.20000076293945,314.8699951171875,29.860000610351562
2019-12-09,9.140000343322754,59.02000045776367,313.8800048828125,29.825000762939453
2019-12-10,9.0600004196167,59.2400016784668,313.5299987792969,29.885000228881836
2019-12-11,9.130000114440918,58.7599983215332,314.4200134277344,29.834999084472656
2019-12-12,9.289999961853027,59.18000030517578,317.1300048828125,30.385000228881836
2019-12-13,9.34000015258789,60.06999969482422,317.32000732421875,30.155000686645508
2019-12-16,9.15999984741211,60.209999084472656,319.5,30.559999465942383
2019-12-17,9.199999809265137,60.939998626708984,319.57000732421875,30.579999923706055
2019-12-18,9.119999885559082,60.93000030517578,319.5899963378906,30.69499969482422
2019-12-19,9.319999694824219,61.220001220703125,320.8999938964844,30.684999465942383
2019-12-20,9.430000305175781,60.439998626708984,320.7300109863281,30.68000030517578
2019-12-23,9.739999771118164,60.52000045776367,321.2200012207031,30.9950008392334
2019-12-24,9.90999984741211,61.11000061035156,321.2300109863281,30.979999542236328
2019-12-26,9.819999694824219,61.68000030517578,322.94000244140625,30.969999313354492
2019-12-27,9.460000038146973,61.720001220703125,322.8599853515625,30.84000015258789
2019-12-30,9.65999984741211,61.68000030517578,321.0799865722656,29.850000381469727
2019-12-31,9.630000114440918,61.060001373291016,321.8599853515625,30.020000457763672
2020-01-02,9.65999984741211,61.18000030517578,324.8699951171875,30.290000915527344
2020-01-03,9.630000114440918,63.04999923706055,322.4100036621094,30.200000762939453
2020-01-06,9.569999694824219,63.27000045776367,323.6400146484375,30.434999465942383
2020-01-07,9.520000457763672,62.70000076293945,322.7300109863281,30.354999542236328
2020-01-08,9.15999984741211,59.61000061035156,324.45001220703125,29.854999542236328
2020-01-09,9.369999885559082,59.560001373291016,326.6499938964844,30.075000762939453
2020-01-10,9.390000343322754,59.040000915527344,325.7099914550781,29.905000686645508
2020-01-13,9.3100004196167,58.08000183105469,327.95001220703125,29.915000915527344
2020-01-14,9.300000190734863,58.22999954223633,327.45001220703125,29.920000076293945
2020-01-15,8.9399995803833,57.810001373291016,328.19000244140625,29.700000762939453
2020-01-16,9.039999961853027,58.52000045776367,330.9200134277344,29.75
2020-01-17,8.90999984741211,58.540000915527344,331.95001220703125,29.559999465942383
2020-01-21,8.75,58.34000015258789,331.29998779296875,29.030000686645508
2020-01-22,8.75,56.7400016784668,331.3399963378906,28.75
2020-01-23,8.850000381469727,55.59000015258789,331.7200012207031,28.639999389648438
2020-01-24,8.630000114440918,54.189998626708984,328.7699890136719,28.309999465942383
2020-01-27,8.319999694824219,53.13999938964844,323.5,27.524999618530273
2020-01-28,8.579999923706055,53.47999954223633,326.8900146484375,27.649999618530273
2020-01-29,8.470000267028809,53.33000183105469,326.6199951171875,27.360000610351562
2020-01-30,8.529999732971191,52.13999938964844,327.67999267578125,27.579999923706055
2020-01-31,8.34000015258789,51.560001373291016,321.7300109863281,26.719999313354492
2020-02-03,8.420000076293945,50.11000061035156,324.1199951171875,26.3700008392334
2020-02-04,8.649999618530273,49.61000061035156,329.05999755859375,26.46500015258789
2020-02-05,8.670000076293945,50.75,332.8599853515625,27.459999084472656
2020-02-06,8.619999885559082,50.95000076293945,333.9800109863281,27.18000030517578
2020-02-07,8.359999656677246,50.31999969482422,332.20001220703125,26.989999771118164
2020-02-10,8.449999809265137,49.56999969482422,334.67999267578125,26.854999542236328
2020-02-11,8.729999542236328,49.939998626708984,335.260009765625,27.155000686645508
2020-02-12,8.729999542236328,51.16999816894531,337.4200134277344,27.520000457763672
2020-02-13,8.710000038146973,51.41999816894531,337.05999755859375,27.434999465942383
2020-02-14,8.84000015258789,52.04999923706055,337.6000061035156,27.290000915527344
2020-02-18,8.819999694824219,52.04999923706055,336.7300109863281,27.065000534057617
2020-02-19,8.949999809265137,53.290000915527344,338.3399963378906,27.424999237060547
2020-02-20,8.890000343322754,53.779998779296875,336.95001220703125,27.395000457763672
2020-02-21,8.25,53.380001068115234,333.4800109863281,27.06999969482422
2020-02-24,7.519999980926514,51.43000030517578,322.4200134277344,25.81999969482422
2020-02-25,7.139999866485596,49.900001525878906,312.6499938964844,24.68000030517578
2020-02-26,7.059999942779541,48.72999954223633,311.5,23.934999465942383
2020-02-27,6.429999828338623,47.09000015258789,297.510009765625,22.655000686645508
2020-02-28,6.710000038146973,44.7599983215332,296.260009765625,22.635000228881836
2020-03-02,6.849999904632568,46.75,309.0899963378906,23.549999237060547
2020-03-03,6.489999771118164,47.18000030517578,300.239990234375,22.829999923706055
2020-03-04,6.599999904632568,46.779998779296875,312.8599853515625,23.3700008392334
2020-03-05,6.03000020980835,45.900001525878906,302.4599914550781,22.514999389648438
2020-03-06,5.190000057220459,41.279998779296875,297.4599914550781,21.25
2020-03-09,2.890000104904175,31.1299991607666,274.2300109863281,16.969999313354492
2020-03-10,2.759999990463257,34.36000061035156,288.4200134277344,17.774999618530273
2020-03-11,2.4100000858306885,32.97999954223633,274.3599853515625,16.834999084472656
2020-03-12,1.649999976158142,31.5,248.11000061035156,14.734999656677246
2020-03-13,2.130000114440918,31.729999542236328,269.32000732421875,16.094999313354492
2020-03-16,1.940000057220459,28.700000762939453,239.85000610351562,13.904999732971191
2020-03-17,1.4800000190734863,26.950000762939453,252.8000030517578,14.0
2020-03-18,1.3300000429153442,20.3700008392334,240.0,11.989999771118164
2020-03-19,1.5399999618530273,25.219999313354492,240.50999450683594,12.805000305175781
2020-03-20,1.559999942779541,22.43000030517578,228.8000030517578,12.930000305175781
2020-03-23,1.5399999618530273,23.360000610351562,222.9499969482422,11.78499984741211
2020-03-24,1.7999999523162842,24.010000228881836,243.14999389648438,13.675000190734863
2020-03-25,2.140000104904175,24.489999771118164,246.7899932861328,14.319999694824219
2020-03-26,1.909999966621399,22.600000381469727,261.20001220703125,15.194999694824219
2020-03-27,1.8700000047683716,21.510000228881836,253.4199981689453,14.164999961853027
2020-03-30,1.7400000095367432,20.09000015258789,261.6499938964844,14.3100004196167
2020-03-31,1.6399999856948853,20.479999542236328,257.75,14.529999732971191
2020-04-01,1.25,20.309999465942383,246.14999389648438,13.8100004196167
2020-04-02,1.1799999475479126,25.31999969482422,251.8300018310547,15.074999809265137
2020-04-03,1.0,28.34000015258789,248.19000244140625,14.914999961853027
2020-04-06,1.0,26.079999923706055,264.8599853515625,15.704999923706055
2020-04-07,1.0099999904632568,23.6299991607666,265.1300048828125,16.040000915527344
2020-04-08,1.2599999904632568,25.09000015258789,274.0299987792969,17.110000610351562
2020-04-09,1.649999976158142,22.760000228881836,278.20001220703125,16.954999923706055
2020-04-13,1.840000033378601,22.40999984741211,275.6600036621094,16.899999618530273
2020-04-14,1.75,20.110000610351562,283.7900085449219,16.81999969482422
2020-04-15,1.600000023841858,19.8700008392334,277.760009765625,16.030000686645508
2020-04-16,1.4600000381469727,19.8700008392334,279.1000061035156,15.345000267028809
2020-04-17,1.5399999618530273,18.270000457763672,286.6400146484375,16.975000381469727
2020-04-20,1.399999976158142,-37.630001068115234,281.5899963378906,16.44499969482422
2020-04-21,1.5499999523162842,10.010000228881836,273.0400085449219,16.155000686645508
2020-04-22,1.590000033378601,13.779999732971191,279.1000061035156,16.729999542236328
2020-04-23,1.6799999475479126,16.5,279.0799865722656,17.270000457763672
2020-04-24,1.5800000429153442,16.940000534057617,282.9700012207031,17.309999465942383
2020-04-27,1.600000023841858,12.779999732971191,287.04998779296875,17.684999465942383
2020-04-28,1.690000057220459,12.34000015258789,285.7300109863281,18.09000015258789
2020-04-29,2.319999933242798,15.0600004196167,293.2099914550781,19.43000030517578
2020-04-30,2.5399999618530273,18.84000015258789,290.4800109863281,19.0
2020-05-01,2.180000066757202,19.780000686645508,282.7900085449219,17.924999237060547
2020-05-04,2.2799999713897705,20.389999389648438,283.57000732421875,18.545000076293945
2020-05-05,2.25,24.559999465942383,286.19000244140625,18.559999465942383
2020-05-06,2.1500000953674316,23.989999771118164,284.25,18.075000762939453
2020-05-07,2.180000066757202,23.549999237060547,287.67999267578125,18.545000076293945
2020-05-08,2.3499999046325684,24.739999771118164,292.44000244140625,19.389999389648438
2020-05-11,2.2799999713897705,24.139999389648438,292.5,19.049999237060547
2020-05-12,2.3399999141693115,25.780000686645508,286.6700134277344,18.71500015258789
2020-05-13,2.059999942779541,25.290000915527344,281.6000061035156,17.864999771118164
2020-05-14,2.140000104904175,27.559999465942383,284.9700012207031,18.065000534057617
2020-05-15,2.069999933242798,29.43000030517578,286.2799987792969,17.9950008392334
2020-05-18,2.3499999046325684,31.81999969482422,295.0,19.46500015258789
2020-05-19,2.5,32.5,291.9700012207031,18.920000076293945
2020-05-20,2.619999885559082,33.4900016784668,296.92999267578125,19.674999237060547
2020-05-21,2.640000104904175,33.91999816894531,294.8800048828125,19.360000610351562
2020-05-22,2.5799999237060547,33.25,295.44000244140625,19.239999771118164
2020-05-26,3.009999990463257,34.349998474121094,299.0799865722656,19.774999618530273
2020-05-27,3.319999933242798,32.810001373291016,303.5299987792969,20.030000686645508
2020-05-28,3.4100000858306885,33.709999084472656,302.9700012207031,19.469999313354492
2020-05-29,3.359999895095825,35.4900016784668,304.32000732421875,19.3799991607666
2020-06-01,3.5199999809265137,35.439998626708984,305.54998779296875,19.719999313354492
2020-06-02,3.7799999713897705,36.810001373291016,308.0799865722656,20.270000457763672
2020-06-03,3.8299999237060547,37.290000915527344,312.17999267578125,20.864999771118164
2020-06-04,4.269999980926514,37.40999984741211,311.3599853515625,20.8700008392334
2020-06-05,5.110000133514404,39.54999923706055,319.3399963378906,22.420000076293945
2020-06-08,5.400000095367432,38.189998626708984,323.20001220703125,23.43000030517578
2020-06-09,4.920000076293945,38.939998626708984,320.7900085449219,22.549999237060547
2020-06-10,4.75,39.599998474121094,319.0,21.440000534057617
2020-06-11,3.609999895095825,36.34000015258789,300.6099853515625,19.420000076293945
2020-06-12,4.130000114440918,36.2599983215332,304.2099914550781,19.90999984741211
2020-06-15,4.269999980926514,37.119998931884766,307.04998779296875,19.969999313354492
2020-06-16,4.139999866485596,38.380001068115234,312.9599914550781,20.545000076293945
2020-06-17,3.880000114440918,37.959999084472656,311.6600036621094,19.844999313354492
2020-06-18,3.859999895095825,38.84000015258789,311.7799987792969,20.09000015258789
2020-06-19,3.7100000381469727,39.75,308.6400146484375,19.78499984741211
2020-06-22,3.759999990463257,40.459999084472656,310.6199951171875,19.625
2020-06-23,3.7899999618530273,40.369998931884766,312.04998779296875,19.645000457763672
2020-06-24,3.2300000190734863,38.0099983215332,304.0899963378906,18.55500030517578
2020-06-25,3.569999933242798,38.720001220703125,307.3500061035156,18.90999984741211
2020-06-26,3.299999952316284,38.4900016784668,300.04998779296875,18.2549991607666
2020-06-29,3.5299999713897705,39.70000076293945,304.4599914550781,18.5
2020-06-30,3.4700000286102295,39.27000045776367,308.3599853515625,18.924999237060547
2020-07-01,3.5799999237060547,39.81999969482422,310.5199890136719,18.46500015258789
2020-07-02,3.4800000190734863,40.650001525878906,312.2300109863281,18.670000076293945
2020-07-06,3.640000104904175,40.630001068115234,317.04998779296875,18.725000381469727
2020-07-07,3.430000066757202,40.619998931884766,313.7799987792969,18.1299991607666
2020-07-08,3.3499999046325684,40.900001525878906,316.17999267578125,18.114999771118164
2020-07-09,3.180000066757202,39.619998931884766,314.3800048828125,17.219999313354492
2020-07-10,3.430000066757202,40.54999923706055,317.5899963378906,17.770000457763672
2020-07-13,3.259999990463257,40.099998474121094,314.8399963378906,17.674999237060547
2020-07-14,3.4100000858306885,40.290000915527344,318.9200134277344,18.295000076293945
2020-07-15,3.559999942779541,41.20000076293945,321.8500061035156,18.690000534057617
2020-07-16,3.569999933242798,40.75,320.7900085449219,18.604999542236328
2020-07-17,3.4100000858306885,40.59000015258789,321.7200012207031,18.344999313354492
2020-07-20,3.5199999809265137,40.810001373291016,324.32000732421875,18.040000915527344
2020-07-21,3.9200000762939453,41.959999084472656,325.010009765625,19.1299991607666
2020-07-22,3.819999933242798,41.900001525878906,326.8599853515625,18.895000457763672
2020-07-23,4.849999904632568,41.06999969482422,322.9599914550781,18.860000610351562
2020-07-24,4.659999847412109,41.290000915527344,320.8800048828125,18.7549991607666
2020-07-27,4.449999809265137,41.599998474121094,323.2200012207031,18.774999618530273
2020-07-28,4.300000190734863,41.040000915527344,321.1700134277344,18.454999923706055
2020-07-29,4.420000076293945,41.27000045776367,325.1199951171875,18.84000015258789
2020-07-30,4.260000228881836,39.91999816894531,323.9599914550781,18.100000381469727
2020-07-31,4.190000057220459,40.27000045776367,326.5199890136719,18.014999389648438
2020-08-03,4.239999771118164,41.0099983215332,328.7900085449219,18.079999923706055
2020-08-04,4.349999904632568,41.70000076293945,330.05999755859375,18.520000457763672
2020-08-05,4.610000133514404,42.189998626708984,332.1099853515625,18.71500015258789
2020-08-06,4.460000038146973,41.95000076293945,334.3299865722656,18.565000534057617
2020-08-07,4.610000133514404,41.220001220703125,334.57000732421875,18.59000015258789
2020-08-10,4.920000076293945,41.939998626708984,335.57000732421875,19.165000915527344
2020-08-11,4.809999942779541,41.61000061035156,332.79998779296875,19.100000381469727
2020-08-12,4.369999885559082,42.66999816894531,337.44000244140625,19.290000915527344
2020-08-13,4.269999980926514,42.2400016784668,336.8299865722656,18.915000915527344
2020-08-14,4.260000228881836,42.0099983215332,336.8399963378906,19.094999313354492
2020-08-17,4.25,42.88999938964844,337.9100036621094,18.985000610351562
2020-08-18,4.190000057220459,42.88999938964844,338.6400146484375,18.7450008392334
2020-08-19,4.090000152587891,42.93000030517578,337.2300109863281,18.530000686645508
2020-08-20,3.930000066757202,42.58000183105469,338.2799987792969,18.1299991607666
2020-08-21,3.5799999237060547,42.34000015258789,339.4800109863281,18.014999389648438
2020-08-24,3.8299999237060547,42.619998931884766,342.9200134277344,18.510000228881836
2020-08-25,3.8399999141693115,43.349998474121094,344.1199951171875,18.25
2020-08-26,3.6600000858306885,43.38999938964844,347.57000732421875,17.864999771118164
2020-08-27,3.640000104904175,43.040000915527344,348.3299865722656,17.899999618530273
2020-08-28,3.7799999713897705,42.970001220703125,350.5799865722656,18.219999313354492
2020-08-31,3.5799999237060547,42.61000061035156,349.30999755859375,17.825000762939453
2020-09-01,3.609999895095825,42.7599983215332,352.6000061035156,17.704999923706055
2020-09-02,3.450000047683716,41.5099983215332,357.70001220703125,17.6200008392334
2020-09-03,3.4700000286102295,41.369998931884766,345.3900146484375,17.489999771118164
2020-09-04,3.5199999809265137,39.77000045776367,342.57000732421875,17.434999465942383
2020-09-08,3.240000009536743,36.7599983215332,333.2099914550781,16.799999237060547
2020-09-09,3.2100000381469727,38.04999923706055,339.7900085449219,16.915000915527344
2020-09-10,3.059999942779541,37.29999923706055,333.8900146484375,16.295000076293945
2020-09-11,3.0199999809265137,37.33000183105469,334.05999755859375,16.309999465942383
2020-09-14,3.2200000286102295,37.2599983215332,338.4599914550781,16.434999465942383
2020-09-15,3.190000057220459,38.279998779296875,340.1700134277344,16.315000534057617
2020-09-16,3.0899999141693115,40.15999984741211,338.82000732421875,16.969999313354492
2020-09-17,3.0899999141693115,40.970001220703125,335.8399963378906,16.9950008392334
2020-09-18,3.059999942779541,41.11000061035156,330.6499938964844,16.80500030517578
2020-09-21,2.7899999618530273,39.310001373291016,326.9700012207031,15.984999656677246
2020-09-22,2.7799999713897705,39.599998474121094,330.29998779296875,15.819999694824219
2020-09-23,2.509999990463257,39.93000030517578,322.6400146484375,15.104999542236328
2020-09-24,2.4600000381469727,40.310001373291016,323.5,15.100000381469727
2020-09-25,2.369999885559082,40.25,328.7300109863281,15.09000015258789
2020-09-28,2.5199999809265137,40.599998474121094,334.19000244140625,15.444999694824219
2020-09-29,2.430000066757202,39.290000915527344,332.3699951171875,15.020000457763672
2020-09-30,2.4100000858306885,40.220001220703125,334.8900146484375,14.975000381469727
2020-10-01,2.3499999046325684,38.720001220703125,337.0400085449219,14.515000343322754
2020-10-02,2.380000114440918,37.04999923706055,333.8399963378906,14.654999732971191
2020-10-05,2.559999942779541,39.220001220703125,339.760009765625,15.095000267028809
2020-10-06,2.5,40.66999816894531,334.92999267578125,14.869999885559082
2020-10-07,2.5799999237060547,39.95000076293945,340.760009765625,15.079999923706055
2020-10-08,2.809999942779541,41.189998626708984,343.7799987792969,15.645000457763672
2020-10-09,2.75,40.599998474121094,346.8500061035156,15.395000457763672
2020-10-12,2.7799999713897705,39.43000030517578,352.42999267578125,15.4350004196167
2020-10-13,2.680000066757202,40.20000076293945,350.1300048828125,15.194999694824219
2020-10-14,2.8399999141693115,41.040000915527344,347.92999267578125,15.260000228881836
2020-10-15,2.819999933242798,40.959999084472656,347.5,15.444999694824219
2020-10-16,2.609999895095825,40.880001068115234,347.2900085449219,15.095000267028809
2020-10-19,2.5799999237060547,40.83000183105469,342.010009765625,14.774999618530273
2020-10-20,2.6600000858306885,41.459999084472656,343.3800048828125,14.949999809265137
2020-10-21,2.609999895095825,40.029998779296875,342.7300109863281,14.664999961853027
2020-10-22,2.7100000381469727,40.63999938964844,344.6099853515625,15.270000457763672
2020-10-23,2.7699999809265137,39.849998474121094,345.7799987792969,15.194999694824219
2020-10-26,2.5399999618530273,38.560001373291016,339.3900146484375,14.649999618530273
2020-10-27,2.5299999713897705,39.56999969482422,338.2200012207031,14.460000038146973
2020-10-28,2.3499999046325684,37.38999938964844,326.6600036621094,13.854999542236328
2020-10-29,2.4100000858306885,36.16999816894531,329.9800109863281,14.279999732971191
2020-10-30,2.4800000190734863,35.790000915527344,326.5400085449219,14.359999656677246
2020-11-02,2.6500000953674316,36.810001373291016,330.20001220703125,14.850000381469727
2020-11-03,2.640000104904175,37.65999984741211,336.0299987792969,14.765000343322754
2020-11-04,2.5999999046325684,39.150001525878906,343.5400085449219,14.78499984741211
2020-11-05,2.6600000858306885,38.790000915527344,350.239990234375,14.78499984741211
2020-11-06,2.559999942779541,37.13999938964844,350.1600036621094,14.46500015258789
2020-11-09,3.140000104904175,40.290000915527344,354.55999755859375,16.530000686645508
2020-11-10,3.2200000286102295,41.36000061035156,354.0400085449219,17.065000534057617
2020-11-11,2.990000009536743,41.45000076293945,356.6700134277344,16.889999389648438
2020-11-12,2.8499999046325684,41.119998931884766,353.2099914550781,16.344999313354492
2020-11-13,2.9800000190734863,40.130001068115234,358.1000061035156,16.940000534057617
2020-11-16,3.200000047683716,41.34000015258789,362.57000732421875,18.05500030517578
2020-11-17,3.380000114440918,41.43000030517578,360.6199951171875,18.239999771118164
2020-11-18,3.4200000762939453,41.81999969482422,356.2799987792969,17.709999084472656
2020-11-19,3.380000114440918,41.7400016784668,357.7799987792969,18.0
2020-11-20,3.2899999618530273,42.150001525878906,355.3299865722656,17.905000686645508
2020-11-23,3.7699999809265137,43.060001373291016,357.4599914550781,19.170000076293945
2020-11-24,4.070000171661377,44.90999984741211,363.2200012207031,20.155000686645508
2020-11-25,4.090000152587891,45.709999084472656,362.6600036621094,19.684999465942383
2020-11-27,4.130000114440918,45.529998779296875,363.6700134277344,19.454999923706055
2020-11-30,3.759999990463257,45.34000015258789,362.05999755859375,18.3799991607666
2020-12-01,3.859999895095825,44.54999923706055,366.0199890136719,18.46500015258789
2020-12-02,4.03000020980835,45.279998779296875,366.7900085449219,19.065000534057617
2020-12-03,3.950000047683716,45.63999938964844,366.69000244140625,19.264999389648438
2020-12-04,4.289999961853027,46.2599983215332,369.8500061035156,20.315000534057617
2020-12-07,4.320000171661377,45.7599983215332,369.0899963378906,19.84000015258789
2020-12-08,4.190000057220459,45.599998474121094,370.1700134277344,20.135000228881836
2020-12-09,4.079999923706055,45.52000045776367,366.8500061035156,20.18000030517578
2020-12-10,4.400000095367432,46.779998779296875,366.7300109863281,20.799999237060547
2020-12-11,4.190000057220459,46.56999969482422,366.29998779296875,20.559999465942383
2020-12-14,4.179999828338623,46.9900016784668,364.6600036621094,19.84000015258789
2020-12-15,4.369999885559082,47.619998931884766,369.5899963378906,20.229999542236328
2020-12-16,4.289999961853027,47.81999969482422,370.1700134277344,20.1299991607666
2020-12-17,4.300000190734863,48.36000061035156,372.239990234375,20.03499984741211
2020-12-18,4.230000019073486,49.099998474121094,369.17999267578125,19.700000762939453
2020-12-21,4.079999923706055,47.7400016784668,367.8599853515625,19.065000534057617
2020-12-22,4.03000020980835,47.02000045776367,367.239990234375,18.7450008392334
2020-12-23,4.199999809265137,48.119998931884766,367.57000732421875,19.15999984741211
2020-12-24,4.130000114440918,48.22999954223633,369.0,19.059999465942383
2020-12-28,4.119999885559082,47.619998931884766,372.1700134277344,18.940000534057617
2020-12-29,4.119999885559082,48.0,371.4599914550781,18.815000534057617
2020-12-30,4.179999828338623,48.400001525878906,371.989990234375,19.110000610351562
2020-12-31,4.199999809265137,48.52000045776367,373.8800048828125,18.950000762939453
2021-01-04,4.239999771118164,47.619998931884766,368.7900085449219,18.979999542236328
2021-01-05,4.570000171661377,49.93000030517578,371.3299865722656,19.829999923706055
2021-01-06,4.769999980926514,50.630001068115234,373.54998779296875,20.434999465942383
2021-01-07,4.730000019073486,50.83000183105469,379.1000061035156,20.735000610351562
2021-01-08,4.789999961853027,52.2400016784668,381.260009765625,20.709999084472656
2021-01-11,4.659999847412109,52.25,378.69000244140625,21.03499984741211
2021-01-12,5.0,53.209999084472656,378.7699890136719,21.770000457763672
2021-01-13,4.769999980926514,52.90999984741211,379.7900085449219,21.600000381469727
2021-01-14,4.960000038146973,53.56999969482422,378.4599914550781,22.239999771118164
2021-01-15,4.670000076293945,52.36000061035156,375.70001220703125,21.375
2021-01-19,4.800000190734863,52.97999954223633,378.6499938964844,21.80500030517578
2021-01-20,4.710000038146973,53.2400016784668,383.8900146484375,21.885000228881836
2021-01-21,4.400000095367432,53.130001068115234,384.239990234375,21.145000457763672
2021-01-22,4.510000228881836,52.27000045776367,382.8800048828125,21.03499984741211
2021-01-25,4.340000152587891,52.77000045776367,384.3900146484375,20.81999969482422
2021-01-26,4.349999904632568,52.61000061035156,383.7900085449219,20.375
2021-01-27,4.170000076293945,52.849998474121094,374.4100036621094,20.100000381469727
2021-01-28,4.25,52.34000015258789,377.6300048828125,20.334999084472656
2021-01-29,4.119999885559082,52.20000076293945,370.07000732421875,19.65999984741211
2021-02-01,4.239999771118164,53.54999923706055,376.2300109863281,19.799999237060547
2021-02-02,4.210000038146973,54.7599983215332,381.54998779296875,20.014999389648438
2021-02-03,4.5,55.689998626708984,381.8500061035156,20.8700008392334
2021-02-04,4.650000095367432,56.22999954223633,386.19000244140625,21.100000381469727
2021-02-05,4.599999904632568,56.849998474121094,387.7099914550781,21.280000686645508
2021-02-08,4.789999961853027,57.970001220703125,390.510009765625,22.170000076293945
2021-02-09,4.730000019073486,58.36000061035156,390.25,21.934999465942383
2021-02-10,4.809999942779541,58.68000030517578,390.0799865722656,22.354999542236328
2021-02-11,4.679999828338623,58.2400016784668,390.7099914550781,22.010000228881836
2021-02-12,4.610000133514404,59.470001220703125,392.6400146484375,22.334999084472656
2021-02-16,4.929999828338623,60.04999923706055,392.29998779296875,22.895000457763672
2021-02-17,4.96999979019165,61.13999938964844,392.3900146484375,23.235000610351562
2021-02-18,4.800000190734863,60.52000045776367,390.7200012207031,22.709999084472656
2021-02-19,4.949999809265137,59.2400016784668,390.0299987792969,23.09000015258789
2021-02-22,5.329999923706055,61.4900016784668,387.0299987792969,23.889999389648438
2021-02-23,4.760000228881836,61.66999816894531,387.5,24.28499984741211
2021-02-24,4.96999979019165,63.220001220703125,391.7699890136719,25.145000457763672
2021-02-25,4.860000133514404,63.529998779296875,382.3299865722656,24.65999984741211
2021-02-26,4.900000095367432,61.5,380.3599853515625,24.075000762939453
2021-03-01,5.269999980926514,60.63999938964844,389.5799865722656,24.700000762939453
2021-03-02,4.989999771118164,59.75,386.5400085449219,24.565000534057617
2021-03-03,5.059999942779541,61.279998779296875,381.4200134277344,24.924999237060547
2021-03-04,5.329999923706055,63.83000183105469,376.70001220703125,25.520000457763672
2021-03-05,5.849999904632568,66.08999633789062,383.6300048828125,26.475000381469727
2021-03-08,6.179999828338623,65.05000305175781,381.7200012207031,26.524999618530273
2021-03-09,6.210000038146973,64.01000213623047,387.1700134277344,26.059999465942383
2021-03-10,6.679999828338623,64.44000244140625,389.5799865722656,26.719999313354492
2021-03-11,6.460000038146973,66.0199966430664,393.5299987792969,26.729999542236328
2021-03-12,6.159999847412109,65.61000061035156,394.05999755859375,26.78499984741211
2021-03-15,6.28000020980835,65.38999938964844,396.4100036621094,26.479999542236328
2021-03-16,5.730000019073486,64.80000305175781,395.9100036621094,25.725000381469727
2021-03-17,5.860000133514404,64.5999984741211,397.260009765625,25.924999237060547
2021-03-18,5.360000133514404,60.0,391.4800109863281,24.760000228881836
2021-03-19,5.449999809265137,61.41999816894531,389.4800109863281,24.764999389648438
2021-03-22,5.320000171661377,61.54999923706055,392.5899963378906,24.270000457763672
2021-03-23,4.880000114440918,57.7599983215332,389.5,23.915000915527344
2021-03-24,4.929999828338623,61.18000030517578,387.5199890136719,24.514999389648438
2021-03-25,4.960000038146973,58.560001373291016,389.70001220703125,24.604999542236328
2021-03-26,5.079999923706055,60.970001220703125,395.9800109863281,25.21500015258789
2021-03-29,4.849999904632568,61.560001373291016,395.7799987792969,24.915000915527344
2021-03-30,4.840000152587891,60.54999923706055,394.7300109863281,24.700000762939453
2021-03-31,5.050000190734863,59.15999984741211,396.3299865722656,24.530000686645508
2021-04-01,5.28000020980835,61.45000076293945,400.6099853515625,25.155000686645508
2021-04-05,4.980000019073486,58.650001525878906,406.3599853515625,24.55500030517578
2021-04-06,5.039999961853027,59.33000183105469,406.1199951171875,24.489999771118164
2021-04-07,5.039999961853027,59.77000045776367,406.5899963378906,24.575000762939453
2021-04-08,4.920000076293945,59.599998474121094,408.5199890136719,24.2549991607666
2021-04-09,4.840000152587891,59.31999969482422,411.489990234375,24.094999313354492
2021-04-12,4.78000020980835,59.70000076293945,411.6400146484375,23.905000686645508
2021-04-13,4.679999828338623,60.18000030517578,412.8599853515625,23.93000030517578
2021-04-14,4.96999979019165,63.150001525878906,411.45001220703125,24.594999313354492
2021-04-15,4.849999904632568,63.459999084472656,415.8699951171875,24.395000457763672
2021-04-16,4.769999980926514,63.130001068115234,417.260009765625,24.200000762939453
2021-04-19,4.75,63.380001068115234,415.2099914550781,24.174999237060547
2021-04-20,4.360000133514404,62.439998626708984,412.1700134277344,23.53499984741211
2021-04-21,4.489999771118164,61.349998474121094,416.07000732421875,23.834999084472656
2021-04-22,4.389999866485596,61.43000030517578,412.2699890136719,23.55500030517578
2021-04-23,4.46999979019165,62.13999938964844,416.739990234375,23.770000457763672
2021-04-26,4.519999980926514,61.90999984741211,417.6099853515625,23.93000030517578
2021-04-27,4.190000057220459,62.939998626708984,417.5199890136719,24.219999313354492
2021-04-28,4.429999828338623,63.86000061035156,417.3999938964844,25.05500030517578
2021-04-29,4.440000057220459,65.01000213623047,420.05999755859375,25.334999084472656
2021-04-30,4.289999961853027,63.58000183105469,417.29998779296875,24.69499969482422
2021-05-03,4.440000057220459,64.48999786376953,418.20001220703125,25.375
2021-05-04,4.489999771118164,65.69000244140625,415.6199951171875,25.389999389648438
2021-05-05,4.760000228881836,65.62999725341797,415.75,26.209999084472656
2021-05-06,4.869999885559082,64.70999908447266,419.07000732421875,26.344999313354492
2021-05-07,5.079999923706055,64.9000015258789,422.1199951171875,26.815000534057617
2021-05-10,4.849999904632568,64.91999816894531,417.94000244140625,26.825000762939453
2021-05-11,4.949999809265137,65.27999877929688,414.2099914550781,26.135000228881836
2021-05-12,4.789999961853027,66.08000183105469,405.4100036621094,26.260000228881836
2021-05-13,4.96999979019165,63.81999969482422,410.2799987792969,25.940000534057617
2021-05-14,5.130000114440918,65.37000274658203,416.5799865722656,26.7450008392334
2021-05-17,5.289999961853027,66.2699966430664,415.5199890136719,27.364999771118164
2021-05-18,5.099999904632568,65.48999786376953,411.94000244140625,26.729999542236328
2021-05-19,5.010000228881836,63.36000061035156,410.8599853515625,26.065000534057617
2021-05-20,4.929999828338623,62.04999923706055,415.2799987792969,26.024999618530273
2021-05-21,5.070000171661377,63.58000183105469,414.94000244140625,26.079999923706055
2021-05-24,5.079999923706055,66.05000305175781,419.1700134277344,26.34000015258789
2021-05-25,4.809999942779541,66.06999969482422,418.239990234375,25.80500030517578
2021-05-26,4.96999979019165,66.20999908447266,419.07000732421875,26.03499984741211
2021-05-27,5.199999809265137,66.8499984741211,419.2900085449219,26.05500030517578
2021-05-28,5.230000019073486,66.31999969482422,420.0400085449219,26.104999542236328
2021-06-01,5.5,67.72000122070312,419.6700134277344,27.110000610351562
2021-06-02,6.050000190734863,68.83000183105469,420.3299865722656,27.614999771118164
2021-06-03,6.159999847412109,68.80999755859375,418.7699890136719,27.690000534057617
2021-06-04,6.460000038146973,69.62000274658203,422.6000061035156,27.875
2021-06-07,6.190000057220459,69.2300033569336,422.19000244140625,27.7549991607666
2021-06-08,6.300000190734863,70.05000305175781,422.2799987792969,27.9950008392334
2021-06-09,6.079999923706055,69.95999908447266,421.6499938964844,27.81999969482422
2021-06-10,6.019999980926514,70.29000091552734,423.6099853515625,27.78499984741211
2021-06-11,6.039999961853027,70.91000366210938,424.30999755859375,27.690000534057617
2021-06-14,6.019999980926514,70.87999725341797,425.260009765625,27.56999969482422
2021-06-15,6.239999771118164,72.12000274658203,424.4800109863281,28.094999313354492
2021-06-16,6.25,72.1500015258789,422.1099853515625,27.94499969482422
2021-06-17,5.929999828338623,71.04000091552734,421.9700012207031,26.9950008392334
2021-06-18,5.900000095367432,71.63999938964844,414.9200134277344,26.19499969482422
2021-06-21,6.119999885559082,73.66000366210938,420.8599853515625,27.03499984741211
2021-06-22,6.260000228881836,73.05999755859375,423.1099853515625,27.21500015258789
2021-06-23,6.360000133514404,73.08000183105469,422.6000061035156,27.290000915527344
2021-06-24,6.519999980926514,73.30000305175781,425.1000061035156,27.524999618530273
2021-06-25,6.099999904632568,74.05000305175781,426.6099853515625,27.670000076293945
2021-06-28,5.789999961853027,72.91000366210938,427.4700012207031,26.735000610351562
2021-06-29,5.690000057220459,72.9800033569336,427.70001220703125,26.604999542236328
2021-06-30,5.710000038146973,73.47000122070312,428.05999755859375,26.934999465942383
2021-07-01,5.860000133514404,75.2300033569336,430.42999267578125,27.405000686645508
2021-07-02,5.670000076293945,75.16000366210938,433.7200012207031,27.344999313354492
2021-07-06,5.409999847412109,73.37000274658203,432.92999267578125,26.454999923706055
2021-07-07,5.21999979019165,72.19999694824219,434.4599914550781,26.024999618530273
2021-07-08,5.159999847412109,72.94000244140625,430.9200134277344,25.875
2021-07-09,5.21999979019165,74.55999755859375,435.5199890136719,26.424999237060547
2021-07-12,5.21999979019165,74.0999984741211,437.0799865722656,26.385000228881836
2021-07-13,5.079999923706055,75.25,435.5899963378906,26.184999465942383
2021-07-14,4.840000152587891,73.12999725341797,436.239990234375,25.405000686645508
2021-07-15,4.670000076293945,71.6500015258789,434.75,25.049999237060547
2021-07-16,4.449999809265137,71.80999755859375,431.3399963378906,24.34000015258789
2021-07-19,4.170000076293945,66.41999816894531,424.9700012207031,23.479999542236328
2021-07-20,4.300000190734863,67.41999816894531,431.05999755859375,23.795000076293945
2021-07-21,4.650000095367432,70.30000305175781,434.54998779296875,24.625
2021-07-22,4.539999961853027,71.91000366210938,435.4599914550781,24.350000381469727
2021-07-23,4.409999847412109,72.06999969482422,439.94000244140625,24.260000228881836
2021-07-26,4.610000133514404,71.91000366210938,441.0199890136719,24.860000610351562
2021-07-27,4.150000095367432,71.6500015258789,439.010009765625,24.6299991607666
2021-07-28,4.110000133514404,72.38999938964844,438.8299865722656,24.854999542236328
2021-07-29,4.289999961853027,73.62000274658203,440.6499938964844,25.094999313354492
2021-07-30,4.150000095367432,73.94999694824219,438.510009765625,24.69499969482422
2021-08-02,4.090000152587891,71.26000213623047,437.5899963378906,24.510000228881836
2021-08-03,4.21999979019165,70.55999755859375,441.1499938964844,24.93000030517578
2021-08-04,4.010000228881836,68.1500015258789,438.9800109863281,24.2549991607666
2021-08-05,4.059999942779541,69.08999633789062,441.760009765625,24.530000686645508
2021-08-06,4.079999923706055,68.27999877929688,442.489990234375,24.7549991607666
2021-08-09,3.990000009536743,66.4800033569336,442.1300048828125,24.405000686645508
2021-08-10,4.110000133514404,68.29000091552734,442.67999267578125,24.834999084472656
2021-08-11,4.130000114440918,69.25,443.7799987792969,25.030000686645508
2021-08-12,3.9700000286102295,69.08999633789062,445.1099853515625,25.0049991607666
2021-08-13,3.869999885559082,68.44000244140625,445.9200134277344,24.709999084472656
2021-08-16,3.700000047683716,67.29000091552734,446.9700012207031,24.2549991607666
2021-08-17,3.630000114440918,66.58999633789062,444.0400085449219,24.0049991607666
2021-08-18,3.4800000190734863,65.45999908447266,439.17999267578125,23.5049991607666
2021-08-19,3.4100000858306885,63.689998626708984,439.8599853515625,22.895000457763672
2021-08-20,3.390000104904175,62.31999969482422,443.3599853515625,22.94499969482422
2021-08-23,3.6500000953674316,65.63999938964844,447.260009765625,23.80500030517578
2021-08-24,3.759999990463257,67.54000091552734,447.9700012207031,24.200000762939453
2021-08-25,3.7899999618530273,68.36000061035156,448.9100036621094,24.385000228881836
2021-08-26,3.6600000858306885,67.41999816894531,446.260009765625,24.014999389648438
2021-08-27,3.9200000762939453,68.73999786376953,450.25,24.655000686645508
2021-08-30,3.809999942779541,69.20999908447266,452.2300109863281,24.364999771118164
2021-08-31,3.759999990463257,68.5,451.55999755859375,24.200000762939453
2021-09-01,3.7699999809265137,68.58999633789062,451.79998779296875,23.844999313354492
2021-09-02,3.819999933242798,69.98999786376953,453.19000244140625,24.450000762939453
2021-09-03,3.7699999809265137,69.29000091552734,453.0799865722656,24.309999465942383
2021-09-07,3.8299999237060547,68.3499984741211,451.4599914550781,24.165000915527344
2021-09-08,3.5399999618530273,69.30000305175781,450.9100036621094,23.854999542236328
2021-09-09,3.569999933242798,68.13999938964844,448.9800109863281,23.905000686645508
2021-09-10,3.549999952316284,69.72000122070312,445.44000244140625,23.895000457763672
2021-09-13,3.940000057220459,70.44999694824219,446.5799865722656,24.579999923706055
2021-09-14,3.7699999809265137,70.45999908447266,444.1700134277344,24.225000381469727
2021-09-15,3.9200000762939453,72.61000061035156,447.8800048828125,25.1299991607666
2021-09-16,3.7699999809265137,72.61000061035156,447.1700134277344,24.844999313354492
2021-09-17,3.7300000190734863,71.97000122070312,441.3999938964844,24.65999984741211
2021-09-20,3.5199999809265137,70.29000091552734,434.0400085449219,23.6200008392334
2021-09-21,3.509999990463257,70.55999755859375,433.6300048828125,23.674999237060547
2021-09-22,3.569999933242798,72.2300033569336,437.8599853515625,24.405000686645508
2021-09-23,3.8399999141693115,73.30000305175781,443.17999267578125,25.260000228881836
2021-09-24,3.799999952316284,73.9800033569336,443.9100036621094,25.450000762939453
2021-09-27,4.019999980926514,75.44999694824219,442.6400146484375,26.354999542236328
2021-09-28,4.03000020980835,75.29000091552734,433.7200012207031,26.44499969482422
2021-09-29,3.9100000858306885,74.83000183105469,434.45001220703125,26.44499969482422
2021-09-30,3.880000114440918,75.02999877929688,429.1400146484375,26.045000076293945
2021-10-01,4.190000057220459,75.87999725341797,434.239990234375,26.920000076293945
2021-10-04,4.349999904632568,77.62000274658203,428.6400146484375,27.360000610351562
2021-10-05,4.369999885559082,78.93000030517578,433.1000061035156,27.520000457763672
2021-10-06,4.119999885559082,77.43000030517578,434.8999938964844,27.229999542236328
2021-10-07,4.199999809265137,78.30000305175781,438.6600036621094,27.440000534057617
2021-10-08,4.349999904632568,79.3499984741211,437.8599853515625,28.28499984741211
2021-10-11,4.289999961853027,80.5199966430664,434.69000244140625,28.18000030517578
2021-10-12,4.260000228881836,80.63999938964844,433.6199951171875,28.204999923706055
2021-10-13,4.300000190734863,80.44000244140625,435.17999267578125,28.18000030517578
2021-10-14,4.289999961853027,81.30999755859375,442.5,28.524999618530273
2021-10-15,4.340000152587891,82.27999877929688,445.8699951171875,28.665000915527344
2021-10-18,4.320000171661377,82.44000244140625,447.19000244140625,28.684999465942383
2021-10-19,4.239999771118164,82.95999908447266,450.6400146484375,29.010000228881836
2021-10-20,4.260000228881836,83.87000274658203,452.4100036621094,29.2450008392334
2021-10-21,4.099999904632568,82.5,453.5899963378906,28.704999923706055
2021-10-22,4.130000114440918,83.76000213623047,453.1199951171875,28.975000381469727
2021-10-25,4.139999866485596,83.76000213623047,455.54998779296875,29.399999618530273
2021-10-26,4.119999885559082,84.6500015258789,455.9599914550781,29.56999969482422
2021-10-27,3.9000000953674316,82.66000366210938,453.94000244140625,28.719999313354492
2021-10-28,3.930000066757202,82.80999755859375,458.32000732421875,28.924999237060547
2021-10-29,3.7799999713897705,83.56999969482422,459.25,28.735000610351562
2021-11-01,4.03000020980835,84.05000305175781,460.0400085449219,29.229999542236328
2021-11-02,3.940000057220459,83.91000366210938,461.8999938964844,28.954999923706055
2021-11-03,3.930000066757202,80.86000061035156,464.7200012207031,28.71500015258789
2021-11-04,3.859999895095825,78.80999755859375,466.9100036621094,28.7549991607666
2021-11-05,4.019999980926514,81.2699966430664,468.5299987792969,29.1299991607666
2021-11-08,4.03000020980835,81.93000030517578,468.92999267578125,29.395000457763672
2021-11-09,4.110000133514404,84.1500015258789,467.3800048828125,29.514999389648438
2021-11-10,3.8299999237060547,81.33999633789062,463.6199951171875,28.735000610351562
2021-11-11,3.799999952316284,81.58999633789062,463.7699890136719,28.844999313354492
2021-11-12,3.799999952316284,80.79000091552734,467.2699890136719,28.774999618530273
2021-11-15,3.759999990463257,80.87999725341797,467.42999267578125,29.014999389648438
2021-11-16,3.75,80.76000213623047,469.2799987792969,29.059999465942383
2021-11-17,3.5999999046325684,78.36000061035156,468.1400146484375,28.614999771118164
2021-11-18,3.509999990463257,79.01000213623047,469.7300109863281,28.44499969482422
2021-11-19,3.259999990463257,76.0999984741211,468.8900146484375,27.334999084472656
2021-11-22,3.3299999237060547,76.75,467.57000732421875,27.81999969482422
2021-11-23,3.4800000190734863,78.5,468.19000244140625,28.674999237060547
2021-11-24,3.380000114440918,78.38999938964844,469.44000244140625,28.954999923706055
2021-11-26,3.240000009536743,68.1500015258789,458.9700012207031,27.790000915527344
2021-11-29,3.259999990463257,69.94999694824219,464.6000061035156,27.950000762939453
2021-11-30,3.0399999618530273,66.18000030517578,455.55999755859375,27.295000076293945
2021-12-01,3.0199999809265137,65.56999969482422,450.5,27.0049991607666
2021-12-02,3.1500000953674316,66.5,457.3999938964844,27.790000915527344
2021-12-03,3.109999895095825,66.26000213623047,453.4200134277344,27.56999969482422
2021-12-06,3.2100000381469727,69.48999786376953,458.7900085449219,27.979999542236328
2021-12-07,3.25,72.05000305175781,468.2799987792969,28.635000228881836
2021-12-08,3.2899999618530273,72.36000061035156,469.5199890136719,28.6299991607666
2021-12-09,3.259999990463257,70.94000244140625,466.3500061035156,28.40999984741211
2021-12-10,3.25,71.66999816894531,470.739990234375,28.6200008392334
2021-12-13,3.0299999713897705,71.29000091552734,466.57000732421875,27.825000762939453
2021-12-14,2.950000047683716,70.7300033569336,463.3599853515625,27.709999084472656
2021-12-15,3.259999990463257,70.87000274658203,470.6000061035156,27.575000762939453
2021-12-16,3.2899999618530273,72.37999725341797,466.45001220703125,27.75
2021-12-17,3.309999942779541,70.86000061035156,459.8699951171875,27.184999465942383
2021-12-20,3.25,68.2300033569336,454.9800109863281,26.5049991607666
2021-12-21,3.509999990463257,71.12000274658203,463.05999755859375,27.260000228881836
2021-12-22,3.5,72.76000213623047,467.69000244140625,27.434999465942383
2021-12-23,3.380000114440918,73.79000091552734,470.6000061035156,27.450000762939453
2021-12-27,3.319999933242798,75.56999969482422,477.260009765625,28.049999237060547
2021-12-28,3.2799999713897705,75.9800033569336,476.8699951171875,28.030000686645508
2021-12-29,3.180000066757202,76.55999755859375,477.4800109863281,27.850000381469727
2021-12-30,3.140000104904175,76.98999786376953,476.1600036621094,27.68000030517578
2021-12-31,3.119999885559082,75.20999908447266,474.9599914550781,27.75
2022-01-03,3.380000114440918,76.08000183105469,477.7099914550781,28.610000610351562
2022-01-04,3.5,76.98999786376953,477.54998779296875,29.600000381469727
2022-01-05,3.369999885559082,77.8499984741211,468.3800048828125,29.594999313354492
2022-01-06,3.450000047683716,79.45999908447266,467.94000244140625,30.2549991607666
2022-01-07,3.630000114440918,78.9000015258789,466.0899963378906,30.670000076293945
2022-01-10,3.559999942779541,78.2300033569336,465.510009765625,30.575000762939453
2022-01-11,3.5999999046325684,81.22000122070312,469.75,31.614999771118164
2022-01-12,3.549999952316284,82.63999938964844,471.0199890136719,31.674999237060547
2022-01-13,3.6700000762939453,82.12000274658203,464.5299987792969,31.514999389648438
2022-01-14,3.809999942779541,83.81999969482422,464.7200012207031,32.255001068115234
2022-01-18,3.630000114440918,85.43000030517578,456.489990234375,32.3849983215332
2022-01-19,3.5299999713897705,86.95999908447266,451.75,32.150001525878906
2022-01-20,3.4000000953674316,86.9000015258789,446.75,31.854999542236328
2022-01-21,3.319999933242798,85.13999938964844,437.9800109863281,31.225000381469727
2022-01-24,3.440000057220459,83.30999755859375,439.8399963378906,31.434999465942383
2022-01-25,3.6500000953674316,85.5999984741211,434.4700012207031,32.654998779296875
2022-01-26,3.609999895095825,87.3499984741211,433.3800048828125,32.599998474121094
2022-01-27,3.549999952316284,86.61000061035156,431.239990234375,32.95500183105469
2022-01-28,3.509999990463257,86.81999969482422,441.95001220703125,32.814998626708984
2022-01-31,3.5299999713897705,88.1500015258789,449.9100036621094,32.959999084472656
2022-02-01,3.859999895095825,88.19999694824219,452.95001220703125,34.1349983215332
2022-02-02,3.8499999046325684,88.26000213623047,457.3500061035156,34.244998931884766
2022-02-03,3.869999885559082,90.2699966430664,446.6000061035156,33.91999816894531
2022-02-04,3.930000066757202,92.30999755859375,448.70001220703125,34.45000076293945
2022-02-07,3.880000114440918,91.31999969482422,447.260009765625,34.88999938964844
2022-02-08,3.6500000953674316,89.36000061035156,450.94000244140625,34.13999938964844
2022-02-09,3.680000066757202,89.66000366210938,457.5400085449219,34.42499923706055
2022-02-10,3.740000009536743,89.87999725341797,449.32000732421875,34.209999084472656
2022-02-11,3.9700000286102295,93.0999984741211,440.4599914550781,35.20500183105469
2022-02-14,3.9100000858306885,95.45999908447266,439.0199890136719,34.375
2022-02-15,3.9600000381469727,92.06999969482422,446.1000061035156,34.01499938964844
2022-02-16,4.190000057220459,93.66000366210938,446.6000061035156,34.290000915527344
2022-02-17,4.179999828338623,91.76000213623047,437.05999755859375,34.23500061035156
2022-02-18,4.050000190734863,91.06999969482422,434.2300109863281,34.025001525878906
2022-02-22,3.9000000953674316,92.3499984741211,429.57000732421875,33.474998474121094
2022-02-23,3.930000066757202,92.0999984741211,421.95001220703125,33.81999969482422
2022-02-24,3.9800000190734863,92.80999755859375,428.29998779296875,33.55500030517578
2022-02-25,3.880000114440918,91.58999633789062,437.75,34.439998626708984
2022-02-28,4.050000190734863,95.72000122070312,436.6300048828125,35.290000915527344
2022-03-01,3.9800000190734863,103.41000366210938,429.9800109863281,35.64500045776367
2022-03-02,4.179999828338623,110.5999984741211,437.8900146484375,36.459999084472656
2022-03-03,4.239999771118164,107.66999816894531,435.7099914550781,36.560001373291016
2022-03-04,4.440000057220459,115.68000030517578,432.1700134277344,37.6150016784668
2022-03-07,4.949999809265137,119.4000015258789,419.42999267578125,38.16999816894531
2022-03-08,5.340000152587891,123.69999694824219,416.25,38.77000045776367
2022-03-09,5.179999828338623,108.69999694824219,427.4100036621094,37.584999084472656
2022-03-10,5.309999942779541,106.0199966430664,425.4800109863281,38.73500061035156
2022-03-11,5.070000171661377,109.33000183105469,420.07000732421875,38.42499923706055
2022-03-14,4.820000171661377,103.01000213623047,417.0,37.275001525878906
2022-03-15,4.619999885559082,96.44000244140625,426.1700134277344,35.90999984741211
2022-03-16,4.460000038146973,95.04000091552734,435.6199951171875,35.744998931884766
2022-03-17,4.679999828338623,102.9800033569336,441.07000732421875,36.974998474121094
2022-03-18,4.650000095367432,104.69999694824219,444.5199890136719,36.939998626708984
2022-03-21,4.78000020980835,112.12000274658203,444.3900146484375,38.064998626708984
2022-03-22,4.760000228881836,111.76000213623047,449.5899963378906,37.78499984741211
2022-03-23,4.71999979019165,114.93000030517578,443.79998779296875,38.435001373291016
2022-03-24,4.75,112.33999633789062,450.489990234375,38.529998779296875
2022-03-25,5.019999980926514,113.9000015258789,452.69000244140625,39.375
2022-03-28,4.739999771118164,105.95999908447266,455.9100036621094,38.400001525878906
2022-03-29,4.880000114440918,104.23999786376953,461.54998779296875,38.29999923706055
2022-03-30,4.849999904632568,107.81999969482422,458.70001220703125,38.744998931884766
2022-03-31,4.78000020980835,100.27999877929688,451.6400146484375,38.220001220703125
2022-04-01,5.179999828338623,99.2699966430664,452.9200134277344,38.529998779296875
2022-04-04,5.150000095367432,103.27999877929688,456.79998779296875,38.58000183105469
2022-04-05,4.980000019073486,101.95999908447266,451.0299987792969,37.974998474121094
2022-04-06,4.920000076293945,96.2300033569336,446.5199890136719,38.20000076293945
2022-04-07,4.880000114440918,96.02999877929688,448.7699890136719,38.70000076293945
2022-04-08,5.0,98.26000213623047,447.57000732421875,39.76499938964844
2022-04-11,4.699999809265137,94.29000091552734,439.9200134277344,38.56999969482422
2022-04-12,4.909999847412109,100.5999984741211,438.2900085449219,39.209999084472656
2022-04-13,4.980000019073486,104.25,443.30999755859375,39.79499816894531
2022-04-14,5.159999847412109,106.94999694824219,437.7900085449219,39.92499923706055
2022-04-18,5.409999847412109,108.20999908447266,437.9700012207031,40.5099983215332
2022-04-19,5.260000228881836,102.55999755859375,445.0400085449219,40.18000030517578
2022-04-20,5.260000228881836,102.75,444.7099914550781,40.334999084472656
2022-04-21,5.010000228881836,103.79000091552734,438.05999755859375,39.05500030517578
2022-04-22,4.820000171661377,102.06999969482422,426.0400085449219,38.099998474121094
2022-04-25,4.590000152587891,98.54000091552734,428.510009765625,36.84000015258789
2022-04-26,4.260000228881836,101.69999694824219,416.1000061035156,36.88999938964844
2022-04-27,4.239999771118164,102.0199966430664,417.2699890136719,37.43000030517578
2022-04-28,4.269999980926514,105.36000061035156,427.80999755859375,38.564998626708984
2022-04-29,4.110000133514404,104.69000244140625,412.0,37.57500076293945
2022-05-02,4.119999885559082,105.16999816894531,414.4800109863281,38.17499923706055
2022-05-03,4.199999809265137,102.41000366210938,416.3800048828125,39.244998931884766
2022-05-04,4.429999828338623,107.80999755859375,429.05999755859375,40.875
2022-05-05,4.360000133514404,108.26000213623047,413.80999755859375,40.2599983215332
2022-05-06,4.340000152587891,109.7699966430664,411.3399963378906,41.459999084472656
2022-05-09,3.8499999046325684,103.08999633789062,398.1700134277344,38.029998779296875
2022-05-10,3.859999895095825,99.76000213623047,399.0899963378906,38.375
2022-05-11,3.940000057220459,105.70999908447266,392.75,38.88999938964844
2022-05-12,3.9100000858306885,106.12999725341797,392.3399963378906,39.05500030517578
2022-05-13,4.019999980926514,110.48999786376953,401.7200012207031,40.38999938964844
2022-05-16,4.170000076293945,114.19999694824219,400.0899963378906,41.45500183105469
2022-05-17,4.349999904632568,112.4000015258789,408.32000732421875,41.935001373291016
2022-05-18,4.25,109.58999633789062,391.8599853515625,40.86000061035156
2022-05-19,4.199999809265137,112.20999908447266,389.4599914550781,40.709999084472656
2022-05-20,4.21999979019165,113.2300033569336,389.6300048828125,40.8849983215332
2022-05-23,4.480000019073486,110.29000091552734,396.9200134277344,41.96500015258789
2022-05-24,4.489999771118164,109.7699966430664,393.8900146484375,42.125
2022-05-25,4.550000190734863,110.33000183105469,397.3699951171875,42.994998931884766
2022-05-26,4.53000020980835,114.08999633789062,405.30999755859375,43.470001220703125
2022-05-27,4.639999866485596,115.06999969482422,415.260009765625,44.26499938964844
2022-05-31,4.639999866485596,114.66999816894531,412.92999267578125,43.599998474121094
2022-06-01,4.820000171661377,115.26000213623047,409.5899963378906,44.310001373291016
2022-06-02,4.75,116.87000274658203,417.3900146484375,44.16999816894531
2022-06-03,4.510000228881836,118.87000274658203,410.5400085449219,44.755001068115234
2022-06-06,4.579999923706055,118.5,411.7900085449219,44.70500183105469
2022-06-07,4.75,119.41000366210938,415.739990234375,46.040000915527344
2022-06-08,4.670000076293945,122.11000061035156,411.2200012207031,46.13999938964844
2022-06-09,4.5,121.51000213623047,401.44000244140625,45.119998931884766
2022-06-10,4.300000190734863,120.66999816894531,389.79998779296875,44.35499954223633
2022-06-13,4.070000171661377,120.93000030517578,375.0,42.040000915527344
2022-06-14,3.8399999141693115,118.93000030517578,373.8699951171875,42.119998931884766
2022-06-15,3.799999952316284,115.30999755859375,379.20001220703125,41.189998626708984
2022-06-16,3.5999999046325684,117.58999633789062,366.6499938964844,38.869998931884766
2022-06-17,3.450000047683716,109.55999755859375,365.8599853515625,36.744998931884766
2022-06-21,3.490000009536743,110.6500015258789,375.07000732421875,38.220001220703125
2022-06-22,3.299999952316284,106.19000244140625,374.3900146484375,36.689998626708984
2022-06-23,3.0799999237060547,104.2699966430664,378.05999755859375,35.33000183105469
2022-06-24,3.069999933242798,107.62000274658203,390.0799865722656,35.79499816894531
2022-06-27,3.4200000762939453,109.56999969482422,388.5899963378906,36.845001220703125
2022-06-28,3.299999952316284,111.76000213623047,380.6499938964844,37.84000015258789
2022-06-29,3.140000104904175,109.77999877929688,380.3399963378906,36.525001525878906
2022-06-30,3.0999999046325684,105.76000213623047,377.25,35.755001068115234
2022-07-01,3.140000104904175,108.43000030517578,381.239990234375,36.290000915527344
2022-07-05,2.809999942779541,99.5,381.9599914550781,34.849998474121094
2022-07-06,2.75,98.52999877929688,383.25,34.255001068115234
2022-07-07,2.9600000381469727,102.7300033569336,388.989990234375,35.4900016784668
2022-07-08,2.950000047683716,104.79000091552734,388.6700134277344,35.474998474121094
2022-07-11,2.859999895095825,104.08999633789062,384.2300109863281,35.1349983215332
2022-07-12,2.7100000381469727,95.83999633789062,380.8299865722656,34.45000076293945
2022-07-13,2.700000047683716,96.30000305175781,378.8299865722656,34.39500045776367
2022-07-14,2.5,95.77999877929688,377.9100036621094,33.744998931884766
2022-07-15,2.569999933242798,97.58999633789062,385.1300048828125,34.29499816894531
2022-07-18,2.7100000381469727,102.5999984741211,381.95001220703125,35.08000183105469
2022-07-19,2.880000114440918,104.22000122070312,392.2699890136719,36.15999984741211
2022-07-20,2.880000114440918,102.26000213623047,394.7699890136719,36.5099983215332
2022-07-21,2.6500000953674316,96.3499984741211,398.7900085449219,35.869998931884766
2022-07-22,2.609999895095825,94.69999694824219,395.0899963378906,35.57500076293945
2022-07-25,2.8499999046325684,96.69999694824219,395.57000732421875,36.880001068115234
2022-07-26,3.180000066757202,94.9800033569336,390.8900146484375,36.54499816894531
2022-07-27,3.609999895095825,97.26000213623047,401.0400085449219,37.369998931884766
2022-07-28,3.859999895095825,96.41999816894531,406.07000732421875,37.58000183105469
2022-07-29,4.039999961853027,98.62000274658203,411.989990234375,39.209999084472656
2022-08-01,3.940000057220459,93.88999938964844,410.7699890136719,38.400001525878906
2022-08-02,4.059999942779541,94.41999816894531,408.05999755859375,38.310001373291016
2022-08-03,3.9700000286102295,90.66000366210938,414.45001220703125,37.209999084472656
2022-08-04,3.799999952316284,88.54000091552734,414.1700134277344,35.83000183105469
2022-08-05,3.990000009536743,89.01000213623047,413.4700012207031,36.540000915527344
2022-08-08,3.9600000381469727,90.76000213623047,412.989990234375,36.72999954223633
2022-08-09,3.9800000190734863,90.5,411.3500061035156,37.375
2022-08-10,4.010000228881836,91.93000030517578,419.989990234375,37.64500045776367
2022-08-11,4.110000133514404,94.33999633789062,419.989990234375,38.939998626708984
2022-08-12,4.230000019073486,92.08999633789062,427.1000061035156,39.23500061035156
2022-08-15,4.110000133514404,89.41000366210938,428.8599853515625,38.470001220703125
2022-08-16,3.950000047683716,86.52999877929688,429.70001220703125,38.380001068115234
2022-08-17,3.940000057220459,88.11000061035156,426.6499938964844,38.70000076293945
2022-08-18,4.179999828338623,90.5,427.8900146484375,39.7400016784668
2022-08-19,4.099999904632568,90.7699966430664,422.1400146484375,39.72999954223633
2022-08-22,4.050000190734863,90.2300033569336,413.3500061035156,39.654998779296875
2022-08-23,4.269999980926514,93.73999786376953,412.3500061035156,41.084999084472656
2022-08-24,4.369999885559082,94.88999938964844,413.6700134277344,41.59000015258789
2022-08-25,4.489999771118164,92.5199966430664,419.510009765625,41.90999984741211
2022-08-26,4.389999866485596,93.05999755859375,405.30999755859375,41.41999816894531
2022-08-29,4.579999923706055,97.01000213623047,402.6300048828125,42.04499816894531
2022-08-30,4.369999885559082,91.63999938964844,398.2099914550781,40.619998931884766
2022-08-31,4.320000171661377,89.55000305175781,395.17999267578125,40.25
2022-09-01,4.159999847412109,86.61000061035156,396.4200134277344,39.2599983215332
2022-09-02,4.440000057220459,86.87000274658203,392.239990234375,39.97999954223633
2022-09-06,4.25,86.87999725341797,390.760009765625,39.61000061035156
2022-09-07,4.239999771118164,81.94000244140625,397.7799987792969,39.150001525878906
2022-09-08,4.159999847412109,83.54000091552734,400.3800048828125,39.31999969482422
2022-09-09,4.400000095367432,86.79000091552734,406.6000061035156,40.29999923706055
2022-09-12,4.409999847412109,87.77999877929688,410.9700012207031,41.040000915527344
2022-09-13,4.320000171661377,87.30999755859375,393.1000061035156,40.005001068115234
2022-09-14,4.610000133514404,88.4800033569336,394.6000061035156,41.1349983215332
2022-09-15,4.539999961853027,85.0999984741211,390.1199951171875,40.07500076293945
2022-09-16,4.5,85.11000061035156,385.55999755859375,39.220001220703125
2022-09-19,4.480000019073486,85.7300033569336,388.54998779296875,38.81999969482422
2022-09-20,4.380000114440918,84.44999694824219,384.0899963378906,38.54999923706055
2022-09-21,4.260000228881836,82.94000244140625,377.3900146484375,37.98500061035156
2022-09-22,4.21999979019165,83.48999786376953,374.2200012207031,37.849998474121094
2022-09-23,3.7300000190734863,78.73999786376953,367.95001220703125,35.2400016784668
2022-09-26,3.7200000286102295,76.70999908447266,364.30999755859375,34.375
2022-09-27,3.6600000858306885,78.5,363.3800048828125,34.7599983215332
2022-09-28,3.990000009536743,82.1500015258789,370.5299987792969,36.29999923706055
2022-09-29,3.930000066757202,81.2300033569336,362.7900085449219,36.29999923706055
2022-09-30,3.859999895095825,79.48999786376953,357.17999267578125,36.0099983215332
2022-10-03,4.119999885559082,83.62999725341797,366.6099853515625,38.04499816894531
2022-10-04,4.349999904632568,86.5199966430664,377.9700012207031,39.68000030517578
2022-10-05,4.389999866485596,87.76000213623047,377.0899963378906,40.5
2022-10-06,4.5,88.44999694824219,373.20001220703125,41.220001220703125
2022-10-07,4.5,92.63999938964844,362.7900085449219,40.900001525878906
2022-10-10,4.349999904632568,91.12999725341797,360.0199890136719,40.060001373291016
2022-10-11,4.309999942779541,89.3499984741211,357.739990234375,39.7400016784668
2022-10-12,4.389999866485596,87.2699966430664,356.55999755859375,40.060001373291016
2022-10-13,4.460000038146973,89.11000061035156,365.9700012207031,41.69499969482422
2022-10-14,4.300000190734863,85.61000061035156,357.6300048828125,40.13999938964844
2022-10-17,4.369999885559082,85.45999908447266,366.82000732421875,40.63999938964844
2022-10-18,4.440000057220459,82.81999969482422,371.1300048828125,40.994998931884766
2022-10-19,4.570000171661377,85.55000305175781,368.5,42.20500183105469
2022-10-20,4.679999828338623,85.9800033569336,365.4100036621094,42.244998931884766
2022-10-21,4.739999771118164,85.05000305175781,374.2900085449219,43.46500015258789
2022-10-24,4.800000190734863,84.58000183105469,378.8699951171875,43.66999816894531
2022-10-25,5.179999828338623,85.31999969482422,384.9200134277344,43.71500015258789
2022-10-26,6.159999847412109,87.91000366210938,382.0199890136719,44.310001373291016
2022-10-27,6.329999923706055,89.08000183105469,379.9800109863281,44.470001220703125
2022-10-28,6.5,87.9000015258789,389.0199890136719,44.625
2022-10-31,7.0,86.52999877929688,386.2099914550781,45.0
2022-11-01,6.940000057220459,88.37000274658203,384.5199890136719,45.435001373291016
2022-11-02,6.769999980926514,90.0,374.8699951171875,44.34000015258789
2022-11-03,6.75,88.16999816894531,371.010009765625,45.15999984741211
2022-11-04,6.840000152587891,92.61000061035156,376.3500061035156,45.709999084472656
2022-11-07,7.0,91.79000091552734,379.95001220703125,46.494998931884766
2022-11-08,6.849999904632568,88.91000366210938,382.0,46.540000915527344
2022-11-09,6.579999923706055,85.83000183105469,374.1300048828125,44.26499938964844
2022-11-10,6.739999771118164,86.47000122070312,394.69000244140625,45.25
2022-11-11,6.860000133514404,88.95999908447266,398.510009765625,46.564998626708984
2022-11-14,6.730000019073486,85.87000274658203,395.1199951171875,46.54999923706055
2022-11-15,6.809999942779541,86.91999816894531,398.489990234375,47.040000915527344
2022-11-16,6.670000076293945,85.58999633789062,395.45001220703125,46.08000183105469
2022-11-17,6.789999961853027,81.63999938964844,394.239990234375,46.18000030517578
2022-11-18,6.659999847412109,80.08000183105469,396.0299987792969,45.814998626708984
2022-11-21,6.380000114440918,79.7300033569336,394.5899963378906,45.19499969482422
2022-11-22,6.53000020980835,80.94999694824219,399.8999938964844,46.61000061035156
2022-11-23,6.289999961853027,77.94000244140625,402.4200134277344,46.10499954223633
2022-11-25,6.260000228881836,76.27999877929688,402.3299865722656,45.935001373291016
2022-11-28,6.119999885559082,77.23999786376953,395.9100036621094,44.67499923706055
2022-11-29,6.300000190734863,78.19999694824219,395.2300109863281,45.349998474121094
2022-11-30,6.380000114440918,80.55000305175781,407.67999267578125,45.57500076293945
2022-12-01,6.420000076293945,81.22000122070312,407.3800048828125,45.42499923706055
2022-12-02,6.539999961853027,79.9800033569336,406.9100036621094,45.154998779296875
2022-12-05,6.179999828338623,76.93000030517578,399.5899963378906,43.814998626708984
2022-12-06,6.199999809265137,74.25,393.8299865722656,42.65999984741211
2022-12-07,5.96999979019165,72.01000213623047,393.1600036621094,42.560001373291016
2022-12-08,6.019999980926514,71.45999908447266,396.239990234375,42.369998931884766
2022-12-09,5.789999961853027,71.0199966430664,393.2799987792969,41.34000015258789
2022-12-12,6.039999961853027,73.16999816894531,398.95001220703125,42.42499923706055
2022-12-13,6.21999979019165,75.38999938964844,401.9700012207031,43.22999954223633
2022-12-14,6.369999885559082,77.27999877929688,399.3999938964844,42.96500015258789
2022-12-15,6.199999809265137,76.11000061035156,389.6300048828125,42.70500183105469
2022-12-16,6.239999771118164,74.29000091552734,383.2699890136719,42.18000030517578
2022-12-19,6.170000076293945,75.19000244140625,380.0199890136719,41.744998931884766
2022-12-20,6.679999828338623,76.08999633789062,380.5400085449219,42.375
2022-12-21,6.78000020980835,78.29000091552734,386.2300109863281,43.18000030517578
2022-12-22,6.659999847412109,77.48999786376953,380.7200012207031,42.185001373291016
2022-12-23,7.079999923706055,79.55999755859375,382.9100036621094,43.529998779296875
2022-12-27,7.409999847412109,79.52999877929688,381.3999938964844,43.994998931884766
2022-12-28,6.96999979019165,78.95999908447266,376.6600036621094,43.0099983215332
2022-12-29,7.320000171661377,78.4000015258789,383.44000244140625,43.459999084472656
2022-12-30,7.380000114440918,80.26000213623047,382.42999267578125,43.73500061035156
2023-01-03,7.010000228881836,76.93000030517578,380.82000732421875,42.20000076293945
2023-01-04,6.949999809265137,72.83999633789062,383.760009765625,42.19499969482422
2023-01-05,7.159999847412109,73.66999816894531,379.3800048828125,42.96500015258789
2023-01-06,7.260000228881836,73.7699966430664,388.0799865722656,43.779998779296875
2023-01-09,7.449999809265137,74.62999725341797,387.8599853515625,43.625
2023-01-10,7.690000057220459,75.12000274658203,390.5799865722656,43.935001373291016
2023-01-11,7.670000076293945,77.41000366210938,395.5199890136719,44.06999969482422
2023-01-12,7.900000095367432,78.38999938964844,396.9599914550781,44.90999984741211
2023-01-13,7.929999828338623,79.86000061035156,398.5,44.974998474121094
2023-01-17,8.039999961853027,80.18000030517578,397.7699890136719,45.06999969482422
2023-01-18,7.579999923706055,79.4800033569336,391.489990234375,44.244998931884766
2023-01-19,7.670000076293945,80.33000183105469,388.6400146484375,44.79499816894531
2023-01-20,7.699999809265137,81.30999755859375,395.8800048828125,45.2400016784668
2023-01-23,7.659999847412109,81.62000274658203,400.6300048828125,45.29999923706055
2023-01-24,7.579999923706055,80.12999725341797,400.20001220703125,45.125
2023-01-25,7.889999866485596,80.1500015258789,400.3500061035156,45.130001068115234
2023-01-26,8.020000457763672,81.01000213623047,404.75,46.55500030517578
2023-01-27,7.78000020980835,79.68000030517578,405.67999267578125,45.6150016784668
2023-01-30,7.809999942779541,77.9000015258789,400.5899963378906,44.56999969482422
2023-01-31,7.929999828338623,78.87000274658203,406.4800109863281,44.96500015258789
2023-02-01,7.769999980926514,76.41000366210938,410.79998779296875,44.08000183105469
2023-02-02,7.630000114440918,75.87999725341797,416.7799987792969,43.07500076293945
2023-02-03,7.710000038146973,73.38999938964844,412.3500061035156,42.97999954223633
2023-02-06,7.760000228881836,74.11000061035156,409.8299865722656,42.78499984741211
2023-02-07,7.789999961853027,77.13999938964844,415.19000244140625,44.17499923706055
2023-02-08,7.909999847412109,78.47000122070312,410.6499938964844,43.779998779296875
2023-02-09,7.699999809265137,78.05999755859375,407.0899963378906,43.404998779296875
2023-02-10,8.229999542236328,79.72000122070312,408.0400085449219,45.10499954223633
2023-02-13,8.130000114440918,80.13999938964844,412.8299865722656,44.9900016784668
2023-02-14,8.079999923706055,79.05999755859375,412.6400146484375,45.005001068115234
2023-02-15,7.989999771118164,78.58999633789062,413.9800109863281,44.2400016784668
2023-02-16,7.980000019073486,78.48999786376953,408.2799987792969,43.80500030517578
2023-02-17,7.619999885559082,76.33999633789062,407.260009765625,42.244998931884766
2023-02-21,8.539999961853027,76.16000366210938,399.0899963378906,42.03499984741211
2023-02-22,7.96999979019165,73.94999694824219,398.5400085449219,41.755001068115234
2023-02-23,8.119999885559082,75.38999938964844,400.6600036621094,42.3849983215332
2023-02-24,8.210000038146973,76.31999969482422,396.3800048828125,42.33000183105469
2023-02-27,8.369999885559082,75.68000030517578,397.7300109863281,42.45500183105469
2023-02-28,8.279999732971191,77.05000305175781,396.260009765625,41.845001220703125
2023-03-01,8.470000267028809,77.69000244140625,394.739990234375,42.66999816894531
2023-03-02,8.40999984741211,78.16000366210938,397.80999755859375,43.04499816894531
2023-03-03,8.729999542236328,79.68000030517578,404.19000244140625,43.630001068115234
2023-03-06,8.699999809265137,80.45999908447266,404.4700012207031,43.650001525878906
2023-03-07,8.470000267028809,77.58000183105469,398.2699890136719,42.88999938964844
2023-03-08,8.479999542236328,76.66000366210938,398.9200134277344,42.45000076293945
2023-03-09,7.989999771118164,75.72000122070312,391.55999755859375,41.849998474121094
2023-03-10,7.869999885559082,76.68000030517578,385.9100036621094,41.314998626708984
2023-03-13,7.610000133514404,74.80000305175781,385.3599853515625,40.474998474121094
2023-03-14,7.760000228881836,71.33000183105469,391.7300109863281,40.875
2023-03-15,7.340000152587891,67.61000061035156,389.2799987792969,38.68000030517578
2023-03-16,7.389999866485596,68.3499984741211,396.1099853515625,39.099998474121094
2023-03-17,7.210000038146973,66.73999786376953,389.989990234375,38.48500061035156
2023-03-20,7.300000190734863,67.63999938964844,393.739990234375,38.849998474121094
2023-03-21,7.630000114440918,69.33000183105469,398.9100036621094,40.19499969482422
2023-03-22,7.420000076293945,70.9000015258789,392.1099853515625,39.34000015258789
2023-03-23,7.340000152587891,69.95999908447266,393.1700134277344,38.79499816894531
2023-03-24,7.190000057220459,69.26000213623047,395.75,38.94499969482422
2023-03-27,7.599999904632568,72.80999755859375,396.489990234375,39.775001525878906
2023-03-28,7.739999771118164,73.19999694824219,395.6000061035156,40.38999938964844
2023-03-29,7.820000171661377,72.97000122070312,401.3500061035156,40.95000076293945
2023-03-30,7.690000057220459,74.37000274658203,403.70001220703125,41.130001068115234
2023-03-31,7.739999771118164,75.66999816894531,409.3900146484375,41.415000915527344
2023-04-03,8.0600004196167,80.41999816894531,410.95001220703125,43.290000915527344
2023-04-04,7.869999885559082,80.70999908447266,408.6700134277344,42.505001068115234
2023-04-05,7.809999942779541,80.61000061035156,407.6000061035156,43.14500045776367
2023-04-06,7.579999923706055,80.69999694824219,409.19000244140625,42.4900016784668
2023-04-10,7.75,79.73999786376953,409.6099853515625,42.83000183105469
2023-04-11,7.840000152587891,81.52999877929688,409.7200012207031,43.23500061035156
2023-04-12,7.789999961853027,83.26000213623047,408.04998779296875,43.26499938964844
2023-04-13,7.78000020980835,82.16000366210938,413.4700012207031,43.53499984741211
2023-04-14,7.710000038146973,82.5199966430664,412.4599914550781,43.6150016784668
2023-04-17,7.679999828338623,80.83000183105469,413.94000244140625,43.099998474121094
2023-04-18,7.639999866485596,80.86000061035156,414.2099914550781,43.27000045776367
2023-04-19,7.650000095367432,79.16000366210938,414.1400146484375,43.119998931884766
2023-04-20,7.650000095367432,77.29000091552734,411.8800048828125,42.7400016784668
2023-04-21,7.659999847412109,77.87000274658203,412.20001220703125,42.4900016784668
2023-04-24,7.860000133514404,78.76000213623047,412.6300048828125,43.13999938964844
2023-04-25,7.210000038146973,77.06999969482422,406.0799865722656,42.33000183105469
2023-04-26,7.130000114440918,74.30000305175781,404.3599853515625,41.76499938964844
2023-04-27,7.010000228881836,74.76000213623047,412.4100036621094,41.915000915527344
2023-04-28,7.25,76.77999877929688,415.92999267578125,42.564998626708984
2023-05-01,7.130000114440918,75.66000366210938,415.510009765625,42.084999084472656
2023-05-02,6.789999961853027,71.66000366210938,410.8399963378906,40.255001068115234
2023-05-03,6.619999885559082,68.5999984741211,408.0199890136719,39.494998931884766
2023-05-04,6.869999885559082,68.55999755859375,405.1300048828125,39.05500030517578
2023-05-05,7.010000228881836,71.33999633789062,412.6300048828125,40.1150016784668
2023-05-08,6.920000076293945,73.16000366210938,412.739990234375,40.1150016784668
2023-05-09,7.0,73.70999908447266,410.92999267578125,40.130001068115234
2023-05-10,6.989999771118164,72.55999755859375,412.8500061035156,39.67499923706055
2023-05-11,6.71999979019165,70.87000274658203,412.1300048828125,39.20000076293945
2023-05-12,6.730000019073486,70.04000091552734,411.5899963378906,39.2599983215332
2023-05-15,6.710000038146973,71.11000061035156,413.010009765625,39.459999084472656
2023-05-16,6.599999904632568,70.86000061035156,410.25,38.4900016784668
2023-05-17,6.690000057220459,72.83000183105469,415.2300109863281,39.22999954223633
2023-05-18,6.71999979019165,71.86000061035156,419.2300109863281,39.51499938964844
2023-05-19,6.690000057220459,71.55000305175781,418.6199951171875,39.81999969482422
2023-05-22,6.760000228881836,71.98999786376953,418.7900085449219,39.654998779296875
2023-05-23,6.820000171661377,72.91000366210938,414.0899963378906,40.08000183105469
2023-05-24,6.820000171661377,74.33999633789062,411.0899963378906,40.255001068115234
2023-05-25,6.579999923706055,71.83000183105469,414.6499938964844,39.540000915527344
2023-05-26,6.610000133514404,72.66999816894531,420.0199890136719,39.3849983215332
2023-05-30,6.449999809265137,69.45999908447266,420.17999267578125,38.97999954223633
2023-05-31,6.28000020980835,68.08999633789062,417.8500061035156,38.29499816894531
2023-06-01,6.630000114440918,70.0999984741211,421.82000732421875,38.77000045776367
2023-06-02,7.03000020980835,71.73999786376953,427.9200134277344,39.95000076293945
2023-06-05,7.010000228881836,72.1500015258789,427.1000061035156,39.685001373291016
2023-06-06,7.070000171661377,71.73999786376953,428.0299987792969,40.005001068115234
2023-06-07,7.28000020980835,72.52999877929688,426.54998779296875,41.064998626708984
2023-06-08,7.349999904632568,71.29000091552734,429.1300048828125,40.88999938964844
2023-06-09,7.289999961853027,70.16999816894531,429.8999938964844,40.665000915527344
2023-06-12,6.880000114440918,67.12000274658203,433.79998779296875,40.275001525878906
2023-06-13,6.960000038146973,69.41999816894531,436.6600036621094,40.46500015258789
2023-06-14,6.789999961853027,68.2699966430664,437.17999267578125,40.04999923706055
2023-06-15,6.869999885559082,70.62000274658203,442.6000061035156,40.4900016784668
2023-06-16,6.75,71.77999877929688,439.4599914550781,40.43000030517578
2023-06-20,6.800000190734863,70.5,437.17999267578125,39.18000030517578
2023-06-21,6.96999979019165,72.52999877929688,434.94000244140625,39.4900016784668
2023-06-22,6.869999885559082,69.51000213623047,436.510009765625,38.959999084472656
2023-06-23,6.929999828338623,69.16000366210938,433.2099914550781,38.68000030517578
2023-06-26,7.070000171661377,69.37000274658203,431.44000244140625,39.375
2023-06-27,7.110000133514404,67.69999694824219,436.1700134277344,39.46500015258789
2023-06-28,7.099999904632568,69.55999755859375,436.3900146484375,39.8650016784668
2023-06-29,7.230000019073486,69.86000061035156,438.1099853515625,40.32500076293945
2023-06-30,7.380000114440918,70.63999938964844,443.2799987792969,40.584999084472656
2023-07-03,7.489999771118164,69.79000091552734,443.7900085449219,40.68000030517578
2023-07-05,7.489999771118164,71.79000091552734,443.1300048828125,40.45500183105469
2023-07-06,7.449999809265137,71.80000305175781,439.6600036621094,39.54499816894531
2023-07-07,7.929999828338623,73.86000061035156,438.54998779296875,40.39500045776367
2023-07-10,8.0,72.98999786376953,439.6600036621094,40.709999084472656
2023-07-11,8.199999809265137,74.83000183105469,442.4599914550781,41.60499954223633
2023-07-12,8.109999656677246,75.75,446.0199890136719,41.9900016784668
2023-07-13,8.210000038146973,76.88999938964844,449.55999755859375,41.83000183105469
2023-07-14,8.140000343322754,75.41999816894531,449.2799987792969,40.724998474121094
2023-07-17,8.279999732971191,74.1500015258789,450.8399963378906,40.64500045776367
2023-07-18,8.430000305175781,75.75,454.19000244140625,41.05500030517578
2023-07-19,8.350000381469727,75.3499984741211,455.20001220703125,41.29499816894531
2023-07-20,8.380000114440918,75.62999725341797,452.17999267578125,41.779998779296875
2023-07-21,8.369999885559082,77.06999969482422,452.17999267578125,42.150001525878906
2023-07-24,8.489999771118164,78.73999786376953,454.20001220703125,42.83000183105469
2023-07-25,8.529999732971191,79.62999725341797,455.44000244140625,43.05500030517578
2023-07-26,8.640000343322754,78.77999877929688,455.510009765625,43.06999969482422
2023-07-27,9.399999618530273,80.08999633789062,452.489990234375,42.79499816894531
2023-07-28,9.5600004196167,80.58000183105469,456.9200134277344,42.92499923706055
2023-07-31,9.600000381469727,81.80000305175781,457.7900085449219,43.7400016784668
2023-08-01,9.550000190734863,81.37000274658203,456.4800109863281,43.53499984741211
2023-08-02,9.380000114440918,79.48999786376953,450.1300048828125,42.96500015258789
2023-08-03,9.520000457763672,81.55000305175781,448.8399963378906,43.400001525878906
2023-08-04,9.569999694824219,82.81999969482422,446.80999755859375,43.459999084472656
2023-08-07,9.5600004196167,81.94000244140625,450.7099914550781,43.5099983215332
2023-08-08,9.569999694824219,82.91999816894531,448.75,43.724998474121094
2023-08-09,9.729999542236328,84.4000015258789,445.75,44.275001525878906
2023-08-10,9.6899995803833,82.81999969482422,445.9100036621094,44.27000045776367
2023-08-11,9.680000305175781,83.19000244140625,445.6499938964844,44.95000076293945
2023-08-14,9.460000038146973,82.51000213623047,448.1099853515625,44.7599983215332
2023-08-15,9.239999771118164,80.98999786376953,442.8900146484375,43.83000183105469
2023-08-16,9.3100004196167,79.37999725341797,439.6400146484375,43.45000076293945
2023-08-17,9.300000190734863,80.38999938964844,436.2900085449219,43.970001220703125
2023-08-18,9.520000457763672,81.25,436.5,44.404998779296875
2023-08-21,9.489999771118164,80.72000122070312,439.3399963378906,44.125
2023-08-22,9.380000114440918,80.3499984741211,438.1499938964844,43.78499984741211
2023-08-23,9.449999809265137,78.88999938964844,443.0299987792969,43.67499923706055
2023-08-24,9.449999809265137,79.05000305175781,436.8900146484375,43.375
2023-08-25,9.399999618530273,79.83000183105469,439.9700012207031,43.79499816894531
2023-08-28,9.720000267028809,80.0999984741211,442.760009765625,44.09000015258789
2023-08-29,10.119999885559082,81.16000366210938,449.1600036621094,44.209999084472656
2023-08-30,10.1899995803833,81.62999725341797,451.010009765625,44.43000030517578
2023-08-31,10.140000343322754,83.62999725341797,450.3500061035156,44.459999084472656
2023-09-01,10.470000267028809,85.55000305175781,451.19000244140625,45.369998931884766
2023-09-05,10.630000114440918,86.69000244140625,449.239990234375,45.61000061035156
2023-09-06,10.550000190734863,87.54000091552734,446.2200012207031,45.630001068115234
2023-09-07,10.8100004196167,86.87000274658203,444.8500061035156,45.584999084472656
2023-09-08,10.899999618530273,87.51000213623047,445.5199890136719,46.025001525878906
2023-09-11,11.1899995803833,87.29000091552734,448.45001220703125,45.41999816894531
2023-09-12,11.0,88.83999633789062,445.989990234375,46.4900016784668
2023-09-13,10.84000015258789,88.5199966430664,446.510009765625,46.13999938964844
2023-09-14,10.890000343322754,90.16000366210938,450.3599853515625,46.68000030517578
2023-09-15,10.729999542236328,90.7699966430664,443.3699951171875,46.005001068115234
2023-09-18,10.899999618530273,91.4800033569336,443.6300048828125,46.05500030517578
2023-09-19,10.710000038146973,91.19999694824219,442.7099914550781,45.625
2023-09-20,10.970000267028809,90.27999877929688,438.6400146484375,45.20000076293945
2023-09-21,11.029999732971191,89.62999725341797,431.3900146484375,44.58000183105469
2023-09-22,11.220000267028809,90.02999877929688,430.4200134277344,44.654998779296875
2023-09-25,11.350000381469727,89.68000030517578,432.2300109863281,45.21500015258789
2023-09-26,11.140000343322754,90.38999938964844,425.8800048828125,44.95500183105469
2023-09-27,11.630000114440918,93.68000030517578,426.04998779296875,46.07500076293945
2023-09-28,11.380000114440918,91.70999908447266,428.5199890136719,46.125
2023-09-29,11.170000076293945,90.79000091552734,427.4800109863281,45.19499969482422
2023-10-02,10.710000038146973,88.81999969482422,427.30999755859375,44.29499816894531
2023-10-03,10.65999984741211,89.2300033569336,421.5899963378906,44.26499938964844
2023-10-04,10.34000015258789,84.22000122070312,424.6600036621094,42.875
2023-10-05,9.960000038146973,82.30999755859375,424.5,42.61000061035156
2023-10-06,10.039999961853027,82.79000091552734,429.5400085449219,42.8650016784668
2023-10-09,10.390000343322754,86.37999725341797,432.2900085449219,44.29499816894531
2023-10-10,10.5600004196167,85.97000122070312,434.5400085449219,44.349998474121094
2023-10-11,10.739999771118164,83.48999786376953,436.32000732421875,43.779998779296875
2023-10-12,10.789999961853027,82.91000366210938,433.6600036621094,43.83000183105469
2023-10-13,10.739999771118164,87.69000244140625,431.5,44.79499816894531
2023-10-16,10.800000190734863,86.66000366210938,436.0400085449219,45.095001220703125
2023-10-17,10.84000015258789,86.66000366210938,436.0199890136719,45.564998626708984
2023-10-18,10.880000114440918,88.31999969482422,430.2099914550781,45.97999954223633
2023-10-19,10.619999885559082,89.37000274658203,426.42999267578125,45.900001525878906
2023-10-20,10.380000114440918,88.75,421.19000244140625,45.130001068115234
2023-10-23,10.130000114440918,85.48999786376953,420.4599914550781,44.400001525878906
2023-10-24,10.420000076293945,83.73999786376953,423.6300048828125,43.775001525878906
2023-10-25,10.050000190734863,85.38999938964844,417.54998779296875,43.69499969482422
2023-10-26,9.979999542236328,83.20999908447266,412.54998779296875,43.35499954223633
2023-10-27,9.869999885559082,85.54000091552734,410.67999267578125,42.314998626708984
2023-10-30,9.770000457763672,82.30999755859375,415.5899963378906,42.45500183105469
2023-10-31,9.800000190734863,81.0199966430664,418.20001220703125,42.595001220703125
2023-11-01,9.869999885559082,80.44000244140625,422.6600036621094,42.494998931884766
2023-11-02,10.239999771118164,82.45999908447266,430.760009765625,43.779998779296875
2023-11-03,10.1899995803833,80.51000213623047,434.69000244140625,43.34000015258789
2023-11-06,9.970000267028809,80.81999969482422,435.69000244140625,42.849998474121094
2023-11-07,9.470000267028809,77.37000274658203,436.92999267578125,41.900001525878906
2023-11-08,9.460000038146973,75.33000183105469,437.25,41.375
2023-11-09,9.479999542236328,75.73999786376953,433.8399963378906,41.25
2023-11-10,9.699999809265137,77.16999816894531,440.6099853515625,41.70500183105469
2023-11-13,9.670000076293945,78.26000213623047,440.19000244140625,42.005001068115234
2023-11-14,9.800000190734863,78.26000213623047,448.7300109863281,42.380001068115234
2023-11-15,9.579999923706055,76.66000366210938,449.67999267578125,42.29999923706055
2023-11-16,9.039999961853027,72.9000015258789,450.2300109863281,41.474998474121094
2023-11-17,9.329999923706055,75.88999938964844,450.7900085449219,42.345001220703125
2023-11-20,9.380000114440918,77.5999984741211,454.260009765625,42.404998779296875
2023-11-21,9.279999732971191,77.7699966430664,453.2699890136719,42.310001373291016
2023-11-22,9.180000305175781,77.0999984741211,455.0199890136719,42.290000915527344
2023-11-24,9.229999542236328,75.54000091552734,455.29998779296875,42.46500015258789
2023-11-27,9.25,74.86000061035156,454.4800109863281,42.314998626708984
2023-11-28,9.210000038146973,76.41000366210938,454.92999267578125,42.32500076293945
2023-11-29,9.180000305175781,77.86000061035156,454.6099853515625,42.0099983215332
2023-11-30,9.319999694824219,75.95999908447266,456.3999938964844,42.290000915527344
2023-12-01,9.390000343322754,74.06999969482422,459.1000061035156,42.5099983215332
2023-12-04,9.210000038146973,73.04000091552734,456.69000244140625,42.314998626708984
2023-12-05,9.0,72.31999969482422,456.6000061035156,41.57500076293945
2023-12-06,8.819999694824219,69.37999725341797,454.760009765625,40.95500183105469
2023-12-07,9.0600004196167,69.33999633789062,458.2300109863281,40.67499923706055
2023-12-08,9.479999542236328,71.2300033569336,460.20001220703125,41.1150016784668
2023-12-11,9.420000076293945,71.31999969482422,461.989990234375,41.165000915527344
2023-12-12,9.239999771118164,68.61000061035156,464.1000061035156,40.599998474121094
2023-12-13,9.569999694824219,69.47000122070312,470.5,41.165000915527344
2023-12-14,10.199999809265137,71.58000183105469,472.010009765625,42.375
2023-12-15,9.970000267028809,71.43000030517578,469.3299865722656,42.150001525878906
2023-12-18,10.140000343322754,72.47000122070312,471.9700012207031,42.09000015258789
2023-12-19,10.40999984741211,73.44000244140625,474.8399963378906,42.595001220703125
2023-12-20,10.520000457763672,74.22000122070312,468.260009765625,42.20000076293945
2023-12-21,10.8100004196167,73.88999938964844,472.70001220703125,42.3650016784668
2023-12-22,10.449999809265137,73.55999755859375,473.6499938964844,42.4900016784668
2023-12-26,10.630000114440918,75.56999969482422,475.6499938964844,42.85499954223633
2023-12-27,10.550000190734863,74.11000061035156,476.510009765625,42.665000915527344
2023-12-28,10.359999656677246,71.7699966430664,476.69000244140625,42.01499938964844
2023-12-29,10.279999732971191,71.6500015258789,475.30999755859375,41.91999816894531
2024-01-02,10.010000228881836,70.37999725341797,472.6499938964844,42.369998931884766
2024-01-03,9.800000190734863,72.69999694824219,468.7900085449219,43.060001373291016
2024-01-04,9.430000305175781,72.19000244140625,467.2799987792969,42.30500030517578
2024-01-05,9.619999885559082,73.80999755859375,467.9200134277344,42.34000015258789
2024-01-08,9.479999542236328,70.7699966430664,474.6000061035156,41.849998474121094
2024-01-09,9.390000343322754,72.23999786376953,473.8800048828125,41.18000030517578
2024-01-10,9.260000228881836,71.37000274658203,476.55999755859375,40.775001525878906
2024-01-11,9.430000305175781,72.0199966430664,476.3500061035156,40.880001068115234
2024-01-12,9.420000076293945,72.68000030517578,476.67999267578125,41.34000015258789
2024-01-16,9.5600004196167,72.4000015258789,474.92999267578125,40.35499954223633
2024-01-17,9.430000305175781,72.55999755859375,472.2900085449219,40.02000045776367
2024-01-18,9.600000381469727,74.08000183105469,476.489990234375,39.95500183105469
2024-01-19,9.569999694824219,73.41000366210938,482.42999267578125,40.084999084472656
2024-01-22,9.75,75.19000244140625,483.45001220703125,40.23500061035156
2024-01-23,9.8100004196167,74.37000274658203,484.8599853515625,40.31999969482422
2024-01-24,9.899999618530273,75.08999633789062,485.3900146484375,40.89500045776367
2024-01-25,10.020000457763672,77.36000061035156,488.0299987792969,41.814998626708984
2024-01-26,10.100000381469727,78.01000213623047,487.4100036621094,42.125
2024-01-29,10.15999984741211,76.77999877929688,491.2699890136719,42.064998626708984
2024-01-30,9.760000228881836,77.81999969482422,490.8900146484375,42.5
2024-01-31,9.399999618530273,75.8499984741211,482.8800048828125,41.70500183105469
2024-02-01,9.520000457763672,73.81999969482422,489.20001220703125,41.70000076293945
2024-02-02,9.170000076293945,72.27999877929688,494.3500061035156,41.7599983215332
2024-02-05,9.09000015258789,72.77999877929688,492.54998779296875,41.654998779296875
2024-02-06,9.199999809265137,73.30999755859375,493.9800109863281,41.790000915527344
2024-02-07,9.239999771118164,73.86000061035156,498.1000061035156,41.875
2024-02-08,9.460000038146973,76.22000122070312,498.32000732421875,42.30500030517578
2024-02-09,9.430000305175781,76.83999633789062,501.20001220703125,41.654998779296875
2024-02-12,9.65999984741211,76.91999816894531,500.9800109863281,42.1150016784668
2024-02-13,9.420000076293945,77.87000274658203,494.0799865722656,41.689998626708984
2024-02-14,9.529999732971191,76.63999938964844,498.57000732421875,41.650001525878906
2024-02-15,9.90999984741211,78.02999877929688,502.010009765625,42.810001373291016
2024-02-16,9.800000190734863,79.19000244140625,499.510009765625,42.78499984741211
2024-02-20,9.75,78.18000030517578,496.760009765625,42.39500045776367
2024-02-21,9.850000381469727,77.91000366210938,497.2099914550781,43.189998626708984
2024-02-22,10.1899995803833,78.61000061035156,507.5,43.26499938964844
2024-02-23,10.15999984741211,76.48999786376953,507.8500061035156,42.97999954223633
2024-02-26,10.25,77.58000183105469,505.989990234375,43.130001068115234
2024-02-27,9.109999656677246,78.87000274658203,506.92999267578125,42.94499969482422
2024-02-28,9.050000190734863,78.54000091552734,506.260009765625,42.86000061035156
2024-02-29,9.0,78.26000213623047,508.0799865722656,43.06999969482422
2024-03-01,9.569999694824219,79.97000122070312,512.8499755859375,43.56999969482422
2024-03-04,9.3100004196167,78.73999786376953,512.2999877929688,43.10499954223633
2024-03-05,9.390000343322754,78.1500015258789,507.17999267578125,43.42499923706055
2024-03-06,9.359999656677246,79.12999725341797,509.75,43.560001373291016
2024-03-07,9.579999923706055,78.93000030517578,514.8099975585938,43.93000030517578
2024-03-08,9.550000190734863,78.01000213623047,511.7200012207031,44.084999084472656
2024-03-11,9.430000305175781,77.93000030517578,511.2799987792969,44.540000915527344
2024-03-12,9.5,77.55999755859375,516.780029296875,44.470001220703125
2024-03-13,9.739999771118164,79.72000122070312,515.969970703125,45.18000030517578
2024-03-14,9.779999732971191,81.26000213623047,514.9500122070312,45.64500045776367
2024-03-15,9.90999984741211,81.04000091552734,509.8299865722656,45.779998779296875
2024-03-18,10.050000190734863,82.72000122070312,512.8599853515625,45.56999969482422
2024-03-19,10.329999923706055,83.47000122070312,515.7100219726562,46.09000015258789
2024-03-20,10.390000343322754,81.68000030517578,520.47998046875,46.025001525878906
2024-03-21,10.430000305175781,81.06999969482422,522.2000122070312,46.29999923706055
2024-03-22,10.5,80.62999725341797,521.2100219726562,46.20000076293945
2024-03-25,10.789999961853027,81.94999694824219,519.77001953125,46.630001068115234
2024-03-26,10.710000038146973,81.62000274658203,518.8099975585938,46.27000045776367
2024-03-27,10.819999694824219,81.3499984741211,523.1699829101562,46.70000076293945
2024-03-28,10.84000015258789,83.16999816894531,523.0700073242188,47.20500183105469
2024-04-01,10.949999809265137,83.70999908447266,522.1599731445312,47.55500030517578
2024-04-02,11.40999984741211,85.1500015258789,518.8400268554688,48.220001220703125
2024-04-03,11.739999771118164,85.43000030517578,519.4099731445312,48.54999923706055
2024-04-04,11.510000228881836,86.58999633789062,513.0700073242188,48.52000045776367
2024-04-05,11.760000228881836,86.91000366210938,518.4299926757812,49.040000915527344
2024-04-08,11.800000190734863,86.43000030517578,518.719970703125,48.72999954223633
2024-04-09,11.720000267028809,85.2300033569336,519.3200073242188,48.744998931884766
2024-04-10,11.869999885559082,86.20999908447266,514.1199951171875,48.89500045776367
2024-04-11,11.8100004196167,85.0199966430664,518.0,48.86000061035156
2024-04-12,11.600000381469727,85.66000366210938,510.8500061035156,48.064998626708984
2024-04-15,11.109999656677246,85.41000366210938,504.45001220703125,47.6150016784668
2024-04-16,10.869999885559082,85.36000061035156,503.5299987792969,47.20000076293945
2024-04-17,10.6899995803833,82.69000244140625,500.54998779296875,47.064998626708984
2024-04-18,10.630000114440918,82.7300033569336,499.5199890136719,46.91999816894531
2024-04-19,10.819999694824219,83.13999938964844,495.1600036621094,47.48500061035156
2024-04-22,10.84000015258789,82.8499984741211,499.7200012207031,47.79499816894531
2024-04-23,11.149999618530273,83.36000061035156,505.6499938964844,48.060001373291016
2024-04-24,11.010000228881836,82.80999755859375,505.4100036621094,48.095001220703125
2024-04-25,11.289999961853027,83.56999969482422,503.489990234375,48.314998626708984
2024-04-26,11.319999694824219,83.8499984741211,508.260009765625,47.869998931884766
2024-04-29,11.15999984741211,82.62999725341797,510.05999755859375,48.19499969482422
2024-04-30,10.739999771118164,81.93000030517578,501.9800109863281,46.7599983215332
2024-05-01,10.579999923706055,79.0,500.3500061035156,46.01499938964844
2024-05-02,10.829999923706055,78.94999694824219,505.0299987792969,46.279998779296875
2024-05-03,10.949999809265137,78.11000061035156,511.2900085449219,46.28499984741211
2024-05-06,11.350000381469727,78.4800033569336,516.5700073242188,46.650001525878906
2024-05-07,11.369999885559082,78.37999725341797,517.1400146484375,46.60499954223633
2024-05-08,11.5600004196167,78.98999786376953,517.1900024414062,46.54999923706055
2024-05-09,11.5600004196167,79.26000213623047,520.1699829101562,47.17499923706055
2024-05-10,11.3100004196167,78.26000213623047,520.8400268554688,46.915000915527344
2024-05-13,11.359999656677246,79.12000274658203,520.9099731445312,46.790000915527344
2024-05-14,11.5600004196167,78.0199966430664,523.2999877929688,46.849998474121094
2024-05-15,11.630000114440918,78.62999725341797,529.780029296875,46.95500183105469
2024-05-16,11.640000343322754,79.2300033569336,528.6900024414062,46.82500076293945
2024-05-17,11.680000305175781,80.05999755859375,529.4500122070312,47.47999954223633
2024-05-20,11.789999961853027,79.80000305175781,530.0599975585938,47.16999816894531
2024-05-21,11.770000457763672,79.26000213623047,531.3599853515625,46.939998626708984
2024-05-22,11.40999984741211,77.56999969482422,529.8300170898438,46.040000915527344
2024-05-23,11.239999771118164,76.87000274658203,525.9600219726562,45.619998931884766
2024-05-24,11.199999809265137,77.72000122070312,529.4400024414062,45.685001373291016
2024-05-28,11.420000076293945,79.83000183105469,529.8099975585938,46.154998779296875
2024-05-29,11.229999542236328,79.2300033569336,526.0999755859375,45.34000015258789
2024-05-30,11.399999618530273,77.91000366210938,522.6099853515625,45.470001220703125
2024-05-31,11.510000228881836,76.98999786376953,527.3699951171875,46.599998474121094
2024-06-03,10.649999618530273,74.22000122070312,527.7999877929688,45.380001068115234
2024-06-04,10.350000381469727,73.25,528.3900146484375,44.94499969482422
2024-06-05,10.369999885559082,74.06999969482422,534.6699829101562,44.939998626708984
2024-06-06,10.3100004196167,75.55000305175781,534.6599731445312,45.17499923706055
2024-06-07,10.300000190734863,75.52999877929688,534.010009765625,44.994998931884766
2024-06-10,10.779999732971191,77.73999786376953,535.6599731445312,45.334999084472656
2024-06-11,10.819999694824219,77.9000015258789,536.9500122070312,45.244998931884766
2024-06-12,10.989999771118164,78.5,541.3599853515625,44.7599983215332
2024-06-13,10.539999961853027,78.62000274658203,542.4500122070312,44.349998474121094
2024-06-14,10.149999618530273,78.44999694824219,542.780029296875,44.02000045776367
2024-06-17,10.430000305175781,80.33000183105469,547.0999755859375,44.1349983215332
2024-06-18,10.5,81.56999969482422,548.489990234375,44.31999969482422
2024-06-20,10.569999694824219,82.16999816894531,547.0,45.1349983215332
2024-06-21,10.59000015258789,80.7300033569336,544.510009765625,44.875
2024-06-24,10.899999618530273,81.62999725341797,542.739990234375,45.63999938964844
2024-06-25,11.460000038146973,80.83000183105469,544.8300170898438,45.744998931884766
2024-06-26,11.449999809265137,80.9000015258789,545.510009765625,45.29499816894531
2024-06-27,11.460000038146973,81.73999786376953,546.3699951171875,45.400001525878906
2024-06-28,11.9399995803833,81.54000091552734,544.219970703125,45.57500076293945
2024-07-01,11.979999542236328,83.37999725341797,545.3400268554688,45.599998474121094
2024-07-02,12.010000228881836,82.80999755859375,549.010009765625,45.564998626708984
2024-07-03,12.069999694824219,83.87999725341797,551.4600219726562,45.76499938964844
2024-07-05,11.90999984741211,83.16000366210938,554.6400146484375,45.04999923706055
2024-07-08,11.949999809265137,82.33000183105469,555.280029296875,44.775001525878906
2024-07-09,11.789999961853027,81.41000366210938,555.8200073242188,44.380001068115234
2024-07-10,11.829999923706055,82.0999984741211,561.3200073242188,44.68000030517578
2024-07-11,12.260000228881836,82.62000274658203,556.47998046875,45.14500045776367
2024-07-12,12.119999885559082,82.20999908447266,559.989990234375,45.2599983215332
2024-07-15,12.729999542236328,81.91000366210938,561.530029296875,45.94499969482422
2024-07-16,12.819999694824219,80.76000213623047,564.8599853515625,46.150001525878906
2024-07-17,12.529999732971191,82.8499984741211,556.9400024414062,46.61000061035156
2024-07-18,12.609999656677246,82.81999969482422,552.6599731445312,46.69499969482422
2024-07-19,12.59000015258789,80.12999725341797,548.989990234375,46.185001373291016
2024-07-22,12.649999618530273,79.77999877929688,554.6500244140625,45.89500045776367
2024-07-23,12.720000267028809,76.95999908447266,553.780029296875,45.165000915527344
2024-07-24,12.529999732971191,77.58999633789062,541.22998046875,45.16999816894531
2024-07-25,12.539999961853027,78.27999877929688,538.4099731445312,45.95000076293945
2024-07-26,12.4399995803833,77.16000366210938,544.4400024414062,46.095001220703125
2024-07-29,11.430000305175781,75.80999755859375,544.760009765625,45.70000076293945
2024-07-30,11.430000305175781,74.7300033569336,542.0,46.40999984741211
2024-07-31,11.800000190734863,77.91000366210938,550.8099975585938,46.60499954223633
2024-08-01,11.239999771118164,76.30999755859375,543.010009765625,45.369998931884766
2024-08-02,10.5600004196167,73.5199966430664,532.9000244140625,44.20000076293945
2024-08-05,10.130000114440918,72.94000244140625,517.3800048828125,43.224998474121094
2024-08-06,10.170000076293945,73.19999694824219,522.1500244140625,43.4900016784668
2024-08-07,10.069999694824219,75.2300033569336,518.6599731445312,43.665000915527344
2024-08-08,10.34000015258789,76.19000244140625,530.6500244140625,44.60499954223633
2024-08-09,10.260000228881836,76.83999633789062,532.989990234375,44.70500183105469
2024-08-12,10.359999656677246,80.05999755859375,533.27001953125,44.92499923706055
2024-08-13,10.369999885559082,78.3499984741211,542.0399780273438,44.4900016784668
2024-08-14,10.350000381469727,76.9800033569336,543.75,44.75
2024-08-15,10.569999694824219,78.16000366210938,553.0700073242188,45.28499984741211
2024-08-16,10.760000228881836,76.6500015258789,554.3099975585938,45.23500061035156
2024-08-19,10.850000381469727,74.37000274658203,559.6099853515625,45.540000915527344
2024-08-20,10.329999923706055,74.04000091552734,558.7000122070312,44.34000015258789
2024-08-21,10.359999656677246,71.93000030517578,560.6199951171875,44.415000915527344
2024-08-22,10.470000267028809,73.01000213623047,556.219970703125,44.529998779296875
2024-08-23,11.050000190734863,74.83000183105469,562.1300048828125,45.19499969482422
2024-08-26,11.260000228881836,77.41999816894531,560.7899780273438,45.599998474121094
2024-08-27,11.260000228881836,75.52999877929688,561.5599975585938,45.17499923706055
2024-08-28,11.380000114440918,74.5199966430664,558.2999877929688,44.8849983215332
2024-08-29,11.460000038146973,75.91000366210938,558.3499755859375,45.470001220703125
2024-08-30,11.220000267028809,73.55000305175781,563.6799926757812,45.63999938964844
2024-09-03,10.640000343322754,70.33999633789062,552.0800170898438,44.505001068115234
2024-09-04,10.279999732971191,69.19999694824219,550.9500122070312,43.88999938964844
2024-09-05,10.149999618530273,69.1500015258789,549.6099853515625,43.54999923706055
2024-09-06,9.75,67.66999816894531,540.3599853515625,43.005001068115234
2024-09-09,9.609999656677246,68.70999908447266,546.4099731445312,43.314998626708984
2024-09-10,9.199999809265137,65.75,548.7899780273438,42.56999969482422
2024-09-11,9.3100004196167,67.30999755859375,554.4199829101562,42.17499923706055
2024-09-12,9.4399995803833,68.97000122070312,559.0900268554688,42.55500030517578
2024-09-13,9.479999542236328,68.6500015258789,562.010009765625,42.79499816894531
2024-09-16,9.699999809265137,70.08999633789062,562.8400268554688,43.28499984741211
2024-09-17,10.020000457763672,71.19000244140625,563.0700073242188,43.869998931884766
2024-09-18,9.84000015258789,70.91000366210938,561.4000244140625,43.95500183105469
2024-09-19,10.390000343322754,71.94999694824219,570.97998046875,44.47999954223633
2024-09-20,10.329999923706055,71.91999816894531,568.25,44.380001068115234
2024-09-23,10.239999771118164,70.37000274658203,569.6699829101562,44.560001373291016
2024-09-24,10.25,71.55999755859375,571.2999877929688,44.45000076293945
2024-09-25,10.140000343322754,69.69000244140625,570.0399780273438,43.58000183105469
2024-09-26,10.239999771118164,67.66999816894531,572.2999877929688,42.724998474121094
2024-09-27,10.800000190734863,68.18000030517578,571.469970703125,43.595001220703125
2024-09-30,11.100000381469727,68.16999816894531,573.760009765625,43.900001525878906
2024-10-01,11.199999809265137,69.83000183105469,568.6199951171875,44.900001525878906
2024-10-02,11.170000076293945,70.0999984741211,568.8599853515625,45.36000061035156
2024-10-03,11.020000457763672,73.70999908447266,567.8200073242188,46.15999984741211
2024-10-04,11.170000076293945,74.37999725341797,572.97998046875,46.59000015258789
2024-10-07,10.649999618530273,77.13999938964844,567.7999877929688,46.755001068115234
2024-10-08,10.569999694824219,73.56999969482422,573.1699829101562,45.53499984741211
2024-10-09,10.5,73.23999786376953,577.1400146484375,45.810001373291016
2024-10-10,10.6899995803833,75.8499984741211,576.1300048828125,46.119998931884766
2024-10-11,10.729999542236328,75.55999755859375,579.5800170898438,46.404998779296875
2024-10-14,10.569999694824219,73.83000183105469,584.3200073242188,46.3849983215332
2024-10-15,10.15999984741211,70.58000183105469,579.780029296875,44.88999938964844
2024-10-16,10.40999984741211,70.38999938964844,582.2999877929688,45.10499954223633
2024-10-17,10.4399995803833,70.66999816894531,582.3499755859375,45.31999969482422
2024-10-18,10.170000076293945,69.22000122070312,584.5900268554688,45.16999816894531
2024-10-21,10.0,70.55999755859375,583.6300048828125,45.03499984741211
2024-10-22,9.710000038146973,72.08999633789062,583.3200073242188,45.13999938964844
2024-10-23,9.520000457763672,70.7699966430664,577.989990234375,44.904998779296875
2024-10-24,9.25,70.19000244140625,579.239990234375,44.900001525878906
2024-10-25,9.34000015258789,71.77999877929688,579.0399780273438,44.8849983215332
2024-10-28,9.4399995803833,67.37999725341797,580.8300170898438,44.599998474121094
2024-10-29,9.279999732971191,67.20999908447266,581.77001953125,43.91999816894531
2024-10-30,9.289999961853027,68.61000061035156,580.010009765625,44.02000045776367
2024-10-31,9.25,69.26000213623047,568.6400146484375,44.29499816894531
2024-11-01,9.180000305175781,69.48999786376953,571.0399780273438,44.01499938964844
2024-11-04,9.220000267028809,71.47000122070312,569.8099975585938,44.78499984741211
2024-11-05,9.390000343322754,71.98999786376953,576.7000122070312,45.084999084472656
2024-11-06,10.130000114440918,71.69000244140625,591.0399780273438,46.779998779296875
2024-11-07,10.25,72.36000061035156,595.6099853515625,46.564998626708984
2024-11-08,10.210000038146973,70.37999725341797,598.1900024414062,46.875
2024-11-11,10.520000457763672,68.04000091552734,598.760009765625,47.13999938964844
2024-11-12,10.640000343322754,68.12000274658203,596.9000244140625,46.88999938964844
2024-11-13,10.510000228881836,68.43000030517578,597.1900024414062,47.255001068115234
2024-11-14,10.3100004196167,68.69999694824219,593.3499755859375,47.435001373291016
2024-11-15,9.949999809265137,67.0199966430664,585.75,47.3650016784668
2024-11-18,10.140000343322754,69.16000366210938,588.1500244140625,47.994998931884766
2024-11-19,10.489999771118164,69.38999938964844,590.2999877929688,47.689998626708984
2024-11-20,10.890000343322754,68.87000274658203,590.5,48.16999816894531
2024-11-21,11.1899995803833,70.0999984741211,593.6699829101562,48.560001373291016
2024-11-22,11.359999656677246,71.23999786376953,595.510009765625,48.6349983215332
2024-11-25,10.9399995803833,68.94000244140625,597.530029296875,47.67499923706055
2024-11-26,10.819999694824219,68.7699966430664,600.6500244140625,47.61000061035156
2024-11-27,10.800000190734863,68.72000122070312,598.8300170898438,47.560001373291016
2024-11-29,10.6899995803833,68.0,602.5499877929688,47.76499938964844
2024-12-02,10.850000381469727,68.0999984741211,603.6300048828125,47.2599983215332
2024-12-03,10.720000267028809,69.94000244140625,603.9099731445312,47.255001068115234
2024-12-04,10.619999885559082,68.54000091552734,607.6599731445312,46.1150016784668
2024-12-05,10.489999771118164,68.30000305175781,606.6599731445312,46.29499816894531
2024-12-06,9.930000305175781,67.19999694824219,607.8099975585938,45.5099983215332
2024-12-09,9.899999618530273,68.37000274658203,604.6799926757812,45.435001373291016
2024-12-10,9.859999656677246,68.58999633789062,602.7999877929688,45.125
2024-12-11,10.079999923706055,70.29000091552734,607.4600219726562,45.20000076293945
2024-12-12,9.630000114440918,70.0199966430664,604.3300170898438,44.834999084472656
2024-12-13,9.239999771118164,71.29000091552734,604.2100219726562,44.61000061035156
2024-12-16,9.15999984741211,70.70999908447266,606.7899780273438,43.630001068115234
2024-12-17,9.1899995803833,70.08000183105469,604.2899780273438,43.30500030517578
2024-12-18,8.960000038146973,70.58000183105469,586.280029296875,42.025001525878906
2024-12-19,9.020000457763672,69.91000366210938,586.0999755859375,41.65999984741211
2024-12-20,9.029999732971191,69.45999908447266,591.1500244140625,42.06999969482422
2024-12-23,9.100000381469727,69.23999786376953,594.6900024414062,41.96500015258789
2024-12-24,9.260000228881836,70.0999984741211,601.2999877929688,42.31999969482422
2024-12-26,9.270000457763672,69.62000274658203,601.3400268554688,42.28499984741211
2024-12-27,9.15999984741211,70.5999984741211,595.010009765625,42.279998779296875
2024-12-30,9.170000076293945,70.98999786376953,588.219970703125,42.275001525878906
2024-12-31,9.319999694824219,71.72000122070312,586.0800170898438,42.83000183105469
2025-01-02,9.680000305175781,73.12999725341797,584.6400146484375,43.33000183105469
2025-01-03,9.520000457763672,73.95999908447266,591.9500122070312,43.73500061035156
2025-01-06,9.380000114440918,73.55999755859375,595.3599853515625,43.53499984741211
2025-01-07,9.300000190734863,74.25,588.6300048828125,43.970001220703125
2025-01-08,9.050000190734863,73.31999969482422,589.489990234375,44.01499938964844
2025-01-10,8.710000038146973,76.56999969482422,580.489990234375,44.19499969482422
2025-01-13,8.949999809265137,78.81999969482422,581.3900146484375,45.125
2025-01-14,8.989999771118164,77.5,582.1900024414062,45.61000061035156
2025-01-15,8.949999809265137,80.04000091552734,592.780029296875,46.28499984741211
2025-01-16,8.949999809265137,78.68000030517578,591.6400146484375,46.619998931884766
2025-01-17,9.100000381469727,77.87999725341797,597.5800170898438,46.97999954223633
2025-01-21,8.989999771118164,75.88999938964844,603.0499877929688,46.7400016784668
2025-01-22,8.6899995803833,75.44000244140625,606.4400024414062,45.88999938964844
2025-01-23,8.729999542236328,74.62000274658203,609.75,46.099998474121094
2025-01-24,8.539999961853027,74.66000366210938,607.969970703125,45.654998779296875
2025-01-27,8.4399995803833,73.16999816894531,599.3699951171875,45.18000030517578
2025-01-28,8.239999771118164,73.7699966430664,604.52001953125,44.75
2025-01-29,8.1899995803833,72.62000274658203,601.8099975585938,44.849998474121094
2025-01-30,8.15999984741211,72.7300033569336,605.0399780273438,45.08000183105469
2025-01-31,8.020000457763672,72.52999877929688,601.8200073242188,43.81999969482422
2025-02-03,7.920000076293945,73.16000366210938,597.77001953125,44.095001220703125
2025-02-04,8.3100004196167,72.69999694824219,601.780029296875,45.02000045776367
2025-02-05,8.3100004196167,71.02999877929688,604.219970703125,45.1150016784668
2025-02-06,8.020000457763672,70.61000061035156,606.3200073242188,44.28499984741211
2025-02-07,8.010000228881836,71.0,600.77001953125,44.279998779296875
2025-02-10,8.210000038146973,72.31999969482422,604.8499755859375,45.255001068115234
2025-02-11,8.229999542236328,73.31999969482422,605.3099975585938,45.619998931884766
2025-02-12,8.100000381469727,71.37000274658203,603.3599853515625,44.52000045776367
2025-02-13,8.170000076293945,71.29000091552734,609.72998046875,44.85499954223633
2025-02-14,8.180000305175781,70.73999786376953,609.7000122070312,45.03499984741211
2025-02-18,8.369999885559082,71.8499984741211,611.489990234375,45.650001525878906
2025-02-19,8.170000076293945,72.25,612.9299926757812,46.0099983215332
2025-02-20,8.100000381469727,72.56999969482422,610.3800048828125,46.43000030517578
2025-02-21,7.889999866485596,70.4000015258789,599.9400024414062,45.46500015258789
2025-02-24,7.849999904632568,70.69999694824219,597.2100219726562,45.474998474121094
2025-02-25,8.600000381469727,68.93000030517578,594.239990234375,44.81999969482422
2025-02-26,8.430000305175781,68.62000274658203,594.5399780273438,44.564998626708984
2025-02-27,8.619999885559082,70.3499984741211,585.0499877929688,44.80500030517578
2025-02-28,8.619999885559082,69.76000213623047,594.1799926757812,45.5
2025-03-03,7.96999979019165,68.37000274658203,583.77001953125,43.90999984741211
2025-03-04,7.760000228881836,68.26000213623047,576.8599853515625,43.48500061035156
2025-03-05,7.880000114440918,66.30999755859375,583.0599975585938,42.849998474121094
2025-03-06,7.769999980926514,66.36000061035156,572.7100219726562,42.97999954223633
2025-03-07,8.180000305175781,67.04000091552734,575.9199829101562,43.71500015258789
2025-03-10,7.760000228881836,66.02999877929688,560.5800170898438,44.040000915527344
2025-03-11,7.820000171661377,66.25,555.9199829101562,43.689998626708984
2025-03-12,7.940000057220459,67.68000030517578,558.8699951171875,43.88999938964844
2025-03-13,7.869999885559082,66.55000305175781,551.4199829101562,43.59000015258789
2025-03-14,7.929999828338623,67.18000030517578,562.8099975585938,44.880001068115234
2025-03-17,8.170000076293945,67.58000183105469,567.1500244140625,45.595001220703125
2025-03-18,8.329999923706055,66.9000015258789,561.02001953125,45.66999816894531
2025-03-19,8.6899995803833,67.16000366210938,567.1300048828125,46.415000915527344
2025-03-20,8.640000343322754,68.26000213623047,565.489990234375,46.584999084472656
2025-03-21,8.609999656677246,68.27999877929688,563.97998046875,46.2599983215332
2025-03-24,8.649999618530273,69.11000061035156,574.0800170898438,46.42499923706055
2025-03-25,8.609999656677246,69.0,575.4600219726562,46.6150016784668
2025-03-26,8.859999656677246,69.6500015258789,568.5900268554688,46.88999938964844
2025-03-27,8.539999961853027,69.91999816894531,567.0800170898438,46.435001373291016
2025-03-28,8.390000343322754,69.36000061035156,555.6599731445312,46.21500015258789
2025-03-31,8.3100004196167,71.4800033569336,559.3900146484375,46.724998474121094
2025-04-01,8.479999542236328,71.19999694824219,560.969970703125,47.0
2025-04-02,8.5,71.70999908447266,564.52001953125,47.064998626708984
2025-04-03,7.539999961853027,66.94999694824219,536.7000122070312,43.369998931884766
2025-04-04,6.739999771118164,61.9900016784668,505.2799987792969,39.380001068115234
2025-04-07,6.53000020980835,60.70000076293945,504.3800048828125,39.125
2025-04-08,5.980000019073486,59.58000183105469,496.4800109863281,38.220001220703125
2025-04-09,6.880000114440918,62.349998474121094,548.6199951171875,41.18000030517578
2025-04-10,6.320000171661377,60.06999969482422,524.5800170898438,38.4900016784668
2025-04-11,6.510000228881836,61.5,533.9400024414062,39.44499969482422
2025-04-14,6.5,61.529998779296875,539.1199951171875,39.584999084472656
2025-04-15,6.389999866485596,61.33000183105469,537.6099853515625,39.525001525878906
2025-04-16,6.519999980926514,62.470001220703125,525.6599731445312,39.849998474121094
2025-04-17,6.840000152587891,64.68000030517578,526.4099731445312,40.75
2025-04-21,6.539999961853027,63.08000183105469,513.8800048828125,39.685001373291016
2025-04-22,6.519999980926514,64.30999755859375,527.25,40.69499969482422
2025-04-23,6.610000133514404,62.27000045776367,535.4199829101562,40.619998931884766
2025-04-24,6.579999923706055,62.790000915527344,546.6900024414062,41.27000045776367
2025-04-25,6.289999961853027,63.02000045776367,550.6400146484375,41.19499969482422
2025-04-28,6.150000095367432,62.04999923706055,550.8499755859375,41.48500061035156
2025-04-29,6.199999809265137,60.41999816894531,554.3200073242188,41.3650016784668
2025-04-30,6.090000152587891,58.209999084472656,554.5399780273438,40.25
2025-05-01,6.269999980926514,59.2400016784668,558.469970703125,40.400001525878906
2025-05-02,6.579999923706055,58.290000915527344,566.760009765625,40.9900016784668
2025-05-05,6.420000076293945,57.130001068115234,563.510009765625,40.25
2025-05-06,6.5,59.09000015258789,558.7999877929688,40.2599983215332
2025-05-07,6.489999771118164,58.06999969482422,561.1500244140625,40.275001525878906
2025-05-08,6.710000038146973,59.90999984741211,565.0599975585938,40.80500030517578
2025-05-09,6.539999961853027,61.02000045776367,564.3400268554688,41.21500015258789
2025-05-12,6.849999904632568,61.95000076293945,582.989990234375,42.290000915527344
2025-05-13,6.730000019073486,63.66999816894531,586.8400268554688,42.8849983215332
2025-05-14,6.71999979019165,63.150001525878906,587.5900268554688,42.625
2025-05-15,6.619999885559082,61.619998931884766,590.4600219726562,42.80500030517578
2025-05-16,6.519999980926514,62.4900016784668,594.2000122070312,42.7400016784668
2025-05-19,6.46999979019165,62.689998626708984,594.8499755859375,42.185001373291016
2025-05-20,6.429999828338623,62.560001373291016,592.8499755859375,41.79499816894531
2025-05-21,6.190000057220459,61.56999969482422,582.8599853515625,41.025001525878906
2025-05-22,6.179999828338623,61.20000076293945,583.0900268554688,40.8650016784668
2025-05-23,6.139999866485596,61.529998779296875,579.1099853515625,40.994998931884766
2025-05-27,6.329999923706055,60.88999938964844,591.1500244140625,41.349998474121094
2025-05-28,6.269999980926514,61.84000015258789,587.72998046875,40.82500076293945
2025-05-29,6.329999923706055,60.939998626708984,590.0499877929688,41.130001068115234
2025-05-30,6.190000057220459,60.790000915527344,589.3900146484375,40.76499938964844
2025-06-02,6.260000228881836,62.52000045776367,592.7100219726562,41.29999923706055
2025-06-03,6.710000038146973,63.40999984741211,596.0900268554688,41.790000915527344
2025-06-04,6.539999961853027,62.849998474121094,595.9299926757812,40.974998474121094
2025-06-05,6.519999980926514,63.369998931884766,593.0499877929688,40.935001373291016
2025-06-06,6.619999885559082,64.58000183105469,599.1400146484375,41.70500183105469
2025-06-09,6.820000171661377,65.29000091552734,599.6799926757812,41.78499984741211
2025-06-10,6.920000076293945,64.9800033569336,603.0800170898438,42.529998779296875
2025-06-11,7.090000152587891,68.1500015258789,601.3599853515625,43.14500045776367
2025-06-12,7.070000171661377,68.04000091552734,603.75,43.29499816894531
2025-06-13,7.130000114440918,72.9800033569336,597.0,44.04999923706055
2025-06-16,7.119999885559082,71.7699966430664,602.6799926757812,43.91999816894531
2025-06-17,7.099999904632568,74.83999633789062,597.530029296875,44.33000183105469
2025-06-18,7.03000020980835,75.13999938964844,597.4400024414062,44.040000915527344
2025-06-20,7.199999809265137,74.93000030517578,594.280029296875,44.4900016784668
2025-06-23,6.619999885559082,68.51000213623047,600.1500244140625,43.01499938964844
2025-06-24,6.570000171661377,64.37000274658203,606.780029296875,42.45500183105469
2025-06-25,6.28000020980835,64.91999816894531,607.1199951171875,42.27000045776367
2025-06-26,6.329999923706055,65.23999786376953,611.8699951171875,42.875
2025-06-27,6.28000020980835,65.5199966430664,614.9099731445312,42.650001525878906
2025-06-30,6.239999771118164,65.11000061035156,617.8499755859375,42.404998779296875
2025-07-01,6.420000076293945,65.44999694824219,617.6500244140625,42.72999954223633
2025-07-02,6.570000171661377,67.44999694824219,620.4500122070312,43.46500015258789
2025-07-03,6.46999979019165,67.0,625.3400268554688,43.51499938964844
2025-07-07,6.25,67.93000030517578,620.6799926757812,43.095001220703125
2025-07-08,6.71999979019165,68.33000183105469,620.3400268554688,44.255001068115234
2025-07-09,6.849999904632568,68.37999725341797,624.0599975585938,44.029998779296875
2025-07-10,6.690000057220459,66.56999969482422,625.8200073242188,44.3650016784668
2025-07-11,6.550000190734863,68.44999694824219,623.6199951171875,44.564998626708984
2025-07-14,6.329999923706055,66.9800033569336,624.8099975585938,44.07500076293945
2025-07-15,6.329999923706055,66.5199966430664,622.1400146484375,43.439998626708984
2025-07-16,6.159999847412109,66.37999725341797,624.219970703125,43.064998626708984
2025-07-17,6.380000114440918,67.54000091552734,628.0399780273438,43.33000183105469
2025-07-18,6.349999904632568,67.33999633789062,627.5800170898438,42.97999954223633
2025-07-21,6.409999847412109,67.19999694824219,628.77001953125,42.53499984741211
2025-07-22,6.53000020980835,66.20999908447266,628.8599853515625,42.73500061035156
2025-07-23,6.960000038146973,65.25,634.2100219726562,43.404998779296875
2025-07-24,5.989999771118164,66.02999877929688,634.4199829101562,43.71500015258789
2025-07-25,6.170000076293945,65.16000366210938,637.0999755859375,43.54999923706055
2025-07-28,6.25,66.70999908447266,636.9400024414062,44.04499816894531
2025-07-29,6.400000095367432,69.20999908447266,635.260009765625,44.474998474121094
2025-07-30,6.25,70.0,634.4600219726562,43.84000015258789
2025-07-31,5.929999828338623,69.26000213623047,632.0800170898438,43.60499954223633
2025-08-01,5.880000114440918,67.33000183105469,621.719970703125,42.79499816894531
2025-08-04,5.800000190734863,66.29000091552734,631.1699829101562,42.70000076293945
2025-08-05,6.070000171661377,65.16000366210938,627.969970703125,42.755001068115234
2025-08-06,5.949999809265137,64.3499984741211,632.780029296875,42.36000061035156
2025-08-07,5.840000152587891,63.880001068115234,632.25,42.19499969482422
2025-08-08,5.840000152587891,63.880001068115234,637.1799926757812,42.46500015258789
2025-08-11,5.760000228881836,63.959999084472656,635.9199829101562,42.125
2025-08-12,5.929999828338623,63.16999816894531,642.6900024414062,42.33000183105469
2025-08-13,5.900000095367432,62.650001525878906,644.8900146484375,42.81999969482422
2025-08-14,5.739999771118164,63.959999084472656,644.9500122070312,42.779998779296875
2025-08-15,5.71999979019165,62.79999923706055,643.4400024414062,42.779998779296875
2025-08-18,5.769999980926514,63.41999816894531,643.2999877929688,42.525001525878906
2025-08-19,5.71999979019165,62.349998474121094,639.8099975585938,42.540000915527344
2025-08-20,5.699999809265137,63.209999084472656,638.1099853515625,42.89500045776367
2025-08-21,6.0,63.52000045776367,635.5499877929688,43.189998626708984
2025-08-22,6.380000114440918,63.65999984741211,645.3099975585938,44.06999969482422
2025-08-25,6.349999904632568,64.80000305175781,642.469970703125,44.185001373291016
2025-08-26,6.320000171661377,63.25,645.1599731445312,44.1150016784668
2025-08-27,6.440000057220459,64.1500015258789,646.6300048828125,44.61000061035156
2025-08-28,6.579999923706055,64.5999984741211,648.9199829101562,44.95000076293945
2025-08-29,6.590000152587891,64.01000213623047,645.0499877929688,45.19499969482422
2025-09-02,6.53000020980835,65.58999633789062,640.27001953125,45.2599983215332
2025-09-03,6.480000019073486,63.970001220703125,643.739990234375,44.244998931884766
2025-09-04,6.599999904632568,63.47999954223633,649.1199951171875,44.540000915527344
2025-09-05,6.349999904632568,61.869998931884766,647.239990234375,43.68000030517578
2025-09-08,6.21999979019165,62.2599983215332,648.8300170898438,43.58000183105469
2025-09-09,6.090000152587891,62.630001068115234,650.3300170898438,43.790000915527344
2025-09-10,6.28000020980835,63.66999816894531,652.2100219726562,44.55500030517578
2025-09-11,6.340000152587891,62.369998931884766,657.6300048828125,44.564998626708984
2025-09-12,6.21999979019165,62.689998626708984,657.4099731445312,44.29999923706055
2025-09-15,6.260000228881836,63.29999923706055,660.9099731445312,44.150001525878906
2025-09-16,6.369999885559082,64.5199966430664,660.0,44.88999938964844
2025-09-17,6.340000152587891,64.05000305175781,659.1799926757812,44.994998931884766
2025-09-18,6.550000190734863,63.56999969482422,662.260009765625,44.85499954223633
2025-09-19,6.21999979019165,62.68000030517578,663.7000122070312,44.2599983215332
2025-09-22,6.409999847412109,62.63999938964844,666.8400268554688,43.834999084472656
2025-09-23,6.579999923706055,63.40999984741211,663.2100219726562,44.59000015258789
2025-09-24,6.690000057220459,64.98999786376953,661.0999755859375,45.16999816894531
2025-09-25,6.730000019073486,64.9800033569336,658.0499877929688,45.57500076293945
2025-09-26,6.960000038146973,65.72000122070312,661.8200073242188,45.994998931884766
2025-09-29,6.710000038146973,63.45000076293945,663.6799926757812,45.150001525878906
2025-09-30,6.559999942779541,62.369998931884766,666.1799926757812,44.66999816894531
2025-10-01,6.670000076293945,61.779998779296875,668.4500122070312,44.66999816894531
2025-10-02,6.429999828338623,60.47999954223633,669.219970703125,44.220001220703125
2025-10-03,6.670000076293945,60.880001068115234,669.2100219726562,44.45500183105469
2025-10-06,6.670000076293945,61.689998626708984,671.6099853515625,44.67499923706055
2025-10-07,6.650000095367432,61.72999954223633,669.1199951171875,44.744998931884766
2025-10-08,6.639999866485596,62.54999923706055,673.1099853515625,44.48500061035156
2025-10-09,6.510000228881836,61.5099983215332,671.1599731445312,43.880001068115234
2025-10-10,6.119999885559082,58.900001525878906,653.02001953125,42.61000061035156
2025-10-13,6.320000171661377,59.4900016784668,663.0399780273438,43.189998626708984
2025-10-14,6.300000190734863,58.70000076293945,662.22998046875,43.185001373291016
2025-10-15,6.289999961853027,58.27000045776367,665.1699829101562,43.15999984741211
2025-10-16,6.260000228881836,57.459999084472656,660.6400146484375,42.63999938964844
2025-10-17,6.320000171661377,57.540000915527344,664.3900146484375,42.9900016784668
2025-10-20,6.46999979019165,57.52000045776367,671.2999877929688,43.44499969482422
2025-10-21,6.449999809265137,57.81999969482422,671.2899780273438,43.345001220703125
2025-10-22,6.630000114440918,58.5,667.7999877929688,43.900001525878906
2025-10-23,6.949999809265137,61.790000915527344,671.760009765625,44.48500061035156
2025-10-24,7.0,61.5,677.25,44.03499984741211
2025-10-27,6.690000057220459,61.310001373291016,685.239990234375,44.13999938964844
2025-10-28,6.730000019073486,60.150001525878906,687.0599975585938,43.68000030517578
2025-10-29,6.730000019073486,60.47999954223633,687.3900146484375,44.005001068115234
2025-10-30,6.760000228881836,60.56999969482422,679.8300170898438,43.744998931884766
2025-10-31,6.71999979019165,60.97999954223633,682.0599975585938,44.064998626708984
2025-11-03,6.920000076293945,61.04999923706055,683.3400268554688,44.06999969482422
2025-11-04,6.639999866485596,60.560001373291016,675.239990234375,43.595001220703125
2025-11-05,6.639999866485596,59.599998474121094,677.5800170898438,43.709999084472656
2025-11-06,6.599999904632568,59.43000030517578,670.3099975585938,44.1349983215332
2025-11-07,6.489999771118164,59.75,670.969970703125,44.77000045776367
2025-11-10,6.739999771118164,60.130001068115234,681.4400024414062,45.17499923706055
2025-11-11,6.929999828338623,61.040000915527344,683.0,45.76499938964844
2025-11-12,6.650000095367432,58.4900016784668,683.3800048828125,45.125
2025-11-13,6.679999828338623,58.689998626708984,672.0399780273438,45.2400016784668
2025-11-14,6.760000228881836,60.09000015258789,671.9299926757812,46.0099983215332
2025-11-17,6.420000076293945,59.90999984741211,665.6699829101562,45.16999816894531
2025-11-18,6.5,60.7400016784668,660.0800170898438,45.529998779296875
2025-11-19,6.409999847412109,59.439998626708984,662.6300048828125,44.939998626708984
2025-11-20,6.260000228881836,59.13999938964844,652.530029296875,44.43000030517578
2025-11-21,6.429999828338623,58.060001373291016,659.030029296875,44.709999084472656
2025-11-24,6.480000019073486,58.84000015258789,668.72998046875,44.584999084472656
2025-11-25,6.679999828338623,57.95000076293945,675.02001953125,44.30500030517578
2025-11-26,6.599999904632568,58.650001525878906,679.6799926757812,44.63999938964844
2025-11-28,6.659999847412109,58.54999923706055,683.3900146484375,45.224998474121094
2025-12-01,6.809999942779541,59.31999969482422,680.27001953125,45.65999984741211
2025-12-02,6.980000019073486,58.63999938964844,681.530029296875,45.06999969482422
2025-12-03,7.300000190734863,58.95000076293945,683.8900146484375,45.915000915527344
2025-12-04,7.510000228881836,59.66999816894531,684.3900146484375,46.11000061035156
2025-12-05,7.329999923706055,60.08000183105469,685.6900024414062,45.91999816894531
2025-12-08,7.300000190734863,58.880001068115234,683.6300048828125,45.41999816894531
2025-12-09,7.400000095367432,58.25,683.0399780273438,45.70000076293945
2025-12-10,7.25,58.459999084472656,687.5700073242188,46.18000030517578
2025-12-11,7.130000114440918,57.599998474121094,689.1699829101562,45.959999084472656
2025-12-12,7.019999980926514,57.439998626708984,681.760009765625,45.5099983215332
2025-12-15,7.079999923706055,56.81999969482422,680.72998046875,45.189998626708984
2025-12-16,6.579999923706055,55.27000045776367,678.8699951171875,43.810001373291016
2025-12-17,6.659999847412109,55.939998626708984,671.4000244140625,44.779998779296875
2025-12-18,6.150000095367432,56.150001525878906,676.469970703125,44.130001068115234
2025-12-19,6.139999866485596,56.65999984741211,680.5900268554688,44.130001068115234
2025-12-22,6.429999828338623,58.0099983215332,684.8300170898438,44.209999084472656
2025-12-23,6.309999942779541,58.380001068115234,687.9600219726562,44.5
2025-12-24,6.320000171661377,58.349998474121094,690.3800048828125,44.369998931884766
2025-12-26,6.260000228881836,56.7400016784668,690.3099975585938,44.20000076293945
2025-12-29,6.28000020980835,58.08000183105469,687.8499755859375,44.619998931884766
2025-12-30,6.300000190734863,57.95000076293945,687.010009765625,44.959999084472656
2025-12-31,6.269999980926514,57.41999816894531,681.9199829101562,44.709999084472656
2026-01-02,6.400000095367432,57.31999969482422,683.1699829101562,45.650001525878906
2026-01-05,6.769999980926514,58.31999969482422,687.719970703125,46.88999938964844
2026-01-06,6.920000076293945,57.130001068115234,691.8099975585938,45.63999938964844
2026-01-07,6.809999942779541,55.9900016784668,689.5800170898438,45.130001068115234
2026-01-08,6.980000019073486,57.7599983215332,689.510009765625,46.54999923706055
2026-01-09,7.070000171661377,59.119998931884766,694.0700073242188,46.66999816894531
2026-01-12,6.980000019073486,59.5,695.1599731445312,46.34000015258789
2026-01-13,7.170000076293945,61.150001525878906,693.77001953125,47.0
2026-01-14,7.349999904632568,62.02000045776367,690.3599853515625,48.060001373291016
2026-01-15,7.199999809265137,59.189998626708984,692.239990234375,47.61000061035156
2026-01-16,7.090000152587891,59.439998626708984,691.6599731445312,47.689998626708984
2026-01-20,7.050000190734863,60.34000015258789,677.5800170898438,47.599998474121094
2026-01-21,7.519999980926514,60.619998931884766,685.4000244140625,48.75
2026-01-22,7.630000114440918,59.36000061035156,688.97998046875,48.90999984741211
2026-01-23,7.519999980926514,61.06999969482422,689.22998046875,49.189998626708984
2026-01-26,7.510000228881836,60.630001068115234,692.72998046875,49.220001220703125
2026-01-27,7.650000095367432,62.38999938964844,695.489990234375,49.66999816894531
2026-01-28,7.559999942779541,63.209999084472656,695.4199829101562,50.04999923706055
2026-01-29,7.920000076293945,65.41999816894531,694.0399780273438,50.5099983215332
2026-01-30,7.940000057220459,65.20999908447266,691.969970703125,51.04999923706055
2026-02-02,8.0600004196167,62.13999938964844,695.4099731445312,50.04999923706055
2026-02-03,8.369999885559082,63.209999084472656,689.530029296875,51.66999816894531
2026-02-04,8.3100004196167,65.13999938964844,686.1900024414062,52.83000183105469
2026-02-05,8.09000015258789,63.290000915527344,677.6199951171875,52.209999084472656
2026-02-06,8.5600004196167,63.54999923706055,690.6199951171875,53.25
2026-02-09,8.649999618530273,64.36000061035156,693.9500122070312,53.63999938964844
2026-02-10,8.460000038146973,63.959999084472656,692.1199951171875,53.58000183105469
2026-02-11,8.850000381469727,64.62999725341797,691.9600219726562,54.97999954223633
2026-02-12,8.470000267028809,62.84000015258789,681.27001953125,53.97999954223633
2026-02-13,8.600000381469727,62.88999938964844,681.75,54.349998474121094
2026-02-17,8.390000343322754,62.33000183105469,682.8499755859375,53.75
2026-02-18,8.600000381469727,65.19000244140625,686.2899780273438,54.779998779296875
2026-02-19,9.100000381469727,66.43000030517578,684.47998046875,55.18000030517578
2026-02-20,8.9399995803833,66.38999938964844,689.4299926757812,54.880001068115234
2026-02-23,9.069999694824219,66.30999755859375,682.3900146484375,55.150001525878906
2026-02-24,10.550000190734863,65.62999725341797,687.3499755859375,55.099998474121094
2026-02-25,9.600000381469727,65.41999816894531,693.1500244140625,54.869998931884766
2026-02-26,9.020000457763672,65.20999908447266,689.2999877929688,55.04999923706055
2026-02-27,9.1899995803833,67.0199966430664,685.989990234375,55.91999816894531
2026-03-02,9.3100004196167,71.2300033569336,686.3800048828125,57.040000915527344
2026-03-03,9.210000038146973,74.55999755859375,680.3300170898438,56.52000045776367
2026-03-04,9.170000076293945,74.66000366210938,685.1300048828125,56.189998626708984
2026-03-05,9.149999618530273,81.01000213623047,681.3099975585938,56.47999954223633
2026-03-06,9.0,90.9000015258789,672.3800048828125,56.56999969482422
2026-03-09,9.010000228881836,94.7699966430664,678.27001953125,56.31999969482422
2026-03-10,9.010000228881836,83.44999694824219,677.1799926757812,55.599998474121094
2026-03-11,9.079999923706055,87.25,676.3300170898438,56.97999954223633
2026-03-12,8.75,95.7300033569336,666.0599975585938,57.5099983215332
2026-03-13,8.819999694824219,98.70999908447266,662.2899780273438,57.70000076293945
2026-03-16,9.039999961853027,93.5,669.030029296875,57.900001525878906
2026-03-17,9.479999542236328,96.20999908447266,670.7899780273438,58.5099983215332
2026-03-18,9.460000038146973,96.31999969482422,661.4299926757812,58.43000030517578
2026-03-19,9.729999542236328,96.13999938964844,659.7999877929688,59.36000061035156
2026-03-20,9.59000015258789,98.31999969482422,648.5700073242188,59.310001373291016
2026-03-23,9.800000190734863,88.12999725341797,655.3800048828125,59.630001068115234
2026-03-24,9.989999771118164,92.3499984741211,653.1799926757812,60.84000015258789
2026-03-25,9.920000076293945,90.31999969482422,656.8200073242188,60.56999969482422
2026-03-26,10.079999923706055,94.4800033569336,645.0900268554688,61.52000045776367
2026-03-27,10.100000381469727,99.63999938964844,634.0900268554688,62.560001373291016
2026-03-30,9.75,102.87999725341797,631.969970703125,61.959999084472656
2026-03-31,9.890000343322754,101.37999725341797,650.3400268554688,61.2599983215332
2026-04-01,9.369999885559082,100.12000274658203,655.239990234375,58.970001220703125
2026-04-02,9.609999656677246,111.54000091552734,655.8300170898438,59.25
2026-04-06,9.600000381469727,112.41000366210938,658.9299926757812,59.68000030517578
2026-04-07,9.859999656677246,112.94999694824219,659.219970703125,60.15999984741211
2026-04-08,9.65999984741211,94.41000366210938,676.010009765625,58.04999923706055
2026-04-09,9.579999923706055,97.87000274658203,679.9099731445312,57.33000183105469
2026-04-10,9.5600004196167,96.56999969482422,679.4600219726562,56.939998626708984
2026-04-13,9.789999961853027,99.08000183105469,686.0999755859375,57.11000061035156
2026-04-14,9.399999618530273,91.27999877929688,694.4600219726562,55.95000076293945
2026-04-15,9.420000076293945,91.29000091552734,699.9400024414062,55.7599983215332
2026-04-16,9.470000267028809,94.69000244140625,701.6599731445312,56.58000183105469
2026-04-17,9.15999984741211,83.8499984741211,710.1400146484375,55.02000045776367
2026-04-20,9.130000114440918,89.61000061035156,708.719970703125,55.06999969482422
2026-04-21,9.380000114440918,92.12999725341797,704.0800170898438,55.869998931884766
2026-04-22,9.630000114440918,92.95999908447266,711.2100219726562,56.540000915527344
2026-04-23,9.699999809265137,95.8499984741211,708.4500122070312,56.97999954223633
2026-04-24,9.890000343322754,94.4000015258789,713.9400024414062,56.869998931884766
2026-04-27,9.930000305175781,96.37000274658203,715.1699829101562,56.77000045776367
2026-04-28,10.079999923706055,99.93000030517578,711.6900024414062,57.709999084472656
2026-04-29,10.100000381469727,106.87999725341797,711.5800170898438,59.029998779296875
2026-04-30,10.350000381469727,105.06999969482422,718.6599731445312,59.650001525878906
2026-05-01,10.289999961853027,101.94000244140625,720.6500244140625,58.849998474121094
2026-05-04,10.25,106.41999816894531,718.010009765625,59.38999938964844
2026-05-05,10.260000228881836,102.2699966430664,723.77001953125,59.45000076293945
2026-05-06,9.850000381469727,95.08000183105469,733.8300170898438,57.0
2026-05-07,9.829999923706055,94.80999755859375,731.5800170898438,55.95000076293945
2026-05-08,9.65999984741211,95.41999816894531,737.6199951171875,55.70000076293945
2026-05-11,9.970000267028809,98.06999969482422,739.2999877929688,57.16999816894531
2026-05-12,9.90999984741211,102.18000030517578,738.1799926757812,57.56999969482422
2026-05-13,10.140000343322754,101.0199966430664,742.3099975585938,57.630001068115234
2026-05-14,10.140000343322754,101.16999816894531,748.1699829101562,58.06999969482422
2026-05-15,10.050000190734863,105.41999816894531,739.1699829101562,59.439998626708984
2026-05-18,10.470000267028809,108.66000366210938,738.6500244140625,60.58000183105469
2026-05-19,10.220000267028809,107.7699966430664,733.72998046875,61.290000915527344
2026-05-20,10.229999542236328,98.26000213623047,741.25,59.79999923706055
2026-05-21,10.039999961853027,96.3499984741211,742.719970703125,59.130001068115234
2026-05-22,10.079999923706055,96.5999984741211,745.6400146484375,59.4900016784668
2026-05-26,10.109999656677246,93.88999938964844,750.5900268554688,57.849998474121094
2026-05-27,9.539999961853027,88.68000030517578,750.4600219726562,56.9900016784668
2026-05-28,9.350000381469727,88.9000015258789,754.5999755859375,56.95000076293945
2026-05-29,9.350000381469727,87.36000061035156,756.47998046875,56.290000915527344
2026-06-01,9.5600004196167,92.16000366210938,758.5399780273438,57.29999923706055
2026-06-02,9.720000267028809,93.76000213623047,759.5700073242188,57.959999084472656
2026-06-03,9.539999961853027,96.0199966430664,754.239990234375,58.709999084472656
2026-06-04,9.729999542236328,93.04000091552734,757.0900268554688,58.75
2026-06-05,9.239999771118164,90.54000091552734,737.5499877929688,57.66999816894531
2026-06-08,9.739999771118164,91.30000305175781,739.219970703125,58.33000183105469
2026-06-09,9.5,88.19999694824219,737.0499877929688,57.38999938964844
2026-06-10,9.630000114440918,90.02999877929688,725.4299926757812,58.25
2026-06-11,9.770000457763672,87.70999908447266,737.760009765625,57.119998931884766
2026-06-12,9.739999771118164,84.87999725341797,741.75,57.54999923706055
2026-06-15,9.489999771118164,80.75,754.8300170898438,55.54999923706055
2026-06-16,9.199999809265137,76.05000305175781,750.3300170898438,55.36000061035156
2026-06-17,8.869999885559082,76.79000091552734,740.9600219726562,54.66999816894531
2026-06-18,8.6899995803833,76.5999984741211,746.739990234375,53.77000045776367
2026-06-22,8.850000381469727,74.81999969482422,744.3900146484375,54.060001373291016
2026-06-23,8.829999923706055,73.20999908447266,733.5800170898438,54.459999084472656
2026-06-24,8.569999694824219,70.33999633789062,733.239990234375,53.56999969482422
2026-06-25,8.739999771118164,71.91999816894531,734.2999877929688,54.09000015258789
2026-06-26,8.869999885559082,69.2300033569336,728.989990234375,53.84000015258789
2026-06-29,8.710000038146973,70.75,741.0,53.58000183105469
2026-06-30,8.739999771118164,69.5,746.77001953125,53.11000061035156
2026-07-01,8.510000228881836,68.58000183105469,745.760009765625,52.810001373291016
2026-07-02,8.539999961853027,68.69000244140625,744.780029296875,53.220001220703125
2026-07-06,8.510000228881836,68.55000305175781,751.280029296875,53.130001068115234
2026-07-07,8.6899995803833,70.44000244140625,747.7100219726562,54.63999938964844
2026-07-08,9.109999656677246,73.5199966430664,745.4000244140625,55.599998474121094
2026-07-09,9.079999923706055,72.08000183105469,751.7100219726562,54.81999969482422
2026-07-10,9.220000267028809,71.41000366210938,754.9500122070312,55.08000183105469
2026-07-13,9.520000457763672,78.13999938964844,749.1699829101562,56.7400016784668
2026-07-14,9.529999732971191,79.33999633789062,751.8300170898438,56.95000076293945
2026-07-15,9.430000305175781,79.5999984741211,754.8099975585938,56.5
2026-07-16,9.520000457763672,78.94999694824219,750.719970703125,57.02000045776367
2026-07-17,9.579999923706055,82.48999786376953,743.2899780273438,57.68000030517578
2026-08-24,9.970000267028809,85.01000213623047,763.469970703125,63.11000061035156
2026-08-25,10.0,82.36000061035156,765.9099731445312,62.060001373291016
2026-08-26,9.789999961853027,82.2300033569336,766.0800170898438,62.43000030517578
2026-08-27,10.119999885559082,83.52999877929688,771.0999755859375,62.290000915527344
2026-08-28,10.140000343322754,83.4000015258789,769.3499755859375,62.68000030517578
2026-08-31,10.300000190734863,85.76000213623047,767.0499877929688,63.959999084472656
2026-09-01,10.600000381469727,90.22000122070312,761.780029296875,64.7699966430664
