date,discharge_cfs,approval
1987-10-01,5910,A
1987-10-02,3170,A
1987-10-03,2100,A
1987-10-04,1510,A
1987-10-05,1220,A
1987-10-06,1010,A
1987-10-07,941,A
1987-10-08,765,A
1987-10-09,699,A
1987-10-10,635,A
1987-10-11,587,A
1987-10-12,556,A
1987-10-13,521,A
1987-10-14,491,A
1987-10-15,474,A
1987-10-16,467,A
1987-10-17,446,A
1987-10-18,435,A
1987-10-19,442,A
1987-10-20,440,A
1987-10-21,433,A
1987-10-22,408,A
1987-10-23,413,A
1987-10-24,427,A
1987-10-25,441,A
1987-10-26,512,A
1987-10-27,520,A
1987-10-28,503,A
1987-10-29,497,A
1987-10-30,482,A
1987-10-31,633,A
1987-11-01,702,A
1987-11-02,739,A
1987-11-03,756,A
1987-11-04,610,A
1987-11-05,534,A
1987-11-06,485,A
1987-11-07,470,A
1987-11-08,480,A
1987-11-09,457,A
1987-11-10,446,A
1987-11-11,449,A
1987-11-12,447,A
1987-11-13,442,A
1987-11-14,441,A
1987-11-15,481,A
1987-11-16,1060,A
1987-11-17,1930,A
1987-11-18,1470,A
1987-11-19,938,A
1987-11-20,749,A
1987-11-21,656,A
1987-11-22,629,A
1987-11-23,593,A
1987-11-24,588,A
1987-11-25,705,A
1987-11-26,793,A
1987-11-27,698,A
1987-11-28,744,A
1987-11-29,700,A
1987-11-30,724,A
1987-12-01,738,A
1987-12-02,714,A
1987-12-03,717,A
1987-12-04,721,A
1987-12-05,701,A
1987-12-06,706,A
1987-12-07,704,A
1987-12-08,708,A
1987-12-09,701,A
1987-12-10,697,A
1987-12-11,693,A
1987-12-12,681,A
1987-12-13,664,A
1987-12-14,740,A
1987-12-15,805,A
1987-12-16,866,A
1987-12-17,877,A
1987-12-18,870,A
1987-12-19,1260,A
1987-12-20,4730,A
1987-12-21,10500,A
1987-12-22,7870,A
1987-12-23,4710,A
1987-12-24,3290,A
1987-12-25,2690,A
1987-12-26,2520,A
1987-12-27,2480,A
1987-12-28,2580,A
1987-12-29,2200,A
1987-12-30,1940,A
1987-12-31,1860,A
1988-01-01,1790,A
1988-01-02,1620,A
1988-01-03,1500,A
1988-01-04,1410,A
1988-01-05,1490,A
1988-01-06,1800,A
1988-01-07,2820,A
1988-01-08,2830,A
1988-01-09,2740,A
1988-01-10,3050,A
1988-01-11,3360,A
1988-01-12,3520,A
1988-01-13,3290,A
1988-01-14,3120,A
1988-01-15,2920,A
1988-01-16,3490,A
1988-01-17,5730,A
1988-01-18,12200,A
1988-01-19,9400,A
1988-01-20,7830,A
1988-01-21,7730,A
1988-01-22,4930,A
1988-01-23,3480,A
1988-01-24,2480,A
1988-01-25,2010,A
1988-01-26,1740,A
1988-01-27,1530,A
1988-01-28,1350,A
1988-01-29,1230,A
1988-01-30,1160,A
1988-01-31,1160,A
1988-02-01,1120,A
1988-02-02,1080,A
1988-02-03,1050,A
1988-02-04,1040,A
1988-02-05,1020,A
1988-02-06,1020,A
1988-02-07,1000,A
1988-02-08,978,A
1988-02-09,964,A
1988-02-10,979,A
1988-02-11,977,A
1988-02-12,962,A
1988-02-13,935,A
1988-02-14,911,A
1988-02-15,962,A
1988-02-16,956,A
1988-02-17,946,A
1988-02-18,954,A
1988-02-19,962,A
1988-02-20,955,A
1988-02-21,947,A
1988-02-22,926,A
1988-02-23,901,A
1988-02-24,894,A
1988-02-25,885,A
1988-02-26,874,A
1988-02-27,868,A
1988-02-28,861,A
1988-02-29,861,A
1988-03-01,867,A
1988-03-02,2680,A
1988-03-03,23700,A
1988-03-04,36100,A
1988-03-05,12600,A
1988-03-06,12000,A
1988-03-07,11900,A
1988-03-08,9130,A
1988-03-09,9000,A
1988-03-10,8440,A
1988-03-11,5690,A
1988-03-12,4170,A
1988-03-13,3350,A
1988-03-14,2850,A
1988-03-15,2470,A
1988-03-16,2210,A
1988-03-17,2150,A
1988-03-18,2200,A
1988-03-19,2410,A
1988-03-20,2600,A
1988-03-21,2540,A
1988-03-22,2380,A
1988-03-23,2780,A
1988-03-24,3340,A
1988-03-25,2630,A
1988-03-26,2130,A
1988-03-27,1800,A
1988-03-28,2440,A
1988-03-29,5020,A
1988-03-30,3620,A
1988-03-31,2760,A
1988-04-01,17900,A
1988-04-02,48400,A
1988-04-03,34400,A
1988-04-04,14500,A
1988-04-05,10000,A
1988-04-06,7630,A
1988-04-07,6200,A
1988-04-08,5080,A
1988-04-09,4260,A
1988-04-10,4560,A
1988-04-11,4510,A
1988-04-12,3760,A
1988-04-13,2750,A
1988-04-14,2180,A
1988-04-15,1880,A
1988-04-16,1750,A
1988-04-17,1770,A
1988-04-18,5430,A
1988-04-19,9580,A
1988-04-20,5450,A
1988-04-21,4700,A
1988-04-22,4570,A
1988-04-23,2980,A
1988-04-24,2300,A
1988-04-25,1870,A
1988-04-26,1770,A
1988-04-27,3300,A
1988-04-28,4850,A
1988-04-29,3330,A
1988-04-30,2030,A
1988-05-01,1810,A
1988-05-02,1760,A
1988-05-03,1690,A
1988-05-04,1580,A
1988-05-05,1460,A
1988-05-06,1350,A
1988-05-07,1270,A
1988-05-08,1220,A
1988-05-09,1160,A
1988-05-10,1060,A
1988-05-11,1070,A
1988-05-12,1010,A
1988-05-13,970,A
1988-05-14,925,A
1988-05-15,885,A
1988-05-16,1020,A
1988-05-17,844,A
1988-05-18,809,A
1988-05-19,779,A
1988-05-20,749,A
1988-05-21,730,A
1988-05-22,710,A
1988-05-23,757,A
1988-05-24,847,A
1988-05-25,818,A
1988-05-26,734,A
1988-05-27,718,A
1988-05-28,681,A
1988-05-29,645,A
1988-05-30,618,A
1988-05-31,593,A
1988-06-01,585,A
1988-06-02,804,A
1988-06-03,4700,A
1988-06-04,2410,A
1988-06-05,2140,A
1988-06-06,1820,A
1988-06-07,1470,A
1988-06-08,1280,A
1988-06-09,1150,A
1988-06-10,1060,A
1988-06-11,988,A
1988-06-12,918,A
1988-06-13,860,A
1988-06-14,810,A
1988-06-15,763,A
1988-06-16,792,A
1988-06-17,733,A
1988-06-18,729,A
1988-06-19,813,A
1988-06-20,708,A
1988-06-21,663,A
1988-06-22,627,A
1988-06-23,602,A
1988-06-24,569,A
1988-06-25,548,A
1988-06-26,531,A
1988-06-27,514,A
1988-06-28,506,A
1988-06-29,578,A
1988-06-30,1110,A
1988-07-01,1240,A
1988-07-02,878,A
1988-07-03,1060,A
1988-07-04,1080,A
1988-07-05,732,A
1988-07-06,870,A
1988-07-07,855,A
1988-07-08,662,A
1988-07-09,547,A
1988-07-10,479,A
1988-07-11,451,A
1988-07-12,432,A
1988-07-13,395,A
1988-07-14,369,A
1988-07-15,456,A
1988-07-16,422,A
1988-07-17,378,A
1988-07-18,349,A
1988-07-19,334,A
1988-07-20,350,A
1988-07-21,1340,A
1988-07-22,1890,A
1988-07-23,1080,A
1988-07-24,687,A
1988-07-25,592,A
1988-07-26,557,A
1988-07-27,551,A
1988-07-28,839,A
1988-07-29,876,A
1988-07-30,956,A
1988-07-31,843,A
1988-08-01,585,A
1988-08-02,444,A
1988-08-03,368,A
1988-08-04,319,A
1988-08-05,285,A
1988-08-06,326,A
1988-08-07,279,A
1988-08-08,258,A
1988-08-09,253,A
1988-08-10,253,A
1988-08-11,228,A
1988-08-12,235,A
1988-08-13,242,A
1988-08-14,209,A
1988-08-15,196,A
1988-08-16,184,A
1988-08-17,176,A
1988-08-18,168,A
1988-08-19,170,A
1988-08-20,166,A
1988-08-21,165,A
1988-08-22,185,A
1988-08-23,186,A
1988-08-24,183,A
1988-08-25,171,A
1988-08-26,162,A
1988-08-27,152,A
1988-08-28,174,A
1988-08-29,187,A
1988-08-30,175,A
1988-08-31,168,A
1988-09-01,174,A
1988-09-02,173,A
1988-09-03,168,A
1988-09-04,162,A
1988-09-05,221,A
1988-09-06,188,A
1988-09-07,169,A
1988-09-08,151,A
1988-09-09,145,A
1988-09-10,142,A
1988-09-11,137,A
1988-09-12,132,A
1988-09-13,129,A
1988-09-14,127,A
1988-09-15,146,A
1988-09-16,289,A
1988-09-17,245,A
1988-09-18,421,A
1988-09-19,10100,A
1988-09-20,34700,A
1988-09-21,15800,A
1988-09-22,7380,A
1988-09-23,5020,A
1988-09-24,3690,A
1988-09-25,2500,A
1988-09-26,1790,A
1988-09-27,1540,A
1988-09-28,1370,A
1988-09-29,1810,A
1988-09-30,1050,A
1988-10-01,1000,A
1988-10-02,940,A
1988-10-03,890,A
1988-10-04,905,A
1988-10-05,900,A
1988-10-06,835,A
1988-10-07,742,A
1988-10-08,700,A
1988-10-09,2550,A
1988-10-10,2010,A
1988-10-11,1200,A
1988-10-12,1000,A
1988-10-13,835,A
1988-10-14,701,A
1988-10-15,604,A
1988-10-16,547,A
1988-10-17,496,A
1988-10-18,468,A
1988-10-19,455,A
1988-10-20,448,A
1988-10-21,438,A
1988-10-22,481,A
1988-10-23,626,A
1988-10-24,514,A
1988-10-25,442,A
1988-10-26,398,A
1988-10-27,368,A
1988-10-28,350,A
1988-10-29,335,A
1988-10-30,327,A
1988-10-31,316,A
1988-11-01,315,A
1988-11-02,315,A
1988-11-03,313,A
1988-11-04,310,A
1988-11-05,303,A
1988-11-06,289,A
1988-11-07,285,A
1988-11-08,269,A
1988-11-09,287,A
1988-11-10,279,A
1988-11-11,358,A
1988-11-12,1990,A
1988-11-13,1190,A
1988-11-14,2800,A
1988-11-15,1670,A
1988-11-16,995,A
1988-11-17,706,A
1988-11-18,591,A
1988-11-19,631,A
1988-11-20,1200,A
1988-11-21,889,A
1988-11-22,658,A
1988-11-23,663,A
1988-11-24,625,A
1988-11-25,571,A
1988-11-26,547,A
1988-11-27,534,A
1988-11-28,494,A
1988-11-29,479,A
1988-11-30,453,A
1988-12-01,438,A
1988-12-02,431,A
1988-12-03,421,A
1988-12-04,405,A
1988-12-05,392,A
1988-12-06,389,A
1988-12-07,401,A
1988-12-08,404,A
1988-12-09,390,A
1988-12-10,397,A
1988-12-11,402,A
1988-12-12,417,A
1988-12-13,421,A
1988-12-14,413,A
1988-12-15,398,A
1988-12-16,395,A
1988-12-17,389,A
1988-12-18,393,A
1988-12-19,397,A
1988-12-20,429,A
1988-12-21,429,A
1988-12-22,474,A
1988-12-23,473,A
1988-12-24,479,A
1988-12-25,477,A
1988-12-26,471,A
1988-12-27,525,A
1988-12-28,530,A
1988-12-29,528,A
1988-12-30,569,A
1988-12-31,570,A
1989-01-01,541,A
1989-01-02,530,A
1989-01-03,519,A
1989-01-04,506,A
1989-01-05,503,A
1989-01-06,484,A
1989-01-07,476,A
1989-01-08,456,A
1989-01-09,454,A
1989-01-10,449,A
1989-01-11,455,A
1989-01-12,470,A
1989-01-13,441,A
1989-01-14,480,A
1989-01-15,466,A
1989-01-16,444,A
1989-01-17,448,A
1989-01-18,463,A
1989-01-19,459,A
1989-01-20,453,A
1989-01-21,424,A
1989-01-22,426,A
1989-01-23,419,A
1989-01-24,429,A
1989-01-25,452,A
1989-01-26,696,A
1989-01-27,732,A
1989-01-28,978,A
1989-01-29,952,A
1989-01-30,861,A
1989-01-31,1030,A
1989-02-01,864,A
1989-02-02,654,A
1989-02-03,585,A
1989-02-04,555,A
1989-02-05,538,A
1989-02-06,525,A
1989-02-07,518,A
1989-02-08,510,A
1989-02-09,505,A
1989-02-10,500,A
1989-02-11,499,A
1989-02-12,519,A
1989-02-13,535,A
1989-02-14,566,A
1989-02-15,737,A
1989-02-16,793,A
1989-02-17,877,A
1989-02-18,822,A
1989-02-19,738,A
1989-02-20,891,A
1989-02-21,1130,A
1989-02-22,972,A
1989-02-23,986,A
1989-02-24,956,A
1989-02-25,867,A
1989-02-26,864,A
1989-02-27,865,A
1989-02-28,882,A
1989-03-01,868,A
1989-03-02,859,A
1989-03-03,870,A
1989-03-04,949,A
1989-03-05,940,A
1989-03-06,930,A
1989-03-07,965,A
1989-03-08,1170,A
1989-03-09,1120,A
1989-03-10,1140,A
1989-03-11,1090,A
1989-03-12,970,A
1989-03-13,908,A
1989-03-14,882,A
1989-03-15,828,A
1989-03-16,780,A
1989-03-17,760,A
1989-03-18,739,A
1989-03-19,683,A
1989-03-20,699,A
1989-03-21,686,A
1989-03-22,651,A
1989-03-23,633,A
1989-03-24,620,A
1989-03-25,614,A
1989-03-26,587,A
1989-03-27,776,A
1989-03-28,7020,A
1989-03-29,17200,A
1989-03-30,11700,A
1989-03-31,5900,A
1989-04-01,4520,A
1989-04-02,3400,A
1989-04-03,2880,A
1989-04-04,2310,A
1989-04-05,1910,A
1989-04-06,1610,A
1989-04-07,1380,A
1989-04-08,1250,A
1989-04-09,1100,A
1989-04-10,1010,A
1989-04-11,924,A
1989-04-12,881,A
1989-04-13,831,A
1989-04-14,810,A
1989-04-15,778,A
1989-04-16,738,A
1989-04-17,722,A
1989-04-18,707,A
1989-04-19,689,A
1989-04-20,659,A
1989-04-21,637,A
1989-04-22,587,A
1989-04-23,552,A
1989-04-24,532,A
1989-04-25,495,A
1989-04-26,474,A
1989-04-27,443,A
1989-04-28,424,A
1989-04-29,404,A
1989-04-30,384,A
1989-05-01,367,A
1989-05-02,352,A
1989-05-03,358,A
1989-05-04,1180,A
1989-05-05,1490,A
1989-05-06,914,A
1989-05-07,785,A
1989-05-08,628,A
1989-05-09,510,A
1989-05-10,438,A
1989-05-11,418,A
1989-05-12,400,A
1989-05-13,433,A
1989-05-14,514,A
1989-05-15,1760,A
1989-05-16,1790,A
1989-05-17,4720,A
1989-05-18,4410,A
1989-05-19,5050,A
1989-05-20,7450,A
1989-05-21,12300,A
1989-05-22,16000,A
1989-05-23,5430,A
1989-05-24,3480,A
1989-05-25,2600,A
1989-05-26,2020,A
1989-05-27,1720,A
1989-05-28,1610,A
1989-05-29,1400,A
1989-05-30,1200,A
1989-05-31,1050,A
1989-06-01,998,A
1989-06-02,1050,A
1989-06-03,2910,A
1989-06-04,3930,A
1989-06-05,6710,A
1989-06-06,6920,A
1989-06-07,4310,A
1989-06-08,4290,A
1989-06-09,13200,A
1989-06-10,7820,A
1989-06-11,4470,A
1989-06-12,4500,A
1989-06-13,8920,A
1989-06-14,16700,A
1989-06-15,20700,A
1989-06-16,13700,A
1989-06-17,8420,A
1989-06-18,5900,A
1989-06-19,4340,A
1989-06-20,3620,A
1989-06-21,3200,A
1989-06-22,3010,A
1989-06-23,5190,A
1989-06-24,13100,A
1989-06-25,19000,A
1989-06-26,8600,A
1989-06-27,5950,A
1989-06-28,4720,A
1989-06-29,5220,A
1989-06-30,3870,A
1989-07-01,3870,A
1989-07-02,4180,A
1989-07-03,3420,A
1989-07-04,2740,A
1989-07-05,2590,A
1989-07-06,2340,A
1989-07-07,2150,A
1989-07-08,2020,A
1989-07-09,1900,A
1989-07-10,1840,A
1989-07-11,1890,A
1989-07-12,1910,A
1989-07-13,2010,A
1989-07-14,2300,A
1989-07-15,2630,A
1989-07-16,7530,A
1989-07-17,8840,A
1989-07-18,7790,A
1989-07-19,10800,A
1989-07-20,5600,A
1989-07-21,2450,A
1989-07-22,1600,A
1989-07-23,1380,A
1989-07-24,1280,A
1989-07-25,1370,A
1989-07-26,1270,A
1989-07-27,990,A
1989-07-28,952,A
1989-07-29,885,A
1989-07-30,835,A
1989-07-31,810,A
1989-08-01,784,A
1989-08-02,694,A
1989-08-03,1060,A
1989-08-04,1330,A
1989-08-05,959,A
1989-08-06,2290,A
1989-08-07,1680,A
1989-08-08,2200,A
1989-08-09,1480,A
1989-08-10,1130,A
1989-08-11,948,A
1989-08-12,1060,A
1989-08-13,1420,A
1989-08-14,1220,A
1989-08-15,21700,A
1989-08-16,17600,A
1989-08-17,11700,A
1989-08-18,9030,A
1989-08-19,6060,A
1989-08-20,5280,A
1989-08-21,4250,A
1989-08-22,3200,A
1989-08-23,2860,A
1989-08-24,3180,A
1989-08-25,1900,A
1989-08-26,1410,A
1989-08-27,1250,A
1989-08-28,1110,A
1989-08-29,920,A
1989-08-30,766,A
1989-08-31,731,A
1989-09-01,628,A
1989-09-02,888,A
1989-09-03,1380,A
1989-09-04,3580,A
1989-09-05,3990,A
1989-09-06,12500,A
1989-09-07,4650,A
1989-09-08,2500,A
1989-09-09,2800,A
1989-09-10,1860,A
1989-09-11,1300,A
1989-09-12,1260,A
1989-09-13,6850,A
1989-09-14,26800,A
1989-09-15,13500,A
1989-09-16,9740,A
1989-09-17,8290,A
1989-09-18,6410,A
1989-09-19,5100,A
1989-09-20,4200,A
1989-09-21,3430,A
1989-09-22,2870,A
1989-09-23,2440,A
1989-09-24,2000,A
1989-09-25,1670,A
1989-09-26,1460,A
1989-09-27,1280,A
1989-09-28,1160,A
1989-09-29,1080,A
1989-09-30,1000,A
1989-10-01,940,A
1989-10-02,888,A
1989-10-03,816,A
1989-10-04,768,A
1989-10-05,728,A
1989-10-06,909,A
1989-10-07,855,A
1989-10-08,1660,A
1989-10-09,1820,A
1989-10-10,1490,A
1989-10-11,1110,A
1989-10-12,868,A
1989-10-13,737,A
1989-10-14,673,A
1989-10-15,596,A
1989-10-16,569,A
1989-10-17,538,A
1989-10-18,515,A
1989-10-19,487,A
1989-10-20,482,A
1989-10-21,473,A
1989-10-22,463,A
1989-10-23,463,A
1989-10-24,460,A
1989-10-25,460,A
1989-10-26,444,A
1989-10-27,436,A
1989-10-28,442,A
1989-10-29,474,A
1989-10-30,2170,A
1989-10-31,5360,A
1989-11-01,3960,A
1989-11-02,2140,A
1989-11-03,1380,A
1989-11-04,1080,A
1989-11-05,930,A
1989-11-06,825,A
1989-11-07,771,A
1989-11-08,738,A
1989-11-09,693,A
1989-11-10,676,A
1989-11-11,649,A
1989-11-12,625,A
1989-11-13,608,A
1989-11-14,604,A
1989-11-15,613,A
1989-11-16,584,A
1989-11-17,575,A
1989-11-18,559,A
1989-11-19,560,A
1989-11-20,594,A
1989-11-21,591,A
1989-11-22,576,A
1989-11-23,541,A
1989-11-24,538,A
1989-11-25,542,A
1989-11-26,531,A
1989-11-27,544,A
1989-11-28,523,A
1989-11-29,524,A
1989-11-30,526,A
1989-12-01,559,A
1989-12-02,562,A
1989-12-03,525,A
1989-12-04,524,A
1989-12-05,522,A
1989-12-06,534,A
1989-12-07,568,A
1989-12-08,636,A
1989-12-09,663,A
1989-12-10,704,A
1989-12-11,720,A
1989-12-12,681,A
1989-12-13,720,A
1989-12-14,645,A
1989-12-15,600,A
1989-12-16,560,A
1989-12-17,540,A
1989-12-18,510,A
1989-12-19,540,A
1989-12-20,510,A
1989-12-21,490,A
1989-12-22,460,A
1989-12-23,420,A
1989-12-24,400,A
1989-12-25,480,A
1989-12-26,600,A
1989-12-27,720,A
1989-12-28,944,A
1989-12-29,1010,A
1989-12-30,1020,A
1989-12-31,988,A
1990-01-01,1150,A
1990-01-02,1180,A
1990-01-03,852,A
1990-01-04,721,A
1990-01-05,662,A
1990-01-06,652,A
1990-01-07,635,A
1990-01-08,642,A
1990-01-09,691,A
1990-01-10,671,A
1990-01-11,638,A
1990-01-12,587,A
1990-01-13,544,A
1990-01-14,526,A
1990-01-15,504,A
1990-01-16,494,A
1990-01-17,516,A
1990-01-18,513,A
1990-01-19,730,A
1990-01-20,884,A
1990-01-21,1710,A
1990-01-22,2080,A
1990-01-23,1650,A
1990-01-24,1400,A
1990-01-25,1050,A
1990-01-26,869,A
1990-01-27,778,A
1990-01-28,708,A
1990-01-29,650,A
1990-01-30,620,A
1990-01-31,581,A
1990-02-01,576,A
1990-02-02,593,A
1990-02-03,589,A
1990-02-04,625,A
1990-02-05,554,A
1990-02-06,529,A
1990-02-07,507,A
1990-02-08,482,A
1990-02-09,470,A
1990-02-10,461,A
1990-02-11,443,A
1990-02-12,427,A
1990-02-13,417,A
1990-02-14,426,A
1990-02-15,533,A
1990-02-16,549,A
1990-02-17,506,A
1990-02-18,556,A
1990-02-19,532,A
1990-02-20,498,A
1990-02-21,521,A
1990-02-22,1680,A
1990-02-23,2880,A
1990-02-24,7570,A
1990-02-25,4870,A
1990-02-26,3380,A
1990-02-27,2360,A
1990-02-28,5410,A
1990-03-01,9980,A
1990-03-02,12400,A
1990-03-03,7130,A
1990-03-04,4860,A
1990-03-05,3850,A
1990-03-06,3390,A
1990-03-07,4580,A
1990-03-08,5460,A
1990-03-09,5230,A
1990-03-10,6020,A
1990-03-11,44200,A
1990-03-12,41600,A
1990-03-13,18100,A
1990-03-14,20000,A
1990-03-15,24100,A
1990-03-16,17400,A
1990-03-17,10200,A
1990-03-18,7670,A
1990-03-19,6470,A
1990-03-20,5760,A
1990-03-21,5220,A
1990-03-22,4740,A
1990-03-23,4520,A
1990-03-24,4550,A
1990-03-25,3970,A
1990-03-26,3530,A
1990-03-27,3190,A
1990-03-28,2960,A
1990-03-29,2830,A
1990-03-30,3740,A
1990-03-31,6900,A
1990-04-01,6150,A
1990-04-02,4240,A
1990-04-03,3360,A
1990-04-04,2880,A
1990-04-05,2580,A
1990-04-06,2350,A
1990-04-07,2130,A
1990-04-08,1960,A
1990-04-09,1830,A
1990-04-10,3030,A
1990-04-11,6480,A
1990-04-12,4560,A
1990-04-13,3220,A
1990-04-14,3160,A
1990-04-15,2500,A
1990-04-16,2720,A
1990-04-17,20000,A
1990-04-18,26800,A
1990-04-19,15200,A
1990-04-20,10900,A
1990-04-21,8220,A
1990-04-22,5930,A
1990-04-23,4900,A
1990-04-24,4260,A
1990-04-25,13500,A
1990-04-26,20600,A
1990-04-27,9960,A
1990-04-28,6790,A
1990-04-29,5770,A
1990-04-30,5520,A
1990-05-01,4010,A
1990-05-02,7190,A
1990-05-03,21100,A
1990-05-04,24000,A
1990-05-05,14000,A
1990-05-06,9150,A
1990-05-07,6590,A
1990-05-08,5020,A
1990-05-09,4020,A
1990-05-10,3400,A
1990-05-11,2960,A
1990-05-12,2680,A
1990-05-13,2370,A
1990-05-14,2200,A
1990-05-15,2040,A
1990-05-16,3820,A
1990-05-17,6110,A
1990-05-18,4720,A
1990-05-19,3320,A
1990-05-20,2980,A
1990-05-21,2760,A
1990-05-22,3460,A
1990-05-23,1680,A
1990-05-24,1370,A
1990-05-25,1240,A
1990-05-26,1130,A
1990-05-27,1080,A
1990-05-28,1980,A
1990-05-29,5600,A
1990-05-30,2690,A
1990-05-31,3110,A
1990-06-01,5730,A
1990-06-02,2610,A
1990-06-03,2460,A
1990-06-04,2170,A
1990-06-05,1610,A
1990-06-06,1250,A
1990-06-07,1050,A
1990-06-08,923,A
1990-06-09,848,A
1990-06-10,789,A
1990-06-11,725,A
1990-06-12,711,A
1990-06-13,651,A
1990-06-14,656,A
1990-06-15,585,A
1990-06-16,534,A
1990-06-17,504,A
1990-06-18,494,A
1990-06-19,510,A
1990-06-20,527,A
1990-06-21,474,A
1990-06-22,472,A
1990-06-23,430,A
1990-06-24,424,A
1990-06-25,474,A
1990-06-26,473,A
1990-06-27,1020,A
1990-06-28,412,A
1990-06-29,351,A
1990-06-30,342,A
1990-07-01,329,A
1990-07-02,306,A
1990-07-03,291,A
1990-07-04,269,A
1990-07-05,258,A
1990-07-06,244,A
1990-07-07,232,A
1990-07-08,225,A
1990-07-09,214,A
1990-07-10,210,A
1990-07-11,207,A
1990-07-12,220,A
1990-07-13,215,A
1990-07-14,220,A
1990-07-15,231,A
1990-07-16,228,A
1990-07-17,218,A
1990-07-18,213,A
1990-07-19,233,A
1990-07-20,229,A
1990-07-21,261,A
1990-07-22,305,A
1990-07-23,274,A
1990-07-24,311,A
1990-07-25,298,A
1990-07-26,271,A
1990-07-27,256,A
1990-07-28,237,A
1990-07-29,234,A
1990-07-30,252,A
1990-07-31,279,A
1990-08-01,299,A
1990-08-02,520,A
1990-08-03,488,A
1990-08-04,584,A
1990-08-05,816,A
1990-08-06,1000,A
1990-08-07,806,A
1990-08-08,583,A
1990-08-09,465,A
1990-08-10,511,A
1990-08-11,401,A
1990-08-12,346,A
1990-08-13,334,A
1990-08-14,301,A
1990-08-15,299,A
1990-08-16,303,A
1990-08-17,295,A
1990-08-18,287,A
1990-08-19,325,A
1990-08-20,293,A
1990-08-21,259,A
1990-08-22,254,A
1990-08-23,249,A
1990-08-24,400,A
1990-08-25,378,A
1990-08-26,280,A
1990-08-27,251,A
1990-08-28,241,A
1990-08-29,218,A
1990-08-30,201,A
1990-08-31,187,A
1990-09-01,174,A
1990-09-02,163,A
1990-09-03,159,A
1990-09-04,155,A
1990-09-05,150,A
1990-09-06,145,A
1990-09-07,139,A
1990-09-08,140,A
1990-09-09,137,A
1990-09-10,133,A
1990-09-11,134,A
1990-09-12,147,A
1990-09-13,153,A
1990-09-14,166,A
1990-09-15,170,A
1990-09-16,154,A
1990-09-17,151,A
1990-09-18,160,A
1990-09-19,181,A
1990-09-20,233,A
1990-09-21,431,A
1990-09-22,339,A
1990-09-23,1080,A
1990-09-24,877,A
1990-09-25,468,A
1990-09-26,329,A
1990-09-27,266,A
1990-09-28,236,A
1990-09-29,302,A
1990-09-30,419,A
1990-10-01,266,A
1990-10-02,211,A
1990-10-03,347,A
1990-10-04,262,A
1990-10-05,216,A
1990-10-06,259,A
1990-10-07,241,A
1990-10-08,212,A
1990-10-09,210,A
1990-10-10,189,A
1990-10-11,189,A
1990-10-12,226,A
1990-10-13,216,A
1990-10-14,200,A
1990-10-15,185,A
1990-10-16,176,A
1990-10-17,177,A
1990-10-18,174,A
1990-10-19,167,A
1990-10-20,161,A
1990-10-21,175,A
1990-10-22,160,A
1990-10-23,151,A
1990-10-24,157,A
1990-10-25,158,A
1990-10-26,150,A
1990-10-27,151,A
1990-10-28,151,A
1990-10-29,146,A
1990-10-30,144,A
1990-10-31,141,A
1990-11-01,140,A
1990-11-02,136,A
1990-11-03,141,A
1990-11-04,339,A
1990-11-05,224,A
1990-11-06,212,A
1990-11-07,333,A
1990-11-08,313,A
1990-11-09,312,A
1990-11-10,283,A
1990-11-11,288,A
1990-11-12,319,A
1990-11-13,305,A
1990-11-14,272,A
1990-11-15,248,A
1990-11-16,236,A
1990-11-17,215,A
1990-11-18,206,A
1990-11-19,212,A
1990-11-20,222,A
1990-11-21,225,A
1990-11-22,227,A
1990-11-23,216,A
1990-11-24,220,A
1990-11-25,222,A
1990-11-26,217,A
1990-11-27,218,A
1990-11-28,214,A
1990-11-29,206,A
1990-11-30,205,A
1990-12-01,199,A
1990-12-02,206,A
1990-12-03,212,A
1990-12-04,207,A
1990-12-05,195,A
1990-12-06,204,A
1990-12-07,204,A
1990-12-08,202,A
1990-12-09,210,A
1990-12-10,210,A
1990-12-11,215,A
1990-12-12,216,A
1990-12-13,224,A
1990-12-14,220,A
1990-12-15,219,A
1990-12-16,219,A
1990-12-17,238,A
1990-12-18,302,A
1990-12-19,296,A
1990-12-20,294,A
1990-12-21,270,A
1990-12-22,247,A
1990-12-23,250,A
1990-12-24,258,A
1990-12-25,255,A
1990-12-26,260,A
1990-12-27,270,A
1990-12-28,250,A
1990-12-29,230,A
1990-12-30,220,A
1990-12-31,210,A
1991-01-01,230,A
1991-01-02,250,A
1991-01-03,230,A
1991-01-04,240,A
1991-01-05,260,A
1991-01-06,250,A
1991-01-07,240,A
1991-01-08,250,A
1991-01-09,260,A
1991-01-10,280,A
1991-01-11,270,A
1991-01-12,250,A
1991-01-13,270,A
1991-01-14,290,A
1991-01-15,310,A
1991-01-16,350,A
1991-01-17,390,A
1991-01-18,353,A
1991-01-19,329,A
1991-01-20,313,A
1991-01-21,287,A
1991-01-22,281,A
1991-01-23,277,A
1991-01-24,281,A
1991-01-25,288,A
1991-01-26,303,A
1991-01-27,317,A
1991-01-28,328,A
1991-01-29,329,A
1991-01-30,306,A
1991-01-31,297,A
1991-02-01,292,A
1991-02-02,290,A
1991-02-03,263,A
1991-02-04,275,A
1991-02-05,274,A
1991-02-06,269,A
1991-02-07,264,A
1991-02-08,255,A
1991-02-09,253,A
1991-02-10,255,A
1991-02-11,263,A
1991-02-12,269,A
1991-02-13,269,A
1991-02-14,258,A
1991-02-15,253,A
1991-02-16,230,A
1991-02-17,231,A
1991-02-18,234,A
1991-02-19,230,A
1991-02-20,216,A
1991-02-21,222,A
1991-02-22,220,A
1991-02-23,210,A
1991-02-24,210,A
1991-02-25,210,A
1991-02-26,213,A
1991-02-27,203,A
1991-02-28,200,A
1991-03-01,208,A
1991-03-02,211,A
1991-03-03,210,A
1991-03-04,218,A
1991-03-05,228,A
1991-03-06,243,A
1991-03-07,246,A
1991-03-08,233,A
1991-03-09,224,A
1991-03-10,211,A
1991-03-11,201,A
1991-03-12,213,A
1991-03-13,201,A
1991-03-14,196,A
1991-03-15,197,A
1991-03-16,200,A
1991-03-17,223,A
1991-03-18,231,A
1991-03-19,248,A
1991-03-20,328,A
1991-03-21,313,A
1991-03-22,280,A
1991-03-23,265,A
1991-03-24,265,A
1991-03-25,250,A
1991-03-26,230,A
1991-03-27,253,A
1991-03-28,238,A
1991-03-29,238,A
1991-03-30,233,A
1991-03-31,233,A
1991-04-01,228,A
1991-04-02,229,A
1991-04-03,978,A
1991-04-04,565,A
1991-04-05,1090,A
1991-04-06,1020,A
1991-04-07,646,A
1991-04-08,482,A
1991-04-09,391,A
1991-04-10,328,A
1991-04-11,299,A
1991-04-12,297,A
1991-04-13,303,A
1991-04-14,292,A
1991-04-15,281,A
1991-04-16,286,A
1991-04-17,294,A
1991-04-18,280,A
1991-04-19,299,A
1991-04-20,286,A
1991-04-21,260,A
1991-04-22,254,A
1991-04-23,260,A
1991-04-24,248,A
1991-04-25,287,A
1991-04-26,300,A
1991-04-27,442,A
1991-04-28,395,A
1991-04-29,379,A
1991-04-30,371,A
1991-05-01,310,A
1991-05-02,269,A
1991-05-03,311,A
1991-05-04,320,A
1991-05-05,531,A
1991-05-06,527,A
1991-05-07,377,A
1991-05-08,741,A
1991-05-09,744,A
1991-05-10,1230,A
1991-05-11,760,A
1991-05-12,487,A
1991-05-13,369,A
1991-05-14,309,A
1991-05-15,268,A
1991-05-16,249,A
1991-05-17,236,A
1991-05-18,227,A
1991-05-19,222,A
1991-05-20,949,A
1991-05-21,923,A
1991-05-22,363,A
1991-05-23,476,A
1991-05-24,1320,A
1991-05-25,1320,A
1991-05-26,2560,A
1991-05-27,2350,A
1991-05-28,1680,A
1991-05-29,1690,A
1991-05-30,1320,A
1991-05-31,1040,A
1991-06-01,820,A
1991-06-02,829,A
1991-06-03,1470,A
1991-06-04,5250,A
1991-06-05,3990,A
1991-06-06,2630,A
1991-06-07,1980,A
1991-06-08,1460,A
1991-06-09,1500,A
1991-06-10,1140,A
1991-06-11,714,A
1991-06-12,571,A
1991-06-13,503,A
1991-06-14,447,A
1991-06-15,415,A
1991-06-16,483,A
1991-06-17,442,A
1991-06-18,376,A
1991-06-19,342,A
1991-06-20,300,A
1991-06-21,281,A
1991-06-22,269,A
1991-06-23,250,A
1991-06-24,250,A
1991-06-25,266,A
1991-06-26,410,A
1991-06-27,357,A
1991-06-28,362,A
1991-06-29,441,A
1991-06-30,450,A
1991-07-01,374,A
1991-07-02,324,A
1991-07-03,320,A
1991-07-04,387,A
1991-07-05,2570,A
1991-07-06,1710,A
1991-07-07,825,A
1991-07-08,609,A
1991-07-09,467,A
1991-07-10,371,A
1991-07-11,332,A
1991-07-12,291,A
1991-07-13,256,A
1991-07-14,345,A
1991-07-15,561,A
1991-07-16,599,A
1991-07-17,441,A
1991-07-18,330,A
1991-07-19,264,A
1991-07-20,225,A
1991-07-21,196,A
1991-07-22,172,A
1991-07-23,155,A
1991-07-24,143,A
1991-07-25,135,A
1991-07-26,128,A
1991-07-27,122,A
1991-07-28,119,A
1991-07-29,112,A
1991-07-30,109,A
1991-07-31,107,A
1991-08-01,117,A
1991-08-02,133,A
1991-08-03,116,A
1991-08-04,101,A
1991-08-05,92,A
1991-08-06,88,A
1991-08-07,106,A
1991-08-08,150,A
1991-08-09,118,A
1991-08-10,97,A
1991-08-11,91,A
1991-08-12,94,A
1991-08-13,104,A
1991-08-14,110,A
1991-08-15,114,A
1991-08-16,105,A
1991-08-17,95,A
1991-08-18,90,A
1991-08-19,108,A
1991-08-20,110,A
1991-08-21,520,A
1991-08-22,622,A
1991-08-23,401,A
1991-08-24,317,A
1991-08-25,351,A
1991-08-26,635,A
1991-08-27,498,A
1991-08-28,342,A
1991-08-29,260,A
1991-08-30,214,A
1991-08-31,186,A
1991-09-01,256,A
1991-09-02,325,A
1991-09-03,1650,A
1991-09-04,4480,A
1991-09-05,4550,A
1991-09-06,2090,A
1991-09-07,1610,A
1991-09-08,1090,A
1991-09-09,710,A
1991-09-10,526,A
1991-09-11,439,A
1991-09-12,371,A
1991-09-13,351,A
1991-09-14,330,A
1991-09-15,305,A
1991-09-16,348,A
1991-09-17,371,A
1991-09-18,570,A
1991-09-19,1170,A
1991-09-20,2340,A
1991-09-21,3070,A
1991-09-22,1350,A
1991-09-23,684,A
1991-09-24,494,A
1991-09-25,398,A
1991-09-26,337,A
1991-09-27,293,A
1991-09-28,262,A
1991-09-29,238,A
1991-09-30,216,A
1991-10-01,197,A
1991-10-02,182,A
1991-10-03,164,A
1991-10-04,150,A
1991-10-05,145,A
1991-10-06,140,A
1991-10-07,135,A
1991-10-08,124,A
1991-10-09,124,A
1991-10-10,122,A
1991-10-11,121,A
1991-10-12,122,A
1991-10-13,119,A
1991-10-14,113,A
1991-10-15,108,A
1991-10-16,104,A
1991-10-17,101,A
1991-10-18,101,A
1991-10-19,93,A
1991-10-20,87,A
1991-10-21,90,A
1991-10-22,87,A
1991-10-23,84,A
1991-10-24,84,A
1991-10-25,84,A
1991-10-26,499,A
1991-10-27,349,A
1991-10-28,1410,A
1991-10-29,1060,A
1991-10-30,1660,A
1991-10-31,1300,A
1991-11-01,961,A
1991-11-02,719,A
1991-11-03,643,A
1991-11-04,542,A
1991-11-05,410,A
1991-11-06,332,A
1991-11-07,289,A
1991-11-08,257,A
1991-11-09,247,A
1991-11-10,232,A
1991-11-11,223,A
1991-11-12,215,A
1991-11-13,212,A
1991-11-14,207,A
1991-11-15,206,A
1991-11-16,763,A
1991-11-17,1670,A
1991-11-18,3340,A
1991-11-19,4440,A
1991-11-20,5920,A
1991-11-21,3320,A
1991-11-22,2810,A
1991-11-23,1830,A
1991-11-24,1110,A
1991-11-25,821,A
1991-11-26,663,A
1991-11-27,569,A
1991-11-28,510,A
1991-11-29,466,A
1991-11-30,433,A
1991-12-01,410,A
1991-12-02,401,A
1991-12-03,377,A
1991-12-04,354,A
1991-12-05,351,A
1991-12-06,347,A
1991-12-07,335,A
1991-12-08,330,A
1991-12-09,317,A
1991-12-10,303,A
1991-12-11,296,A
1991-12-12,1050,A
1991-12-13,1140,A
1991-12-14,3200,A
1991-12-15,2430,A
1991-12-16,1110,A
1991-12-17,776,A
1991-12-18,607,A
1991-12-19,680,A
1991-12-20,15200,A
1991-12-21,29900,A
1991-12-22,19600,A
1991-12-23,11800,A
1991-12-24,9100,A
1991-12-25,6690,A
1991-12-26,4770,A
1991-12-27,3720,A
1991-12-28,3020,A
1991-12-29,2540,A
1991-12-30,2230,A
1991-12-31,2000,A
1992-01-01,1850,A
1992-01-02,1720,A
1992-01-03,1640,A
1992-01-04,1620,A
1992-01-05,1510,A
1992-01-06,1480,A
1992-01-07,1400,A
1992-01-08,1290,A
1992-01-09,1190,A
1992-01-10,1120,A
1992-01-11,1050,A
1992-01-12,984,A
1992-01-13,988,A
1992-01-14,968,A
1992-01-15,947,A
1992-01-16,944,A
1992-01-17,881,A
1992-01-18,809,A
1992-01-19,759,A
1992-01-20,749,A
1992-01-21,720,A
1992-01-22,705,A
1992-01-23,682,A
1992-01-24,655,A
1992-01-25,666,A
1992-01-26,640,A
1992-01-27,629,A
1992-01-28,623,A
1992-01-29,630,A
1992-01-30,662,A
1992-01-31,701,A
1992-02-01,656,A
1992-02-02,617,A
1992-02-03,601,A
1992-02-04,593,A
1992-02-05,548,A
1992-02-06,525,A
1992-02-07,508,A
1992-02-08,494,A
1992-02-09,474,A
1992-02-10,472,A
1992-02-11,513,A
1992-02-12,532,A
1992-02-13,489,A
1992-02-14,508,A
1992-02-15,517,A
1992-02-16,476,A
1992-02-17,470,A
1992-02-18,456,A
1992-02-19,413,A
1992-02-20,380,A
1992-02-21,359,A
1992-02-22,346,A
1992-02-23,332,A
1992-02-24,357,A
1992-02-25,401,A
1992-02-26,417,A
1992-02-27,441,A
1992-02-28,416,A
1992-02-29,377,A
1992-03-01,350,A
1992-03-02,331,A
1992-03-03,321,A
1992-03-04,711,A
1992-03-05,5000,A
1992-03-06,4900,A
1992-03-07,3510,A
1992-03-08,2070,A
1992-03-09,1530,A
1992-03-10,1170,A
1992-03-11,980,A
1992-03-12,850,A
1992-03-13,1330,A
1992-03-14,1060,A
1992-03-15,810,A
1992-03-16,679,A
1992-03-17,629,A
1992-03-18,597,A
1992-03-19,549,A
1992-03-20,530,A
1992-03-21,522,A
1992-03-22,550,A
1992-03-23,504,A
1992-03-24,483,A
1992-03-25,484,A
1992-03-26,466,A
1992-03-27,441,A
1992-03-28,435,A
1992-03-29,473,A
1992-03-30,433,A
1992-03-31,406,A
1992-04-01,414,A
1992-04-02,403,A
1992-04-03,409,A
1992-04-04,426,A
1992-04-05,424,A
1992-04-06,410,A
1992-04-07,403,A
1992-04-08,402,A
1992-04-09,371,A
1992-04-10,330,A
1992-04-11,312,A
1992-04-12,5600,A
1992-04-13,4500,A
1992-04-14,3440,A
1992-04-15,1660,A
1992-04-16,915,A
1992-04-17,753,A
1992-04-18,743,A
1992-04-19,1250,A
1992-04-20,938,A
1992-04-21,2040,A
1992-04-22,3600,A
1992-04-23,2150,A
1992-04-24,1640,A
1992-04-25,1200,A
1992-04-26,888,A
1992-04-27,670,A
1992-04-28,973,A
1992-04-29,1550,A
1992-04-30,888,A
1992-05-01,740,A
1992-05-02,588,A
1992-05-03,442,A
1992-05-04,360,A
1992-05-05,302,A
1992-05-06,253,A
1992-05-07,227,A
1992-05-08,200,A
1992-05-09,179,A
1992-05-10,203,A
1992-05-11,775,A
1992-05-12,622,A
1992-05-13,902,A
1992-05-14,548,A
1992-05-15,373,A
1992-05-16,262,A
1992-05-17,293,A
1992-05-18,1030,A
1992-05-19,749,A
1992-05-20,2300,A
1992-05-21,1390,A
1992-05-22,1200,A
1992-05-23,757,A
1992-05-24,457,A
1992-05-25,378,A
1992-05-26,320,A
1992-05-27,244,A
1992-05-28,420,A
1992-05-29,583,A
1992-05-30,584,A
1992-05-31,711,A
1992-06-01,982,A
1992-06-02,2640,A
1992-06-03,7320,A
1992-06-04,10900,A
1992-06-05,6280,A
1992-06-06,5680,A
1992-06-07,6740,A
1992-06-08,8480,A
1992-06-09,6850,A
1992-06-10,8000,A
1992-06-11,8070,A
1992-06-12,7300,A
1992-06-13,7770,A
1992-06-14,3490,A
1992-06-15,9450,A
1992-06-16,8760,A
1992-06-17,7470,A
1992-06-18,3790,A
1992-06-19,4500,A
1992-06-20,13900,A
1992-06-21,7560,A
1992-06-22,3350,A
1992-06-23,2140,A
1992-06-24,1650,A
1992-06-25,2510,A
1992-06-26,5710,A
1992-06-27,6590,A
1992-06-28,3220,A
1992-06-29,7550,A
1992-06-30,13700,A
1992-07-01,9340,A
1992-07-02,4840,A
1992-07-03,3080,A
1992-07-04,2150,A
1992-07-05,1860,A
1992-07-06,1610,A
1992-07-07,1330,A
1992-07-08,1130,A
1992-07-09,969,A
1992-07-10,849,A
1992-07-11,758,A
1992-07-12,690,A
1992-07-13,726,A
1992-07-14,755,A
1992-07-15,814,A
1992-07-16,1160,A
1992-07-17,1950,A
1992-07-18,3720,A
1992-07-19,2500,A
1992-07-20,1540,A
1992-07-21,1350,A
1992-07-22,1150,A
1992-07-23,1450,A
1992-07-24,1470,A
1992-07-25,855,A
1992-07-26,660,A
1992-07-27,559,A
1992-07-28,518,A
1992-07-29,491,A
1992-07-30,456,A
1992-07-31,419,A
1992-08-01,383,A
1992-08-02,360,A
1992-08-03,343,A
1992-08-04,1280,A
1992-08-05,4470,A
1992-08-06,8920,A
1992-08-07,6880,A
1992-08-08,3110,A
1992-08-09,2140,A
1992-08-10,1660,A
1992-08-11,1230,A
1992-08-12,7420,A
1992-08-13,10500,A
1992-08-14,3880,A
1992-08-15,1960,A
1992-08-16,1400,A
1992-08-17,1100,A
1992-08-18,963,A
1992-08-19,874,A
1992-08-20,815,A
1992-08-21,791,A
1992-08-22,761,A
1992-08-23,719,A
1992-08-24,659,A
1992-08-25,645,A
1992-08-26,1470,A
1992-08-27,3420,A
1992-08-28,4580,A
1992-08-29,2760,A
1992-08-30,1400,A
1992-08-31,988,A
1992-09-01,841,A
1992-09-02,2240,A
1992-09-03,2780,A
1992-09-04,3400,A
1992-09-05,1510,A
1992-09-06,1430,A
1992-09-07,4430,A
1992-09-08,5230,A
1992-09-09,1880,A
1992-09-10,1400,A
1992-09-11,1260,A
1992-09-12,995,A
1992-09-13,870,A
1992-09-14,718,A
1992-09-15,640,A
1992-09-16,573,A
1992-09-17,521,A
1992-09-18,482,A
1992-09-19,451,A
1992-09-20,444,A
1992-09-21,435,A
1992-09-22,436,A
1992-09-23,455,A
1992-09-24,428,A
1992-09-25,398,A
1992-09-26,375,A
1992-09-27,357,A
1992-09-28,342,A
1992-09-29,331,A
1992-09-30,321,A
1992-10-01,334,A
1992-10-02,309,A
1992-10-03,306,A
1992-10-04,303,A
1992-10-05,292,A
1992-10-06,278,A
1992-10-07,279,A
1992-10-08,329,A
1992-10-09,308,A
1992-10-10,291,A
1992-10-11,285,A
1992-10-12,276,A
1992-10-13,260,A
1992-10-14,246,A
1992-10-15,235,A
1992-10-16,226,A
1992-10-17,223,A
1992-10-18,222,A
1992-10-19,221,A
1992-10-20,226,A
1992-10-21,231,A
1992-10-22,227,A
1992-10-23,228,A
1992-10-24,235,A
1992-10-25,240,A
1992-10-26,232,A
1992-10-27,221,A
1992-10-28,216,A
1992-10-29,381,A
1992-10-30,400,A
1992-10-31,335,A
1992-11-01,394,A
1992-11-02,342,A
1992-11-03,297,A
1992-11-04,265,A
1992-11-05,254,A
1992-11-06,251,A
1992-11-07,259,A
1992-11-08,249,A
1992-11-09,242,A
1992-11-10,248,A
1992-11-11,534,A
1992-11-12,3180,A
1992-11-13,2090,A
1992-11-14,1650,A
1992-11-15,928,A
1992-11-16,663,A
1992-11-17,531,A
1992-11-18,450,A
1992-11-19,735,A
1992-11-20,6230,A
1992-11-21,10600,A
1992-11-22,9930,A
1992-11-23,10500,A
1992-11-24,10300,A
1992-11-25,8490,A
1992-11-26,18200,A
1992-11-27,15000,A
1992-11-28,9400,A
1992-11-29,6100,A
1992-11-30,3780,A
1992-12-01,2880,A
1992-12-02,2410,A
1992-12-03,2090,A
1992-12-04,1880,A
1992-12-05,1730,A
1992-12-06,1630,A
1992-12-07,1580,A
1992-12-08,1570,A
1992-12-09,3610,A
1992-12-10,6350,A
1992-12-11,7740,A
1992-12-12,4630,A
1992-12-13,3090,A
1992-12-14,9290,A
1992-12-15,18200,A
1992-12-16,16300,A
1992-12-17,8910,A
1992-12-18,6040,A
1992-12-19,4750,A
1992-12-20,3830,A
1992-12-21,3170,A
1992-12-22,2810,A
1992-12-23,2620,A
1992-12-24,2410,A
1992-12-25,2270,A
1992-12-26,2160,A
1992-12-27,2010,A
1992-12-28,1900,A
1992-12-29,1840,A
1992-12-30,1810,A
1992-12-31,1790,A
1993-01-01,1740,A
1993-01-02,1680,A
1993-01-03,1680,A
1993-01-04,1950,A
1993-01-05,2170,A
1993-01-06,2180,A
1993-01-07,1860,A
1993-01-08,1740,A
1993-01-09,3310,A
1993-01-10,9070,A
1993-01-11,11300,A
1993-01-12,7030,A
1993-01-13,4620,A
1993-01-14,4000,A
1993-01-15,3550,A
1993-01-16,2850,A
1993-01-17,2450,A
1993-01-18,2280,A
1993-01-19,2140,A
1993-01-20,3100,A
1993-01-21,3690,A
1993-01-22,4860,A
1993-01-23,6130,A
1993-01-24,4760,A
1993-01-25,3580,A
1993-01-26,3350,A
1993-01-27,3560,A
1993-01-28,2640,A
1993-01-29,2310,A
1993-01-30,2160,A
1993-01-31,2020,A
1993-02-01,1880,A
1993-02-02,1810,A
1993-02-03,1780,A
1993-02-04,1760,A
1993-02-05,1780,A
1993-02-06,3820,A
1993-02-07,4810,A
1993-02-08,3110,A
1993-02-09,2330,A
1993-02-10,2310,A
1993-02-11,2440,A
1993-02-12,2340,A
1993-02-13,2670,A
1993-02-14,2360,A
1993-02-15,2310,A
1993-02-16,3070,A
1993-02-17,4150,A
1993-02-18,3770,A
1993-02-19,3240,A
1993-02-20,5290,A
1993-02-21,6970,A
1993-02-22,10300,A
1993-02-23,8960,A
1993-02-24,6610,A
1993-02-25,5580,A
1993-02-26,3850,A
1993-02-27,3370,A
1993-02-28,2790,A
1993-03-01,2560,A
1993-03-02,2760,A
1993-03-03,2880,A
1993-03-04,3000,A
1993-03-05,3030,A
1993-03-06,3780,A
1993-03-07,2820,A
1993-03-08,2460,A
1993-03-09,2240,A
1993-03-10,2080,A
1993-03-11,1910,A
1993-03-12,1810,A
1993-03-13,1700,A
1993-03-14,1600,A
1993-03-15,1540,A
1993-03-16,1540,A
1993-03-17,1540,A
1993-03-18,1530,A
1993-03-19,1550,A
1993-03-20,1630,A
1993-03-21,1950,A
1993-03-22,2130,A
1993-03-23,2160,A
1993-03-24,2660,A
1993-03-25,2320,A
1993-03-26,1860,A
1993-03-27,1650,A
1993-03-28,1530,A
1993-03-29,1450,A
1993-03-30,2210,A
1993-03-31,3570,A
1993-04-01,4390,A
1993-04-02,4710,A
1993-04-03,3850,A
1993-04-04,3540,A
1993-04-05,5340,A
1993-04-06,4250,A
1993-04-07,3220,A
1993-04-08,2630,A
1993-04-09,2410,A
1993-04-10,2140,A
1993-04-11,1980,A
1993-04-12,1910,A
1993-04-13,1750,A
1993-04-14,2040,A
1993-04-15,8530,A
1993-04-16,15400,A
1993-04-17,9040,A
1993-04-18,6550,A
1993-04-19,4770,A
1993-04-20,3340,A
1993-04-21,2610,A
1993-04-22,2190,A
1993-04-23,1970,A
1993-04-24,1870,A
1993-04-25,1750,A
1993-04-26,1640,A
1993-04-27,1540,A
1993-04-28,3750,A
1993-04-29,27200,A
1993-04-30,21800,A
1993-05-01,18400,A
1993-05-02,19800,A
1993-05-03,41900,A
1993-05-04,55600,A
1993-05-05,20800,A
1993-05-06,15000,A
1993-05-07,11200,A
1993-05-08,24900,A
1993-05-09,102000,A
1993-05-10,137000,A
1993-05-11,99200,A
1993-05-12,43500,A
1993-05-13,30400,A
1993-05-14,21700,A
1993-05-15,15900,A
1993-05-16,12800,A
1993-05-17,10700,A
1993-05-18,19000,A
1993-05-19,20200,A
1993-05-20,20900,A
1993-05-21,22800,A
1993-05-22,12100,A
1993-05-23,9030,A
1993-05-24,7660,A
1993-05-25,6760,A
1993-05-26,6060,A
1993-05-27,5450,A
1993-05-28,5070,A
1993-05-29,5390,A
1993-05-30,4870,A
1993-05-31,4370,A
1993-06-01,4110,A
1993-06-02,3820,A
1993-06-03,3760,A
1993-06-04,3370,A
1993-06-05,3160,A
1993-06-06,3080,A
1993-06-07,3300,A
1993-06-08,3210,A
1993-06-09,3100,A
1993-06-10,4820,A
1993-06-11,4350,A
1993-06-12,4320,A
1993-06-13,3220,A
1993-06-14,2750,A
1993-06-15,2480,A
1993-06-16,2400,A
1993-06-17,2190,A
1993-06-18,2020,A
1993-06-19,1920,A
1993-06-20,2050,A
1993-06-21,2800,A
1993-06-22,4220,A
1993-06-23,3340,A
1993-06-24,2730,A
1993-06-25,5640,A
1993-06-26,10700,A
1993-06-27,16900,A
1993-06-28,13000,A
1993-06-29,6220,A
1993-06-30,5160,A
1993-07-01,4800,A
1993-07-02,3770,A
1993-07-03,2760,A
1993-07-04,2230,A
1993-07-05,1940,A
1993-07-06,1820,A
1993-07-07,1710,A
1993-07-08,1510,A
1993-07-09,3300,A
1993-07-10,6790,A
1993-07-11,4500,A
1993-07-12,3400,A
1993-07-13,3100,A
1993-07-14,2880,A
1993-07-15,5080,A
1993-07-16,8980,A
1993-07-17,7380,A
1993-07-18,4690,A
1993-07-19,2860,A
1993-07-20,2310,A
1993-07-21,2130,A
1993-07-22,1720,A
1993-07-23,1460,A
1993-07-24,1260,A
1993-07-25,1110,A
1993-07-26,1000,A
1993-07-27,928,A
1993-07-28,871,A
1993-07-29,809,A
1993-07-30,763,A
1993-07-31,719,A
1993-08-01,689,A
1993-08-02,664,A
1993-08-03,637,A
1993-08-04,627,A
1993-08-05,638,A
1993-08-06,673,A
1993-08-07,882,A
1993-08-08,1090,A
1993-08-09,1630,A
1993-08-10,1600,A
1993-08-11,1140,A
1993-08-12,924,A
1993-08-13,740,A
1993-08-14,700,A
1993-08-15,680,A
1993-08-16,670,A
1993-08-17,660,A
1993-08-18,654,A
1993-08-19,572,A
1993-08-20,530,A
1993-08-21,504,A
1993-08-22,474,A
1993-08-23,459,A
1993-08-24,443,A
1993-08-25,435,A
1993-08-26,424,A
1993-08-27,450,A
1993-08-28,436,A
1993-08-29,404,A
1993-08-30,388,A
1993-08-31,413,A
1993-09-01,416,A
1993-09-02,552,A
1993-09-03,590,A
1993-09-04,524,A
1993-09-05,506,A
1993-09-06,554,A
1993-09-07,488,A
1993-09-08,533,A
1993-09-09,494,A
1993-09-10,623,A
1993-09-11,778,A
1993-09-12,586,A
1993-09-13,559,A
1993-09-14,4250,A
1993-09-15,7130,A
1993-09-16,5610,A
1993-09-17,2730,A
1993-09-18,1830,A
1993-09-19,1470,A
1993-09-20,1350,A
1993-09-21,999,A
1993-09-22,903,A
1993-09-23,845,A
1993-09-24,744,A
1993-09-25,753,A
1993-09-26,775,A
1993-09-27,812,A
1993-09-28,897,A
1993-09-29,769,A
1993-09-30,685,A
1993-10-01,647,A
1993-10-02,607,A
1993-10-03,579,A
1993-10-04,560,A:e
1993-10-05,550,A:e
1993-10-06,540,A:e
1993-10-07,537,A:e
1993-10-08,533,A:e
1993-10-09,530,A:e
1993-10-10,526,A:e
1993-10-11,520,A:e
1993-10-12,515,A:e
1993-10-13,512,A:e
1993-10-14,510,A:e
1993-10-15,508,A:e
1993-10-16,593,A
1993-10-17,547,A
1993-10-18,540,A:e
1993-10-19,530,A:e
1993-10-20,520,A:e
1993-10-21,510,A:e
1993-10-22,500,A:e
1993-10-23,493,A:e
1993-10-24,486,A:e
1993-10-25,482,A:e
1993-10-26,480,A:e
1993-10-27,475,A:e
1993-10-28,470,A:e
1993-10-29,465,A:e
1993-10-30,460,A:e
1993-10-31,455,A:e
1993-11-01,450,A:e
1993-11-02,445,A:e
1993-11-03,441,A:e
1993-11-04,438,A:e
1993-11-05,436,A:e
1993-11-06,435,A:e
1993-11-07,434,A:e
1993-11-08,432,A
1993-11-09,438,A
1993-11-10,436,A
1993-11-11,444,A
1993-11-12,474,A
1993-11-13,568,A
1993-11-14,810,A
1993-11-15,929,A
1993-11-16,1190,A
1993-11-17,1100,A
1993-11-18,918,A
1993-11-19,851,A
1993-11-20,729,A
1993-11-21,661,A
1993-11-22,610,A
1993-11-23,576,A
1993-11-24,611,A
1993-11-25,571,A
1993-11-26,524,A
1993-11-27,532,A
1993-11-28,518,A
1993-11-29,514,A
1993-11-30,512,A
1993-12-01,530,A
1993-12-02,568,A
1993-12-03,638,A
1993-12-04,809,A
1993-12-05,976,A
1993-12-06,838,A
1993-12-07,755,A
1993-12-08,686,A
1993-12-09,654,A
1993-12-10,618,A
1993-12-11,592,A
1993-12-12,558,A
1993-12-13,738,A
1993-12-14,799,A
1993-12-15,635,A
1993-12-16,697,A
1993-12-17,680,A
1993-12-18,620,A
1993-12-19,582,A
1993-12-20,581,A
1993-12-21,545,A
1993-12-22,546,A
1993-12-23,525,A
1993-12-24,520,A
1993-12-25,527,A
1993-12-26,512,A
1993-12-27,514,A
1993-12-28,511,A
1993-12-29,491,A
1993-12-30,477,A
1993-12-31,464,A
1994-01-01,477,A
1994-01-02,475,A
1994-01-03,502,A
1994-01-04,495,A
1994-01-05,452,A
1994-01-06,475,A
1994-01-07,462,A
1994-01-08,440,A
1994-01-09,458,A
1994-01-10,447,A
1994-01-11,444,A
1994-01-12,462,A
1994-01-13,484,A
1994-01-14,453,A
1994-01-15,440,A
1994-01-16,424,A
1994-01-17,431,A
1994-01-18,394,A
1994-01-19,393,A
1994-01-20,469,A
1994-01-21,451,A
1994-01-22,423,A
1994-01-23,427,A
1994-01-24,435,A
1994-01-25,454,A
1994-01-26,462,A
1994-01-27,467,A
1994-01-28,453,A
1994-01-29,430,A
1994-01-30,427,A
1994-01-31,427,A
1994-02-01,429,A
1994-02-02,423,A
1994-02-03,404,A
1994-02-04,408,A
1994-02-05,420,A
1994-02-06,419,A
1994-02-07,416,A
1994-02-08,413,A
1994-02-09,400,A:e
1994-02-10,410,A:e
1994-02-11,420,A:e
1994-02-12,430,A:e
1994-02-13,425,A:e
1994-02-14,430,A:e
1994-02-15,460,A:e
1994-02-16,450,A:e
1994-02-17,430,A:e
1994-02-18,428,A:e
1994-02-19,450,A:e
1994-02-20,650,A:e
1994-02-21,840,A:e
1994-02-22,1500,A:e
1994-02-23,2500,A:e
1994-02-24,2000,A:e
1994-02-25,1600,A:e
1994-02-26,1200,A:e
1994-02-27,1000,A:e
1994-02-28,850,A:e
1994-03-01,1000,A:e
1994-03-02,1100,A:e
1994-03-03,900,A:e
1994-03-04,743,A:e
1994-03-05,650,A:e
1994-03-06,585,A:e
1994-03-07,554,A:e
1994-03-08,2340,A
1994-03-09,2500,A
1994-03-10,5000,A
1994-03-11,5660,A
1994-03-12,6390,A
1994-03-13,4870,A
1994-03-14,3070,A
1994-03-15,2050,A
1994-03-16,1520,A
1994-03-17,1130,A
1994-03-18,982,A
1994-03-19,872,A
1994-03-20,812,A
1994-03-21,747,A
1994-03-22,697,A
1994-03-23,668,A
1994-03-24,641,A
1994-03-25,605,A
1994-03-26,631,A
1994-03-27,680,A
1994-03-28,670,A
1994-03-29,725,A
1994-03-30,636,A
1994-03-31,554,A
1994-04-01,519,A
1994-04-02,558,A
1994-04-03,621,A
1994-04-04,519,A
1994-04-05,505,A
1994-04-06,494,A
1994-04-07,462,A
1994-04-08,432,A
1994-04-09,473,A
1994-04-10,793,A
1994-04-11,22300,A
1994-04-12,26200,A
1994-04-13,10900,A
1994-04-14,5400,A
1994-04-15,3870,A
1994-04-16,3160,A
1994-04-17,2680,A
1994-04-18,2360,A
1994-04-19,2150,A
1994-04-20,1830,A
1994-04-21,1510,A
1994-04-22,1330,A
1994-04-23,1400,A
1994-04-24,1340,A
1994-04-25,1150,A
1994-04-26,1080,A
1994-04-27,1100,A
1994-04-28,4900,A
1994-04-29,14100,A
1994-04-30,21800,A
1994-05-01,28100,A
1994-05-02,12600,A
1994-05-03,9730,A
1994-05-04,11200,A
1994-05-05,7360,A
1994-05-06,4870,A
1994-05-07,3520,A
1994-05-08,2780,A
1994-05-09,2300,A
1994-05-10,2010,A
1994-05-11,1810,A
1994-05-12,1650,A
1994-05-13,1530,A
1994-05-14,1450,A
1994-05-15,1370,A
1994-05-16,1390,A
1994-05-17,1280,A
1994-05-18,1150,A
1994-05-19,1070,A
1994-05-20,992,A
1994-05-21,928,A
1994-05-22,867,A
1994-05-23,805,A
1994-05-24,775,A
1994-05-25,850,A
1994-05-26,1760,A
1994-05-27,1750,A
1994-05-28,3670,A
1994-05-29,3120,A
1994-05-30,8940,A
1994-05-31,14700,A
1994-06-01,6640,A
1994-06-02,4370,A
1994-06-03,3030,A
1994-06-04,2230,A
1994-06-05,1740,A
1994-06-06,1850,A
1994-06-07,2840,A
1994-06-08,3790,A
1994-06-09,2140,A
1994-06-10,1530,A
1994-06-11,1270,A
1994-06-12,1140,A
1994-06-13,1090,A
1994-06-14,956,A
1994-06-15,849,A
1994-06-16,770,A
1994-06-17,730,A:e
1994-06-18,700,A:e
1994-06-19,650,A:e
1994-06-20,610,A:e
1994-06-21,570,A:e
1994-06-22,540,A:e
1994-06-23,510,A:e
1994-06-24,470,A:e
1994-06-25,450,A:e
1994-06-26,430,A:e
1994-06-27,411,A
1994-06-28,402,A
1994-06-29,380,A
1994-06-30,385,A
1994-07-01,368,A
1994-07-02,350,A
1994-07-03,328,A
1994-07-04,310,A
1994-07-05,295,A
1994-07-06,273,A
1994-07-07,265,A
1994-07-08,264,A
1994-07-09,239,A
1994-07-10,240,A
1994-07-11,251,A
1994-07-12,261,A
1994-07-13,255,A
1994-07-14,257,A
1994-07-15,349,A
1994-07-16,379,A
1994-07-17,375,A
1994-07-18,398,A
1994-07-19,450,A
1994-07-20,388,A
1994-07-21,382,A
1994-07-22,326,A
1994-07-23,281,A
1994-07-24,268,A
1994-07-25,293,A
1994-07-26,463,A
1994-07-27,348,A
1994-07-28,350,A
1994-07-29,339,A
1994-07-30,329,A
1994-07-31,462,A
1994-08-01,414,A
1994-08-02,336,A
1994-08-03,287,A
1994-08-04,256,A
1994-08-05,249,A
1994-08-06,236,A
1994-08-07,221,A
1994-08-08,197,A
1994-08-09,182,A
1994-08-10,173,A
1994-08-11,160,A
1994-08-12,146,A
1994-08-13,136,A
1994-08-14,132,A
1994-08-15,121,A
1994-08-16,114,A
1994-08-17,107,A
1994-08-18,103,A
1994-08-19,108,A
1994-08-20,238,A
1994-08-21,556,A
1994-08-22,703,A
1994-08-23,653,A
1994-08-24,817,A
1994-08-25,530,A
1994-08-26,340,A
1994-08-27,258,A
1994-08-28,204,A
1994-08-29,166,A
1994-08-30,139,A
1994-08-31,159,A
1994-09-01,217,A
1994-09-02,288,A
1994-09-03,494,A
1994-09-04,394,A
1994-09-05,429,A
1994-09-06,589,A
1994-09-07,459,A
1994-09-08,415,A
1994-09-09,354,A
1994-09-10,389,A
1994-09-11,694,A
1994-09-12,397,A
1994-09-13,297,A
1994-09-14,245,A
1994-09-15,226,A
1994-09-16,224,A
1994-09-17,203,A
1994-09-18,186,A
1994-09-19,174,A
1994-09-20,167,A
1994-09-21,164,A
1994-09-22,243,A
1994-09-23,203,A
1994-09-24,194,A
1994-09-25,264,A
1994-09-26,215,A
1994-09-27,189,A
1994-09-28,184,A
1994-09-29,180,A
1994-09-30,166,A
1994-10-01,156,A
1994-10-02,148,A
1994-10-03,148,A
1994-10-04,229,A
1994-10-05,2170,A
1994-10-06,1550,A
1994-10-07,885,A
1994-10-08,921,A
1994-10-09,870,A
1994-10-10,778,A
1994-10-11,606,A
1994-10-12,478,A
1994-10-13,399,A
1994-10-14,351,A
1994-10-15,321,A
1994-10-16,302,A
1994-10-17,284,A
1994-10-18,303,A
1994-10-19,324,A
1994-10-20,2770,A
1994-10-21,3000,A
1994-10-22,1820,A
1994-10-23,1080,A
1994-10-24,789,A
1994-10-25,641,A
1994-10-26,544,A
1994-10-27,474,A
1994-10-28,427,A
1994-10-29,398,A
1994-10-30,381,A
1994-10-31,389,A
1994-11-01,360,A
1994-11-02,356,A
1994-11-03,476,A
1994-11-04,1100,A
1994-11-05,1390,A
1994-11-06,1100,A:e
1994-11-07,1400,A:e
1994-11-08,758,A
1994-11-09,680,A:e
1994-11-10,640,A:e
1994-11-11,760,A:e
1994-11-12,900,A:e
1994-11-13,660,A:e
1994-11-14,560,A
1994-11-15,505,A
1994-11-16,466,A
1994-11-17,454,A
1994-11-18,440,A
1994-11-19,609,A
1994-11-20,4790,A
1994-11-21,31200,A
1994-11-22,21600,A
1994-11-23,9390,A
1994-11-24,6710,A
1994-11-25,4930,A
1994-11-26,3430,A
1994-11-27,2470,A
1994-11-28,1900,A
1994-11-29,1550,A
1994-11-30,1330,A
1994-12-01,1170,A
1994-12-02,1070,A
1994-12-03,1010,A
1994-12-04,961,A
1994-12-05,926,A
1994-12-06,890,A
1994-12-07,865,A
1994-12-08,925,A
1994-12-09,856,A
1994-12-10,856,A
1994-12-11,828,A
1994-12-12,773,A
1994-12-13,759,A
1994-12-14,730,A
1994-12-15,709,A
1994-12-16,707,A
1994-12-17,684,A
1994-12-18,669,A
1994-12-19,657,A
1994-12-20,639,A
1994-12-21,627,A
1994-12-22,621,A
1994-12-23,608,A
1994-12-24,593,A
1994-12-25,583,A
1994-12-26,570,A
1994-12-27,565,A
1994-12-28,560,A
1994-12-29,561,A
1994-12-30,560,A
1994-12-31,567,A
1995-01-01,564,A
1995-01-02,555,A
1995-01-03,555,A
1995-01-04,557,A
1995-01-05,546,A
1995-01-06,607,A
1995-01-07,580,A
1995-01-08,582,A
1995-01-09,563,A
1995-01-10,558,A
1995-01-11,549,A
1995-01-12,546,A
1995-01-13,545,A
1995-01-14,529,A
1995-01-15,514,A
1995-01-16,503,A
1995-01-17,570,A
1995-01-18,535,A
1995-01-19,525,A
1995-01-20,511,A
1995-01-21,493,A
1995-01-22,508,A
1995-01-23,516,A
1995-01-24,531,A
1995-01-25,586,A
1995-01-26,588,A
1995-01-27,618,A
1995-01-28,654,A
1995-01-29,735,A
1995-01-30,699,A
1995-01-31,653,A
1995-02-01,632,A
1995-02-02,620,A
1995-02-03,619,A
1995-02-04,571,A
1995-02-05,562,A
1995-02-06,537,A
1995-02-07,525,A
1995-02-08,498,A
1995-02-09,493,A
1995-02-10,484,A
1995-02-11,467,A
1995-02-12,454,A
1995-02-13,456,A
1995-02-14,456,A
1995-02-15,475,A
1995-02-16,460,A
1995-02-17,472,A
1995-02-18,492,A
1995-02-19,493,A
1995-02-20,480,A
1995-02-21,469,A
1995-02-22,470,A
1995-02-23,464,A
1995-02-24,459,A
1995-02-25,461,A
1995-02-26,448,A
1995-02-27,449,A
1995-02-28,485,A
1995-03-01,484,A
1995-03-02,513,A
1995-03-03,496,A
1995-03-04,490,A
1995-03-05,500,A
1995-03-06,516,A
1995-03-07,693,A
1995-03-08,608,A
1995-03-09,656,A
1995-03-10,635,A
1995-03-11,585,A
1995-03-12,577,A
1995-03-13,4930,A
1995-03-14,14500,A
1995-03-15,10800,A
1995-03-16,9050,A
1995-03-17,6530,A
1995-03-18,4500,A
1995-03-19,3080,A
1995-03-20,2380,A
1995-03-21,2100,A:e
1995-03-22,1900,A:e
1995-03-23,1700,A:e
1995-03-24,1500,A:e
1995-03-25,1410,A
1995-03-26,1360,A
1995-03-27,1400,A:e
1995-03-28,1500,A:e
1995-03-29,1400,A:e
1995-03-30,1350,A:e
1995-03-31,1500,A:e
1995-04-01,1400,A:e
1995-04-02,1300,A:e
1995-04-03,1250,A:e
1995-04-04,1200,A:e
1995-04-05,1300,A:e
1995-04-06,1200,A:e
1995-04-07,1120,A:e
1995-04-08,1100,A:e
1995-04-09,1080,A:e
1995-04-10,1030,A:e
1995-04-11,1000,A:e
1995-04-12,1100,A:e
1995-04-13,1060,A
1995-04-14,1030,A
1995-04-15,998,A
1995-04-16,967,A
1995-04-17,1060,A
1995-04-18,2480,A
1995-04-19,2760,A
1995-04-20,2590,A
1995-04-21,1950,A
1995-04-22,2170,A
1995-04-23,3310,A
1995-04-24,4210,A
1995-04-25,3950,A
1995-04-26,2600,A:e
1995-04-27,2100,A:e
1995-04-28,1900,A:e
1995-04-29,1700,A:e
1995-04-30,1600,A:e
1995-05-01,1500,A:e
1995-05-02,1400,A:e
1995-05-03,1360,A
1995-05-04,1290,A
1995-05-05,1230,A
1995-05-06,2710,A
1995-05-07,6630,A
1995-05-08,15600,A
1995-05-09,13700,A
1995-05-10,9960,A
1995-05-11,7410,A
1995-05-12,5230,A
1995-05-13,4400,A
1995-05-14,4050,A
1995-05-15,3150,A
1995-05-16,2620,A
1995-05-17,2270,A
1995-05-18,2090,A
1995-05-19,2030,A
1995-05-20,1790,A
1995-05-21,1650,A
1995-05-22,1640,A
1995-05-23,1620,A
1995-05-24,1680,A
1995-05-25,1630,A
1995-05-26,3400,A
1995-05-27,4740,A
1995-05-28,7960,A
1995-05-29,9080,A
1995-05-30,6700,A
1995-05-31,6200,A
1995-06-01,6380,A
1995-06-02,4140,A
1995-06-03,3620,A
1995-06-04,21900,A
1995-06-05,38300,A
1995-06-06,41600,A
1995-06-07,39400,A
1995-06-08,22800,A
1995-06-09,51600,A
1995-06-10,89900,A
1995-06-11,87000,A
1995-06-12,36400,A
1995-06-13,19000,A
1995-06-14,14000,A
1995-06-15,10800,A
1995-06-16,8480,A
1995-06-17,6980,A
1995-06-18,5920,A
1995-06-19,5220,A
1995-06-20,4650,A
1995-06-21,4140,A
1995-06-22,3740,A
1995-06-23,3400,A
1995-06-24,3180,A
1995-06-25,2960,A
1995-06-26,2850,A
1995-06-27,2780,A
1995-06-28,2610,A
1995-06-29,2630,A
1995-06-30,2560,A
1995-07-01,2540,A
1995-07-02,2520,A
1995-07-03,2300,A
1995-07-04,2500,A
1995-07-05,2090,A
1995-07-06,1990,A
1995-07-07,1900,A
1995-07-08,1720,A
1995-07-09,1580,A
1995-07-10,1490,A
1995-07-11,1460,A:e
1995-07-12,1430,A:e
1995-07-13,1410,A
1995-07-14,1380,A
1995-07-15,1340,A
1995-07-16,1260,A
1995-07-17,1210,A
1995-07-18,1380,A
1995-07-19,1290,A
1995-07-20,1650,A
1995-07-21,1410,A
1995-07-22,1430,A
1995-07-23,1340,A
1995-07-24,1420,A
1995-07-25,1430,A
1995-07-26,3660,A
1995-07-27,2970,A
1995-07-28,2010,A
1995-07-29,1590,A
1995-07-30,1340,A
1995-07-31,1190,A
1995-08-01,1220,A
1995-08-02,4340,A
1995-08-03,10200,A
1995-08-04,39500,A
1995-08-05,35200,A
1995-08-06,17800,A
1995-08-07,12500,A
1995-08-08,10000,A
1995-08-09,6080,A
1995-08-10,4190,A
1995-08-11,3100,A
1995-08-12,2520,A
1995-08-13,2110,A
1995-08-14,1840,A
1995-08-15,1660,A
1995-08-16,1540,A
1995-08-17,1660,A
1995-08-18,1540,A
1995-08-19,1460,A
1995-08-20,1330,A
1995-08-21,1240,A
1995-08-22,1170,A
1995-08-23,1120,A
1995-08-24,1090,A
1995-08-25,1050,A
1995-08-26,1020,A
1995-08-27,984,A
1995-08-28,950,A
1995-08-29,931,A
1995-08-30,903,A
1995-08-31,882,A
1995-09-01,850,A
1995-09-02,823,A
1995-09-03,802,A
1995-09-04,792,A
1995-09-05,759,A
1995-09-06,739,A
1995-09-07,811,A
1995-09-08,731,A
1995-09-09,722,A
1995-09-10,709,A
1995-09-11,701,A
1995-09-12,790,A
1995-09-13,795,A
1995-09-14,830,A
1995-09-15,992,A
1995-09-16,1130,A
1995-09-17,1160,A
1995-09-18,3060,A
1995-09-19,2270,A
1995-09-20,1680,A
1995-09-21,2000,A
1995-09-22,1770,A
1995-09-23,2500,A
1995-09-24,2810,A
1995-09-25,1680,A
1995-09-26,1310,A
1995-09-27,1140,A
1995-09-28,1100,A
1995-09-29,1040,A
1995-09-30,969,A
1995-10-01,917,A
1995-10-02,1860,A
1995-10-03,3000,A:e
1995-10-04,3210,A:e
1995-10-05,2680,A:e
1995-10-06,1600,A:e
1995-10-07,1220,A:e
1995-10-08,1090,A:e
1995-10-09,956,A:e
1995-10-10,877,A
1995-10-11,826,A
1995-10-12,799,A
1995-10-13,800,A
1995-10-14,764,A
1995-10-15,749,A
1995-10-16,733,A
1995-10-17,716,A
1995-10-18,707,A
1995-10-19,701,A
1995-10-20,676,A
1995-10-21,663,A
1995-10-22,640,A
1995-10-23,640,A
1995-10-24,611,A
1995-10-25,609,A
1995-10-26,606,A
1995-10-27,609,A
1995-10-28,596,A
1995-10-29,585,A
1995-10-30,581,A
1995-10-31,577,A
1995-11-01,593,A
1995-11-02,601,A
1995-11-03,575,A
1995-11-04,578,A
1995-11-05,570,A
1995-11-06,559,A
1995-11-07,578,A
1995-11-08,557,A
1995-11-09,547,A
1995-11-10,577,A
1995-11-11,533,A
1995-11-12,532,A
1995-11-13,542,A
1995-11-14,535,A
1995-11-15,554,A
1995-11-16,526,A
1995-11-17,531,A
1995-11-18,518,A
1995-11-19,517,A
1995-11-20,515,A
1995-11-21,506,A
1995-11-22,503,A
1995-11-23,501,A
1995-11-24,485,A
1995-11-25,484,A
1995-11-26,470,A
1995-11-27,495,A
1995-11-28,455,A
1995-11-29,450,A
1995-11-30,446,A
1995-12-01,449,A
1995-12-02,447,A
1995-12-03,454,A
1995-12-04,434,A
1995-12-05,442,A
1995-12-06,426,A
1995-12-07,428,A
1995-12-08,425,A:e
1995-12-09,415,A:e
1995-12-10,422,A
1995-12-11,422,A
1995-12-12,431,A
1995-12-13,438,A
1995-12-14,462,A
1995-12-15,473,A
1995-12-16,464,A
1995-12-17,503,A
1995-12-18,590,A
1995-12-19,697,A
1995-12-20,792,A
1995-12-21,856,A
1995-12-22,803,A
1995-12-23,718,A
1995-12-24,676,A
1995-12-25,649,A
1995-12-26,621,A
1995-12-27,606,A
1995-12-28,595,A
1995-12-29,585,A
1995-12-30,591,A
1995-12-31,594,A
1996-01-01,611,A
1996-01-02,635,A
1996-01-03,616,A
1996-01-04,627,A
1996-01-05,613,A
1996-01-06,580,A:e
1996-01-07,570,A:e
1996-01-08,535,A:e
1996-01-09,560,A:e
1996-01-10,580,A:e
1996-01-11,608,A
1996-01-12,597,A
1996-01-13,576,A
1996-01-14,575,A
1996-01-15,568,A
1996-01-16,556,A
1996-01-17,520,A:e
1996-01-18,518,A:e
1996-01-19,516,A:e
1996-01-20,510,A:e
1996-01-21,520,A:e
1996-01-22,535,A:e
1996-01-23,540,A:e
1996-01-24,560,A:e
1996-01-25,525,A:e
1996-01-26,510,A:e
1996-01-27,495,A:e
1996-01-28,490,A:e
1996-01-29,490,A:e
1996-01-30,485,A:e
1996-01-31,480,A:e
1996-02-01,480,A:e
1996-02-02,490,A:e
1996-02-03,510,A:e
1996-02-04,540,A:e
1996-02-05,580,A:e
1996-02-06,620,A:e
1996-02-07,680,A:e
1996-02-08,780,A:e
1996-02-09,860,A:e
1996-02-10,914,A
1996-02-11,895,A
1996-02-12,852,A
1996-02-13,771,A
1996-02-14,716,A
1996-02-15,716,A
1996-02-16,673,A
1996-02-17,690,A
1996-02-18,643,A
1996-02-19,636,A
1996-02-20,631,A
1996-02-21,618,A
1996-02-22,609,A
1996-02-23,614,A
1996-02-24,568,A
1996-02-25,554,A
1996-02-26,542,A
1996-02-27,537,A
1996-02-28,520,A
1996-02-29,492,A
1996-03-01,495,A
1996-03-02,498,A
1996-03-03,482,A
1996-03-04,468,A
1996-03-05,498,A
1996-03-06,526,A
1996-03-07,494,A
1996-03-08,471,A
1996-03-09,463,A
1996-03-10,452,A
1996-03-11,451,A
1996-03-12,453,A
1996-03-13,468,A
1996-03-14,464,A
1996-03-15,470,A
1996-03-16,470,A
1996-03-17,476,A
1996-03-18,516,A
1996-03-19,515,A
1996-03-20,489,A
1996-03-21,479,A
1996-03-22,467,A
1996-03-23,428,A
1996-03-24,445,A
1996-03-25,457,A
1996-03-26,425,A
1996-03-27,437,A
1996-03-28,474,A
1996-03-29,465,A
1996-03-30,535,A
1996-03-31,644,A
1996-04-01,513,A
1996-04-02,471,A
1996-04-03,474,A
1996-04-04,465,A
1996-04-05,427,A
1996-04-06,419,A
1996-04-07,415,A
1996-04-08,403,A
1996-04-09,390,A
1996-04-10,382,A
1996-04-11,363,A
1996-04-12,364,A
1996-04-13,353,A
1996-04-14,370,A
1996-04-15,370,A
1996-04-16,335,A
1996-04-17,312,A
1996-04-18,314,A
1996-04-19,303,A
1996-04-20,299,A
1996-04-21,285,A
1996-04-22,410,A
1996-04-23,1850,A
1996-04-24,1750,A
1996-04-25,900,A
1996-04-26,636,A
1996-04-27,527,A
1996-04-28,486,A
1996-04-29,460,A
1996-04-30,410,A
1996-05-01,401,A
1996-05-02,383,A
1996-05-03,376,A
1996-05-04,362,A
1996-05-05,360,A
1996-05-06,353,A
1996-05-07,344,A
1996-05-08,320,A
1996-05-09,300,A
1996-05-10,300,A:e
1996-05-11,297,A:e
1996-05-12,292,A:e
1996-05-13,302,A:e
1996-05-14,310,A:e
1996-05-15,320,A:e
1996-05-16,310,A:e
1996-05-17,325,A:e
1996-05-18,340,A:e
1996-05-19,352,A
1996-05-20,331,A
1996-05-21,299,A
1996-05-22,283,A
1996-05-23,243,A
1996-05-24,211,A
1996-05-25,196,A
1996-05-26,198,A
1996-05-27,280,A
1996-05-28,246,A
1996-05-29,431,A
1996-05-30,428,A
1996-05-31,339,A
1996-06-01,457,A
1996-06-02,493,A
1996-06-03,547,A
1996-06-04,625,A
1996-06-05,505,A
1996-06-06,450,A:e
1996-06-07,440,A:e
1996-06-08,480,A:e
1996-06-09,540,A:e
1996-06-10,450,A:e
1996-06-11,394,A:e
1996-06-12,384,A
1996-06-13,344,A
1996-06-14,294,A
1996-06-15,257,A
1996-06-16,692,A
1996-06-17,2310,A
1996-06-18,1730,A
1996-06-19,1010,A
1996-06-20,768,A
1996-06-21,682,A
1996-06-22,652,A
1996-06-23,573,A
1996-06-24,507,A
1996-06-25,426,A
1996-06-26,366,A
1996-06-27,383,A
1996-06-28,411,A
1996-06-29,326,A
1996-06-30,285,A
1996-07-01,254,A
1996-07-02,237,A
1996-07-03,246,A
1996-07-04,218,A
1996-07-05,227,A
1996-07-06,208,A
1996-07-07,198,A
1996-07-08,185,A
1996-07-09,211,A
1996-07-10,269,A
1996-07-11,398,A
1996-07-12,671,A
1996-07-13,1530,A
1996-07-14,1080,A
1996-07-15,749,A
1996-07-16,1810,A
1996-07-17,1060,A
1996-07-18,701,A
1996-07-19,665,A
1996-07-20,482,A
1996-07-21,358,A
1996-07-22,293,A
1996-07-23,318,A
1996-07-24,330,A
1996-07-25,412,A
1996-07-26,355,A
1996-07-27,287,A
1996-07-28,259,A
1996-07-29,243,A
1996-07-30,510,A
1996-07-31,2780,A
1996-08-01,3460,A
1996-08-02,2160,A
1996-08-03,2400,A
1996-08-04,13600,A
1996-08-05,12000,A
1996-08-06,6870,A
1996-08-07,4210,A
1996-08-08,3160,A
1996-08-09,3100,A
1996-08-10,4180,A
1996-08-11,7180,A
1996-08-12,6940,A
1996-08-13,3900,A
1996-08-14,2840,A
1996-08-15,2190,A
1996-08-16,2270,A
1996-08-17,1890,A
1996-08-18,2360,A
1996-08-19,2020,A
1996-08-20,1640,A
1996-08-21,1270,A
1996-08-22,1050,A
1996-08-23,935,A
1996-08-24,1240,A
1996-08-25,1660,A
1996-08-26,1800,A
1996-08-27,1970,A
1996-08-28,4120,A
1996-08-29,3210,A
1996-08-30,2620,A
1996-08-31,2170,A
1996-09-01,2010,A
1996-09-02,2110,A
1996-09-03,1810,A
1996-09-04,1360,A
1996-09-05,1120,A
1996-09-06,997,A
1996-09-07,1100,A
1996-09-08,1640,A
1996-09-09,1150,A
1996-09-10,985,A
1996-09-11,951,A
1996-09-12,872,A
1996-09-13,802,A
1996-09-14,839,A
1996-09-15,1050,A
1996-09-16,1210,A
1996-09-17,2750,A
1996-09-18,5770,A
1996-09-19,3600,A
1996-09-20,3490,A
1996-09-21,7570,A
1996-09-22,6480,A
1996-09-23,4960,A
1996-09-24,5380,A
1996-09-25,3260,A
1996-09-26,2910,A
1996-09-27,3730,A
1996-09-28,7390,A
1996-09-29,11600,A
1996-09-30,5800,A
1996-10-01,3300,A
1996-10-02,2470,A
1996-10-03,1980,A
1996-10-04,1660,A
1996-10-05,1470,A
1996-10-06,1340,A
1996-10-07,1260,A
1996-10-08,1190,A
1996-10-09,1410,A
1996-10-10,1870,A
1996-10-11,2140,A
1996-10-12,1710,A
1996-10-13,1320,A
1996-10-14,1110,A
1996-10-15,997,A
1996-10-16,913,A
1996-10-17,883,A
1996-10-18,809,A
1996-10-19,764,A
1996-10-20,742,A
1996-10-21,789,A
1996-10-22,892,A
1996-10-23,1080,A
1996-10-24,917,A
1996-10-25,813,A
1996-10-26,744,A
1996-10-27,767,A
1996-10-28,856,A
1996-10-29,3140,A
1996-10-30,2570,A
1996-10-31,1800,A
1996-11-01,1400,A
1996-11-02,1290,A
1996-11-03,1340,A
1996-11-04,1070,A
1996-11-05,919,A
1996-11-06,1570,A
1996-11-07,1060,A
1996-11-08,942,A
1996-11-09,928,A
1996-11-10,771,A
1996-11-11,714,A
1996-11-12,683,A
1996-11-13,665,A
1996-11-14,651,A
1996-11-15,634,A
1996-11-16,763,A
1996-11-17,3380,A
1996-11-18,11800,A
1996-11-19,13600,A
1996-11-20,6840,A
1996-11-21,4450,A
1996-11-22,3370,A
1996-11-23,2760,A
1996-11-24,2430,A
1996-11-25,2130,A
1996-11-26,1880,A
1996-11-27,1710,A
1996-11-28,1600,A
1996-11-29,1880,A
1996-11-30,2000,A
1996-12-01,2200,A
1996-12-02,2290,A
1996-12-03,2490,A
1996-12-04,2400,A
1996-12-05,2520,A
1996-12-06,2700,A
1996-12-07,2270,A
1996-12-08,1880,A
1996-12-09,1680,A
1996-12-10,1570,A
1996-12-11,1490,A
1996-12-12,1410,A
1996-12-13,1350,A
1996-12-14,1310,A
1996-12-15,1300,A
1996-12-16,1250,A
1996-12-17,1220,A
1996-12-18,1170,A
1996-12-19,1140,A
1996-12-20,1100,A
1996-12-21,1030,A
1996-12-22,1020,A
1996-12-23,991,A
1996-12-24,944,A
1996-12-25,943,A
1996-12-26,999,A
1996-12-27,984,A
1996-12-28,994,A
1996-12-29,928,A
1996-12-30,909,A
1996-12-31,913,A
1997-01-01,891,A
1997-01-02,902,A
1997-01-03,930,A
1997-01-04,954,A
1997-01-05,960,A
1997-01-06,975,A
1997-01-07,940,A
1997-01-08,917,A
1997-01-09,916,A
1997-01-10,896,A
1997-01-11,878,A
1997-01-12,870,A:e
1997-01-13,860,A:e
1997-01-14,800,A:e
1997-01-15,820,A:e
1997-01-16,820,A:e
1997-01-17,840,A:e
1997-01-18,880,A:e
1997-01-19,950,A:e
1997-01-20,1150,A
1997-01-21,1330,A
1997-01-22,1110,A
1997-01-23,1080,A
1997-01-24,1050,A
1997-01-25,989,A
1997-01-26,992,A
1997-01-27,1000,A
1997-01-28,930,A
1997-01-29,857,A
1997-01-30,784,A
1997-01-31,747,A
1997-02-01,775,A
1997-02-02,786,A
1997-02-03,774,A
1997-02-04,811,A
1997-02-05,797,A
1997-02-06,806,A
1997-02-07,857,A
1997-02-08,841,A
1997-02-09,838,A
1997-02-10,870,A
1997-02-11,844,A
1997-02-12,861,A
1997-02-13,850,A
1997-02-14,828,A
1997-02-15,811,A
1997-02-16,807,A
1997-02-17,791,A
1997-02-18,726,A
1997-02-19,752,A
1997-02-20,1170,A
1997-02-21,13600,A
1997-02-22,28900,A
1997-02-23,12500,A
1997-02-24,7680,A
1997-02-25,5590,A
1997-02-26,4090,A
1997-02-27,3370,A
1997-02-28,3010,A
1997-03-01,2740,A
1997-03-02,2470,A
1997-03-03,2290,A
1997-03-04,2120,A
1997-03-05,1980,A
1997-03-06,1840,A
1997-03-07,1700,A
1997-03-08,1600,A
1997-03-09,1550,A
1997-03-10,1470,A
1997-03-11,1420,A
1997-03-12,1360,A
1997-03-13,1330,A
1997-03-14,1310,A
1997-03-15,1240,A
1997-03-16,1190,A
1997-03-17,1150,A
1997-03-18,1160,A
1997-03-19,1120,A
1997-03-20,1100,A
1997-03-21,1090,A
1997-03-22,1060,A
1997-03-23,1030,A
1997-03-24,988,A
1997-03-25,1050,A
1997-03-26,1090,A
1997-03-27,1000,A
1997-03-28,1040,A
1997-03-29,1190,A
1997-03-30,1030,A
1997-03-31,911,A
1997-04-01,850,A
1997-04-02,831,A
1997-04-03,821,A
1997-04-04,826,A
1997-04-05,961,A
1997-04-06,1700,A
1997-04-07,6670,A
1997-04-08,5030,A
1997-04-09,4850,A
1997-04-10,3620,A
1997-04-11,14300,A
1997-04-12,42200,A
1997-04-13,21400,A
1997-04-14,11300,A
1997-04-15,8450,A
1997-04-16,6920,A
1997-04-17,5540,A
1997-04-18,4760,A
1997-04-19,4230,A
1997-04-20,3770,A
1997-04-21,3420,A
1997-04-22,3180,A
1997-04-23,2960,A
1997-04-24,2810,A
1997-04-25,2760,A
1997-04-26,2790,A
1997-04-27,3220,A
1997-04-28,4080,A
1997-04-29,5630,A
1997-04-30,4470,A
1997-05-01,3460,A
1997-05-02,5440,A
1997-05-03,13000,A
1997-05-04,12700,A
1997-05-05,7150,A
1997-05-06,4620,A
1997-05-07,3410,A
1997-05-08,2970,A
1997-05-09,2980,A
1997-05-10,3980,A
1997-05-11,3220,A
1997-05-12,2730,A
1997-05-13,2330,A
1997-05-14,2110,A
1997-05-15,1940,A
1997-05-16,1820,A
1997-05-17,1710,A
1997-05-18,1610,A
1997-05-19,1580,A
1997-05-20,1530,A
1997-05-21,1530,A
1997-05-22,1590,A
1997-05-23,1490,A
1997-05-24,1400,A
1997-05-25,1370,A
1997-05-26,1390,A
1997-05-27,1810,A
1997-05-28,1800,A
1997-05-29,1470,A
1997-05-30,1370,A
1997-05-31,1280,A
1997-06-01,1190,A
1997-06-02,1370,A
1997-06-03,1330,A
1997-06-04,1470,A
1997-06-05,1570,A
1997-06-06,1440,A
1997-06-07,1300,A
1997-06-08,1350,A
1997-06-09,1440,A
1997-06-10,1290,A
1997-06-11,1250,A
1997-06-12,1330,A
1997-06-13,1320,A
1997-06-14,2710,A
1997-06-15,2800,A
1997-06-16,3900,A
1997-06-17,2710,A
1997-06-18,2000,A
1997-06-19,1980,A
1997-06-20,2410,A
1997-06-21,2070,A
1997-06-22,1690,A
1997-06-23,1480,A
1997-06-24,1340,A
1997-06-25,1230,A
1997-06-26,1160,A
1997-06-27,1140,A
1997-06-28,1380,A
1997-06-29,1740,A
1997-06-30,3780,A
1997-07-01,4000,A
1997-07-02,1930,A
1997-07-03,1520,A
1997-07-04,1330,A
1997-07-05,1210,A
1997-07-06,1080,A
1997-07-07,1020,A
1997-07-08,913,A
1997-07-09,837,A
1997-07-10,784,A
1997-07-11,1670,A
1997-07-12,1230,A
1997-07-13,993,A
1997-07-14,818,A
1997-07-15,743,A
1997-07-16,700,A
1997-07-17,744,A
1997-07-18,2940,A
1997-07-19,2400,A
1997-07-20,2410,A
1997-07-21,10100,A
1997-07-22,7870,A
1997-07-23,5200,A
1997-07-24,3490,A
1997-07-25,2700,A
1997-07-26,2270,A
1997-07-27,1950,A
1997-07-28,1550,A
1997-07-29,1200,A
1997-07-30,1040,A
1997-07-31,892,A
1997-08-01,843,A
1997-08-02,746,A
1997-08-03,676,A
1997-08-04,639,A
1997-08-05,598,A
1997-08-06,597,A
1997-08-07,677,A
1997-08-08,684,A
1997-08-09,852,A
1997-08-10,941,A
1997-08-11,975,A
1997-08-12,857,A
1997-08-13,920,A
1997-08-14,1190,A
1997-08-15,1020,A
1997-08-16,933,A
1997-08-17,900,A
1997-08-18,953,A
1997-08-19,918,A
1997-08-20,855,A
1997-08-21,891,A
1997-08-22,1910,A
1997-08-23,2660,A
1997-08-24,2670,A
1997-08-25,3530,A
1997-08-26,3170,A
1997-08-27,2160,A
1997-08-28,1640,A
1997-08-29,1340,A
1997-08-30,1130,A
1997-08-31,1000,A
1997-09-01,902,A
1997-09-02,826,A
1997-09-03,777,A
1997-09-04,739,A
1997-09-05,697,A
1997-09-06,661,A
1997-09-07,629,A
1997-09-08,606,A
1997-09-09,608,A
1997-09-10,577,A
1997-09-11,560,A
1997-09-12,536,A
1997-09-13,532,A
1997-09-14,556,A
1997-09-15,519,A
1997-09-16,714,A
1997-09-17,842,A
1997-09-18,665,A
1997-09-19,586,A
1997-09-20,552,A
1997-09-21,501,A
1997-09-22,480,A
1997-09-23,871,A
1997-09-24,703,A
1997-09-25,6520,A
1997-09-26,10900,A
1997-09-27,5890,A
1997-09-28,3230,A
1997-09-29,2280,A
1997-09-30,1770,A
1997-10-01,1450,A
1997-10-02,1220,A
1997-10-03,1060,A
1997-10-04,946,A
1997-10-05,860,A
1997-10-06,794,A
1997-10-07,746,A
1997-10-08,725,A
1997-10-09,1190,A
1997-10-10,1150,A
1997-10-11,1840,A
1997-10-12,1950,A
1997-10-13,2890,A
1997-10-14,6000,A
1997-10-15,4710,A
1997-10-16,2990,A
1997-10-17,1970,A
1997-10-18,1440,A
1997-10-19,1190,A
1997-10-20,1050,A
1997-10-21,961,A
1997-10-22,895,A
1997-10-23,854,A
1997-10-24,832,A
1997-10-25,824,A
1997-10-26,910,A
1997-10-27,841,A
1997-10-28,812,A
1997-10-29,797,A
1997-10-30,769,A
1997-10-31,761,A
1997-11-01,752,A
1997-11-02,832,A
1997-11-03,844,A
1997-11-04,780,A
1997-11-05,752,A
1997-11-06,715,A
1997-11-07,692,A
1997-11-08,681,A
1997-11-09,677,A
1997-11-10,688,A
1997-11-11,677,A
1997-11-12,687,A
1997-11-13,722,A
1997-11-14,745,A
1997-11-15,731,A
1997-11-16,777,A
1997-11-17,806,A
1997-11-18,794,A
1997-11-19,752,A
1997-11-20,725,A
1997-11-21,715,A
1997-11-22,705,A
1997-11-23,701,A
1997-11-24,687,A
1997-11-25,680,A
1997-11-26,678,A
1997-11-27,664,A
1997-11-28,683,A
1997-11-29,676,A
1997-11-30,670,A
1997-12-01,673,A
1997-12-02,712,A
1997-12-03,820,A
1997-12-04,806,A
1997-12-05,832,A
1997-12-06,853,A
1997-12-07,836,A
1997-12-08,893,A
1997-12-09,870,A
1997-12-10,845,A
1997-12-11,857,A
1997-12-12,826,A
1997-12-13,804,A
1997-12-14,789,A
1997-12-15,770,A
1997-12-16,766,A
1997-12-17,749,A
1997-12-18,739,A
1997-12-19,733,A
1997-12-20,724,A
1997-12-21,909,A
1997-12-22,1100,A
1997-12-23,1930,A
1997-12-24,6700,A
1997-12-25,17600,A
1997-12-26,12000,A
1997-12-27,8050,A
1997-12-28,6050,A
1997-12-29,4330,A
1997-12-30,3340,A
1997-12-31,2820,A
1998-01-01,2520,A
1998-01-02,2270,A
1998-01-03,2130,A
1998-01-04,5880,A
1998-01-05,8920,A
1998-01-06,10300,A
1998-01-07,7150,A
1998-01-08,5310,A
1998-01-09,3950,A
1998-01-10,3270,A
1998-01-11,2840,A
1998-01-12,2590,A
1998-01-13,2390,A
1998-01-14,2240,A
1998-01-15,2090,A
1998-01-16,2000,A
1998-01-17,1900,A
1998-01-18,1820,A
1998-01-19,1760,A
1998-01-20,1700,A
1998-01-21,1680,A
1998-01-22,1650,A
1998-01-23,1620,A
1998-01-24,1560,A
1998-01-25,1520,A
1998-01-26,1570,A
1998-01-27,1490,A
1998-01-28,1560,A
1998-01-29,1460,A
1998-01-30,1390,A
1998-01-31,1370,A
1998-02-01,1650,A
1998-02-02,3990,A
1998-02-03,5690,A
1998-02-04,3330,A
1998-02-05,2520,A
1998-02-06,2140,A
1998-02-07,1900,A
1998-02-08,1760,A
1998-02-09,1650,A
1998-02-10,1600,A
1998-02-11,1550,A
1998-02-12,1500,A
1998-02-13,1460,A
1998-02-14,1410,A
1998-02-15,1370,A
1998-02-16,1340,A
1998-02-17,1380,A
1998-02-18,1320,A
1998-02-19,1300,A
1998-02-20,1280,A
1998-02-21,1250,A
1998-02-22,1290,A
1998-02-23,1240,A
1998-02-24,1220,A
1998-02-25,1170,A
1998-02-26,1170,A
1998-02-27,1140,A
1998-02-28,1130,A
1998-03-01,1110,A
1998-03-02,1080,A
1998-03-03,1040,A
1998-03-04,1010,A
1998-03-05,1000,A
1998-03-06,983,A
1998-03-07,1280,A
1998-03-08,1800,A
1998-03-09,1800,A
1998-03-10,1720,A
1998-03-11,1520,A
1998-03-12,1340,A
1998-03-13,1290,A
1998-03-14,1220,A
1998-03-15,1270,A
1998-03-16,11900,A
1998-03-17,49800,A
1998-03-18,50900,A
1998-03-19,29100,A
1998-03-20,27400,A
1998-03-21,19300,A
1998-03-22,13100,A
1998-03-23,12300,A
1998-03-24,8840,A
1998-03-25,6540,A
1998-03-26,5270,A
1998-03-27,4570,A
1998-03-28,4080,A
1998-03-29,3730,A
1998-03-30,3600,A
1998-03-31,3840,A
1998-04-01,3330,A
1998-04-02,2990,A
1998-04-03,2830,A
1998-04-04,2670,A
1998-04-05,2540,A
1998-04-06,2450,A
1998-04-07,2390,A
1998-04-08,2350,A
1998-04-09,2510,A
1998-04-10,4040,A
1998-04-11,3280,A
1998-04-12,2560,A
1998-04-13,2270,A
1998-04-14,2080,A
1998-04-15,1970,A
1998-04-16,1850,A
1998-04-17,1760,A
1998-04-18,1700,A
1998-04-19,1650,A
1998-04-20,1630,A
1998-04-21,1610,A
1998-04-22,1560,A
1998-04-23,1530,A
1998-04-24,1490,A
1998-04-25,1450,A
1998-04-26,1530,A
1998-04-27,12100,A
1998-04-28,12000,A
1998-04-29,12000,A
1998-04-30,6750,A
1998-05-01,4920,A
1998-05-02,3690,A
1998-05-03,3030,A
1998-05-04,2580,A
1998-05-05,2530,A
1998-05-06,3520,A
1998-05-07,2730,A
1998-05-08,3320,A
1998-05-09,3640,A
1998-05-10,6380,A
1998-05-11,4260,A
1998-05-12,5580,A
1998-05-13,7120,A
1998-05-14,4280,A
1998-05-15,3410,A
1998-05-16,2910,A
1998-05-17,2620,A
1998-05-18,2660,A
1998-05-19,2560,A
1998-05-20,2190,A
1998-05-21,1910,A
1998-05-22,1750,A
1998-05-23,1650,A
1998-05-24,1550,A
1998-05-25,1540,A
1998-05-26,2030,A
1998-05-27,3010,A
1998-05-28,3390,A
1998-05-29,3790,A
1998-05-30,2690,A
1998-05-31,2010,A
1998-06-01,1690,A
1998-06-02,1460,A
1998-06-03,1310,A
1998-06-04,1200,A
1998-06-05,1140,A
1998-06-06,1070,A
1998-06-07,1010,A
1998-06-08,1000,A
1998-06-09,963,A
1998-06-10,930,A
1998-06-11,1530,A
1998-06-12,1850,A
1998-06-13,1600,A:e
1998-06-14,1300,A:e
1998-06-15,1110,A
1998-06-16,1040,A
1998-06-17,891,A
1998-06-18,799,A
1998-06-19,734,A
1998-06-20,684,A
1998-06-21,645,A
1998-06-22,619,A
1998-06-23,594,A
1998-06-24,573,A
1998-06-25,538,A
1998-06-26,506,A
1998-06-27,480,A
1998-06-28,461,A
1998-06-29,442,A
1998-06-30,463,A
1998-07-01,453,A
1998-07-02,449,A
1998-07-03,442,A
1998-07-04,552,A
1998-07-05,509,A
1998-07-06,461,A
1998-07-07,437,A
1998-07-08,461,A
1998-07-09,449,A
1998-07-10,511,A
1998-07-11,527,A
1998-07-12,1570,A
1998-07-13,1080,A
1998-07-14,766,A
1998-07-15,634,A
1998-07-16,545,A
1998-07-17,488,A
1998-07-18,441,A
1998-07-19,409,A
1998-07-20,385,A
1998-07-21,362,A
1998-07-22,345,A
1998-07-23,329,A
1998-07-24,316,A
1998-07-25,306,A
1998-07-26,291,A
1998-07-27,283,A
1998-07-28,278,A
1998-07-29,287,A
1998-07-30,278,A
1998-07-31,267,A
1998-08-01,257,A
1998-08-02,254,A
1998-08-03,255,A
1998-08-04,267,A
1998-08-05,319,A
1998-08-06,309,A
1998-08-07,278,A
1998-08-08,262,A
1998-08-09,256,A
1998-08-10,254,A
1998-08-11,263,A
1998-08-12,273,A
1998-08-13,283,A
1998-08-14,277,A
1998-08-15,280,A
1998-08-16,296,A
1998-08-17,282,A
1998-08-18,276,A
1998-08-19,286,A
1998-08-20,262,A
1998-08-21,240,A
1998-08-22,227,A
1998-08-23,218,A
1998-08-24,207,A
1998-08-25,197,A
1998-08-26,190,A
1998-08-27,182,A
1998-08-28,179,A
1998-08-29,171,A
1998-08-30,165,A
1998-08-31,161,A
1998-09-01,159,A
1998-09-02,160,A
1998-09-03,155,A
1998-09-04,150,A
1998-09-05,142,A
1998-09-06,137,A
1998-09-07,147,A
1998-09-08,140,A
1998-09-09,130,A
1998-09-10,125,A
1998-09-11,125,A
1998-09-12,125,A
1998-09-13,184,A
1998-09-14,180,A
1998-09-15,153,A
1998-09-16,142,A
1998-09-17,163,A
1998-09-18,183,A
1998-09-19,163,A
1998-09-20,158,A
1998-09-21,167,A
1998-09-22,594,A
1998-09-23,1800,A
1998-09-24,2140,A
1998-09-25,1050,A
1998-09-26,735,A
1998-09-27,613,A
1998-09-28,493,A
1998-09-29,404,A
1998-09-30,601,A
1998-10-01,2170,A
1998-10-02,1560,A
1998-10-03,2960,A
1998-10-04,6480,A
1998-10-05,24200,A
1998-10-06,18700,A
1998-10-07,8160,A
1998-10-08,4340,A
1998-10-09,2580,A
1998-10-10,1900,A
1998-10-11,1540,A
1998-10-12,1310,A
1998-10-13,1140,A
1998-10-14,1030,A
1998-10-15,934,A
1998-10-16,867,A
1998-10-17,1030,A
1998-10-18,1590,A
1998-10-19,2770,A
1998-10-20,1620,A
1998-10-21,1590,A
1998-10-22,1360,A
1998-10-23,1040,A
1998-10-24,889,A
1998-10-25,802,A
1998-10-26,748,A
1998-10-27,716,A
1998-10-28,722,A
1998-10-29,781,A
1998-10-30,1080,A
1998-10-31,1240,A
1998-11-01,30400,A
1998-11-02,74000,A
1998-11-03,55000,A
1998-11-04,23200,A
1998-11-05,16800,A
1998-11-06,13500,A
1998-11-07,11100,A
1998-11-08,9460,A
1998-11-09,8310,A
1998-11-10,8810,A
1998-11-11,12200,A
1998-11-12,9670,A
1998-11-13,6960,A
1998-11-14,5800,A
1998-11-15,5130,A
1998-11-16,4730,A
1998-11-17,4430,A
1998-11-18,4190,A
1998-11-19,3980,A
1998-11-20,3790,A
1998-11-21,3620,A
1998-11-22,3450,A
1998-11-23,3360,A
1998-11-24,3250,A
1998-11-25,3190,A
1998-11-26,3100,A
1998-11-27,3020,A
1998-11-28,2960,A
1998-11-29,2930,A
1998-11-30,4240,A
1998-12-01,5590,A
1998-12-02,4900,A
1998-12-03,4030,A
1998-12-04,4450,A
1998-12-05,8450,A
1998-12-06,9920,A
1998-12-07,8020,A
1998-12-08,16500,A
1998-12-09,9050,A
1998-12-10,6120,A
1998-12-11,4820,A
1998-12-12,4170,A
1998-12-13,3800,A
1998-12-14,3560,A
1998-12-15,3390,A
1998-12-16,3240,A
1998-12-17,3090,A
1998-12-18,3030,A
1998-12-19,3030,A
1998-12-20,2940,A
1998-12-21,2970,A
1998-12-22,2770,A
1998-12-23,2690,A
1998-12-24,2800,A
1998-12-25,2980,A
1998-12-26,2730,A
1998-12-27,2690,A
1998-12-28,2580,A
1998-12-29,2680,A
1998-12-30,2590,A
1998-12-31,2560,A
1999-01-01,2560,A
1999-01-02,2600,A
1999-01-03,2440,A
1999-01-04,2170,A
1999-01-05,2420,A
1999-01-06,2350,A
1999-01-07,2610,A
1999-01-08,2480,A
1999-01-09,2870,A
1999-01-10,2470,A
1999-01-11,2300,A
1999-01-12,2560,A
1999-01-13,2400,A
1999-01-14,2240,A
1999-01-15,2330,A
1999-01-16,2310,A
1999-01-17,2290,A
1999-01-18,2250,A
1999-01-19,2230,A
1999-01-20,2200,A
1999-01-21,2170,A
1999-01-22,2180,A
1999-01-23,2110,A
1999-01-24,2110,A
1999-01-25,2090,A
1999-01-26,2070,A
1999-01-27,2060,A
1999-01-28,2010,A
1999-01-29,2010,A
1999-01-30,3180,A
1999-01-31,10100,A
1999-02-01,23400,A
1999-02-02,9760,A
1999-02-03,9540,A
1999-02-04,8460,A:e
1999-02-05,7580,A:e
1999-02-06,6760,A:e
1999-02-07,5970,A:e
1999-02-08,5180,A:e
1999-02-09,4490,A:e
1999-02-10,3830,A
1999-02-11,3980,A
1999-02-12,3300,A
1999-02-13,3020,A
1999-02-14,2790,A
1999-02-15,2600,A
1999-02-16,2500,A
1999-02-17,2390,A
1999-02-18,2970,A
1999-02-19,3460,A
1999-02-20,2940,A
1999-02-21,2510,A
1999-02-22,2290,A
1999-02-23,2240,A
1999-02-24,2130,A
1999-02-25,2090,A
1999-02-26,2040,A
1999-02-27,2050,A
1999-02-28,1970,A
1999-03-01,1950,A
1999-03-02,1970,A
1999-03-03,1860,A
1999-03-04,1790,A
1999-03-05,1810,A
1999-03-06,1750,A
1999-03-07,1730,A
1999-03-08,1950,A
1999-03-09,2150,A
1999-03-10,2300,A
1999-03-11,2250,A:e
1999-03-12,4000,A
1999-03-13,13600,A
1999-03-14,23300,A
1999-03-15,16200,A
1999-03-16,14900,A
1999-03-17,11100,A
1999-03-18,9550,A
1999-03-19,8240,A
1999-03-20,8310,A
1999-03-21,11700,A
1999-03-22,8580,A
1999-03-23,6970,A
1999-03-24,5840,A
1999-03-25,5340,A
1999-03-26,4810,A
1999-03-27,4410,A
1999-03-28,4140,A
1999-03-29,3890,A
1999-03-30,3700,A
1999-03-31,3530,A
1999-04-01,3400,A
1999-04-02,3310,A
1999-04-03,3310,A
1999-04-04,3220,A
1999-04-05,4280,A
1999-04-06,9560,A
1999-04-07,6930,A
1999-04-08,7880,A
1999-04-09,6860,A
1999-04-10,4840,A
1999-04-11,4170,A
1999-04-12,3700,A
1999-04-13,3340,A
1999-04-14,3300,A
1999-04-15,4470,A
1999-04-16,23200,A
1999-04-17,17300,A
1999-04-18,11200,A
1999-04-19,8530,A
1999-04-20,7020,A
1999-04-21,6170,A
1999-04-22,6700,A
1999-04-23,15300,A
1999-04-24,13900,A
1999-04-25,37900,A
1999-04-26,62700,A
1999-04-27,42400,A
1999-04-28,23900,A
1999-04-29,16900,A
1999-04-30,12600,A
1999-05-01,9480,A
1999-05-02,7640,A
1999-05-03,6560,A
1999-05-04,11400,A
1999-05-05,14100,A
1999-05-06,10900,A
1999-05-07,6660,A
1999-05-08,5530,A
1999-05-09,4610,A
1999-05-10,5720,A
1999-05-11,8500,A
1999-05-12,7690,A
1999-05-13,5010,A
1999-05-14,4340,A
1999-05-15,3730,A
1999-05-16,3310,A
1999-05-17,3200,A
1999-05-18,3940,A
1999-05-19,5800,A
1999-05-20,4870,A
1999-05-21,5210,A
1999-05-22,4180,A
1999-05-23,3980,A
1999-05-24,2960,A
1999-05-25,2600,A
1999-05-26,2340,A
1999-05-27,2210,A
1999-05-28,2140,A
1999-05-29,1990,A
1999-05-30,2090,A
1999-05-31,2200,A
1999-06-01,3300,A
1999-06-02,5820,A
1999-06-03,3200,A
1999-06-04,2090,A
1999-06-05,2170,A
1999-06-06,2860,A
1999-06-07,4700,A
1999-06-08,2760,A
1999-06-09,2110,A
1999-06-10,2710,A
1999-06-11,36400,A
1999-06-12,20700,A
1999-06-13,19000,A
1999-06-14,17800,A
1999-06-15,12500,A
1999-06-16,7730,A
1999-06-17,5730,A
1999-06-18,4400,A
1999-06-19,4180,A
1999-06-20,3500,A
1999-06-21,3870,A
1999-06-22,5840,A
1999-06-23,5940,A
1999-06-24,23500,A
1999-06-25,24400,A
1999-06-26,15900,A
1999-06-27,12000,A
1999-06-28,9560,A
1999-06-29,6590,A
1999-06-30,12900,A
1999-07-01,16000,A
1999-07-02,8070,A
1999-07-03,7680,A
1999-07-04,10100,A
1999-07-05,5520,A
1999-07-06,4170,A
1999-07-07,3340,A
1999-07-08,2830,A
1999-07-09,2500,A
1999-07-10,2790,A
1999-07-11,11300,A
1999-07-12,15000,A
1999-07-13,8520,A
1999-07-14,6160,A
1999-07-15,4220,A
1999-07-16,3200,A
1999-07-17,2610,A
1999-07-18,2180,A
1999-07-19,1910,A
1999-07-20,1720,A
1999-07-21,1590,A
1999-07-22,1490,A
1999-07-23,1400,A
1999-07-24,1330,A
1999-07-25,1270,A
1999-07-26,1200,A
1999-07-27,1150,A
1999-07-28,1090,A
1999-07-29,1050,A
1999-07-30,990,A
1999-07-31,946,A
1999-08-01,898,A
1999-08-02,869,A
1999-08-03,883,A
1999-08-04,962,A
1999-08-05,3120,A
1999-08-06,3740,A
1999-08-07,2650,A
1999-08-08,3120,A
1999-08-09,2470,A
1999-08-10,2140,A
1999-08-11,1660,A
1999-08-12,1380,A
1999-08-13,1190,A
1999-08-14,1310,A
1999-08-15,1410,A
1999-08-16,1090,A
1999-08-17,948,A
1999-08-18,864,A
1999-08-19,807,A
1999-08-20,757,A
1999-08-21,730,A
1999-08-22,698,A
1999-08-23,676,A
1999-08-24,652,A
1999-08-25,627,A
1999-08-26,609,A
1999-08-27,591,A
1999-08-28,578,A
1999-08-29,564,A
1999-08-30,544,A
1999-08-31,528,A
1999-09-01,510,A
1999-09-02,497,A
1999-09-03,486,A
1999-09-04,475,A
1999-09-05,469,A
1999-09-06,463,A
1999-09-07,465,A
1999-09-08,675,A
1999-09-09,2680,A
1999-09-10,1060,A
1999-09-11,1600,A
1999-09-12,2300,A
1999-09-13,1730,A
1999-09-14,1500,A
1999-09-15,1110,A
1999-09-16,1490,A
1999-09-17,1670,A
1999-09-18,1190,A
1999-09-19,968,A
1999-09-20,867,A
1999-09-21,777,A
1999-09-22,717,A
1999-09-23,696,A
1999-09-24,727,A
1999-09-25,762,A
1999-09-26,694,A
1999-09-27,668,A
1999-09-28,655,A
1999-09-29,620,A
1999-09-30,590,A
1999-10-01,569,A
1999-10-02,566,A
1999-10-03,546,A
1999-10-04,547,A
1999-10-05,587,A
1999-10-06,556,A
1999-10-07,528,A
1999-10-08,520,A
1999-10-09,524,A
1999-10-10,517,A
1999-10-11,518,A
1999-10-12,516,A
1999-10-13,510,A
1999-10-14,507,A
1999-10-15,509,A
1999-10-16,512,A
1999-10-17,482,A
1999-10-18,457,A
1999-10-19,463,A
1999-10-20,459,A
1999-10-21,453,A
1999-10-22,451,A
1999-10-23,444,A
1999-10-24,438,A
1999-10-25,433,A
1999-10-26,436,A
1999-10-27,437,A
1999-10-28,437,A
1999-10-29,429,A
1999-10-30,789,A
1999-10-31,894,A
1999-11-01,1470,A
1999-11-02,1560,A
1999-11-03,890,A
1999-11-04,719,A
1999-11-05,620,A
1999-11-06,576,A
1999-11-07,547,A
1999-11-08,530,A
1999-11-09,513,A
1999-11-10,508,A
1999-11-11,497,A
1999-11-12,495,A
1999-11-13,495,A
1999-11-14,493,A
1999-11-15,483,A
1999-11-16,484,A
1999-11-17,486,A
1999-11-18,475,A
1999-11-19,490,A
1999-11-20,475,A
1999-11-21,482,A
1999-11-22,485,A
1999-11-23,497,A
1999-11-24,487,A
1999-11-25,1410,A
1999-11-26,1870,A
1999-11-27,1370,A
1999-11-28,915,A
1999-11-29,745,A
1999-11-30,667,A
1999-12-01,616,A
1999-12-02,600,A
1999-12-03,621,A
1999-12-04,793,A
1999-12-05,2130,A
1999-12-06,4490,A
1999-12-07,4650,A
1999-12-08,2930,A
1999-12-09,4060,A
1999-12-10,13500,A
1999-12-11,14500,A
1999-12-12,7280,A
1999-12-13,4620,A
1999-12-14,3170,A
1999-12-15,2480,A
1999-12-16,2110,A
1999-12-17,1870,A
1999-12-18,1700,A
1999-12-19,1600,A
1999-12-20,1520,A
1999-12-21,1450,A
1999-12-22,1400,A
1999-12-23,1350,A
1999-12-24,1320,A
1999-12-25,1290,A
1999-12-26,1260,A
1999-12-27,1240,A
1999-12-28,1200,A
1999-12-29,1180,A
1999-12-30,1160,A:e
1999-12-31,1150,A
2000-01-01,1120,A
2000-01-02,1110,A
2000-01-03,1110,A
2000-01-04,1090,A
2000-01-05,1070,A
2000-01-06,1060,A
2000-01-07,1040,A
2000-01-08,1040,A
2000-01-09,1060,A
2000-01-10,1040,A
2000-01-11,1050,A
2000-01-12,1040,A
2000-01-13,1010,A
2000-01-14,989,A
2000-01-15,974,A
2000-01-16,960,A
2000-01-17,951,A
2000-01-18,949,A
2000-01-19,959,A
2000-01-20,932,A
2000-01-21,930,A
2000-01-22,926,A
2000-01-23,915,A
2000-01-24,906,A
2000-01-25,915,A
2000-01-26,904,A
2000-01-27,950,A
2000-01-28,994,A
2000-01-29,1010,A
2000-01-30,1030,A
2000-01-31,1020,A
2000-02-01,1020,A
2000-02-02,999,A
2000-02-03,1000,A
2000-02-04,988,A
2000-02-05,967,A
2000-02-06,991,A
2000-02-07,995,A
2000-02-08,997,A
2000-02-09,979,A
2000-02-10,954,A
2000-02-11,918,A
2000-02-12,907,A
2000-02-13,902,A
2000-02-14,886,A
2000-02-15,874,A
2000-02-16,860,A
2000-02-17,841,A
2000-02-18,1150,A
2000-02-19,1300,A
2000-02-20,1120,A
2000-02-21,948,A
2000-02-22,879,A
2000-02-23,918,A
2000-02-24,932,A
2000-02-25,1070,A
2000-02-26,1760,A
2000-02-27,4260,A
2000-02-28,4130,A
2000-02-29,2720,A
2000-03-01,1900,A
2000-03-02,1620,A
2000-03-03,1730,A
2000-03-04,2400,A
2000-03-05,3570,A
2000-03-06,5160,A
2000-03-07,3100,A
2000-03-08,2390,A
2000-03-09,2220,A
2000-03-10,2260,A
2000-03-11,2120,A
2000-03-12,1950,A
2000-03-13,1720,A
2000-03-14,1520,A
2000-03-15,1420,A
2000-03-16,1450,A
2000-03-17,1470,A
2000-03-18,1560,A
2000-03-19,2090,A
2000-03-20,4070,A
2000-03-21,3900,A
2000-03-22,3060,A
2000-03-23,3050,A
2000-03-24,28000,A
2000-03-25,35600,A
2000-03-26,17400,A
2000-03-27,11100,A
2000-03-28,8700,A
2000-03-29,6540,A
2000-03-30,5070,A
2000-03-31,4200,A
2000-04-01,3910,A
2000-04-02,6730,A
2000-04-03,8900,A
2000-04-04,6050,A
2000-04-05,4540,A
2000-04-06,3770,A
2000-04-07,3400,A
2000-04-08,2930,A
2000-04-09,2620,A
2000-04-10,2360,A
2000-04-11,2210,A
2000-04-12,2030,A
2000-04-13,2010,A
2000-04-14,1950,A
2000-04-15,1860,A
2000-04-16,1780,A
2000-04-17,1780,A
2000-04-18,2060,A
2000-04-19,2240,A
2000-04-20,1960,A
2000-04-21,1660,A
2000-04-22,1540,A
2000-04-23,1450,A
2000-04-24,1350,A
2000-04-25,1300,A
2000-04-26,1230,A
2000-04-27,1190,A
2000-04-28,1130,A
2000-04-29,1110,A
2000-04-30,1250,A
2000-05-01,2500,A
2000-05-02,7210,A
2000-05-03,5790,A
2000-05-04,2560,A
2000-05-05,1880,A
2000-05-06,1640,A
2000-05-07,1390,A
2000-05-08,1260,A
2000-05-09,1280,A
2000-05-10,1430,A
2000-05-11,1710,A
2000-05-12,1210,A
2000-05-13,1020,A
2000-05-14,974,A
2000-05-15,910,A
2000-05-16,811,A
2000-05-17,766,A
2000-05-18,747,A
2000-05-19,750,A
2000-05-20,732,A
2000-05-21,722,A
2000-05-22,637,A
2000-05-23,660,A
2000-05-24,637,A
2000-05-25,1160,A
2000-05-26,4740,A
2000-05-27,9050,A
2000-05-28,9360,A
2000-05-29,17500,A
2000-05-30,9200,A
2000-05-31,4590,A
2000-06-01,2980,A
2000-06-02,2280,A
2000-06-03,1860,A
2000-06-04,2380,A
2000-06-05,2030,A
2000-06-06,1890,A
2000-06-07,1890,A
2000-06-08,1850,A
2000-06-09,1590,A
2000-06-10,1310,A
2000-06-11,1120,A
2000-06-12,1070,A
2000-06-13,864,A
2000-06-14,827,A
2000-06-15,778,A
2000-06-16,772,A
2000-06-17,1090,A
2000-06-18,3380,A
2000-06-19,6610,A
2000-06-20,3360,A
2000-06-21,4530,A
2000-06-22,6830,A
2000-06-23,7230,A
2000-06-24,4780,A
2000-06-25,4270,A
2000-06-26,13300,A
2000-06-27,27200,A
2000-06-28,7830,A
2000-06-29,10000,A
2000-06-30,8630,A
2000-07-01,5180,A
2000-07-02,4930,A
2000-07-03,10500,A
2000-07-04,5080,A
2000-07-05,2910,A
2000-07-06,2080,A
2000-07-07,1670,A
2000-07-08,1420,A
2000-07-09,1230,A
2000-07-10,1090,A
2000-07-11,979,A
2000-07-12,888,A
2000-07-13,826,A
2000-07-14,762,A
2000-07-15,725,A
2000-07-16,679,A
2000-07-17,660,A
2000-07-18,635,A
2000-07-19,619,A
2000-07-20,590,A
2000-07-21,1000,A
2000-07-22,1430,A
2000-07-23,1700,A
2000-07-24,2910,A
2000-07-25,1820,A
2000-07-26,1610,A
2000-07-27,1350,A
2000-07-28,1060,A
2000-07-29,1580,A
2000-07-30,1940,A
2000-07-31,1170,A
2000-08-01,824,A
2000-08-02,685,A
2000-08-03,623,A
2000-08-04,563,A
2000-08-05,506,A
2000-08-06,461,A
2000-08-07,435,A
2000-08-08,398,A
2000-08-09,366,A
2000-08-10,344,A
2000-08-11,329,A
2000-08-12,312,A
2000-08-13,300,A
2000-08-14,289,A
2000-08-15,281,A
2000-08-16,267,A
2000-08-17,256,A
2000-08-18,255,A
2000-08-19,240,A
2000-08-20,230,A
2000-08-21,222,A
2000-08-22,212,A
2000-08-23,202,A
2000-08-24,194,A
2000-08-25,188,A
2000-08-26,180,A
2000-08-27,174,A
2000-08-28,170,A
2000-08-29,164,A
2000-08-30,159,A
2000-08-31,158,A
2000-09-01,157,A
2000-09-02,149,A
2000-09-03,145,A
2000-09-04,141,A
2000-09-05,137,A
2000-09-06,131,A
2000-09-07,129,A
2000-09-08,128,A
2000-09-09,123,A
2000-09-10,116,A
2000-09-11,110,A
2000-09-12,112,A
2000-09-13,112,A
2000-09-14,115,A
2000-09-15,109,A
2000-09-16,103,A
2000-09-17,101,A
2000-09-18,100,A
2000-09-19,94,A
2000-09-20,103,A
2000-09-21,96,A
2000-09-22,92,A
2000-09-23,105,A
2000-09-24,122,A
2000-09-25,113,A
2000-09-26,103,A
2000-09-27,111,A
2000-09-28,139,A
2000-09-29,136,A
2000-09-30,131,A
2000-10-01,119,A
2000-10-02,110,A
2000-10-03,102,A
2000-10-04,106,A
2000-10-05,119,A
2000-10-06,117,A
2000-10-07,106,A
2000-10-08,99,A
2000-10-09,97,A
2000-10-10,100,A
2000-10-11,102,A
2000-10-12,112,A
2000-10-13,116,A
2000-10-14,124,A
2000-10-15,154,A
2000-10-16,265,A
2000-10-17,336,A
2000-10-18,610,A
2000-10-19,1020,A
2000-10-20,809,A
2000-10-21,606,A
2000-10-22,530,A
2000-10-23,711,A
2000-10-24,701,A
2000-10-25,2570,A
2000-10-26,3080,A
2000-10-27,8690,A
2000-10-28,11100,A
2000-10-29,8780,A
2000-10-30,5500,A
2000-10-31,5560,A
2000-11-01,3750,A
2000-11-02,2720,A
2000-11-03,4270,A
2000-11-04,5860,A
2000-11-05,3460,A
2000-11-06,2460,A
2000-11-07,2470,A
2000-11-08,2450,A
2000-11-09,2750,A
2000-11-10,2310,A
2000-11-11,2130,A
2000-11-12,1720,A
2000-11-13,1450,A
2000-11-14,1300,A
2000-11-15,1200,A
2000-11-16,1140,A
2000-11-17,1070,A
2000-11-18,1050,A
2000-11-19,1010,A
2000-11-20,979,A
2000-11-21,947,A
2000-11-22,920,A
2000-11-23,908,A
2000-11-24,953,A
2000-11-25,989,A
2000-11-26,1080,A
2000-11-27,1170,A
2000-11-28,1010,A
2000-11-29,937,A
2000-11-30,889,A
2000-12-01,876,A
2000-12-02,834,A
2000-12-03,806,A
2000-12-04,800,A
2000-12-05,780,A
2000-12-06,789,A
2000-12-07,783,A
2000-12-08,780,A
2000-12-09,771,A
2000-12-10,786,A
2000-12-11,821,A
2000-12-12,663,A
2000-12-13,772,A
2000-12-14,682,A
2000-12-15,790,A:e
2000-12-16,850,A:e
2000-12-17,830,A:e
2000-12-18,800,A:e
2000-12-19,790,A:e
2000-12-20,950,A:e
2000-12-21,1200,A:e
2000-12-22,1120,A:e
2000-12-23,1030,A:e
2000-12-24,960,A:e
2000-12-25,930,A:e
2000-12-26,910,A:e
2000-12-27,810,A:e
2000-12-28,880,A:e
2000-12-29,890,A:e
2000-12-30,910,A:e
2000-12-31,950,A:e
2001-01-01,960,A:e
2001-01-02,1010,A:e
2001-01-03,1020,A:e
2001-01-04,1060,A:e
2001-01-05,1110,A:e
2001-01-06,1360,A:e
2001-01-07,1680,A:e
2001-01-08,2110,A:e
2001-01-09,1970,A:e
2001-01-10,1900,A:e
2001-01-11,1800,A:e
2001-01-12,1900,A:e
2001-01-13,2000,A:e
2001-01-14,1800,A:e
2001-01-15,1500,A
2001-01-16,1360,A
2001-01-17,1200,A
2001-01-18,1090,A
2001-01-19,1060,A
2001-01-20,1010,A
2001-01-21,982,A
2001-01-22,925,A
2001-01-23,893,A
2001-01-24,887,A
2001-01-25,845,A
2001-01-26,829,A
2001-01-27,807,A
2001-01-28,997,A
2001-01-29,2180,A
2001-01-30,4450,A
2001-01-31,5630,A
2001-02-01,3550,A
2001-02-02,2460,A
2001-02-03,1940,A
2001-02-04,1670,A
2001-02-05,1510,A
2001-02-06,1420,A
2001-02-07,1330,A
2001-02-08,1290,A
2001-02-09,1470,A
2001-02-10,1880,A
2001-02-11,3710,A
2001-02-12,3300,A
2001-02-13,2710,A
2001-02-14,2240,A
2001-02-15,2350,A
2001-02-16,2260,A
2001-02-17,2000,A
2001-02-18,1810,A
2001-02-19,1640,A
2001-02-20,1530,A
2001-02-21,1480,A
2001-02-22,1430,A
2001-02-23,1980,A
2001-02-24,5640,A
2001-02-25,24800,A
2001-02-26,13300,A
2001-02-27,8930,A
2001-02-28,6050,A
2001-03-01,4450,A
2001-03-02,3640,A
2001-03-03,3480,A
2001-03-04,3750,A
2001-03-05,2970,A
2001-03-06,2660,A
2001-03-07,2360,A
2001-03-08,2170,A
2001-03-09,2140,A
2001-03-10,1840,A:e
2001-03-11,1920,A:e
2001-03-12,1950,A:e
2001-03-13,1970,A:e
2001-03-14,2070,A:e
2001-03-15,1950,A:e
2001-03-16,1870,A:e
2001-03-17,1790,A:e
2001-03-18,4100,A
2001-03-19,6030,A
2001-03-20,3640,A
2001-03-21,2820,A:e
2001-03-22,2500,A:e
2001-03-23,2410,A:e
2001-03-24,2280,A:e
2001-03-25,2160,A:e
2001-03-26,2000,A:e
2001-03-27,1900,A:e
2001-03-28,1830,A
2001-03-29,1820,A
2001-03-30,1780,A
2001-03-31,1830,A
2001-04-01,1780,A
2001-04-02,1790,A
2001-04-03,1740,A
2001-04-04,1680,A
2001-04-05,1620,A
2001-04-06,1540,A
2001-04-07,1510,A
2001-04-08,1450,A
2001-04-09,1430,A
2001-04-10,1410,A
2001-04-11,1740,A
2001-04-12,1700,A
2001-04-13,1730,A
2001-04-14,1420,A
2001-04-15,1320,A
2001-04-16,1290,A
2001-04-17,1240,A
2001-04-18,1190,A
2001-04-19,1150,A
2001-04-20,1100,A
2001-04-21,1070,A
2001-04-22,1060,A
2001-04-23,1160,A
2001-04-24,1100,A
2001-04-25,1110,A
2001-04-26,1030,A
2001-04-27,957,A
2001-04-28,915,A
2001-04-29,867,A
2001-04-30,825,A
2001-05-01,786,A
2001-05-02,740,A
2001-05-03,715,A
2001-05-04,702,A
2001-05-05,788,A
2001-05-06,869,A
2001-05-07,1570,A
2001-05-08,4650,A
2001-05-09,3660,A
2001-05-10,3220,A
2001-05-11,2590,A
2001-05-12,2150,A
2001-05-13,1810,A
2001-05-14,1540,A
2001-05-15,1320,A
2001-05-16,1180,A
2001-05-17,1080,A
2001-05-18,1270,A
2001-05-19,10200,A
2001-05-20,10700,A
2001-05-21,4840,A
2001-05-22,3600,A
2001-05-23,2990,A
2001-05-24,2090,A
2001-05-25,1680,A
2001-05-26,1470,A
2001-05-27,1330,A
2001-05-28,2210,A
2001-05-29,10100,A
2001-05-30,22000,A
2001-05-31,18800,A
2001-06-01,11600,A
2001-06-02,6870,A
2001-06-03,4760,A
2001-06-04,3550,A
2001-06-05,3090,A
2001-06-06,2740,A
2001-06-07,2450,A
2001-06-08,2300,A
2001-06-09,2070,A
2001-06-10,2130,A
2001-06-11,2210,A
2001-06-12,1890,A
2001-06-13,1740,A
2001-06-14,1720,A
2001-06-15,1800,A
2001-06-16,1750,A
2001-06-17,1610,A
2001-06-18,1470,A
2001-06-19,1340,A
2001-06-20,1300,A
2001-06-21,1380,A
2001-06-22,2290,A
2001-06-23,2310,A
2001-06-24,1960,A
2001-06-25,1520,A
2001-06-26,1610,A
2001-06-27,1520,A
2001-06-28,1430,A
2001-06-29,1250,A
2001-06-30,1380,A
2001-07-01,1160,A
2001-07-02,1060,A
2001-07-03,1000,A
2001-07-04,955,A
2001-07-05,900,A
2001-07-06,844,A
2001-07-07,789,A
2001-07-08,747,A
2001-07-09,714,A
2001-07-10,677,A
2001-07-11,633,A
2001-07-12,590,A:e
2001-07-13,570,A:e
2001-07-14,535,A:e
2001-07-15,510,A:e
2001-07-16,482,A:e
2001-07-17,540,A:e
2001-07-18,455,A:e
2001-07-19,419,A:e
2001-07-20,390,A:e
2001-07-21,370,A:e
2001-07-22,350,A:e
2001-07-23,370,A:e
2001-07-24,328,A
2001-07-25,297,A
2001-07-26,273,A
2001-07-27,257,A
2001-07-28,261,A
2001-07-29,414,A
2001-07-30,455,A
2001-07-31,351,A
2001-08-01,352,A
2001-08-02,278,A
2001-08-03,229,A
2001-08-04,197,A
2001-08-05,178,A
2001-08-06,159,A
2001-08-07,149,A
2001-08-08,136,A
2001-08-09,121,A
2001-08-10,112,A
2001-08-11,106,A
2001-08-12,111,A
2001-08-13,133,A
2001-08-14,96,A
2001-08-15,92,A
2001-08-16,311,A
2001-08-17,286,A
2001-08-18,167,A
2001-08-19,153,A
2001-08-20,112,A
2001-08-21,132,A
2001-08-22,127,A
2001-08-23,104,A
2001-08-24,89,A
2001-08-25,77,A
2001-08-26,116,A
2001-08-27,132,A
2001-08-28,668,A
2001-08-29,745,A
2001-08-30,427,A
2001-08-31,305,A
2001-09-01,258,A
2001-09-02,200,A
2001-09-03,169,A
2001-09-04,154,A
2001-09-05,149,A
2001-09-06,177,A
2001-09-07,208,A
2001-09-08,352,A
2001-09-09,389,A
2001-09-10,479,A
2001-09-11,315,A
2001-09-12,206,A
2001-09-13,158,A
2001-09-14,121,A
2001-09-15,119,A
2001-09-16,324,A
2001-09-17,1310,A
2001-09-18,1250,A
2001-09-19,7810,A
2001-09-20,12300,A
2001-09-21,4920,A
2001-09-22,3590,A
2001-09-23,3360,A
2001-09-24,2240,A
2001-09-25,1460,A
2001-09-26,1010,A
2001-09-27,751,A
2001-09-28,601,A
2001-09-29,505,A
2001-09-30,441,A
2001-10-01,393,A
2001-10-02,356,A
2001-10-03,320,A
2001-10-04,292,A
2001-10-05,283,A
2001-10-06,250,A
2001-10-07,236,A
2001-10-08,213,A
2001-10-09,218,A
2001-10-10,269,A
2001-10-11,247,A
2001-10-12,530,A
2001-10-13,599,A
2001-10-14,406,A
2001-10-15,345,A
2001-10-16,310,A
2001-10-17,252,A
2001-10-18,213,A
2001-10-19,201,A
2001-10-20,189,A
2001-10-21,186,A
2001-10-22,181,A
2001-10-23,178,A
2001-10-24,171,A
2001-10-25,155,A
2001-10-26,150,A
2001-10-27,143,A
2001-10-28,131,A
2001-10-29,131,A
2001-10-30,131,A
2001-10-31,125,A
2001-11-01,133,A
2001-11-02,139,A
2001-11-03,221,A
2001-11-04,306,A
2001-11-05,266,A
2001-11-06,222,A
2001-11-07,210,A
2001-11-08,203,A
2001-11-09,174,A
2001-11-10,163,A
2001-11-11,163,A
2001-11-12,164,A
2001-11-13,173,A
2001-11-14,178,A
2001-11-15,180,A
2001-11-16,185,A
2001-11-17,190,A
2001-11-18,202,A
2001-11-19,243,A
2001-11-20,228,A
2001-11-21,264,A
2001-11-22,307,A
2001-11-23,270,A
2001-11-24,258,A
2001-11-25,228,A
2001-11-26,219,A
2001-11-27,209,A
2001-11-28,205,A
2001-11-29,203,A
2001-11-30,203,A
2001-12-01,204,A
2001-12-02,210,A
2001-12-03,221,A
2001-12-04,231,A
2001-12-05,237,A
2001-12-06,232,A
2001-12-07,229,A
2001-12-08,225,A
2001-12-09,212,A
2001-12-10,208,A
2001-12-11,201,A
2001-12-12,225,A
2001-12-13,238,A
2001-12-14,247,A
2001-12-15,242,A
2001-12-16,294,A
2001-12-17,305,A
2001-12-18,270,A
2001-12-19,291,A
2001-12-20,292,A
2001-12-21,264,A
2001-12-22,253,A
2001-12-23,242,A
2001-12-24,228,A
2001-12-25,225,A
2001-12-26,227,A
2001-12-27,229,A
2001-12-28,228,A
2001-12-29,231,A
2001-12-30,230,A
2001-12-31,223,A
2002-01-01,220,A:e
2002-01-02,216,A:e
2002-01-03,212,A:e
2002-01-04,208,A:e
2002-01-05,302,A
2002-01-06,303,A
2002-01-07,296,A
2002-01-08,289,A
2002-01-09,299,A
2002-01-10,301,A
2002-01-11,284,A
2002-01-12,286,A
2002-01-13,275,A
2002-01-14,277,A
2002-01-15,254,A
2002-01-16,261,A
2002-01-17,263,A
2002-01-18,265,A
2002-01-19,275,A
2002-01-20,267,A
2002-01-21,271,A
2002-01-22,258,A
2002-01-23,284,A
2002-01-24,282,A
2002-01-25,269,A
2002-01-26,256,A
2002-01-27,252,A
2002-01-28,256,A
2002-01-29,247,A
2002-01-30,586,A
2002-01-31,1830,A
2002-02-01,2240,A
2002-02-02,1760,A
2002-02-03,1090,A
2002-02-04,805,A
2002-02-05,725,A
2002-02-06,700,A
2002-02-07,646,A
2002-02-08,632,A
2002-02-09,680,A
2002-02-10,643,A
2002-02-11,578,A
2002-02-12,582,A
2002-02-13,536,A
2002-02-14,482,A
2002-02-15,475,A
2002-02-16,438,A
2002-02-17,415,A
2002-02-18,393,A
2002-02-19,414,A
2002-02-20,398,A
2002-02-21,393,A
2002-02-22,403,A
2002-02-23,382,A
2002-02-24,343,A
2002-02-25,311,A
2002-02-26,314,A
2002-02-27,318,A
2002-02-28,306,A
2002-03-01,288,A
2002-03-02,298,A
2002-03-03,259,A
2002-03-04,265,A:e
2002-03-05,271,A
2002-03-06,292,A
2002-03-07,300,A
2002-03-08,314,A
2002-03-09,360,A
2002-03-10,313,A
2002-03-11,317,A
2002-03-12,320,A
2002-03-13,302,A
2002-03-14,304,A
2002-03-15,297,A
2002-03-16,258,A
2002-03-17,260,A
2002-03-18,300,A
2002-03-19,461,A
2002-03-20,542,A
2002-03-21,773,A
2002-03-22,695,A
2002-03-23,480,A
2002-03-24,416,A
2002-03-25,389,A
2002-03-26,372,A
2002-03-27,350,A
2002-03-28,314,A
2002-03-29,304,A
2002-03-30,277,A
2002-03-31,277,A
2002-04-01,253,A
2002-04-02,266,A
2002-04-03,235,A
2002-04-04,232,A
2002-04-05,220,A
2002-04-06,212,A
2002-04-07,290,A
2002-04-08,622,A
2002-04-09,893,A
2002-04-10,1030,A
2002-04-11,614,A
2002-04-12,499,A
2002-04-13,818,A
2002-04-14,1770,A
2002-04-15,2620,A
2002-04-16,2080,A
2002-04-17,1310,A
2002-04-18,875,A
2002-04-19,695,A
2002-04-20,613,A
2002-04-21,538,A
2002-04-22,468,A
2002-04-23,441,A
2002-04-24,463,A
2002-04-25,404,A
2002-04-26,407,A
2002-04-27,406,A
2002-04-28,570,A
2002-04-29,1090,A
2002-04-30,979,A
2002-05-01,806,A
2002-05-02,563,A
2002-05-03,424,A
2002-05-04,372,A
2002-05-05,332,A
2002-05-06,322,A
2002-05-07,296,A
2002-05-08,278,A
2002-05-09,308,A
2002-05-10,276,A
2002-05-11,282,A
2002-05-12,341,A
2002-05-13,296,A
2002-05-14,253,A
2002-05-15,222,A
2002-05-16,208,A
2002-05-17,5150,A
2002-05-18,8890,A
2002-05-19,8110,A
2002-05-20,4430,A
2002-05-21,2470,A
2002-05-22,1610,A
2002-05-23,1170,A
2002-05-24,1040,A
2002-05-25,1090,A
2002-05-26,1030,A
2002-05-27,1190,A
2002-05-28,1770,A
2002-05-29,1870,A
2002-05-30,1290,A
2002-05-31,943,A
2002-06-01,771,A
2002-06-02,667,A
2002-06-03,598,A
2002-06-04,587,A
2002-06-05,815,A
2002-06-06,803,A
2002-06-07,1070,A
2002-06-08,765,A
2002-06-09,930,A
2002-06-10,735,A
2002-06-11,588,A
2002-06-12,510,A
2002-06-13,1340,A
2002-06-14,2220,A
2002-06-15,4580,A
2002-06-16,10500,A
2002-06-17,8980,A
2002-06-18,4600,A
2002-06-19,2930,A
2002-06-20,2430,A
2002-06-21,1710,A
2002-06-22,1260,A
2002-06-23,999,A
2002-06-24,827,A
2002-06-25,705,A
2002-06-26,622,A
2002-06-27,556,A
2002-06-28,489,A
2002-06-29,429,A
2002-06-30,394,A
2002-07-01,388,A
2002-07-02,1390,A
2002-07-03,1770,A
2002-07-04,1110,A
2002-07-05,728,A
2002-07-06,668,A
2002-07-07,556,A
2002-07-08,457,A
2002-07-09,403,A
2002-07-10,376,A
2002-07-11,349,A
2002-07-12,422,A
2002-07-13,409,A
2002-07-14,348,A
2002-07-15,365,A
2002-07-16,375,A
2002-07-17,443,A
2002-07-18,442,A
2002-07-19,365,A
2002-07-20,314,A
2002-07-21,283,A
2002-07-22,258,A
2002-07-23,246,A
2002-07-24,270,A
2002-07-25,275,A
2002-07-26,252,A
2002-07-27,238,A
2002-07-28,472,A
2002-07-29,583,A
2002-07-30,441,A
2002-07-31,378,A
2002-08-01,449,A
2002-08-02,2170,A
2002-08-03,1500,A
2002-08-04,987,A
2002-08-05,784,A
2002-08-06,616,A
2002-08-07,498,A
2002-08-08,417,A
2002-08-09,360,A
2002-08-10,314,A
2002-08-11,276,A
2002-08-12,263,A
2002-08-13,315,A
2002-08-14,1400,A
2002-08-15,3230,A
2002-08-16,7340,A
2002-08-17,6040,A
2002-08-18,2540,A
2002-08-19,1430,A
2002-08-20,968,A
2002-08-21,717,A
2002-08-22,576,A
2002-08-23,530,A
2002-08-24,688,A
2002-08-25,490,A
2002-08-26,492,A
2002-08-27,657,A
2002-08-28,598,A
2002-08-29,678,A
2002-08-30,715,A
2002-08-31,624,A
2002-09-01,510,A
2002-09-02,437,A
2002-09-03,421,A
2002-09-04,386,A
2002-09-05,352,A
2002-09-06,326,A
2002-09-07,300,A
2002-09-08,279,A
2002-09-09,306,A
2002-09-10,286,A
2002-09-11,285,A
2002-09-12,301,A
2002-09-13,281,A
2002-09-14,535,A
2002-09-15,3520,A
2002-09-16,9360,A
2002-09-17,4520,A
2002-09-18,1540,A
2002-09-19,1330,A
2002-09-20,12800,A
2002-09-21,13600,A
2002-09-22,4420,A
2002-09-23,2300,A
2002-09-24,1490,A
2002-09-25,1060,A
2002-09-26,780,A
2002-09-27,616,A
2002-09-28,513,A
2002-09-29,447,A
2002-09-30,396,A
2002-10-01,350,A
2002-10-02,318,A
2002-10-03,298,A
2002-10-04,275,A
2002-10-05,1010,A
2002-10-06,18900,A
2002-10-07,12300,A
2002-10-08,5470,A
2002-10-09,3390,A
2002-10-10,2920,A
2002-10-11,2360,A
2002-10-12,1660,A
2002-10-13,1310,A
2002-10-14,1120,A
2002-10-15,1000,A
2002-10-16,903,A
2002-10-17,835,A
2002-10-18,781,A
2002-10-19,764,A
2002-10-20,743,A
2002-10-21,1130,A
2002-10-22,4610,A
2002-10-23,2860,A
2002-10-24,1830,A
2002-10-25,4500,A
2002-10-26,16400,A
2002-10-27,11200,A
2002-10-28,6240,A
2002-10-29,7500,A
2002-10-30,13900,A
2002-10-31,11200,A
2002-11-01,5720,A
2002-11-02,3880,A
2002-11-03,2930,A
2002-11-04,2460,A
2002-11-05,2280,A
2002-11-06,2030,A
2002-11-07,1800,A
2002-11-08,1620,A
2002-11-09,1490,A
2002-11-10,1380,A
2002-11-11,1290,A
2002-11-12,1220,A
2002-11-13,1160,A
2002-11-14,1110,A
2002-11-15,1060,A
2002-11-16,1030,A
2002-11-17,1000,A
2002-11-18,981,A
2002-11-19,950,A
2002-11-20,937,A
2002-11-21,913,A
2002-11-22,885,A
2002-11-23,871,A
2002-11-24,864,A
2002-11-25,840,A
2002-11-26,836,A
2002-11-27,817,A
2002-11-28,805,A
2002-11-29,795,A
2002-11-30,788,A
2002-12-01,771,A
2002-12-02,773,A
2002-12-03,800,A
2002-12-04,996,A
2002-12-05,1170,A
2002-12-06,1440,A
2002-12-07,1240,A
2002-12-08,1150,A
2002-12-09,1160,A
2002-12-10,1230,A
2002-12-11,1210,A
2002-12-12,1150,A
2002-12-13,1140,A
2002-12-14,1130,A
2002-12-15,1110,A
2002-12-16,1090,A
2002-12-17,1040,A
2002-12-18,1010,A
2002-12-19,967,A
2002-12-20,932,A
2002-12-21,906,A
2002-12-22,874,A
2002-12-23,914,A
2002-12-24,980,A
2002-12-25,1130,A
2002-12-26,1340,A
2002-12-27,1190,A
2002-12-28,1150,A
2002-12-29,1260,A
2002-12-30,1530,A
2002-12-31,2790,A
2003-01-01,3230,A
2003-01-02,2290,A
2003-01-03,1790,A
2003-01-04,1510,A
2003-01-05,1340,A
2003-01-06,1280,A
2003-01-07,1210,A
2003-01-08,1150,A
2003-01-09,1110,A
2003-01-10,1060,A
2003-01-11,1040,A
2003-01-12,1010,A
2003-01-13,974,A
2003-01-14,958,A
2003-01-15,933,A
2003-01-16,967,A
2003-01-17,925,A
2003-01-18,923,A
2003-01-19,908,A
2003-01-20,893,A
2003-01-21,890,A
2003-01-22,883,A
2003-01-23,829,A
2003-01-24,764,A
2003-01-25,742,A
2003-01-26,732,A
2003-01-27,863,A
2003-01-28,821,A
2003-01-29,844,A
2003-01-30,842,A
2003-01-31,853,A
2003-02-01,826,A
2003-02-02,798,A
2003-02-03,806,A
2003-02-04,779,A
2003-02-05,793,A
2003-02-06,832,A
2003-02-07,810,A
2003-02-08,805,A
2003-02-09,840,A
2003-02-10,847,A
2003-02-11,835,A
2003-02-12,851,A
2003-02-13,862,A
2003-02-14,856,A
2003-02-15,875,A
2003-02-16,859,A
2003-02-17,851,A
2003-02-18,840,A
2003-02-19,840,A
2003-02-20,819,A
2003-02-21,813,A
2003-02-22,825,A
2003-02-23,876,A
2003-02-24,920,A
2003-02-25,949,A
2003-02-26,906,A
2003-02-27,856,A
2003-02-28,892,A
2003-03-01,930,A
2003-03-02,914,A
2003-03-03,926,A
2003-03-04,971,A
2003-03-05,1000,A
2003-03-06,1050,A
2003-03-07,1080,A
2003-03-08,1120,A
2003-03-09,1120,A
2003-03-10,1030,A
2003-03-11,952,A
2003-03-12,907,A
2003-03-13,917,A
2003-03-14,825,A
2003-03-15,888,A
2003-03-16,833,A
2003-03-17,778,A
2003-03-18,1090,A
2003-03-19,1870,A
2003-03-20,3430,A
2003-03-21,3460,A
2003-03-22,2610,A
2003-03-23,4550,A
2003-03-24,3160,A
2003-03-25,2200,A
2003-03-26,1780,A
2003-03-27,1580,A
2003-03-28,1510,A
2003-03-29,1390,A
2003-03-30,1340,A
2003-03-31,1230,A
2003-04-01,1110,A
2003-04-02,1030,A
2003-04-03,983,A
2003-04-04,953,A
2003-04-05,902,A
2003-04-06,981,A
2003-04-07,952,A
2003-04-08,983,A
2003-04-09,1010,A
2003-04-10,862,A
2003-04-11,740,A
2003-04-12,702,A
2003-04-13,673,A
2003-04-14,643,A
2003-04-15,617,A
2003-04-16,716,A
2003-04-17,712,A
2003-04-18,856,A
2003-04-19,909,A
2003-04-20,1840,A
2003-04-21,3150,A
2003-04-22,1830,A
2003-04-23,1280,A
2003-04-24,1130,A
2003-04-25,1030,A
2003-04-26,1140,A
2003-04-27,3610,A
2003-04-28,2490,A
2003-04-29,1670,A
2003-04-30,1270,A
2003-05-01,1090,A
2003-05-02,987,A
2003-05-03,922,A
2003-05-04,856,A
2003-05-05,798,A
2003-05-06,749,A
2003-05-07,709,A
2003-05-08,677,A
2003-05-09,663,A
2003-05-10,808,A
2003-05-11,654,A
2003-05-12,1060,A
2003-05-13,717,A
2003-05-14,872,A
2003-05-15,697,A
2003-05-16,2770,A
2003-05-17,6340,A
2003-05-18,13400,A
2003-05-19,9700,A
2003-05-20,5060,A
2003-05-21,2960,A
2003-05-22,2090,A
2003-05-23,1680,A
2003-05-24,1540,A
2003-05-25,2020,A
2003-05-26,1880,A
2003-05-27,1710,A
2003-05-28,1370,A
2003-05-29,1210,A
2003-05-30,1100,A
2003-05-31,1000,A
2003-06-01,908,A
2003-06-02,864,A
2003-06-03,817,A
2003-06-04,769,A
2003-06-05,765,A
2003-06-06,895,A
2003-06-07,1550,A
2003-06-08,3430,A
2003-06-09,3830,A
2003-06-10,3310,A
2003-06-11,2220,A
2003-06-12,3310,A
2003-06-13,4270,A
2003-06-14,1760,A
2003-06-15,1130,A
2003-06-16,868,A
2003-06-17,708,A
2003-06-18,802,A
2003-06-19,829,A
2003-06-20,812,A
2003-06-21,744,A
2003-06-22,639,A
2003-06-23,720,A
2003-06-24,630,A
2003-06-25,794,A
2003-06-26,7030,A
2003-06-27,1770,A
2003-06-28,1040,A
2003-06-29,747,A
2003-06-30,625,A
2003-07-01,530,A
2003-07-02,479,A
2003-07-03,446,A
2003-07-04,409,A
2003-07-05,374,A
2003-07-06,360,A
2003-07-07,346,A
2003-07-08,336,A
2003-07-09,313,A
2003-07-10,314,A
2003-07-11,278,A
2003-07-12,261,A
2003-07-13,250,A
2003-07-14,234,A
2003-07-15,217,A
2003-07-16,216,A
2003-07-17,201,A
2003-07-18,198,A
2003-07-19,186,A
2003-07-20,177,A
2003-07-21,163,A
2003-07-22,160,A
2003-07-23,165,A
2003-07-24,148,A
2003-07-25,128,A
2003-07-26,123,A
2003-07-27,119,A
2003-07-28,121,A
2003-07-29,116,A
2003-07-30,122,A
2003-07-31,125,A
2003-08-01,124,A
2003-08-02,163,A
2003-08-03,238,A
2003-08-04,207,A
2003-08-05,171,A
2003-08-06,146,A
2003-08-07,129,A
2003-08-08,119,A
2003-08-09,109,A
2003-08-10,113,A
2003-08-11,127,A
2003-08-12,132,A
2003-08-13,112,A
2003-08-14,93,A
2003-08-15,92,A
2003-08-16,88,A
2003-08-17,79,A
2003-08-18,71,A
2003-08-19,63,A
2003-08-20,58,A
2003-08-21,55,A
2003-08-22,54,A
2003-08-23,50,A
2003-08-24,48,A
2003-08-25,51,A
2003-08-26,42,A
2003-08-27,41,A
2003-08-28,36,A
2003-08-29,46,A
2003-08-30,138,A
2003-08-31,166,A
2003-09-01,322,A
2003-09-02,506,A
2003-09-03,815,A
2003-09-04,515,A
2003-09-05,474,A
2003-09-06,391,A
2003-09-07,329,A
2003-09-08,284,A
2003-09-09,242,A
2003-09-10,211,A
2003-09-11,241,A
2003-09-12,202,A
2003-09-13,221,A
2003-09-14,224,A
2003-09-15,222,A
2003-09-16,213,A
2003-09-17,204,A
2003-09-18,177,A
2003-09-19,150,A
2003-09-20,137,A
2003-09-21,201,A
2003-09-22,211,A
2003-09-23,128,A
2003-09-24,117,A
2003-09-25,129,A
2003-09-26,115,A
2003-09-27,112,A
2003-09-28,100,A
2003-09-29,96,A
2003-09-30,116,A
2003-10-01,127,A
2003-10-02,142,A
2003-10-03,196,A
2003-10-04,223,A
2003-10-05,216,A
2003-10-06,196,A
2003-10-07,183,A
2003-10-08,182,A
2003-10-09,4540,A
2003-10-10,17000,A
2003-10-11,13400,A
2003-10-12,3400,A
2003-10-13,1500,A
2003-10-14,1010,A
2003-10-15,758,A
2003-10-16,632,A
2003-10-17,566,A
2003-10-18,504,A
2003-10-19,461,A
2003-10-20,423,A
2003-10-21,393,A
2003-10-22,375,A
2003-10-23,352,A
2003-10-24,333,A
2003-10-25,317,A
2003-10-26,308,A
2003-10-27,298,A
2003-10-28,286,A
2003-10-29,276,A
2003-10-30,274,A
2003-10-31,272,A
2003-11-01,260,A
2003-11-02,265,A
2003-11-03,269,A
2003-11-04,267,A
2003-11-05,253,A
2003-11-06,249,A
2003-11-07,246,A
2003-11-08,253,A
2003-11-09,254,A
2003-11-10,253,A
2003-11-11,266,A
2003-11-12,270,A
2003-11-13,264,A
2003-11-14,297,A
2003-11-15,305,A
2003-11-16,298,A
2003-11-17,329,A
2003-11-18,934,A
2003-11-19,658,A
2003-11-20,421,A
2003-11-21,365,A
2003-11-22,317,A
2003-11-23,286,A
2003-11-24,252,A
2003-11-25,240,A
2003-11-26,236,A
2003-11-27,229,A
2003-11-28,226,A
2003-11-29,222,A
2003-11-30,223,A
2003-12-01,223,A
2003-12-02,216,A
2003-12-03,217,A
2003-12-04,219,A
2003-12-05,216,A
2003-12-06,214,A
2003-12-07,225,A
2003-12-08,228,A
2003-12-09,237,A
2003-12-10,256,A
2003-12-11,266,A
2003-12-12,280,A
2003-12-13,312,A
2003-12-14,326,A
2003-12-15,335,A
2003-12-16,360,A
2003-12-17,375,A
2003-12-18,387,A
2003-12-19,382,A
2003-12-20,346,A
2003-12-21,323,A
2003-12-22,320,A
2003-12-23,309,A
2003-12-24,299,A
2003-12-25,299,A
2003-12-26,331,A
2003-12-27,350,A
2003-12-28,381,A
2003-12-29,317,A
2003-12-30,344,A
2003-12-31,330,A
2004-01-01,310,A
2004-01-02,299,A
2004-01-03,285,A
2004-01-04,270,A
2004-01-05,255,A
2004-01-06,266,A
2004-01-07,219,A
2004-01-08,223,A
2004-01-09,222,A
2004-01-10,238,A
2004-01-11,261,A
2004-01-12,258,A
2004-01-13,271,A
2004-01-14,274,A
2004-01-15,268,A
2004-01-16,281,A
2004-01-17,580,A
2004-01-18,1970,A
2004-01-19,2290,A
2004-01-20,1580,A
2004-01-21,1090,A
2004-01-22,890,A
2004-01-23,758,A
2004-01-24,638,A
2004-01-25,610,A
2004-01-26,597,A
2004-01-27,525,A
2004-01-28,501,A
2004-01-29,452,A
2004-01-30,407,A
2004-01-31,412,A
2004-02-01,423,A
2004-02-02,501,A
2004-02-03,499,A
2004-02-04,563,A
2004-02-05,575,A
2004-02-06,556,A
2004-02-07,581,A
2004-02-08,631,A
2004-02-09,598,A
2004-02-10,454,A
2004-02-11,633,A
2004-02-12,729,A
2004-02-13,642,A
2004-02-14,616,A
2004-02-15,593,A
2004-02-16,525,A
2004-02-17,486,A
2004-02-18,531,A
2004-02-19,428,A
2004-02-20,413,A
2004-02-21,387,A
2004-02-22,373,A
2004-02-23,365,A
2004-02-24,306,A
2004-02-25,343,A
2004-02-26,340,A
2004-02-27,336,A
2004-02-28,326,A
2004-02-29,339,A
2004-03-01,355,A
2004-03-02,354,A
2004-03-03,567,A
2004-03-04,7820,A
2004-03-05,61000,A
2004-03-06,53400,A
2004-03-07,18200,A
2004-03-08,12000,A
2004-03-09,7960,A
2004-03-10,6050,A
2004-03-11,4780,A
2004-03-12,3860,A
2004-03-13,3330,A
2004-03-14,2990,A
2004-03-15,2740,A
2004-03-16,2560,A
2004-03-17,2360,A
2004-03-18,2200,A
2004-03-19,2060,A
2004-03-20,1930,A
2004-03-21,1840,A
2004-03-22,1770,A
2004-03-23,1650,A
2004-03-24,1530,A
2004-03-25,1500,A
2004-03-26,1480,A
2004-03-27,1430,A
2004-03-28,2160,A
2004-03-29,8540,A
2004-03-30,11100,A
2004-03-31,4670,A
2004-04-01,2940,A
2004-04-02,2240,A
2004-04-03,1880,A
2004-04-04,1700,A
2004-04-05,1560,A
2004-04-06,1490,A
2004-04-07,1430,A
2004-04-08,1340,A
2004-04-09,1330,A
2004-04-10,1700,A
2004-04-11,1760,A
2004-04-12,2560,A
2004-04-13,3560,A
2004-04-14,2190,A
2004-04-15,1700,A
2004-04-16,1480,A
2004-04-17,1290,A
2004-04-18,1180,A
2004-04-19,1150,A
2004-04-20,1100,A
2004-04-21,1180,A
2004-04-22,1360,A
2004-04-23,1060,A
2004-04-24,1390,A
2004-04-25,1880,A
2004-04-26,3240,A
2004-04-27,4900,A
2004-04-28,3220,A
2004-04-29,2150,A
2004-04-30,1770,A
2004-05-01,1670,A
2004-05-02,1560,A
2004-05-03,1530,A
2004-05-04,1310,A
2004-05-05,1170,A
2004-05-06,1070,A
2004-05-07,1010,A
2004-05-08,887,A
2004-05-09,822,A
2004-05-10,775,A
2004-05-11,736,A
2004-05-12,715,A
2004-05-13,722,A
2004-05-14,698,A
2004-05-15,665,A
2004-05-16,653,A
2004-05-17,650,A
2004-05-18,620,A
2004-05-19,577,A
2004-05-20,543,A
2004-05-21,513,A
2004-05-22,484,A
2004-05-23,472,A
2004-05-24,442,A
2004-05-25,422,A
2004-05-26,419,A
2004-05-27,410,A
2004-05-28,401,A
2004-05-29,381,A
2004-05-30,465,A
2004-05-31,410,A
2004-06-01,466,A
2004-06-02,524,A
2004-06-03,501,A
2004-06-04,424,A
2004-06-05,408,A
2004-06-06,409,A
2004-06-07,388,A
2004-06-08,391,A
2004-06-09,406,A
2004-06-10,543,A
2004-06-11,512,A
2004-06-12,686,A
2004-06-13,553,A
2004-06-14,417,A
2004-06-15,344,A
2004-06-16,312,A
2004-06-17,294,A
2004-06-18,283,A
2004-06-19,296,A
2004-06-20,384,A
2004-06-21,1140,A
2004-06-22,10400,A
2004-06-23,26900,A
2004-06-24,18500,A
2004-06-25,8000,A
2004-06-26,3980,A
2004-06-27,2580,A
2004-06-28,1860,A
2004-06-29,2290,A
2004-06-30,2470,A
2004-07-01,5070,A
2004-07-02,5980,A
2004-07-03,6220,A
2004-07-04,3890,A
2004-07-05,2240,A
2004-07-06,1760,A
2004-07-07,1800,A
2004-07-08,1570,A
2004-07-09,1430,A
2004-07-10,1730,A
2004-07-11,1770,A
2004-07-12,1270,A
2004-07-13,984,A
2004-07-14,836,A
2004-07-15,731,A
2004-07-16,648,A
2004-07-17,596,A
2004-07-18,546,A
2004-07-19,500,A
2004-07-20,464,A
2004-07-21,433,A
2004-07-22,410,A
2004-07-23,400,A
2004-07-24,1840,A
2004-07-25,681,A
2004-07-26,1170,A
2004-07-27,900,A
2004-07-28,645,A
2004-07-29,588,A
2004-07-30,511,A
2004-07-31,562,A
2004-08-01,638,A
2004-08-02,476,A
2004-08-03,386,A
2004-08-04,351,A
2004-08-05,337,A
2004-08-06,320,A
2004-08-07,298,A
2004-08-08,277,A
2004-08-09,263,A
2004-08-10,252,A
2004-08-11,354,A
2004-08-12,11200,A
2004-08-13,9270,A
2004-08-14,3110,A
2004-08-15,1700,A
2004-08-16,1530,A
2004-08-17,2220,A
2004-08-18,2100,A
2004-08-19,1360,A
2004-08-20,1040,A
2004-08-21,1150,A
2004-08-22,954,A
2004-08-23,774,A
2004-08-24,734,A
2004-08-25,762,A
2004-08-26,665,A
2004-08-27,571,A
2004-08-28,526,A
2004-08-29,454,A
2004-08-30,425,A
2004-08-31,542,A
2004-09-01,639,A
2004-09-02,493,A
2004-09-03,426,A
2004-09-04,395,A
2004-09-05,362,A
2004-09-06,357,A
2004-09-07,313,A
2004-09-08,299,A
2004-09-09,296,A
2004-09-10,300,A
2004-09-11,283,A
2004-09-12,280,A
2004-09-13,267,A
2004-09-14,251,A
2004-09-15,243,A
2004-09-16,336,A
2004-09-17,336,A
2004-09-18,297,A
2004-09-19,240,A
2004-09-20,248,A
2004-09-21,222,A
2004-09-22,215,A
2004-09-23,212,A
2004-09-24,218,A
2004-09-25,215,A
2004-09-26,227,A
2004-09-27,255,A
2004-09-28,282,A
2004-09-29,275,A
2004-09-30,237,A
2004-10-01,245,A
2004-10-02,243,A
2004-10-03,228,A
2004-10-04,230,A
2004-10-05,228,A
2004-10-06,223,A
2004-10-07,246,A
2004-10-08,225,A
2004-10-09,250,A
2004-10-10,296,A
2004-10-11,722,A
2004-10-12,1260,A
2004-10-13,1710,A
2004-10-14,1170,A
2004-10-15,842,A
2004-10-16,652,A
2004-10-17,566,A
2004-10-18,520,A
2004-10-19,456,A
2004-10-20,412,A
2004-10-21,385,A
2004-10-22,359,A
2004-10-23,356,A
2004-10-24,331,A
2004-10-25,324,A
2004-10-26,335,A
2004-10-27,338,A
2004-10-28,392,A
2004-10-29,496,A
2004-10-30,602,A
2004-10-31,619,A
2004-11-01,603,A
2004-11-02,922,A
2004-11-03,696,A
2004-11-04,814,A
2004-11-05,1270,A
2004-11-06,1150,A
2004-11-07,937,A
2004-11-08,773,A
2004-11-09,661,A
2004-11-10,593,A
2004-11-11,614,A
2004-11-12,541,A
2004-11-13,684,A
2004-11-14,632,A
2004-11-15,583,A
2004-11-16,743,A
2004-11-17,1170,A
2004-11-18,3670,A
2004-11-19,10600,A
2004-11-20,10600,A
2004-11-21,5890,A
2004-11-22,4960,A
2004-11-23,6170,A
2004-11-24,4680,A
2004-11-25,4620,A
2004-11-26,5320,A
2004-11-27,4350,A
2004-11-28,3410,A
2004-11-29,2630,A
2004-11-30,2240,A
2004-12-01,2020,A
2004-12-02,1870,A
2004-12-03,1740,A
2004-12-04,1630,A
2004-12-05,1560,A
2004-12-06,1560,A
2004-12-07,1790,A
2004-12-08,1830,A
2004-12-09,2020,A
2004-12-10,1870,A
2004-12-11,1580,A
2004-12-12,1450,A
2004-12-13,1340,A
2004-12-14,1270,A
2004-12-15,1210,A
2004-12-16,1160,A
2004-12-17,1110,A
2004-12-18,1090,A
2004-12-19,1080,A
2004-12-20,1040,A
2004-12-21,1030,A
2004-12-22,1040,A
2004-12-23,1020,A
2004-12-24,975,A
2004-12-25,939,A
2004-12-26,915,A
2004-12-27,882,A
2004-12-28,872,A
2004-12-29,875,A
2004-12-30,861,A
2004-12-31,869,A
2005-01-01,852,A
2005-01-02,864,A
2005-01-03,878,A
2005-01-04,1130,A
2005-01-05,3660,A
2005-01-06,8830,A
2005-01-07,9240,A
2005-01-08,6280,A
2005-01-09,4120,A
2005-01-10,3170,A
2005-01-11,3190,A
2005-01-12,3410,A
2005-01-13,3570,A
2005-01-14,2880,A
2005-01-15,2390,A
2005-01-16,2120,A
2005-01-17,1910,A
2005-01-18,1660,A
2005-01-19,1550,A
2005-01-20,1480,A
2005-01-21,1460,A
2005-01-22,1470,A
2005-01-23,1400,A
2005-01-24,1370,A
2005-01-25,1320,A
2005-01-26,1280,A
2005-01-27,1260,A
2005-01-28,1250,A
2005-01-29,1270,A
2005-01-30,1290,A
2005-01-31,1390,A
2005-02-01,1470,A
2005-02-02,1600,A
2005-02-03,1680,A
2005-02-04,1740,A
2005-02-05,1820,A
2005-02-06,1930,A
2005-02-07,2140,A
2005-02-08,2290,A
2005-02-09,2340,A
2005-02-10,2010,A
2005-02-11,1980,A
2005-02-12,1760,A
2005-02-13,1670,A
2005-02-14,1580,A
2005-02-15,1510,A
2005-02-16,1450,A
2005-02-17,1390,A
2005-02-18,1340,A
2005-02-19,1280,A
2005-02-20,1270,A
2005-02-21,1280,A
2005-02-22,1280,A
2005-02-23,1540,A
2005-02-24,1570,A
2005-02-25,2140,A
2005-02-26,1930,A
2005-02-27,1720,A
2005-02-28,1700,A
2005-03-01,1790,A
2005-03-02,1550,A
2005-03-03,1460,A
2005-03-04,1430,A
2005-03-05,1430,A
2005-03-06,1440,A
2005-03-07,1510,A
2005-03-08,1540,A
2005-03-09,1620,A
2005-03-10,1650,A
2005-03-11,1690,A
2005-03-12,1760,A
2005-03-13,1930,A
2005-03-14,2000,A
2005-03-15,2170,A
2005-03-16,2300,A
2005-03-17,2570,A
2005-03-18,3000,A
2005-03-19,3550,A
2005-03-20,3270,A
2005-03-21,2800,A
2005-03-22,3390,A
2005-03-23,4050,A
2005-03-24,4510,A
2005-03-25,5520,A
2005-03-26,6760,A
2005-03-27,8900,A
2005-03-28,8230,A
2005-03-29,784,A
2005-03-30,786,A
2005-03-31,752,A
2005-04-01,752,A
2005-04-02,709,A
2005-04-03,678,A
2005-04-04,659,A
2005-04-05,638,A
2005-04-06,645,A
2005-04-07,636,A
2005-04-08,635,A
2005-04-09,646,A
2005-04-10,625,A
2005-04-11,618,A
2005-04-12,606,A
2005-04-13,592,A
2005-04-14,565,A
2005-04-15,542,A
2005-04-16,534,A
2005-04-17,534,A
2005-04-18,512,A
2005-04-19,499,A
2005-04-20,487,A
2005-04-21,479,A
2005-04-22,481,A
2005-04-23,456,A
2005-04-24,436,A
2005-04-25,434,A
2005-04-26,426,A
2005-04-27,401,A
2005-04-28,404,A
2005-04-29,413,A
2005-04-30,410,A
2005-05-01,408,A
2005-05-02,410,A
2005-05-03,408,A
2005-05-04,408,A
2005-05-05,416,A
2005-05-06,415,A
2005-05-07,408,A
2005-05-08,406,A
2005-05-09,400,A
2005-05-10,386,A
2005-05-11,368,A
2005-05-12,351,A
2005-05-13,388,A
2005-05-14,1400,A
2005-05-15,1840,A
2005-05-16,1760,A
2005-05-17,1130,A
2005-05-18,786,A
2005-05-19,612,A
2005-05-20,531,A
2005-05-21,484,A
2005-05-22,456,A
2005-05-23,417,A
2005-05-24,404,A
2005-05-25,385,A
2005-05-26,375,A
2005-05-27,393,A
2005-05-28,380,A
2005-05-29,408,A
2005-05-30,459,A
2005-05-31,420,A
2005-06-01,411,A
2005-06-02,449,A
2005-06-03,906,A
2005-06-04,648,A
2005-06-05,521,A
2005-06-06,453,A
2005-06-07,469,A
2005-06-08,442,A
2005-06-09,1050,A
2005-06-10,622,A
2005-06-11,509,A
2005-06-12,615,A
2005-06-13,3150,A
2005-06-14,7460,A
2005-06-15,11000,A
2005-06-16,9540,A
2005-06-17,15800,A
2005-06-18,15100,A
2005-06-19,14000,A
2005-06-20,12700,A
2005-06-21,6970,A
2005-06-22,4130,A
2005-06-23,3150,A
2005-06-24,2580,A
2005-06-25,2150,A
2005-06-26,1850,A
2005-06-27,1630,A
2005-06-28,1460,A
2005-06-29,1320,A
2005-06-30,1200,A
2005-07-01,1120,A
2005-07-02,1050,A
2005-07-03,1020,A
2005-07-04,1310,A
2005-07-05,1730,A
2005-07-06,3760,A
2005-07-07,4170,A
2005-07-08,3980,A
2005-07-09,2810,A
2005-07-10,2360,A
2005-07-11,1930,A
2005-07-12,1550,A
2005-07-13,1370,A
2005-07-14,1390,A
2005-07-15,1380,A
2005-07-16,1300,A
2005-07-17,1140,A
2005-07-18,1030,A
2005-07-19,941,A
2005-07-20,841,A
2005-07-21,833,A
2005-07-22,830,A
2005-07-23,873,A
2005-07-24,732,A
2005-07-25,639,A
2005-07-26,587,A
2005-07-27,553,A
2005-07-28,544,A
2005-07-29,523,A
2005-07-30,505,A
2005-07-31,496,A
2005-08-01,484,A
2005-08-02,468,A
2005-08-03,452,A
2005-08-04,454,A
2005-08-05,432,A
2005-08-06,504,A
2005-08-07,527,A
2005-08-08,607,A
2005-08-09,500,A
2005-08-10,486,A
2005-08-11,432,A
2005-08-12,422,A
2005-08-13,434,A
2005-08-14,478,A
2005-08-15,978,A
2005-08-16,1390,A
2005-08-17,1300,A
2005-08-18,1100,A
2005-08-19,869,A
2005-08-20,901,A
2005-08-21,2800,A
2005-08-22,6250,A
2005-08-23,22300,A
2005-08-24,20400,A
2005-08-25,9750,A
2005-08-26,7990,A
2005-08-27,6200,A
2005-08-28,2710,A
2005-08-29,1910,A
2005-08-30,1670,A
2005-08-31,2170,A
2005-09-01,1600,A
2005-09-02,1500,A
2005-09-03,1460,A
2005-09-04,1110,A
2005-09-05,935,A
2005-09-06,815,A
2005-09-07,729,A
2005-09-08,668,A
2005-09-09,622,A
2005-09-10,585,A
2005-09-11,605,A
2005-09-12,625,A
2005-09-13,527,A
2005-09-14,516,A
2005-09-15,2640,A
2005-09-16,9990,A
2005-09-17,7740,A
2005-09-18,2480,A
2005-09-19,1450,A
2005-09-20,1110,A
2005-09-21,902,A
2005-09-22,773,A
2005-09-23,696,A
2005-09-24,640,A
2005-09-25,603,A
2005-09-26,576,A
2005-09-27,542,A
2005-09-28,524,A
2005-09-29,499,A
2005-09-30,488,A
2005-10-01,559,A
2005-10-02,5890,A
2005-10-03,13300,A
2005-10-04,3800,A
2005-10-05,1790,A
2005-10-06,1280,A
2005-10-07,2380,A
2005-10-08,3160,A
2005-10-09,1600,A
2005-10-10,984,A
2005-10-11,787,A
2005-10-12,676,A
2005-10-13,614,A
2005-10-14,591,A
2005-10-15,551,A
2005-10-16,514,A
2005-10-17,505,A
2005-10-18,497,A
2005-10-19,472,A
2005-10-20,461,A
2005-10-21,444,A
2005-10-22,435,A
2005-10-23,429,A
2005-10-24,412,A
2005-10-25,401,A
2005-10-26,415,A
2005-10-27,434,A
2005-10-28,418,A
2005-10-29,402,A
2005-10-30,386,A
2005-10-31,405,A
2005-11-01,392,A
2005-11-02,380,A
2005-11-03,469,A
2005-11-04,484,A
2005-11-05,783,A
2005-11-06,690,A
2005-11-07,553,A
2005-11-08,480,A
2005-11-09,445,A
2005-11-10,411,A
2005-11-11,392,A
2005-11-12,377,A
2005-11-13,368,A
2005-11-14,358,A
2005-11-15,363,A
2005-11-16,338,A
2005-11-17,339,A
2005-11-18,334,A
2005-11-19,331,A
2005-11-20,332,A
2005-11-21,335,A
2005-11-22,339,A
2005-11-23,344,A
2005-11-24,342,A
2005-11-25,340,A
2005-11-26,340,A
2005-11-27,340,A
2005-11-28,345,A
2005-11-29,324,A
2005-11-30,320,A
2005-12-01,323,A
2005-12-02,317,A
2005-12-03,326,A
2005-12-04,330,A
2005-12-05,341,A
2005-12-06,337,A
2005-12-07,300,A
2005-12-08,270,A:e
2005-12-09,315,A:e
2005-12-10,355,A:e
2005-12-11,345,A:e
2005-12-12,380,A
2005-12-13,374,A
2005-12-14,391,A
2005-12-15,380,A
2005-12-16,376,A
2005-12-17,380,A
2005-12-18,384,A
2005-12-19,369,A
2005-12-20,377,A
2005-12-21,382,A
2005-12-22,377,A
2005-12-23,373,A:e
2005-12-24,370,A:e
2005-12-25,364,A:e
2005-12-26,357,A:e
2005-12-27,348,A:e
2005-12-28,372,A:e
2005-12-29,358,A:e
2005-12-30,353,A:e
2005-12-31,354,A:e
2006-01-01,350,A:e
2006-01-02,345,A:e
2006-01-03,341,A:e
2006-01-04,336,A:e
2006-01-05,331,A
2006-01-06,325,A
2006-01-07,318,A
2006-01-08,319,A
2006-01-09,318,A
2006-01-10,321,A
2006-01-11,327,A
2006-01-12,342,A
2006-01-13,343,A
2006-01-14,332,A
2006-01-15,328,A
2006-01-16,336,A
2006-01-17,327,A
2006-01-18,319,A
2006-01-19,317,A
2006-01-20,320,A
2006-01-21,309,A
2006-01-22,313,A
2006-01-23,314,A
2006-01-24,326,A
2006-01-25,325,A
2006-01-26,315,A
2006-01-27,311,A
2006-01-28,334,A
2006-01-29,339,A
2006-01-30,330,A
2006-01-31,317,A
2006-02-01,321,A
2006-02-02,321,A
2006-02-03,331,A
2006-02-04,323,A
2006-02-05,320,A
2006-02-06,321,A
2006-02-07,313,A
2006-02-08,311,A
2006-02-09,306,A
2006-02-10,314,A
2006-02-11,307,A
2006-02-12,304,A
2006-02-13,308,A
2006-02-14,315,A
2006-02-15,316,A
2006-02-16,318,A
2006-02-17,293,A
2006-02-18,310,A:e
2006-02-19,305,A:e
2006-02-20,320,A:e
2006-02-21,370,A:e
2006-02-22,352,A
2006-02-23,359,A
2006-02-24,352,A
2006-02-25,394,A
2006-02-26,416,A
2006-02-27,380,A
2006-02-28,409,A
2006-03-01,388,A
2006-03-02,371,A
2006-03-03,391,A
2006-03-04,372,A
2006-03-05,363,A
2006-03-06,376,A
2006-03-07,348,A
2006-03-08,349,A
2006-03-09,386,A
2006-03-10,371,A
2006-03-11,393,A
2006-03-12,383,A
2006-03-13,377,A
2006-03-14,370,A
2006-03-15,330,A
2006-03-16,327,A
2006-03-17,334,A
2006-03-18,370,A
2006-03-19,433,A
2006-03-20,523,A
2006-03-21,579,A
2006-03-22,694,A
2006-03-23,709,A
2006-03-24,687,A
2006-03-25,625,A
2006-03-26,569,A
2006-03-27,562,A
2006-03-28,538,A
2006-03-29,506,A
2006-03-30,463,A
2006-03-31,482,A
2006-04-01,459,A
2006-04-02,497,A
2006-04-03,474,A
2006-04-04,540,A
2006-04-05,517,A
2006-04-06,466,A
2006-04-07,440,A
2006-04-08,380,A:e
2006-04-09,399,A
2006-04-10,340,A
2006-04-11,336,A
2006-04-12,335,A
2006-04-13,321,A
2006-04-14,310,A
2006-04-15,300,A
2006-04-16,300,A
2006-04-17,292,A
2006-04-18,285,A
2006-04-19,269,A
2006-04-20,264,A
2006-04-21,258,A
2006-04-22,252,A
2006-04-23,246,A
2006-04-24,268,A
2006-04-25,331,A
2006-04-26,263,A
2006-04-27,254,A
2006-04-28,275,A
2006-04-29,992,A
2006-04-30,4400,A
2006-05-01,4920,A
2006-05-02,1720,A
2006-05-03,918,A
2006-05-04,3510,A
2006-05-05,1210,A
2006-05-06,713,A
2006-05-07,600,A
2006-05-08,533,A
2006-05-09,533,A
2006-05-10,546,A
2006-05-11,542,A
2006-05-12,599,A
2006-05-13,653,A
2006-05-14,506,A
2006-05-15,424,A
2006-05-16,377,A
2006-05-17,346,A
2006-05-18,322,A
2006-05-19,300,A
2006-05-20,283,A
2006-05-21,265,A
2006-05-22,252,A
2006-05-23,232,A
2006-05-24,218,A
2006-05-25,211,A
2006-05-26,195,A
2006-05-27,179,A
2006-05-28,168,A
2006-05-29,161,A
2006-05-30,152,A
2006-05-31,174,A
2006-06-01,1120,A
2006-06-02,1450,A
2006-06-03,778,A
2006-06-04,622,A
2006-06-05,538,A
2006-06-06,449,A
2006-06-07,365,A
2006-06-08,292,A
2006-06-09,240,A
2006-06-10,202,A
2006-06-11,175,A
2006-06-12,162,A
2006-06-13,151,A
2006-06-14,128,A
2006-06-15,113,A
2006-06-16,104,A
2006-06-17,194,A
2006-06-18,333,A
2006-06-19,1100,A
2006-06-20,693,A
2006-06-21,468,A
2006-06-22,337,A
2006-06-23,303,A
2006-06-24,2020,A
2006-06-25,2130,A
2006-06-26,2100,A
2006-06-27,2270,A
2006-06-28,1360,A
2006-06-29,903,A
2006-06-30,654,A
2006-07-01,516,A
2006-07-02,426,A
2006-07-03,363,A
2006-07-04,330,A
2006-07-05,303,A
2006-07-06,378,A
2006-07-07,789,A
2006-07-08,506,A
2006-07-09,354,A
2006-07-10,272,A
2006-07-11,547,A
2006-07-12,453,A
2006-07-13,853,A
2006-07-14,656,A
2006-07-15,425,A
2006-07-16,486,A
2006-07-17,370,A
2006-07-18,266,A
2006-07-19,213,A
2006-07-20,184,A
2006-07-21,164,A
2006-07-22,145,A
2006-07-23,132,A
2006-07-24,121,A
2006-07-25,110,A
2006-07-26,98.5,A
2006-07-27,90.6,A
2006-07-28,95.5,A
2006-07-29,89.4,A
2006-07-30,81.6,A
2006-07-31,77.2,A
2006-08-01,80.8,A
2006-08-02,70.3,A
2006-08-03,68.8,A
2006-08-04,84.2,A
2006-08-05,75.3,A
2006-08-06,65.5,A
2006-08-07,120,A
2006-08-08,128,A
2006-08-09,78.9,A
2006-08-10,57.8,A
2006-08-11,54.7,A
2006-08-12,52.2,A
2006-08-13,43.5,A
2006-08-14,42.3,A
2006-08-15,57.6,A
2006-08-16,90.2,A
2006-08-17,86.2,A
2006-08-18,80.4,A
2006-08-19,89.4,A
2006-08-20,128,A
2006-08-21,120,A
2006-08-22,131,A
2006-08-23,159,A
2006-08-24,163,A
2006-08-25,149,A
2006-08-26,112,A
2006-08-27,110,A
2006-08-28,404,A
2006-08-29,536,A
2006-08-30,433,A
2006-08-31,351,A
2006-09-01,276,A
2006-09-02,305,A
2006-09-03,273,A
2006-09-04,229,A
2006-09-05,214,A
2006-09-06,291,A
2006-09-07,252,A
2006-09-08,200,A
2006-09-09,181,A
2006-09-10,165,A
2006-09-11,156,A
2006-09-12,140,A
2006-09-13,125,A
2006-09-14,118,A
2006-09-15,107,A
2006-09-16,94.3,A
2006-09-17,225,A
2006-09-18,182,A
2006-09-19,140,A
2006-09-20,319,A
2006-09-21,216,A
2006-09-22,177,A
2006-09-23,149,A
2006-09-24,117,A
2006-09-25,104,A
2006-09-26,96.6,A
2006-09-27,87.4,A
2006-09-28,78.4,A
2006-09-29,69.9,A
2006-09-30,67.3,A
2006-10-01,67.8,A
2006-10-02,61.1,A
2006-10-03,57.6,A
2006-10-04,58.2,A
2006-10-05,55.4,A
2006-10-06,53.4,A
2006-10-07,49,A
2006-10-08,46.3,A
2006-10-09,48,A
2006-10-10,60.9,A
2006-10-11,70.1,A
2006-10-12,72.1,A
2006-10-13,68.2,A
2006-10-14,64.9,A
2006-10-15,99.4,A
2006-10-16,126,A
2006-10-17,118,A
2006-10-18,183,A
2006-10-19,187,A
2006-10-20,138,A
2006-10-21,113,A
2006-10-22,93.1,A
2006-10-23,76.8,A
2006-10-24,68.6,A
2006-10-25,62.1,A
2006-10-26,64.1,A
2006-10-27,62.2,A
2006-10-28,54.8,A
2006-10-29,51.8,A
2006-10-30,49.8,A
2006-10-31,48.5,A
2006-11-01,48.6,A
2006-11-02,44.4,A
2006-11-03,43.1,A
2006-11-04,41.9,A
2006-11-05,47.6,A
2006-11-06,63.1,A
2006-11-07,66.4,A
2006-11-08,70.7,A
2006-11-09,79.3,A
2006-11-10,98.6,A
2006-11-11,93.3,A
2006-11-12,81.8,A
2006-11-13,83.7,A
2006-11-14,78.5,A
2006-11-15,109,A
2006-11-16,101,A
2006-11-17,90.9,A
2006-11-18,102,A
2006-11-19,131,A
2006-11-20,118,A
2006-11-21,103,A
2006-11-22,93.5,A
2006-11-23,87.7,A
2006-11-24,85.6,A
2006-11-25,87.9,A
2006-11-26,86.9,A
2006-11-27,94.5,A
2006-11-28,110,A
2006-11-29,123,A
2006-11-30,116,A
2006-12-01,96,A:e
2006-12-02,110,A:e
2006-12-03,125,A:e
2006-12-04,140,A:e
2006-12-05,166,A
2006-12-06,174,A
2006-12-07,168,A
2006-12-08,150,A:e
2006-12-09,145,A
2006-12-10,139,A
2006-12-11,143,A
2006-12-12,146,A
2006-12-13,137,A
2006-12-14,131,A
2006-12-15,129,A
2006-12-16,130,A
2006-12-17,129,A
2006-12-18,130,A
2006-12-19,130,A
2006-12-20,217,A
2006-12-21,215,A
2006-12-22,252,A
2006-12-23,371,A
2006-12-24,358,A
2006-12-25,414,A
2006-12-26,365,A
2006-12-27,315,A
2006-12-28,279,A
2006-12-29,261,A
2006-12-30,314,A
2006-12-31,293,A
2007-01-01,272,A
2007-01-02,343,A
2007-01-03,305,A
2007-01-04,273,A
2007-01-05,332,A
2007-01-06,343,A
2007-01-07,347,A
2007-01-08,357,A
2007-01-09,337,A
2007-01-10,304,A
2007-01-11,293,A
2007-01-12,300,A
2007-01-13,292,A
2007-01-14,288,A:e
2007-01-15,284,A:e
2007-01-16,280,A:e
2007-01-17,285,A:e
2007-01-18,290,A:e
2007-01-19,295,A:e
2007-01-20,310,A:e
2007-01-21,320,A:e
2007-01-22,350,A:e
2007-01-23,415,A
2007-01-24,482,A
2007-01-25,467,A
2007-01-26,426,A
2007-01-27,416,A
2007-01-28,384,A
2007-01-29,382,A
2007-01-30,385,A
2007-01-31,373,A
2007-02-01,386,A
2007-02-02,378,A
2007-02-03,365,A
2007-02-04,368,A
2007-02-05,359,A
2007-02-06,348,A
2007-02-07,342,A
2007-02-08,329,A
2007-02-09,322,A
2007-02-10,312,A
2007-02-11,304,A
2007-02-12,319,A
2007-02-13,362,A
2007-02-14,339,A
2007-02-15,330,A:e
2007-02-16,310,A:e
2007-02-17,290,A:e
2007-02-18,274,A
2007-02-19,263,A
2007-02-20,293,A
2007-02-21,306,A
2007-02-22,306,A
2007-02-23,283,A
2007-02-24,309,A
2007-02-25,286,A
2007-02-26,294,A
2007-02-27,311,A
2007-02-28,313,A
2007-03-01,336,A
2007-03-02,326,A
2007-03-03,304,A
2007-03-04,282,A
2007-03-05,273,A
2007-03-06,266,A
2007-03-07,263,A
2007-03-08,257,A
2007-03-09,256,A
2007-03-10,251,A
2007-03-11,264,A
2007-03-12,277,A
2007-03-13,288,A
2007-03-14,414,A
2007-03-15,440,A
2007-03-16,376,A
2007-03-17,330,A
2007-03-18,302,A
2007-03-19,288,A
2007-03-20,282,A
2007-03-21,267,A
2007-03-22,268,A
2007-03-23,444,A
2007-03-24,1400,A
2007-03-25,4110,A
2007-03-26,2040,A
2007-03-27,1150,A
2007-03-28,914,A
2007-03-29,1340,A
2007-03-30,3330,A
2007-03-31,25000,A
2007-04-01,25500,A
2007-04-02,12400,A
2007-04-03,9110,A
2007-04-04,6450,A
2007-04-05,4540,A
2007-04-06,3650,A
2007-04-07,3130,A
2007-04-08,2770,A
2007-04-09,2480,A
2007-04-10,2290,A
2007-04-11,2180,A
2007-04-12,2040,A
2007-04-13,2030,A
2007-04-14,3050,A
2007-04-15,11200,A
2007-04-16,11600,A
2007-04-17,7760,A
2007-04-18,5100,A
2007-04-19,5760,A
2007-04-20,5280,A
2007-04-21,4080,A
2007-04-22,3190,A
2007-04-23,2610,A
2007-04-24,2340,A
2007-04-25,3190,A
2007-04-26,3040,A
2007-04-27,2270,A
2007-04-28,1910,A
2007-04-29,1740,A
2007-04-30,1640,A
2007-05-01,3260,A
2007-05-02,3360,A
2007-05-03,2220,A
2007-05-04,2560,A
2007-05-05,1910,A
2007-05-06,1950,A
2007-05-07,10300,A
2007-05-08,23000,A
2007-05-09,34800,A
2007-05-10,28600,A
2007-05-11,15100,A
2007-05-12,12400,A
2007-05-13,10500,A
2007-05-14,8170,A
2007-05-15,5590,A
2007-05-16,4480,A
2007-05-17,3730,A
2007-05-18,3190,A
2007-05-19,2800,A
2007-05-20,2440,A
2007-05-21,2120,A
2007-05-22,1880,A
2007-05-23,1740,A
2007-05-24,1880,A
2007-05-25,2020,A
2007-05-26,2360,A
2007-05-27,5050,A
2007-05-28,9850,A
2007-05-29,5360,A
2007-05-30,5410,A
2007-05-31,11000,A
2007-06-01,12800,A
2007-06-02,14200,A
2007-06-03,8260,A
2007-06-04,5060,A
2007-06-05,3930,A
2007-06-06,2950,A
2007-06-07,2290,A
2007-06-08,2000,A
2007-06-09,1840,A
2007-06-10,1720,A
2007-06-11,1910,A
2007-06-12,1850,A
2007-06-13,6800,A
2007-06-14,7840,A
2007-06-15,21800,A
2007-06-16,32200,A
2007-06-17,21700,A
2007-06-18,17200,A
2007-06-19,11200,A
2007-06-20,24100,A
2007-06-21,33000,A
2007-06-22,19000,A
2007-06-23,12700,A
2007-06-24,8980,A
2007-06-25,10400,A
2007-06-26,13000,A
2007-06-27,19700,A
2007-06-28,24900,A
2007-06-29,64500,A
2007-06-30,79600,A
2007-07-01,68400,A
2007-07-02,28500,A
2007-07-03,20600,A
2007-07-04,14700,A
2007-07-05,11200,A
2007-07-06,13600,A
2007-07-07,13800,A
2007-07-08,8670,A
2007-07-09,5830,A
2007-07-10,9310,A
2007-07-11,15200,A
2007-07-12,14400,A
2007-07-13,33600,A
2007-07-14,45500,A
2007-07-15,38700,A
2007-07-16,19000,A
2007-07-17,10900,A
2007-07-18,7720,A
2007-07-19,5870,A
2007-07-20,4660,A
2007-07-21,3780,A
2007-07-22,3250,A
2007-07-23,3920,A
2007-07-24,3930,A
2007-07-25,3390,A
2007-07-26,3030,A
2007-07-27,2540,A
2007-07-28,2320,A
2007-07-29,2130,A
2007-07-30,1950,A
2007-07-31,2100,A:e
2007-08-01,3200,A:e
2007-08-02,2460,A
2007-08-03,1880,A
2007-08-04,1710,A
2007-08-05,1650,A
2007-08-06,1550,A
2007-08-07,1450,A
2007-08-08,1350,A
2007-08-09,1290,A
2007-08-10,1310,A
2007-08-11,1900,A
2007-08-12,1350,A
2007-08-13,1170,A
2007-08-14,1110,A
2007-08-15,1070,A
2007-08-16,1040,A
2007-08-17,1010,A
2007-08-18,1010,A
2007-08-19,1270,A
2007-08-20,32100,A
2007-08-21,19700,A
2007-08-22,7230,A
2007-08-23,4180,A
2007-08-24,3370,A
2007-08-25,3090,A
2007-08-26,3300,A
2007-08-27,3400,A
2007-08-28,2820,A
2007-08-29,2460,A
2007-08-30,2220,A
2007-08-31,2290,A
2007-09-01,2520,A
2007-09-02,1710,A
2007-09-03,1470,A
2007-09-04,1350,A
2007-09-05,1270,A
2007-09-06,1220,A
2007-09-07,1320,A
2007-09-08,1480,A
2007-09-09,6050,A
2007-09-10,15500,A
2007-09-11,5980,A
2007-09-12,3520,A
2007-09-13,2460,A
2007-09-14,1910,A
2007-09-15,1630,A
2007-09-16,1460,A
2007-09-17,1330,A
2007-09-18,1230,A
2007-09-19,1180,A
2007-09-20,1150,A
2007-09-21,1100,A
2007-09-22,1090,A
2007-09-23,1040,A
2007-09-24,1140,A
2007-09-25,1270,A
2007-09-26,1140,A
2007-09-27,1090,A
2007-09-28,1030,A
2007-09-29,976,A
2007-09-30,967,A
2007-10-01,932,A
2007-10-02,898,A
2007-10-03,896,A
2007-10-04,846,A
2007-10-05,820,A
2007-10-06,803,A
2007-10-07,792,A
2007-10-08,791,A
2007-10-09,782,A
2007-10-10,777,A
2007-10-11,792,A
2007-10-12,784,A
2007-10-13,752,A
2007-10-14,732,A
2007-10-15,815,A
2007-10-16,835,A
2007-10-17,1230,A
2007-10-18,2800,A
2007-10-19,14200,A
2007-10-20,5370,A
2007-10-21,2590,A
2007-10-22,2440,A
2007-10-23,4430,A
2007-10-24,4240,A
2007-10-25,2330,A
2007-10-26,1680,A
2007-10-27,1360,A
2007-10-28,1160,A
2007-10-29,1030,A
2007-10-30,948,A
2007-10-31,889,A
2007-11-01,838,A
2007-11-02,800,A
2007-11-03,772,A
2007-11-04,741,A
2007-11-05,724,A
2007-11-06,699,A
2007-11-07,678,A
2007-11-08,663,A
2007-11-09,653,A
2007-11-10,645,A
2007-11-11,635,A
2007-11-12,638,A
2007-11-13,635,A
2007-11-14,620,A:e
2007-11-15,610,A:e
2007-11-16,610,A:e
2007-11-17,603,A
2007-11-18,587,A
2007-11-19,583,A
2007-11-20,581,A
2007-11-21,594,A
2007-11-22,576,A
2007-11-23,579,A
2007-11-24,571,A
2007-11-25,564,A
2007-11-26,622,A
2007-11-27,611,A
2007-11-28,597,A
2007-11-29,625,A
2007-11-30,590,A
2007-12-01,570,A
2007-12-02,588,A
2007-12-03,562,A
2007-12-04,570,A
2007-12-05,569,A
2007-12-06,551,A
2007-12-07,553,A
2007-12-08,556,A
2007-12-09,584,A
2007-12-10,626,A
2007-12-11,747,A
2007-12-12,1020,A
2007-12-13,1830,A
2007-12-14,2110,A
2007-12-15,1760,A
2007-12-16,1520,A
2007-12-17,1320,A
2007-12-18,1220,A
2007-12-19,1140,A
2007-12-20,1090,A
2007-12-21,1040,A
2007-12-22,1010,A
2007-12-23,968,A
2007-12-24,942,A
2007-12-25,904,A
2007-12-26,907,A
2007-12-27,903,A
2007-12-28,908,A
2007-12-29,896,A
2007-12-30,912,A
2007-12-31,919,A
2008-01-01,903,A
2008-01-02,875,A
2008-01-03,842,A
2008-01-04,809,A
2008-01-05,797,A
2008-01-06,780,A
2008-01-07,783,A
2008-01-08,840,A
2008-01-09,873,A
2008-01-10,1420,A
2008-01-11,1190,A
2008-01-12,984,A
2008-01-13,1000,A
2008-01-14,928,A
2008-01-15,815,A
2008-01-16,791,A
2008-01-17,779,A
2008-01-18,779,A
2008-01-19,767,A
2008-01-20,747,A
2008-01-21,735,A
2008-01-22,733,A
2008-01-23,713,A
2008-01-24,726,A
2008-01-25,695,A
2008-01-26,695,A
2008-01-27,691,A
2008-01-28,680,A
2008-01-29,691,A
2008-01-30,652,A
2008-01-31,674,A
2008-02-01,665,A
2008-02-02,667,A
2008-02-03,663,A
2008-02-04,659,A
2008-02-05,827,A
2008-02-06,1290,A
2008-02-07,2100,A
2008-02-08,1450,A
2008-02-09,1050,A
2008-02-10,903,A
2008-02-11,830,A
2008-02-12,789,A
2008-02-13,745,A
2008-02-14,718,A
2008-02-15,702,A
2008-02-16,841,A
2008-02-17,2630,A
2008-02-18,13800,A
2008-02-19,9820,A
2008-02-20,4380,A
2008-02-21,2740,A
2008-02-22,2030,A
2008-02-23,1660,A
2008-02-24,1450,A
2008-02-25,1340,A
2008-02-26,1270,A
2008-02-27,1170,A
2008-02-28,1080,A
2008-02-29,1010,A
2008-03-01,956,A
2008-03-02,919,A
2008-03-03,2070,A
2008-03-04,2770,A
2008-03-05,2840,A
2008-03-06,2010,A
2008-03-07,1460,A
2008-03-08,1210,A
2008-03-09,1090,A
2008-03-10,999,A
2008-03-11,934,A
2008-03-12,887,A
2008-03-13,849,A
2008-03-14,835,A
2008-03-15,826,A
2008-03-16,792,A
2008-03-17,780,A
2008-03-18,2840,A
2008-03-19,11500,A
2008-03-20,12000,A
2008-03-21,4640,A
2008-03-22,2680,A
2008-03-23,1950,A
2008-03-24,1540,A
2008-03-25,1310,A
2008-03-26,1180,A
2008-03-27,1110,A
2008-03-28,1060,A
2008-03-29,1010,A
2008-03-30,961,A
2008-03-31,2340,A
2008-04-01,5500,A
2008-04-02,7750,A
2008-04-03,4000,A
2008-04-04,2550,A
2008-04-05,1930,A
2008-04-06,1510,A
2008-04-07,1240,A
2008-04-08,3280,A
2008-04-09,4550,A
2008-04-10,36900,A
2008-04-11,35000,A
2008-04-12,16400,A
2008-04-13,9880,A
2008-04-14,7090,A
2008-04-15,5690,A
2008-04-16,4770,A
2008-04-17,4050,A
2008-04-18,3550,A
2008-04-19,3080,A
2008-04-20,2670,A
2008-04-21,2370,A
2008-04-22,2190,A
2008-04-23,2010,A
2008-04-24,1940,A
2008-04-25,2280,A
2008-04-26,2220,A
2008-04-27,1950,A
2008-04-28,1710,A
2008-04-29,1570,A
2008-04-30,1470,A
2008-05-01,1400,A
2008-05-02,1430,A
2008-05-03,1330,A
2008-05-04,1260,A
2008-05-05,1190,A
2008-05-06,1150,A
2008-05-07,3740,A
2008-05-08,19800,A
2008-05-09,22900,A
2008-05-10,9430,A
2008-05-11,5000,A
2008-05-12,3210,A
2008-05-13,2390,A
2008-05-14,1950,A
2008-05-15,1850,A
2008-05-16,1800,A
2008-05-17,2040,A
2008-05-18,1560,A
2008-05-19,1320,A
2008-05-20,1200,A
2008-05-21,1090,A
2008-05-22,1000,A
2008-05-23,2170,A
2008-05-24,3950,A
2008-05-25,6260,A
2008-05-26,11200,A
2008-05-27,8010,A
2008-05-28,7210,A
2008-05-29,6370,A
2008-05-30,3930,A
2008-05-31,2360,A
2008-06-01,1770,A
2008-06-02,1410,A
2008-06-03,1200,A
2008-06-04,1050,A
2008-06-05,910,A
2008-06-06,862,A
2008-06-07,1610,A
2008-06-08,7900,A
2008-06-09,8250,A
2008-06-10,38500,A
2008-06-11,38000,A
2008-06-12,15100,A:e
2008-06-13,9500,A:e
2008-06-14,7100,A:e
2008-06-15,5270,A:e
2008-06-16,3980,A:e
2008-06-17,3970,A
2008-06-18,18600,A
2008-06-19,20800,A
2008-06-20,8890,A
2008-06-21,5480,A
2008-06-22,3800,A
2008-06-23,2870,A
2008-06-24,2290,A
2008-06-25,1930,A
2008-06-26,1690,A
2008-06-27,1550,A
2008-06-28,1500,A
2008-06-29,1380,A
2008-06-30,1350,A
2008-07-01,1250,A
2008-07-02,1130,A
2008-07-03,1050,A
2008-07-04,992,A
2008-07-05,933,A
2008-07-06,892,A
2008-07-07,845,A
2008-07-08,806,A
2008-07-09,824,A
2008-07-10,939,A
2008-07-11,2400,A
2008-07-12,1480,A
2008-07-13,9010,A
2008-07-14,5820,A
2008-07-15,3660,A
2008-07-16,2540,A
2008-07-17,1620,A
2008-07-18,1260,A
2008-07-19,1030,A
2008-07-20,895,A
2008-07-21,809,A
2008-07-22,737,A
2008-07-23,689,A
2008-07-24,654,A
2008-07-25,626,A
2008-07-26,600,A
2008-07-27,568,A
2008-07-28,548,A
2008-07-29,536,A
2008-07-30,566,A
2008-07-31,549,A
2008-08-01,532,A
2008-08-02,540,A
2008-08-03,495,A
2008-08-04,471,A
2008-08-05,450,A
2008-08-06,426,A
2008-08-07,415,A
2008-08-08,407,A
2008-08-09,407,A
2008-08-10,434,A
2008-08-11,430,A
2008-08-12,443,A
2008-08-13,720,A
2008-08-14,1140,A
2008-08-15,825,A
2008-08-16,655,A
2008-08-17,668,A
2008-08-18,567,A
2008-08-19,523,A
2008-08-20,545,A
2008-08-21,2650,A
2008-08-22,2260,A
2008-08-23,1210,A
2008-08-24,853,A
2008-08-25,681,A
2008-08-26,575,A
2008-08-27,511,A
2008-08-28,466,A
2008-08-29,440,A
2008-08-30,459,A
2008-08-31,440,A
2008-09-01,509,A
2008-09-02,686,A
2008-09-03,567,A
2008-09-04,470,A
2008-09-05,431,A
2008-09-06,427,A
2008-09-07,408,A
2008-09-08,402,A
2008-09-09,409,A
2008-09-10,371,A
2008-09-11,383,A
2008-09-12,388,A
2008-09-13,488,A
2008-09-14,10700,A
2008-09-15,21700,A
2008-09-16,8660,A
2008-09-17,4620,A
2008-09-18,2870,A
2008-09-19,2040,A
2008-09-20,1610,A
2008-09-21,1350,A
2008-09-22,1170,A
2008-09-23,1050,A
2008-09-24,954,A
2008-09-25,880,A
2008-09-26,820,A
2008-09-27,778,A
2008-09-28,741,A
2008-09-29,715,A
2008-09-30,684,A
2008-10-01,662,A
2008-10-02,641,A
2008-10-03,620,A
2008-10-04,599,A
2008-10-05,575,A
2008-10-06,569,A
2008-10-07,600,A
2008-10-08,579,A
2008-10-09,642,A
2008-10-10,718,A
2008-10-11,914,A
2008-10-12,787,A
2008-10-13,702,A
2008-10-14,677,A
2008-10-15,703,A
2008-10-16,1820,A
2008-10-17,3610,A
2008-10-18,3610,A
2008-10-19,2450,A
2008-10-20,1760,A
2008-10-21,1470,A
2008-10-22,1360,A
2008-10-23,1210,A
2008-10-24,1090,A
2008-10-25,1060,A
2008-10-26,1000,A
2008-10-27,967,A
2008-10-28,903,A
2008-10-29,839,A
2008-10-30,786,A
2008-10-31,753,A
2008-11-01,726,A
2008-11-02,707,A
2008-11-03,687,A
2008-11-04,662,A
2008-11-05,729,A
2008-11-06,2850,A
2008-11-07,1430,A
2008-11-08,1210,A
2008-11-09,814,A
2008-11-10,771,A
2008-11-11,800,A
2008-11-12,740,A
2008-11-13,756,A
2008-11-14,731,A
2008-11-15,691,A
2008-11-16,665,A
2008-11-17,653,A
2008-11-18,628,A
2008-11-19,606,A
2008-11-20,606,A
2008-11-21,573,A
2008-11-22,565,A
2008-11-23,569,A
2008-11-24,577,A
2008-11-25,568,A
2008-11-26,575,A
2008-11-27,572,A
2008-11-28,585,A
2008-11-29,581,A
2008-11-30,573,A
2008-12-01,573,A
2008-12-02,564,A
2008-12-03,578,A
2008-12-04,550,A
2008-12-05,551,A
2008-12-06,552,A
2008-12-07,546,A
2008-12-08,542,A
2008-12-09,594,A
2008-12-10,559,A
2008-12-11,565,A
2008-12-12,581,A
2008-12-13,565,A
2008-12-14,593,A
2008-12-15,578,A
2008-12-16,593,A
2008-12-17,575,A:e
2008-12-18,558,A
2008-12-19,574,A
2008-12-20,600,A
2008-12-21,602,A
2008-12-22,575,A:e
2008-12-23,550,A:e
2008-12-24,560,A:e
2008-12-25,572,A
2008-12-26,590,A
2008-12-27,678,A
2008-12-28,668,A
2008-12-29,728,A
2008-12-30,824,A
2008-12-31,767,A
2009-01-01,706,A
2009-01-02,677,A
2009-01-03,660,A
2009-01-04,653,A
2009-01-05,624,A
2009-01-06,620,A
2009-01-07,613,A
2009-01-08,613,A
2009-01-09,616,A
2009-01-10,615,A
2009-01-11,600,A
2009-01-12,603,A
2009-01-13,570,A
2009-01-14,579,A
2009-01-15,566,A
2009-01-16,570,A:e
2009-01-17,574,A
2009-01-18,558,A
2009-01-19,561,A
2009-01-20,568,A
2009-01-21,568,A
2009-01-22,546,A
2009-01-23,549,A
2009-01-24,540,A
2009-01-25,541,A
2009-01-26,542,A
2009-01-27,520,A:e
2009-01-28,530,A:e
2009-01-29,540,A:e
2009-01-30,550,A:e
2009-01-31,569,A
2009-02-01,616,A
2009-02-02,634,A
2009-02-03,599,A
2009-02-04,579,A
2009-02-05,553,A
2009-02-06,529,A
2009-02-07,523,A
2009-02-08,511,A
2009-02-09,522,A
2009-02-10,565,A
2009-02-11,1410,A
2009-02-12,1960,A
2009-02-13,1670,A
2009-02-14,939,A
2009-02-15,783,A
2009-02-16,699,A
2009-02-17,640,A
2009-02-18,616,A
2009-02-19,579,A
2009-02-20,560,A
2009-02-21,553,A
2009-02-22,520,A
2009-02-23,507,A
2009-02-24,504,A
2009-02-25,496,A
2009-02-26,492,A
2009-02-27,491,A
2009-02-28,480,A
2009-03-01,462,A
2009-03-02,458,A
2009-03-03,449,A
2009-03-04,450,A
2009-03-05,446,A
2009-03-06,451,A
2009-03-07,454,A
2009-03-08,470,A
2009-03-09,454,A
2009-03-10,502,A
2009-03-11,486,A
2009-03-12,587,A
2009-03-13,549,A
2009-03-14,502,A
2009-03-15,493,A
2009-03-16,486,A
2009-03-17,481,A
2009-03-18,463,A
2009-03-19,478,A
2009-03-20,464,A
2009-03-21,464,A
2009-03-22,432,A
2009-03-23,414,A
2009-03-24,826,A
2009-03-25,1640,A
2009-03-26,2190,A
2009-03-27,1430,A
2009-03-28,1880,A
2009-03-29,1540,A
2009-03-30,1350,A
2009-03-31,1230,A
2009-04-01,1010,A
2009-04-02,962,A
2009-04-03,998,A
2009-04-04,1240,A
2009-04-05,1090,A
2009-04-06,944,A
2009-04-07,858,A
2009-04-08,795,A
2009-04-09,728,A
2009-04-10,698,A
2009-04-11,685,A
2009-04-12,769,A
2009-04-13,973,A
2009-04-14,1160,A
2009-04-15,1250,A
2009-04-16,1010,A
2009-04-17,900,A
2009-04-18,912,A
2009-04-19,1120,A
2009-04-20,1210,A
2009-04-21,1060,A
2009-04-22,1230,A
2009-04-23,1550,A
2009-04-24,1300,A
2009-04-25,1080,A
2009-04-26,930,A
2009-04-27,1020,A
2009-04-28,13800,A
2009-04-29,13300,A
2009-04-30,13100,A
2009-05-01,7160,A
2009-05-02,6020,A
2009-05-03,6000,A
2009-05-04,4750,A
2009-05-05,3830,A
2009-05-06,3470,A
2009-05-07,3590,A
2009-05-08,3160,A
2009-05-09,2760,A
2009-05-10,2310,A
2009-05-11,1990,A
2009-05-12,1770,A
2009-05-13,1660,A
2009-05-14,2230,A
2009-05-15,1660,A
2009-05-16,1980,A
2009-05-17,2910,A
2009-05-18,4160,A
2009-05-19,2220,A
2009-05-20,1610,A
2009-05-21,1360,A
2009-05-22,1210,A
2009-05-23,1070,A
2009-05-24,1010,A
2009-05-25,949,A
2009-05-26,890,A
2009-05-27,873,A
2009-05-28,854,A
2009-05-29,889,A
2009-05-30,837,A
2009-05-31,796,A
2009-06-01,759,A
2009-06-02,720,A
2009-06-03,698,A
2009-06-04,670,A
2009-06-05,636,A
2009-06-06,626,A
2009-06-07,587,A
2009-06-08,562,A
2009-06-09,535,A
2009-06-10,536,A
2009-06-11,552,A
2009-06-12,602,A
2009-06-13,543,A
2009-06-14,525,A
2009-06-15,589,A
2009-06-16,523,A
2009-06-17,489,A
2009-06-18,514,A
2009-06-19,530,A
2009-06-20,490,A
2009-06-21,448,A
2009-06-22,434,A
2009-06-23,434,A
2009-06-24,420,A
2009-06-25,401,A
2009-06-26,411,A
2009-06-27,441,A
2009-06-28,409,A
2009-06-29,412,A
2009-06-30,425,A
2009-07-01,419,A
2009-07-02,398,A
2009-07-03,355,A
2009-07-04,345,A
2009-07-05,344,A
2009-07-06,320,A
2009-07-07,374,A
2009-07-08,387,A
2009-07-09,333,A
2009-07-10,310,A
2009-07-11,287,A
2009-07-12,270,A
2009-07-13,249,A
2009-07-14,231,A
2009-07-15,212,A
2009-07-16,220,A
2009-07-17,208,A
2009-07-18,203,A
2009-07-19,232,A
2009-07-20,244,A
2009-07-21,280,A
2009-07-22,240,A
2009-07-23,194,A
2009-07-24,182,A
2009-07-25,191,A
2009-07-26,193,A
2009-07-27,186,A
2009-07-28,186,A
2009-07-29,215,A
2009-07-30,507,A
2009-07-31,1190,A
2009-08-01,1640,A
2009-08-02,1190,A
2009-08-03,644,A
2009-08-04,438,A
2009-08-05,414,A
2009-08-06,614,A
2009-08-07,444,A
2009-08-08,478,A
2009-08-09,455,A
2009-08-10,328,A
2009-08-11,338,A
2009-08-12,1140,A
2009-08-13,2450,A
2009-08-14,1020,A
2009-08-15,644,A
2009-08-16,497,A
2009-08-17,420,A
2009-08-18,698,A
2009-08-19,1540,A
2009-08-20,7290,A
2009-08-21,7160,A
2009-08-22,5330,A
2009-08-23,3040,A
2009-08-24,1750,A
2009-08-25,1210,A
2009-08-26,926,A
2009-08-27,785,A
2009-08-28,1200,A
2009-08-29,1520,A
2009-08-30,1020,A
2009-08-31,897,A
2009-09-01,725,A
2009-09-02,599,A
2009-09-03,525,A
2009-09-04,474,A
2009-09-05,452,A
2009-09-06,442,A
2009-09-07,419,A
2009-09-08,488,A
2009-09-09,425,A
2009-09-10,540,A
2009-09-11,782,A
2009-09-12,1050,A
2009-09-13,653,A
2009-09-14,3240,A
2009-09-15,2390,A
2009-09-16,1830,A
2009-09-17,1390,A
2009-09-18,980,A
2009-09-19,1110,A
2009-09-20,1060,A
2009-09-21,889,A
2009-09-22,692,A
2009-09-23,536,A
2009-09-24,471,A
2009-09-25,439,A
2009-09-26,409,A
2009-09-27,394,A
2009-09-28,362,A
2009-09-29,333,A
2009-09-30,315,A
2009-10-01,301,A
2009-10-02,275,A
2009-10-03,267,A
2009-10-04,277,A
2009-10-05,287,A
2009-10-06,308,A
2009-10-07,352,A
2009-10-08,413,A
2009-10-09,3560,A
2009-10-10,15000,A
2009-10-11,7420,A
2009-10-12,2940,A
2009-10-13,1750,A
2009-10-14,1340,A
2009-10-15,1210,A
2009-10-16,1070,A
2009-10-17,954,A
2009-10-18,845,A
2009-10-19,762,A
2009-10-20,690,A
2009-10-21,638,A
2009-10-22,719,A
2009-10-23,647,A
2009-10-24,725,A
2009-10-25,917,A
2009-10-26,755,A
2009-10-27,641,A
2009-10-28,579,A
2009-10-29,2770,A
2009-10-30,8050,A
2009-10-31,11900,A
2009-11-01,6270,A
2009-11-02,3100,A
2009-11-03,2020,A
2009-11-04,1540,A
2009-11-05,1250,A
2009-11-06,1080,A
2009-11-07,962,A
2009-11-08,884,A
2009-11-09,833,A
2009-11-10,803,A
2009-11-11,777,A
2009-11-12,741,A
2009-11-13,717,A
2009-11-14,714,A
2009-11-15,820,A
2009-11-16,789,A
2009-11-17,746,A
2009-11-18,717,A
2009-11-19,694,A
2009-11-20,678,A
2009-11-21,655,A
2009-11-22,645,A
2009-11-23,638,A
2009-11-24,624,A
2009-11-25,605,A
2009-11-26,594,A
2009-11-27,583,A
2009-11-28,570,A
2009-11-29,569,A
2009-11-30,559,A
2009-12-01,548,A
2009-12-02,568,A
2009-12-03,559,A
2009-12-04,543,A
2009-12-05,555,A
2009-12-06,543,A
2009-12-07,538,A
2009-12-08,531,A
2009-12-09,490,A:e
2009-12-10,460,A:e
2009-12-11,465,A:e
2009-12-12,475,A:e
2009-12-13,485,A
2009-12-14,520,A
2009-12-15,536,A
2009-12-16,546,A
2009-12-17,544,A
2009-12-18,522,A
2009-12-19,514,A
2009-12-20,522,A
2009-12-21,517,A
2009-12-22,511,A
2009-12-23,511,A
2009-12-24,500,A:e
2009-12-25,480,A:e
2009-12-26,490,A:e
2009-12-27,510,A:e
2009-12-28,560,A:e
2009-12-29,600,A:e
2009-12-30,650,A:e
2009-12-31,686,A
2010-01-01,657,A
2010-01-02,650,A:e
2010-01-03,600,A:e
2010-01-04,575,A:e
2010-01-05,565,A:e
2010-01-06,525,A:e
2010-01-07,450,A:e
2010-01-08,410,A:e
2010-01-09,390,A:e
2010-01-10,400,A:e
2010-01-11,430,A:e
2010-01-12,480,A:e
2010-01-13,510,A:e
2010-01-14,550,A:e
2010-01-15,600,A
2010-01-16,583,A
2010-01-17,597,A
2010-01-18,572,A
2010-01-19,548,A
2010-01-20,531,A
2010-01-21,787,A
2010-01-22,598,A
2010-01-23,677,A
2010-01-24,639,A
2010-01-25,571,A
2010-01-26,537,A
2010-01-27,515,A
2010-01-28,506,A
2010-01-29,500,A:e
2010-01-30,490,A:e
2010-01-31,510,A:e
2010-02-01,585,A
2010-02-02,628,A
2010-02-03,810,A
2010-02-04,1070,A
2010-02-05,1370,A
2010-02-06,1360,A
2010-02-07,1280,A
2010-02-08,1150,A
2010-02-09,1110,A
2010-02-10,1070,A
2010-02-11,1040,A
2010-02-12,927,A
2010-02-13,856,A
2010-02-14,831,A
2010-02-15,789,A
2010-02-16,741,A
2010-02-17,699,A
2010-02-18,665,A
2010-02-19,649,A
2010-02-20,644,A
2010-02-21,1060,A
2010-02-22,2790,A
2010-02-23,3500,A
2010-02-24,2210,A
2010-02-25,1570,A
2010-02-26,1340,A
2010-02-27,1220,A
2010-02-28,1170,A
2010-03-01,1130,A
2010-03-02,1060,A
2010-03-03,993,A
2010-03-04,962,A
2010-03-05,930,A
2010-03-06,908,A
2010-03-07,895,A
2010-03-08,1020,A
2010-03-09,1880,A
2010-03-10,2150,A
2010-03-11,1950,A
2010-03-12,1700,A
2010-03-13,1460,A
2010-03-14,1260,A
2010-03-15,1130,A
2010-03-16,1040,A
2010-03-17,985,A
2010-03-18,939,A
2010-03-19,914,A
2010-03-20,989,A
2010-03-21,1030,A
2010-03-22,1100,A
2010-03-23,1200,A
2010-03-24,1300,A
2010-03-25,1320,A
2010-03-26,1180,A
2010-03-27,1130,A
2010-03-28,1060,A
2010-03-29,966,A
2010-03-30,894,A
2010-03-31,842,A
2010-04-01,811,A
2010-04-02,822,A
2010-04-03,896,A
2010-04-04,1100,A
2010-04-05,1050,A
2010-04-06,881,A
2010-04-07,1400,A
2010-04-08,1360,A
2010-04-09,949,A
2010-04-10,788,A
2010-04-11,722,A
2010-04-12,682,A
2010-04-13,649,A
2010-04-14,630,A
2010-04-15,617,A
2010-04-16,618,A
2010-04-17,667,A
2010-04-18,1160,A
2010-04-19,2640,A
2010-04-20,3830,A
2010-04-21,2620,A
2010-04-22,1790,A
2010-04-23,1510,A
2010-04-24,1630,A
2010-04-25,1720,A
2010-04-26,2810,A
2010-04-27,1860,A
2010-04-28,1390,A
2010-04-29,1170,A
2010-04-30,1040,A
2010-05-01,966,A
2010-05-02,926,A
2010-05-03,882,A
2010-05-04,790,A
2010-05-05,742,A
2010-05-06,681,A
2010-05-07,648,A
2010-05-08,598,A
2010-05-09,572,A
2010-05-10,555,A
2010-05-11,559,A
2010-05-12,539,A
2010-05-13,628,A
2010-05-14,915,A
2010-05-15,1540,A
2010-05-16,2050,A
2010-05-17,1390,A
2010-05-18,1550,A
2010-05-19,6750,A
2010-05-20,24400,A
2010-05-21,26800,A
2010-05-22,12900,A
2010-05-23,7090,A
2010-05-24,4030,A
2010-05-25,2800,A
2010-05-26,2980,A
2010-05-27,7410,A
2010-05-28,7100,A
2010-05-29,4850,A
2010-05-30,4060,A
2010-05-31,2920,A
2010-06-01,4240,A
2010-06-02,3160,A
2010-06-03,1820,A
2010-06-04,1420,A
2010-06-05,1190,A
2010-06-06,1050,A
2010-06-07,990,A
2010-06-08,952,A
2010-06-09,899,A
2010-06-10,873,A
2010-06-11,806,A
2010-06-12,824,A
2010-06-13,807,A
2010-06-14,8620,A
2010-06-15,20100,A
2010-06-16,20500,A
2010-06-17,13500,A
2010-06-18,6940,A
2010-06-19,3760,A
2010-06-20,2510,A
2010-06-21,1960,A
2010-06-22,1600,A
2010-06-23,1350,A
2010-06-24,1180,A
2010-06-25,1090,A
2010-06-26,978,A
2010-06-27,884,A
2010-06-28,824,A
2010-06-29,877,A
2010-06-30,988,A
2010-07-01,784,A
2010-07-02,689,A
2010-07-03,673,A
2010-07-04,755,A
2010-07-05,955,A
2010-07-06,1300,A
2010-07-07,6720,A
2010-07-08,12100,A
2010-07-09,11800,A
2010-07-10,4970,A
2010-07-11,3230,A
2010-07-12,2410,A
2010-07-13,3080,A
2010-07-14,3420,A
2010-07-15,2260,A
2010-07-16,1650,A
2010-07-17,1350,A
2010-07-18,1180,A
2010-07-19,1060,A
2010-07-20,975,A
2010-07-21,1000,A
2010-07-22,879,A
2010-07-23,794,A
2010-07-24,724,A
2010-07-25,692,A
2010-07-26,793,A
2010-07-27,809,A
2010-07-28,873,A
2010-07-29,789,A
2010-07-30,940,A
2010-07-31,1330,A
2010-08-01,881,A
2010-08-02,676,A
2010-08-03,622,A
2010-08-04,595,A
2010-08-05,542,A
2010-08-06,500,A
2010-08-07,473,A
2010-08-08,446,A
2010-08-09,423,A
2010-08-10,605,A
2010-08-11,757,A
2010-08-12,600,A
2010-08-13,501,A
2010-08-14,447,A
2010-08-15,452,A
2010-08-16,422,A
2010-08-17,524,A
2010-08-18,525,A
2010-08-19,429,A
2010-08-20,448,A
2010-08-21,890,A
2010-08-22,1760,A
2010-08-23,1280,A
2010-08-24,969,A
2010-08-25,730,A
2010-08-26,672,A
2010-08-27,1210,A
2010-08-28,776,A
2010-08-29,532,A
2010-08-30,417,A
2010-08-31,356,A
2010-09-01,327,A
2010-09-02,301,A
2010-09-03,387,A
2010-09-04,363,A
2010-09-05,326,A
2010-09-06,374,A
2010-09-07,326,A
2010-09-08,291,A
2010-09-09,496,A
2010-09-10,413,A
2010-09-11,550,A
2010-09-12,479,A
2010-09-13,389,A
2010-09-14,349,A
2010-09-15,561,A
2010-09-16,959,A
2010-09-17,740,A
2010-09-18,436,A
2010-09-19,345,A
2010-09-20,319,A
2010-09-21,279,A
2010-09-22,244,A
2010-09-23,221,A
2010-09-24,215,A
2010-09-25,207,A
2010-09-26,214,A
2010-09-27,233,A
2010-09-28,249,A
2010-09-29,232,A
2010-09-30,213,A
2010-10-01,194,A
2010-10-02,190,A
2010-10-03,181,A
2010-10-04,182,A
2010-10-05,179,A
2010-10-06,174,A
2010-10-07,168,A
2010-10-08,161,A
2010-10-09,153,A
2010-10-10,153,A
2010-10-11,163,A
2010-10-12,160,A
2010-10-13,177,A
2010-10-14,326,A
2010-10-15,275,A
2010-10-16,208,A
2010-10-17,178,A:e
2010-10-18,170,A:e
2010-10-19,230,A:e
2010-10-20,242,A
2010-10-21,186,A
2010-10-22,243,A
2010-10-23,283,A
2010-10-24,289,A
2010-10-25,381,A
2010-10-26,320,A
2010-10-27,250,A
2010-10-28,212,A
2010-10-29,188,A
2010-10-30,177,A
2010-10-31,177,A
2010-11-01,172,A
2010-11-02,163,A
2010-11-03,157,A
2010-11-04,147,A
2010-11-05,153,A
2010-11-06,147,A
2010-11-07,146,A
2010-11-08,148,A
2010-11-09,148,A
2010-11-10,149,A
2010-11-11,162,A
2010-11-12,210,A
2010-11-13,267,A
2010-11-14,486,A
2010-11-15,1160,A
2010-11-16,973,A
2010-11-17,948,A
2010-11-18,843,A
2010-11-19,679,A
2010-11-20,556,A
2010-11-21,466,A
2010-11-22,411,A
2010-11-23,366,A
2010-11-24,339,A
2010-11-25,326,A
2010-11-26,291,A
2010-11-27,281,A
2010-11-28,267,A
2010-11-29,262,A
2010-11-30,248,A
2010-12-01,241,A
2010-12-02,239,A
2010-12-03,232,A
2010-12-04,234,A
2010-12-05,221,A
2010-12-06,223,A
2010-12-07,222,A
2010-12-08,225,A
2010-12-09,228,A
2010-12-10,230,A
2010-12-11,239,A
2010-12-12,228,A
2010-12-13,229,A
2010-12-14,229,A
2010-12-15,236,A
2010-12-16,240,A
2010-12-17,231,A
2010-12-18,235,A
2010-12-19,233,A
2010-12-20,233,A
2010-12-21,234,A
2010-12-22,224,A
2010-12-23,221,A
2010-12-24,253,A
2010-12-25,305,A
2010-12-26,297,A
2010-12-27,284,A
2010-12-28,274,A
2010-12-29,245,A
2010-12-30,237,A
2010-12-31,261,A
2011-01-01,240,A
2011-01-02,233,A
2011-01-03,233,A
2011-01-04,228,A
2011-01-05,216,A
2011-01-06,224,A
2011-01-07,232,A
2011-01-08,229,A
2011-01-09,229,A
2011-01-10,227,A:e
2011-01-11,215,A:e
2011-01-12,205,A:e
2011-01-13,210,A:e
2011-01-14,225,A:e
2011-01-15,250,A:e
2011-01-16,273,A
2011-01-17,260,A
2011-01-18,280,A
2011-01-19,286,A
2011-01-20,306,A
2011-01-21,282,A
2011-01-22,275,A
2011-01-23,272,A
2011-01-24,255,A
2011-01-25,268,A
2011-01-26,268,A
2011-01-27,260,A
2011-01-28,260,A
2011-01-29,252,A
2011-01-30,254,A
2011-01-31,250,A:e
2011-02-01,235,A:e
2011-02-02,220,A:e
2011-02-03,205,A:e
2011-02-04,210,A:e
2011-02-05,240,A:e
2011-02-06,270,A:e
2011-02-07,280,A:e
2011-02-08,260,A:e
2011-02-09,220,A:e
2011-02-10,190,A:e
2011-02-11,210,A:e
2011-02-12,240,A:e
2011-02-13,325,A:e
2011-02-14,400,A:e
2011-02-15,448,A
2011-02-16,474,A
2011-02-17,507,A
2011-02-18,501,A
2011-02-19,475,A
2011-02-20,441,A
2011-02-21,431,A
2011-02-22,389,A
2011-02-23,390,A
2011-02-24,475,A
2011-02-25,665,A
2011-02-26,1210,A
2011-02-27,804,A
2011-02-28,586,A
2011-03-01,472,A
2011-03-02,424,A
2011-03-03,386,A
2011-03-04,377,A
2011-03-05,355,A
2011-03-06,327,A
2011-03-07,318,A
2011-03-08,337,A
2011-03-09,342,A
2011-03-10,416,A
2011-03-11,600,A
2011-03-12,542,A
2011-03-13,467,A
2011-03-14,438,A
2011-03-15,391,A
2011-03-16,364,A
2011-03-17,334,A
2011-03-18,338,A
2011-03-19,317,A
2011-03-20,311,A
2011-03-21,308,A
2011-03-22,295,A
2011-03-23,312,A
2011-03-24,292,A
2011-03-25,286,A
2011-03-26,278,A
2011-03-27,269,A
2011-03-28,270,A
2011-03-29,270,A
2011-03-30,266,A
2011-03-31,273,A
2011-04-01,268,A
2011-04-02,253,A
2011-04-03,247,A
2011-04-04,265,A
2011-04-05,238,A:e
2011-04-06,231,A
2011-04-07,235,A:e
2011-04-08,229,A:e
2011-04-09,219,A:e
2011-04-10,204,A:e
2011-04-11,201,A
2011-04-12,192,A
2011-04-13,182,A
2011-04-14,174,A
2011-04-15,181,A
2011-04-16,170,A
2011-04-17,150,A
2011-04-18,154,A
2011-04-19,144,A
2011-04-20,142,A
2011-04-21,141,A
2011-04-22,146,A
2011-04-23,148,A
2011-04-24,295,A
2011-04-25,454,A
2011-04-26,349,A
2011-04-27,423,A
2011-04-28,361,A
2011-04-29,255,A
2011-04-30,241,A
2011-05-01,250,A
2011-05-02,248,A
2011-05-03,238,A
2011-05-04,269,A
2011-05-05,253,A
2011-05-06,213,A
2011-05-07,185,A
2011-05-08,149,A
2011-05-09,125,A
2011-05-10,116,A
2011-05-11,137,A
2011-05-12,266,A
2011-05-13,452,A
2011-05-14,637,A
2011-05-15,391,A
2011-05-16,260,A
2011-05-17,196,A
2011-05-18,152,A
2011-05-19,125,A
2011-05-20,181,A
2011-05-21,400,A
2011-05-22,3550,A
2011-05-23,1890,A
2011-05-24,1310,A
2011-05-25,6980,A
2011-05-26,8950,A
2011-05-27,3630,A
2011-05-28,1870,A
2011-05-29,1200,A
2011-05-30,859,A
2011-05-31,676,A
2011-06-01,553,A
2011-06-02,471,A
2011-06-03,410,A
2011-06-04,367,A
2011-06-05,331,A
2011-06-06,303,A
2011-06-07,274,A
2011-06-08,249,A
2011-06-09,228,A
2011-06-10,241,A
2011-06-11,234,A
2011-06-12,353,A
2011-06-13,570,A
2011-06-14,1200,A
2011-06-15,1390,A
2011-06-16,908,A
2011-06-17,601,A
2011-06-18,435,A
2011-06-19,325,A
2011-06-20,239,A
2011-06-21,289,A
2011-06-22,249,A
2011-06-23,208,A
2011-06-24,176,A
2011-06-25,147,A
2011-06-26,123,A
2011-06-27,99.8,A
2011-06-28,113,A
2011-06-29,104,A
2011-06-30,90.3,A
2011-07-01,97.4,A
2011-07-02,120,A
2011-07-03,113,A
2011-07-04,109,A
2011-07-05,99.8,A
2011-07-06,98.4,A
2011-07-07,93.3,A
2011-07-08,83.3,A
2011-07-09,73.8,A
2011-07-10,63.1,A
2011-07-11,55.2,A
2011-07-12,52.1,A
2011-07-13,49.6,A
2011-07-14,47,A
2011-07-15,43.2,A
2011-07-16,49.8,A
2011-07-17,64.8,A
2011-07-18,56.4,A
2011-07-19,48.1,A
2011-07-20,38.4,A
2011-07-21,33.7,A
2011-07-22,28.5,A
2011-07-23,23.9,A
2011-07-24,22.8,A
2011-07-25,28.8,A
2011-07-26,23.7,A
2011-07-27,20.6,A
2011-07-28,21.3,A
2011-07-29,19.8,A
2011-07-30,18.7,A
2011-07-31,21,A
2011-08-01,18.5,A
2011-08-02,17.8,A
2011-08-03,17.3,A
2011-08-04,19.8,A
2011-08-05,19.5,A
2011-08-06,17.3,A
2011-08-07,22.3,A
2011-08-08,18.6,A
2011-08-09,23.3,A
2011-08-10,40.9,A
2011-08-11,49.7,A
2011-08-12,62.5,A
2011-08-13,83.9,A
2011-08-14,111,A
2011-08-15,271,A
2011-08-16,198,A
2011-08-17,113,A
2011-08-18,102,A
2011-08-19,66.9,A
2011-08-20,61.2,A
2011-08-21,57.4,A
2011-08-22,65,A
2011-08-23,51.7,A
2011-08-24,33.9,A
2011-08-25,27.9,A
2011-08-26,23.3,A
2011-08-27,21.3,A
2011-08-28,20.1,A
2011-08-29,18.9,A
2011-08-30,18,A
2011-08-31,16.9,A
2011-09-01,16.5,A
2011-09-02,16.3,A
2011-09-03,16.4,A
2011-09-04,15.7,A
2011-09-05,16,A
2011-09-06,19,A
2011-09-07,20.1,A
2011-09-08,20.8,A
2011-09-09,23.1,A
2011-09-10,23.2,A
2011-09-11,24.9,A
2011-09-12,23.6,A
2011-09-13,23.2,A
2011-09-14,22,A
2011-09-15,23.3,A
2011-09-16,29,A
2011-09-17,37.3,A
2011-09-18,41.4,A
2011-09-19,41.2,A
2011-09-20,41.4,A
2011-09-21,48,A
2011-09-22,81.6,A
2011-09-23,76.7,A
2011-09-24,63.5,A
2011-09-25,68.9,A
2011-09-26,97.6,A
2011-09-27,78.8,A
2011-09-28,67.7,A
2011-09-29,56.9,A
2011-09-30,48.7,A
2011-10-01,46.1,A
2011-10-02,43.8,A
2011-10-03,42.2,A
2011-10-04,39.3,A
2011-10-05,40.5,A
2011-10-06,37.4,A
2011-10-07,36.2,A
2011-10-08,37.5,A
2011-10-09,190,A:e
2011-10-10,300,A:e
2011-10-11,1900,A:e
2011-10-12,1400,A:e
2011-10-13,820,A:e
2011-10-14,589,A
2011-10-15,298,A
2011-10-16,213,A
2011-10-17,166,A
2011-10-18,123,A
2011-10-19,111,A:e
2011-10-20,107,A
2011-10-21,99.2,A
2011-10-22,95.3,A
2011-10-23,101,A
2011-10-24,92.2,A
2011-10-25,87.7,A:e
2011-10-26,89.1,A
2011-10-27,92.9,A
2011-10-28,89.5,A
2011-10-29,86.7,A:e
2011-10-30,122,A
2011-10-31,134,A
2011-11-01,104,A:e
2011-11-02,92.4,A:e
2011-11-03,89.5,A:e
2011-11-04,80.7,A
2011-11-05,79.8,A:e
2011-11-06,77,A:e
2011-11-07,96.1,A
2011-11-08,1120,A
2011-11-09,7590,A
2011-11-10,6990,A
2011-11-11,2270,A
2011-11-12,1160,A
2011-11-13,768,A:e
2011-11-14,607,A:e
2011-11-15,443,A
2011-11-16,343,A:e
2011-11-17,287,A
2011-11-18,240,A:e
2011-11-19,222,A:e
2011-11-20,210,A
2011-11-21,206,A
2011-11-22,239,A
2011-11-23,214,A
2011-11-24,345,A
2011-11-25,344,A
2011-11-26,315,A
2011-11-27,259,A
2011-11-28,255,A
2011-11-29,435,A
2011-11-30,306,A
2011-12-01,245,A:e
2011-12-02,220,A:e
2011-12-03,224,A
2011-12-04,235,A
2011-12-05,231,A
2011-12-06,458,A
2011-12-07,377,A
2011-12-08,340,A
2011-12-09,307,A
2011-12-10,265,A
2011-12-11,244,A
2011-12-12,227,A
2011-12-13,224,A:e
2011-12-14,221,A:e
2011-12-15,217,A
2011-12-16,207,A
2011-12-17,206,A
2011-12-18,206,A:e
2011-12-19,204,A:e
2011-12-20,285,A
2011-12-21,2040,A
2011-12-22,1940,A
2011-12-23,1360,A
2011-12-24,1140,A
2011-12-25,799,A
2011-12-26,614,A
2011-12-27,500,A
2011-12-28,419,A
2011-12-29,372,A:e
2011-12-30,329,A
2011-12-31,304,A:e
2012-01-01,280,A
2012-01-02,261,A
2012-01-03,246,A
2012-01-04,237,A
2012-01-05,221,A
2012-01-06,216,A
2012-01-07,212,A
2012-01-08,206,A
2012-01-09,200,A
2012-01-10,197,A
2012-01-11,194,A:e
2012-01-12,188,A:e
2012-01-13,181,A
2012-01-14,183,A
2012-01-15,180,A:e
2012-01-16,175,A:e
2012-01-17,171,A:e
2012-01-18,168,A
2012-01-19,171,A
2012-01-20,170,A
2012-01-21,168,A:e
2012-01-22,167,A:e
2012-01-23,166,A
2012-01-24,162,A
2012-01-25,217,A
2012-01-26,244,A
2012-01-27,592,A
2012-01-28,518,A
2012-01-29,381,A
2012-01-30,308,A:e
2012-01-31,258,A:e
2012-02-01,234,A
2012-02-02,217,A
2012-02-03,438,A
2012-02-04,3080,A
2012-02-05,11500,A
2012-02-06,7040,A
2012-02-07,4090,A
2012-02-08,2330,A
2012-02-09,1550,A
2012-02-10,1150,A:e
2012-02-11,976,A:e
2012-02-12,923,A
2012-02-13,850,A
2012-02-14,776,A
2012-02-15,728,A:e
2012-02-16,715,A:e
2012-02-17,708,A
2012-02-18,707,A:e
2012-02-19,660,A
2012-02-20,625,A:e
2012-02-21,624,A
2012-02-22,574,A
2012-02-23,546,A:e
2012-02-24,519,A:e
2012-02-25,505,A:e
2012-02-26,466,A:e
2012-02-27,445,A
2012-02-28,421,A
2012-02-29,415,A
2012-03-01,398,A:e
2012-03-02,380,A:e
2012-03-03,374,A
2012-03-04,366,A
2012-03-05,355,A:e
2012-03-06,340,A:e
2012-03-07,329,A:e
2012-03-08,321,A:e
2012-03-09,384,A
2012-03-10,455,A
2012-03-11,672,A
2012-03-12,600,A
2012-03-13,580,A
2012-03-14,629,A:e
2012-03-15,506,A:e
2012-03-16,433,A:e
2012-03-17,401,A:e
2012-03-18,387,A:e
2012-03-19,1220,A:e
2012-03-20,1840,A
2012-03-21,4950,A
2012-03-22,3310,A
2012-03-23,3170,A
2012-03-24,2250,A
2012-03-25,1660,A
2012-03-26,1330,A
2012-03-27,1090,A:e
2012-03-28,948,A:e
2012-03-29,766,A:e
2012-03-30,691,A
2012-03-31,626,A
2012-04-01,554,A:e
2012-04-02,515,A:e
2012-04-03,513,A
2012-04-04,506,A
2012-04-05,508,A
2012-04-06,631,A
2012-04-07,543,A
2012-04-08,520,A
2012-04-09,515,A
2012-04-10,561,A
2012-04-11,617,A:e
2012-04-12,3830,A
2012-04-13,2290,A
2012-04-14,6680,A
2012-04-15,10500,A
2012-04-16,10300,A
2012-04-17,5630,A
2012-04-18,2990,A
2012-04-19,2090,A
2012-04-20,2130,A
2012-04-21,1580,A
2012-04-22,1210,A:e
2012-04-23,1050,A
2012-04-24,881,A:e
2012-04-25,781,A:e
2012-04-26,730,A
2012-04-27,645,A:e
2012-04-28,612,A
2012-04-29,1010,A
2012-04-30,909,A
2012-05-01,3250,A
2012-05-02,7100,A
2012-05-03,7350,A
2012-05-04,4510,A
2012-05-05,2620,A
2012-05-06,1690,A
2012-05-07,1160,A:e
2012-05-08,1010,A:e
2012-05-09,836,A
2012-05-10,694,A:e
2012-05-11,638,A
2012-05-12,605,A
2012-05-13,562,A
2012-05-14,593,A
2012-05-15,577,A
2012-05-16,504,A
2012-05-17,457,A
2012-05-18,420,A:e
2012-05-19,390,A:e
2012-05-20,374,A
2012-05-21,366,A
2012-05-22,354,A
2012-05-23,401,A
2012-05-24,424,A
2012-05-25,374,A
2012-05-26,330,A:e
2012-05-27,320,A:e
2012-05-28,299,A:e
2012-05-29,1340,A
2012-05-30,512,A
2012-05-31,350,A
2012-06-01,1330,A
2012-06-02,874,A
2012-06-03,598,A
2012-06-04,490,A
2012-06-05,468,A
2012-06-06,504,A
2012-06-07,580,A
2012-06-08,513,A
2012-06-09,475,A
2012-06-10,438,A:e
2012-06-11,414,A
2012-06-12,361,A
2012-06-13,321,A
2012-06-14,297,A:e
2012-06-15,416,A:e
2012-06-16,794,A
2012-06-17,3090,A
2012-06-18,1470,A
2012-06-19,731,A:e
2012-06-20,570,A:e
2012-06-21,397,A
2012-06-22,360,A
2012-06-23,290,A
2012-06-24,310,A
2012-06-25,221,A
2012-06-26,181,A
2012-06-27,153,A:e
2012-06-28,139,A
2012-06-29,125,A:e
2012-06-30,120,A:e
2012-07-01,112,A
2012-07-02,107,A:e
2012-07-03,102,A:e
2012-07-04,101,A:e
2012-07-05,95.2,A:e
2012-07-06,91.1,A
2012-07-07,88,A
2012-07-08,85.7,A
2012-07-09,87.1,A
2012-07-10,83.2,A:e
2012-07-11,82.1,A
2012-07-12,84.9,A
2012-07-13,114,A
2012-07-14,119,A
2012-07-15,115,A
2012-07-16,104,A:e
2012-07-17,90.3,A:e
2012-07-18,85.2,A:e
2012-07-19,80.2,A:e
2012-07-20,75.5,A
2012-07-21,71.3,A:e
2012-07-22,69.5,A:e
2012-07-23,68.4,A:e
2012-07-24,66,A:e
2012-07-25,63.1,A:e
2012-07-26,62.1,A:e
2012-07-27,60.8,A
2012-07-28,58.5,A
2012-07-29,55.6,A:e
2012-07-30,52.4,A:e
2012-07-31,51.4,A
2012-08-01,49,A
2012-08-02,47.5,A
2012-08-03,45.6,A
2012-08-04,43.6,A:e
2012-08-05,47.5,A:e
2012-08-06,48.2,A
2012-08-07,47.8,A
2012-08-08,46.5,A:e
2012-08-09,45.7,A:e
2012-08-10,47.2,A:e
2012-08-11,50.5,A
2012-08-12,56.7,A:e
2012-08-13,52,A:e
2012-08-14,54.2,A
2012-08-15,55.8,A
2012-08-16,56.3,A:e
2012-08-17,54.2,A:e
2012-08-18,55.7,A
2012-08-19,58.3,A
2012-08-20,60.3,A
2012-08-21,63.6,A
2012-08-22,76.4,A
2012-08-23,68.6,A
2012-08-24,63.7,A
2012-08-25,67.7,A:e
2012-08-26,94.7,A
2012-08-27,95.3,A
2012-08-28,206,A
2012-08-29,191,A
2012-08-30,147,A
2012-08-31,120,A
2012-09-01,99.4,A
2012-09-02,90,A
2012-09-03,83.4,A
2012-09-04,78.4,A
2012-09-05,74.3,A
2012-09-06,72.5,A
2012-09-07,72.6,A:e
2012-09-08,71.6,A:e
2012-09-09,72.1,A
2012-09-10,74.4,A
2012-09-11,69.1,A:e
2012-09-12,65.6,A
2012-09-13,64,A:e
2012-09-14,65.1,A:e
2012-09-15,75.3,A
2012-09-16,81,A
2012-09-17,105,A
2012-09-18,98.7,A
2012-09-19,87.7,A:e
2012-09-20,86,A
2012-09-21,82.1,A
2012-09-22,77,A:e
2012-09-23,74.5,A:e
2012-09-24,70.2,A:e
2012-09-25,67.3,A:e
2012-09-26,66.3,A
2012-09-27,71.6,A:e
2012-09-28,81,A
2012-09-29,214,A
2012-09-30,210,A
2012-10-01,131,A:e
2012-10-02,115,A:e
2012-10-03,115,A
2012-10-04,122,A:e
2012-10-05,121,A:e
2012-10-06,101,A:e
2012-10-07,99,A
2012-10-08,94.5,A:e
2012-10-09,92.9,A
2012-10-10,90.6,A
2012-10-11,89,A
2012-10-12,92,A
2012-10-13,104,A
2012-10-14,104,A
2012-10-15,120,A
2012-10-16,221,A
2012-10-17,172,A
2012-10-18,125,A
2012-10-19,110,A
2012-10-20,100,A
2012-10-21,94,A
2012-10-22,91,A
2012-10-23,88,A
2012-10-24,85,A
2012-10-25,83,A
2012-10-26,81,A
2012-10-27,80.8,A
2012-10-28,80.9,A
2012-10-29,80,A
2012-10-30,79,A
2012-10-31,79.7,A
2012-11-01,81,A
2012-11-02,81,A
2012-11-03,80,A
2012-11-04,79,A
2012-11-05,78,A
2012-11-06,78,A
2012-11-07,78,A
2012-11-08,77,A
2012-11-09,76,A
2012-11-10,77,A
2012-11-11,85,A
2012-11-12,86,A
2012-11-13,83,A
2012-11-14,108,A
2012-11-15,111,A
2012-11-16,102,A
2012-11-17,93,A
2012-11-18,89,A
2012-11-19,88,A
2012-11-20,87,A
2012-11-21,85,A
2012-11-22,82,A
2012-11-23,80,A
2012-11-24,80,A
2012-11-25,79,A
2012-11-26,78,A
2012-11-27,78,A
2012-11-28,79,A
2012-11-29,77,A
2012-11-30,77,A
2012-12-01,76,A
2012-12-02,78,A
2012-12-03,77,A
2012-12-04,76,A
2012-12-05,75,A
2012-12-06,76,A
2012-12-07,78,A
2012-12-08,79.5,A
2012-12-09,79,A
2012-12-10,79,A
2012-12-11,78,A
2012-12-12,79,A
2012-12-13,79,A
2012-12-14,80,A
2012-12-15,85.6,A
2012-12-16,88.6,A
2012-12-17,87.4,A
2012-12-18,87.2,A
2012-12-19,92.2,A
2012-12-20,93.2,A
2012-12-21,88,A
2012-12-22,85.7,A
2012-12-23,86.2,A
2012-12-24,88,A
2012-12-25,85,A:e
2012-12-26,88,A:e
2012-12-27,84,A:e
2012-12-28,82,A:e
2012-12-29,85,A:e
2012-12-30,83,A:e
2012-12-31,95,A:e
2013-01-01,107,A
2013-01-02,108,A
2013-01-03,108,A
2013-01-04,115,A
2013-01-05,112,A
2013-01-06,107,A
2013-01-07,104,A
2013-01-08,104,A
2013-01-09,107,A
2013-01-10,112,A
2013-01-11,114,A
2013-01-12,112,A
2013-01-13,121,A
2013-01-14,132,A
2013-01-15,126,A
2013-01-16,121,A
2013-01-17,116,A
2013-01-18,110,A
2013-01-19,107,A
2013-01-20,106,A
2013-01-21,105,A
2013-01-22,106,A
2013-01-23,107,A
2013-01-24,108,A
2013-01-25,108,A
2013-01-26,107,A
2013-01-27,108,A
2013-01-28,109,A
2013-01-29,143,A
2013-01-30,152,A
2013-01-31,165,A
2013-02-01,253,A
2013-02-02,192,A
2013-02-03,158,A
2013-02-04,137,A
2013-02-05,127,A
2013-02-06,119,A
2013-02-07,115,A
2013-02-08,114,A
2013-02-09,110,A
2013-02-10,113,A
2013-02-11,110,A
2013-02-12,112,A
2013-02-13,120,A
2013-02-14,121,A
2013-02-15,136,A
2013-02-16,160,A
2013-02-17,145,A
2013-02-18,131,A
2013-02-19,122,A
2013-02-20,121,A
2013-02-21,142,A
2013-02-22,151,A
2013-02-23,248,A
2013-02-24,327,A
2013-02-25,281,A
2013-02-26,307,A
2013-02-27,1050,A
2013-02-28,1950,A
2013-03-01,1240,A
2013-03-02,829,A
2013-03-03,675,A
2013-03-04,542,A
2013-03-05,448,A
2013-03-06,375,A
2013-03-07,339,A
2013-03-08,327,A
2013-03-09,311,A
2013-03-10,307,A
2013-03-11,283,A
2013-03-12,283,A
2013-03-13,278,A
2013-03-14,415,A
2013-03-15,510,A
2013-03-16,379,A
2013-03-17,317,A
2013-03-18,286,A
2013-03-19,260,A
2013-03-20,245,A
2013-03-21,230,A
2013-03-22,227,A
2013-03-23,223,A
2013-03-24,222,A
2013-03-25,214,A
2013-03-26,209,A
2013-03-27,206,A
2013-03-28,206,A
2013-03-29,203,A
2013-03-30,206,A
2013-03-31,232,A
2013-04-01,261,A
2013-04-02,281,A
2013-04-03,361,A
2013-04-04,593,A
2013-04-05,3580,A
2013-04-06,2480,A
2013-04-07,1230,A
2013-04-08,790,A
2013-04-09,597,A
2013-04-10,577,A
2013-04-11,1290,A
2013-04-12,3750,A
2013-04-13,2320,A
2013-04-14,1460,A
2013-04-15,1020,A
2013-04-16,784,A
2013-04-17,659,A
2013-04-18,978,A
2013-04-19,1770,A
2013-04-20,1850,A
2013-04-21,1020,A
2013-04-22,724,A
2013-04-23,601,A
2013-04-24,506,A
2013-04-25,521,A
2013-04-26,588,A
2013-04-27,588,A
2013-04-28,628,A
2013-04-29,1280,A
2013-04-30,1020,A
2013-05-01,704,A
2013-05-02,556,A
2013-05-03,473,A
2013-05-04,430,A
2013-05-05,417,A
2013-05-06,405,A
2013-05-07,393,A
2013-05-08,381,A
2013-05-09,420,A
2013-05-10,453,A
2013-05-11,761,A
2013-05-12,984,A
2013-05-13,793,A
2013-05-14,756,A
2013-05-15,574,A
2013-05-16,484,A
2013-05-17,420,A
2013-05-18,395,A
2013-05-19,418,A
2013-05-20,615,A
2013-05-21,1310,A
2013-05-22,701,A
2013-05-23,688,A
2013-05-24,782,A
2013-05-25,1550,A
2013-05-26,1590,A
2013-05-27,934,A
2013-05-28,659,A
2013-05-29,522,A
2013-05-30,7320,A
2013-05-31,13000,A
2013-06-01,11000,A
2013-06-02,25500,A
2013-06-03,17500,A
2013-06-04,6180,A
2013-06-05,8320,A
2013-06-06,12600,A
2013-06-07,12400,A
2013-06-08,5510,A
2013-06-09,3690,A
2013-06-10,3050,A
2013-06-11,2720,A
2013-06-12,2330,A
2013-06-13,2060,A
2013-06-14,1830,A
2013-06-15,1990,A
2013-06-16,2360,A
2013-06-17,5790,A
2013-06-18,5360,A
2013-06-19,4530,A
2013-06-20,2530,A
2013-06-21,1680,A
2013-06-22,1320,A
2013-06-23,1120,A
2013-06-24,978,A
2013-06-25,863,A
2013-06-26,759,A
2013-06-27,688,A
2013-06-28,648,A
2013-06-29,598,A
2013-06-30,548,A
2013-07-01,517,A
2013-07-02,499,A
2013-07-03,477,A
2013-07-04,459,A
2013-07-05,449,A
2013-07-06,443,A
2013-07-07,423,A
2013-07-08,403,A
2013-07-09,384,A
2013-07-10,370,A
2013-07-11,362,A
2013-07-12,344,A
2013-07-13,337,A
2013-07-14,373,A
2013-07-15,454,A
2013-07-16,650,A
2013-07-17,1100,A:e
2013-07-18,1320,A:e
2013-07-19,1080,A:e
2013-07-20,790,A:e
2013-07-21,700,A:e
2013-07-22,650,A:e
2013-07-23,610,A:e
2013-07-24,580,A:e
2013-07-25,567,A:e
2013-07-26,1300,A
2013-07-27,4310,A
2013-07-28,16900,A
2013-07-29,5470,A
2013-07-30,4030,A
2013-07-31,13100,A
2013-08-01,15000,A
2013-08-02,7590,A
2013-08-03,3630,A
2013-08-04,2150,A
2013-08-05,1550,A
2013-08-06,1240,A
2013-08-07,1090,A
2013-08-08,993,A
2013-08-09,3500,A:e
2013-08-10,8300,A
2013-08-11,10000,A
2013-08-12,8140,A
2013-08-13,5560,A
2013-08-14,4190,A
2013-08-15,3340,A
2013-08-16,2380,A
2013-08-17,2850,A
2013-08-18,5220,A
2013-08-19,2440,A
2013-08-20,1500,A:e
2013-08-21,1360,A:e
2013-08-22,1200,A:e
2013-08-23,973,A
2013-08-24,850,A:e
2013-08-25,750,A:e
2013-08-26,675,A:e
2013-08-27,627,A
2013-08-28,580,A:e
2013-08-29,550,A:e
2013-08-30,525,A:e
2013-08-31,500,A:e
2013-09-01,474,A
2013-09-02,445,A
2013-09-03,430,A:e
2013-09-04,419,A
2013-09-05,403,A
2013-09-06,388,A
2013-09-07,377,A
2013-09-08,362,A
2013-09-09,347,A
2013-09-10,327,A
2013-09-11,318,A
2013-09-12,307,A:e
2013-09-13,296,A
2013-09-14,313,A
2013-09-15,511,A
2013-09-16,374,A
2013-09-17,365,A:e
2013-09-18,450,A:e
2013-09-19,400,A:e
2013-09-20,380,A
2013-09-21,368,A
2013-09-22,312,A
2013-09-23,299,A
2013-09-24,283,A
2013-09-25,273,A
2013-09-26,268,A:e
2013-09-27,257,A:e
2013-09-28,290,A:e
2013-09-29,319,A
2013-09-30,711,A
2013-10-01,610,A:e
2013-10-02,763,A
2013-10-03,780,A:e
2013-10-04,550,A:e
2013-10-05,485,A
2013-10-06,413,A
2013-10-07,634,A
2013-10-08,740,A
2013-10-09,747,A
2013-10-10,565,A
2013-10-11,448,A:e
2013-10-12,377,A:e
2013-10-13,329,A:e
2013-10-14,328,A
2013-10-15,371,A
2013-10-16,304,A
2013-10-17,460,A
2013-10-18,388,A
2013-10-19,324,A:e
2013-10-20,310,A
2013-10-21,293,A
2013-10-22,283,A
2013-10-23,272,A
2013-10-24,264,A:e
2013-10-25,255,A
2013-10-26,251,A
2013-10-27,251,A
2013-10-28,259,A
2013-10-29,265,A:e
2013-10-30,263,A:e
2013-10-31,261,A:e
2013-11-01,252,A
2013-11-02,251,A
2013-11-03,274,A
2013-11-04,277,A
2013-11-05,290,A
2013-11-06,342,A
2013-11-07,413,A
2013-11-08,983,A
2013-11-09,1020,A
2013-11-10,583,A
2013-11-11,440,A:e
2013-11-12,358,A
2013-11-13,315,A
2013-11-14,303,A
2013-11-15,295,A
2013-11-16,313,A
2013-11-17,281,A
2013-11-18,263,A
2013-11-19,259,A
2013-11-20,251,A
2013-11-21,256,A
2013-11-22,236,A
2013-11-23,235,A
2013-11-24,242,A
2013-11-25,257,A
2013-11-26,258,A
2013-11-27,252,A
2013-11-28,256,A
2013-11-29,257,A
2013-11-30,265,A
2013-12-01,263,A
2013-12-02,260,A
2013-12-03,262,A
2013-12-04,251,A
2013-12-05,235,A
2013-12-06,233,A:e
2013-12-07,231,A:e
2013-12-08,232,A:e
2013-12-09,230,A:e
2013-12-10,240,A:e
2013-12-11,248,A:e
2013-12-12,257,A:e
2013-12-13,267,A:e
2013-12-14,278,A:e
2013-12-15,277,A
2013-12-16,285,A
2013-12-17,283,A
2013-12-18,275,A:e
2013-12-19,273,A:e
2013-12-20,276,A:e
2013-12-21,277,A:e
2013-12-22,280,A:e
2013-12-23,290,A:e
2013-12-24,364,A:e
2013-12-25,345,A
2013-12-26,323,A
2013-12-27,309,A
2013-12-28,298,A
2013-12-29,295,A:e
2013-12-30,292,A
2013-12-31,288,A:e
2014-01-01,285,A:e
2014-01-02,284,A:e
2014-01-03,281,A:e
2014-01-04,279,A:e
2014-01-05,276,A:e
2014-01-06,279,A:e
2014-01-07,285,A:e
2014-01-08,290,A:e
2014-01-09,296,A
2014-01-10,306,A
2014-01-11,303,A
2014-01-12,298,A:e
2014-01-13,292,A:e
2014-01-14,286,A:e
2014-01-15,280,A
2014-01-16,275,A
2014-01-17,263,A
2014-01-18,257,A
2014-01-19,254,A:e
2014-01-20,249,A:e
2014-01-21,247,A:e
2014-01-22,243,A:e
2014-01-23,240,A:e
2014-01-24,238,A:e
2014-01-25,235,A:e
2014-01-26,233,A:e
2014-01-27,234,A:e
2014-01-28,233,A:e
2014-01-29,234,A:e
2014-01-30,236,A:e
2014-01-31,239,A:e
2014-02-01,244,A:e
2014-02-02,250,A:e
2014-02-03,258,A:e
2014-02-04,269,A:e
2014-02-05,280,A:e
2014-02-06,287,A:e
2014-02-07,285,A:e
2014-02-08,276,A:e
2014-02-09,271,A:e
2014-02-10,261,A:e
2014-02-11,293,A:e
2014-02-12,325,A:e
2014-02-13,349,A:e
2014-02-14,336,A:e
2014-02-15,325,A:e
2014-02-16,314,A
2014-02-17,316,A:e
2014-02-18,306,A
2014-02-19,287,A:e
2014-02-20,275,A:e
2014-02-21,273,A:e
2014-02-22,269,A
2014-02-23,257,A:e
2014-02-24,255,A:e
2014-02-25,253,A:e
2014-02-26,250,A:e
2014-02-27,249,A
2014-02-28,248,A
2014-03-01,251,A:e
2014-03-02,253,A:e
2014-03-03,256,A:e
2014-03-04,283,A:e
2014-03-05,295,A
2014-03-06,275,A
2014-03-07,292,A
2014-03-08,331,A
2014-03-09,344,A
2014-03-10,319,A
2014-03-11,297,A:e
2014-03-12,280,A:e
2014-03-13,271,A:e
2014-03-14,263,A
2014-03-15,258,A:e
2014-03-16,256,A:e
2014-03-17,259,A
2014-03-18,283,A:e
2014-03-19,308,A
2014-03-20,278,A
2014-03-21,234,A
2014-03-22,216,A:e
2014-03-23,213,A:e
2014-03-24,210,A
2014-03-25,206,A
2014-03-26,205,A:e
2014-03-27,209,A:e
2014-03-28,203,A:e
2014-03-29,203,A
2014-03-30,208,A:e
2014-03-31,200,A:e
2014-04-01,192,A:e
2014-04-02,191,A:e
2014-04-03,195,A:e
2014-04-04,193,A:e
2014-04-05,191,A:e
2014-04-06,195,A
2014-04-07,202,A
2014-04-08,201,A:e
2014-04-09,201,A:e
2014-04-10,200,A:e
2014-04-11,201,A:e
2014-04-12,200,A:e
2014-04-13,205,A:e
2014-04-14,209,A:e
2014-04-15,204,A
2014-04-16,201,A:e
2014-04-17,199,A
2014-04-18,200,A
2014-04-19,200,A
2014-04-20,200,A:e
2014-04-21,217,A
2014-04-22,224,A
2014-04-23,225,A:e
2014-04-24,237,A:e
2014-04-25,231,A
2014-04-26,229,A:e
2014-04-27,246,A:e
2014-04-28,249,A
2014-04-29,253,A
2014-04-30,294,A
2014-05-01,275,A
2014-05-02,252,A
2014-05-03,236,A
2014-05-04,227,A:e
2014-05-05,220,A:e
2014-05-06,206,A:e
2014-05-07,202,A:e
2014-05-08,232,A:e
2014-05-09,215,A:e
2014-05-10,374,A
2014-05-11,330,A
2014-05-12,274,A:e
2014-05-13,233,A:e
2014-05-14,223,A
2014-05-15,219,A
2014-05-16,210,A
2014-05-17,207,A
2014-05-18,205,A
2014-05-19,200,A:e
2014-05-20,193,A:e
2014-05-21,198,A:e
2014-05-22,192,A
2014-05-23,193,A
2014-05-24,205,A:e
2014-05-25,208,A
2014-05-26,243,A
2014-05-27,451,A
2014-05-28,381,A
2014-05-29,420,A
2014-05-30,458,A
2014-05-31,475,A
2014-06-01,460,A
2014-06-02,2300,A
2014-06-03,2670,A
2014-06-04,1860,A
2014-06-05,688,A
2014-06-06,777,A
2014-06-07,610,A
2014-06-08,1030,A
2014-06-09,1110,A
2014-06-10,886,A
2014-06-11,1460,A
2014-06-12,1450,A
2014-06-13,1040,A
2014-06-14,1300,A
2014-06-15,947,A
2014-06-16,666,A
2014-06-17,509,A
2014-06-18,432,A
2014-06-19,394,A
2014-06-20,367,A
2014-06-21,358,A
2014-06-22,371,A
2014-06-23,356,A
2014-06-24,333,A
2014-06-25,1280,A
2014-06-26,1370,A
2014-06-27,900,A
2014-06-28,915,A
2014-06-29,835,A
2014-06-30,710,A
2014-07-01,901,A
2014-07-02,2020,A
2014-07-03,1960,A
2014-07-04,1470,A
2014-07-05,962,A
2014-07-06,819,A
2014-07-07,712,A
2014-07-08,818,A
2014-07-09,804,A
2014-07-10,696,A
2014-07-11,850,A
2014-07-12,799,A
2014-07-13,679,A
2014-07-14,515,A
2014-07-15,441,A
2014-07-16,443,A
2014-07-17,618,A
2014-07-18,1660,A
2014-07-19,2970,A
2014-07-20,1150,A
2014-07-21,831,A
2014-07-22,615,A
2014-07-23,503,A
2014-07-24,436,A
2014-07-25,381,A
2014-07-26,340,A
2014-07-27,315,A
2014-07-28,297,A
2014-07-29,277,A
2014-07-30,275,A
2014-07-31,298,A
2014-08-01,947,A
2014-08-02,1400,A
2014-08-03,809,A
2014-08-04,544,A
2014-08-05,422,A
2014-08-06,386,A
2014-08-07,357,A
2014-08-08,402,A
2014-08-09,581,A
2014-08-10,676,A
2014-08-11,390,A
2014-08-12,306,A
2014-08-13,300,A
2014-08-14,376,A
2014-08-15,347,A
2014-08-16,295,A
2014-08-17,263,A
2014-08-18,250,A
2014-08-19,245,A
2014-08-20,385,A
2014-08-21,309,A:e
2014-08-22,260,A
2014-08-23,203,A
2014-08-24,174,A
2014-08-25,162,A
2014-08-26,152,A
2014-08-27,143,A
2014-08-28,136,A
2014-08-29,131,A
2014-08-30,127,A
2014-08-31,121,A:e
2014-09-01,113,A:e
2014-09-02,124,A:e
2014-09-03,118,A
2014-09-04,115,A:e
2014-09-05,159,A:e
2014-09-06,186,A:e
2014-09-07,190,A
2014-09-08,327,A
2014-09-09,390,A
2014-09-10,285,A
2014-09-11,212,A
2014-09-12,165,A
2014-09-13,147,A
2014-09-14,133,A
2014-09-15,119,A
2014-09-16,109,A
2014-09-17,102,A
2014-09-18,98.3,A
2014-09-19,94,A
2014-09-20,89,A:e
2014-09-21,83.4,A
2014-09-22,82.8,A
2014-09-23,80,A:e
2014-09-24,75,A:e
2014-09-25,73.1,A
2014-09-26,72.4,A
2014-09-27,69,A
2014-09-28,65.4,A
2014-09-29,63.5,A
2014-09-30,62,A
2014-10-01,60,A:e
2014-10-02,58.1,A:e
2014-10-03,54.2,A:e
2014-10-04,53.5,A
2014-10-05,52.9,A
2014-10-06,52.8,A
2014-10-07,49.1,A
2014-10-08,48.4,A
2014-10-09,50.6,A
2014-10-10,80,A
2014-10-11,85.7,A
2014-10-12,87.6,A:e
2014-10-13,114,A:e
2014-10-14,168,A
2014-10-15,430,A
2014-10-16,704,A
2014-10-17,418,A
2014-10-18,451,A
2014-10-19,335,A
2014-10-20,267,A
2014-10-21,225,A
2014-10-22,202,A:e
2014-10-23,189,A
2014-10-24,169,A
2014-10-25,160,A
2014-10-26,155,A:e
2014-10-27,149,A:e
2014-10-28,140,A:e
2014-10-29,129,A
2014-10-30,122,A
2014-10-31,115,A:e
2014-11-01,112,A
2014-11-02,109,A:e
2014-11-03,107,A:e
2014-11-04,159,A
2014-11-05,177,A
2014-11-06,296,A
2014-11-07,444,A
2014-11-08,326,A
2014-11-09,249,A
2014-11-10,201,A:e
2014-11-11,170,A:e
2014-11-12,148,A:e
2014-11-13,140,A:e
2014-11-14,137,A
2014-11-15,134,A
2014-11-16,131,A:e
2014-11-17,128,A
2014-11-18,129,A
2014-11-19,131,A
2014-11-20,132,A
2014-11-21,136,A
2014-11-22,146,A
2014-11-23,150,A:e
2014-11-24,144,A
2014-11-25,143,A
2014-11-26,160,A
2014-11-27,156,A
2014-11-28,144,A
2014-11-29,136,A:e
2014-11-30,125,A:e
2014-12-01,122,A:e
2014-12-02,124,A
2014-12-03,128,A
2014-12-04,130,A
2014-12-05,134,A
2014-12-06,136,A
2014-12-07,135,A
2014-12-08,135,A
2014-12-09,136,A
2014-12-10,138,A
2014-12-11,140,A
2014-12-12,139,A
2014-12-13,138,A:e
2014-12-14,146,A:e
2014-12-15,155,A:e
2014-12-16,156,A:e
2014-12-17,164,A
2014-12-18,177,A
2014-12-19,184,A
2014-12-20,175,A
2014-12-21,188,A
2014-12-22,191,A
2014-12-23,189,A
2014-12-24,184,A
2014-12-25,181,A:e
2014-12-26,182,A
2014-12-27,185,A
2014-12-28,187,A
2014-12-29,185,A
2014-12-30,185,A:e
2014-12-31,184,A:e
2015-01-01,181,A:e
2015-01-02,190,A:e
2015-01-03,195,A:e
2015-01-04,205,A:e
2015-01-05,197,A:e
2015-01-06,195,A:e
2015-01-07,194,A:e
2015-01-08,194,A:e
2015-01-09,198,A:e
2015-01-10,202,A:e
2015-01-11,209,A:e
2015-01-12,219,A:e
2015-01-13,259,A:e
2015-01-14,276,A:e
2015-01-15,277,A
2015-01-16,267,A
2015-01-17,263,A
2015-01-18,254,A
2015-01-19,249,A
2015-01-20,247,A
2015-01-21,250,A
2015-01-22,256,A
2015-01-23,259,A
2015-01-24,261,A
2015-01-25,287,A
2015-01-26,310,A
2015-01-27,294,A
2015-01-28,283,A
2015-01-29,278,A:e
2015-01-30,279,A
2015-01-31,290,A
2015-02-01,303,A
2015-02-02,325,A
2015-02-03,337,A
2015-02-04,380,A
2015-02-05,369,A
2015-02-06,352,A:e
2015-02-07,347,A
2015-02-08,347,A
2015-02-09,355,A
2015-02-10,345,A
2015-02-11,334,A:e
2015-02-12,326,A
2015-02-13,319,A
2015-02-14,312,A:e
2015-02-15,317,A:e
2015-02-16,324,A:e
2015-02-17,325,A
2015-02-18,331,A
2015-02-19,326,A
2015-02-20,332,A
2015-02-21,324,A
2015-02-22,315,A:e
2015-02-23,306,A:e
2015-02-24,299,A:e
2015-02-25,295,A:e
2015-02-26,288,A:e
2015-02-27,291,A
2015-02-28,281,A:e
2015-03-01,321,A:e
2015-03-02,312,A:e
2015-03-03,292,A:e
2015-03-04,282,A:e
2015-03-05,299,A
2015-03-06,305,A:e
2015-03-07,301,A
2015-03-08,293,A
2015-03-09,295,A
2015-03-10,316,A
2015-03-11,318,A
2015-03-12,319,A
2015-03-13,349,A
2015-03-14,323,A
2015-03-15,299,A
2015-03-16,278,A
2015-03-17,272,A
2015-03-18,268,A
2015-03-19,261,A
2015-03-20,258,A
2015-03-21,250,A
2015-03-22,281,A
2015-03-23,323,A
2015-03-24,278,A
2015-03-25,262,A:e
2015-03-26,250,A:e
2015-03-27,240,A
2015-03-28,236,A
2015-03-29,257,A
2015-03-30,234,A
2015-03-31,215,A
2015-04-01,210,A:e
2015-04-02,203,A:e
2015-04-03,192,A
2015-04-04,269,A
2015-04-05,241,A
2015-04-06,213,A
2015-04-07,196,A:e
2015-04-08,187,A:e
2015-04-09,177,A:e
2015-04-10,169,A
2015-04-11,169,A
2015-04-12,169,A:e
2015-04-13,198,A
2015-04-14,218,A
2015-04-15,233,A
2015-04-16,320,A
2015-04-17,312,A
2015-04-18,280,A
2015-04-19,317,A
2015-04-20,516,A
2015-04-21,988,A
2015-04-22,1070,A
2015-04-23,792,A
2015-04-24,600,A:e
2015-04-25,521,A:e
2015-04-26,402,A
2015-04-27,379,A
2015-04-28,678,A
2015-04-29,2830,A
2015-04-30,5090,A
2015-05-01,3970,A
2015-05-02,2030,A
2015-05-03,1150,A
2015-05-04,819,A
2015-05-05,660,A:e
2015-05-06,1540,A:e
2015-05-07,10200,A
2015-05-08,10900,A
2015-05-09,5250,A
2015-05-10,9030,A
2015-05-11,6740,A
2015-05-12,2860,A
2015-05-13,1740,A
2015-05-14,1490,A
2015-05-15,1480,A
2015-05-16,2930,A
2015-05-17,4820,A
2015-05-18,5550,A
2015-05-19,3560,A
2015-05-20,7600,A
2015-05-21,9640,A
2015-05-22,7410,A
2015-05-23,5410,A
2015-05-24,27500,A
2015-05-25,66800,A
2015-05-26,63400,A
2015-05-27,33600,A
2015-05-28,24800,A
2015-05-29,19100,A
2015-05-30,12600,A
2015-05-31,8910,A
2015-06-01,6590,A
2015-06-02,5310,A
2015-06-03,4580,A
2015-06-04,3990,A
2015-06-05,3550,A
2015-06-06,3180,A
2015-06-07,2760,A
2015-06-08,2520,A
2015-06-09,2270,A
2015-06-10,2050,A:e
2015-06-11,1880,A:e
2015-06-12,1790,A:e
2015-06-13,8120,A
2015-06-14,11400,A
2015-06-15,10700,A
2015-06-16,6350,A
2015-06-17,7320,A
2015-06-18,5710,A
2015-06-19,3650,A
2015-06-20,2840,A
2015-06-21,2210,A
2015-06-22,1900,A
2015-06-23,1680,A
2015-06-24,1480,A
2015-06-25,1360,A
2015-06-26,1260,A
2015-06-27,1160,A
2015-06-28,1070,A:e
2015-06-29,1020,A:e
2015-06-30,969,A:e
2015-07-01,931,A:e
2015-07-02,911,A:e
2015-07-03,1070,A
2015-07-04,3980,A
2015-07-05,2010,A
2015-07-06,1160,A
2015-07-07,2140,A
2015-07-08,5900,A
2015-07-09,9900,A
2015-07-10,13500,A
2015-07-11,12900,A
2015-07-12,6380,A
2015-07-13,3430,A
2015-07-14,2320,A
2015-07-15,1750,A
2015-07-16,1390,A
2015-07-17,1180,A
2015-07-18,1020,A
2015-07-19,929,A
2015-07-20,854,A
2015-07-21,846,A
2015-07-22,1360,A
2015-07-23,3330,A
2015-07-24,1830,A
2015-07-25,1420,A:e
2015-07-26,1380,A:e
2015-07-27,1240,A
2015-07-28,1050,A
2015-07-29,884,A
2015-07-30,762,A
2015-07-31,697,A
2015-08-01,678,A
2015-08-02,643,A
2015-08-03,622,A
2015-08-04,662,A
2015-08-05,687,A
2015-08-06,685,A
2015-08-07,620,A
2015-08-08,576,A
2015-08-09,544,A
2015-08-10,522,A
2015-08-11,496,A
2015-08-12,465,A
2015-08-13,442,A
2015-08-14,423,A
2015-08-15,414,A
2015-08-16,410,A
2015-08-17,473,A
2015-08-18,783,A
2015-08-19,613,A
2015-08-20,535,A
2015-08-21,842,A
2015-08-22,1020,A
2015-08-23,696,A
2015-08-24,576,A
2015-08-25,506,A
2015-08-26,431,A
2015-08-27,489,A
2015-08-28,469,A
2015-08-29,418,A
2015-08-30,379,A
2015-08-31,351,A
2015-09-01,339,A
2015-09-02,324,A
2015-09-03,309,A
2015-09-04,294,A
2015-09-05,283,A
2015-09-06,274,A
2015-09-07,265,A
2015-09-08,273,A
2015-09-09,301,A
2015-09-10,262,A
2015-09-11,325,A
2015-09-12,322,A
2015-09-13,264,A
2015-09-14,265,A
2015-09-15,249,A
2015-09-16,230,A
2015-09-17,222,A
2015-09-18,221,A
2015-09-19,222,A
2015-09-20,237,A
2015-09-21,252,A
2015-09-22,296,A
2015-09-23,388,A
2015-09-24,464,A
2015-09-25,382,A
2015-09-26,313,A
2015-09-27,271,A
2015-09-28,252,A
2015-09-29,240,A
2015-09-30,231,A
2015-10-01,266,A
2015-10-02,253,A
2015-10-03,239,A
2015-10-04,231,A
2015-10-05,229,A
2015-10-06,233,A
2015-10-07,233,A
2015-10-08,233,A
2015-10-09,230,A:e
2015-10-10,227,A
2015-10-11,220,A
2015-10-12,214,A:e
2015-10-13,211,A
2015-10-14,209,A
2015-10-15,205,A:e
2015-10-16,196,A:e
2015-10-17,191,A
2015-10-18,186,A
2015-10-19,181,A
2015-10-20,177,A
2015-10-21,178,A
2015-10-22,182,A
2015-10-23,196,A
2015-10-24,197,A
2015-10-25,212,A
2015-10-26,254,A
2015-10-27,262,A
2015-10-28,231,A:e
2015-10-29,213,A
2015-10-30,227,A
2015-10-31,285,A
2015-11-01,385,A
2015-11-02,579,A
2015-11-03,385,A
2015-11-04,312,A
2015-11-05,287,A
2015-11-06,288,A
2015-11-07,267,A
2015-11-08,263,A
2015-11-09,262,A
2015-11-10,236,A
2015-11-11,231,A:e
2015-11-12,223,A
2015-11-13,217,A
2015-11-14,217,A
2015-11-15,213,A
2015-11-16,222,A
2015-11-17,251,A
2015-11-18,290,A
2015-11-19,446,A
2015-11-20,485,A
2015-11-21,375,A
2015-11-22,314,A
2015-11-23,286,A
2015-11-24,266,A:e
2015-11-25,251,A
2015-11-26,266,A
2015-11-27,556,A
2015-11-28,730,A
2015-11-29,2110,A
2015-11-30,2890,A
2015-12-01,2090,A
2015-12-02,1680,A
2015-12-03,1470,A
2015-12-04,1190,A
2015-12-05,934,A
2015-12-06,752,A
2015-12-07,630,A
2015-12-08,563,A
2015-12-09,515,A
2015-12-10,474,A
2015-12-11,443,A
2015-12-12,415,A
2015-12-13,530,A
2015-12-14,1040,A
2015-12-15,1790,A
2015-12-16,1300,A
2015-12-17,965,A
2015-12-18,893,A
2015-12-19,786,A
2015-12-20,709,A:e
2015-12-21,659,A:e
2015-12-22,610,A:e
2015-12-23,567,A:e
2015-12-24,546,A
2015-12-25,520,A
2015-12-26,1020,A
2015-12-27,3430,A
2015-12-28,5600,A
2015-12-29,6600,A
2015-12-30,4410,A
2015-12-31,2730,A
2016-01-01,2250,A
2016-01-02,2360,A
2016-01-03,2210,A
2016-01-04,1950,A
2016-01-05,1960,A
2016-01-06,1760,A
2016-01-07,1510,A
2016-01-08,1330,A
2016-01-09,1260,A
2016-01-10,1310,A
2016-01-11,1230,A
2016-01-12,1130,A
2016-01-13,1050,A
2016-01-14,985,A
2016-01-15,930,A
2016-01-16,895,A
2016-01-17,880,A:e
2016-01-18,830,A:e
2016-01-19,800,A
2016-01-20,771,A
2016-01-21,754,A:e
2016-01-22,737,A:e
2016-01-23,716,A
2016-01-24,699,A:e
2016-01-25,685,A
2016-01-26,684,A:e
2016-01-27,679,A:e
2016-01-28,649,A
2016-01-29,631,A:e
2016-01-30,610,A:e
2016-01-31,581,A:e
2016-02-01,571,A
2016-02-02,670,A
2016-02-03,795,A
2016-02-04,1510,A
2016-02-05,1310,A
2016-02-06,985,A
2016-02-07,850,A
2016-02-08,796,A:e
2016-02-09,743,A
2016-02-10,702,A
2016-02-11,674,A
2016-02-12,646,A
2016-02-13,628,A
2016-02-14,620,A
2016-02-15,613,A
2016-02-16,607,A
2016-02-17,604,A
2016-02-18,604,A:e
2016-02-19,593,A:e
2016-02-20,562,A
2016-02-21,560,A:e
2016-02-22,564,A:e
2016-02-23,571,A:e
2016-02-24,582,A
2016-02-25,579,A:e
2016-02-26,577,A
2016-02-27,555,A
2016-02-28,523,A
2016-02-29,517,A
2016-03-01,515,A:e
2016-03-02,506,A
2016-03-03,512,A
2016-03-04,519,A
2016-03-05,505,A
2016-03-06,485,A
2016-03-07,469,A
2016-03-08,530,A
2016-03-09,586,A
2016-03-10,605,A
2016-03-11,724,A
2016-03-12,669,A
2016-03-13,614,A
2016-03-14,694,A
2016-03-15,686,A
2016-03-16,653,A
2016-03-17,609,A
2016-03-18,564,A
2016-03-19,549,A:e
2016-03-20,525,A:e
2016-03-21,506,A:e
2016-03-22,457,A:e
2016-03-23,435,A:e
2016-03-24,448,A:e
2016-03-25,450,A
2016-03-26,448,A:e
2016-03-27,449,A:e
2016-03-28,443,A
2016-03-29,430,A:e
2016-03-30,435,A:e
2016-03-31,447,A
2016-04-01,433,A
2016-04-02,430,A
2016-04-03,419,A
2016-04-04,410,A
2016-04-05,396,A:e
2016-04-06,379,A:e
2016-04-07,370,A:e
2016-04-08,368,A
2016-04-09,361,A
2016-04-10,349,A:e
2016-04-11,1260,A
2016-04-12,605,A
2016-04-13,1060,A
2016-04-14,678,A
2016-04-15,585,A
2016-04-16,538,A
2016-04-17,647,A
2016-04-18,4350,A
2016-04-19,9980,A
2016-04-20,8040,A
2016-04-21,9240,A
2016-04-22,6690,A
2016-04-23,3770,A
2016-04-24,2570,A
2016-04-25,2000,A
2016-04-26,1630,A
2016-04-27,2630,A
2016-04-28,2380,A
2016-04-29,2060,A
2016-04-30,1550,A
2016-05-01,1370,A
2016-05-02,1270,A
2016-05-03,1300,A
2016-05-04,1150,A
2016-05-05,1070,A
2016-05-06,1140,A
2016-05-07,1190,A
2016-05-08,1050,A
2016-05-09,952,A
2016-05-10,892,A
2016-05-11,818,A
2016-05-12,758,A
2016-05-13,703,A
2016-05-14,660,A
2016-05-15,671,A
2016-05-16,681,A
2016-05-17,683,A
2016-05-18,687,A
2016-05-19,1140,A
2016-05-20,1360,A
2016-05-21,2290,A
2016-05-22,1620,A
2016-05-23,1190,A
2016-05-24,1020,A
2016-05-25,1090,A
2016-05-26,847,A
2016-05-27,783,A
2016-05-28,710,A
2016-05-29,659,A
2016-05-30,693,A
2016-05-31,783,A
2016-06-01,813,A
2016-06-02,1180,A
2016-06-03,4000,A
2016-06-04,3590,A
2016-06-05,2290,A
2016-06-06,1370,A
2016-06-07,993,A
2016-06-08,793,A
2016-06-09,663,A
2016-06-10,581,A
2016-06-11,521,A
2016-06-12,473,A
2016-06-13,438,A
2016-06-14,414,A
2016-06-15,394,A
2016-06-16,376,A
2016-06-17,362,A
2016-06-18,363,A
2016-06-19,340,A
2016-06-20,323,A
2016-06-21,309,A
2016-06-22,322,A
2016-06-23,329,A
2016-06-24,433,A
2016-06-25,465,A
2016-06-26,433,A
2016-06-27,449,A
2016-06-28,410,A
2016-06-29,373,A
2016-06-30,425,A
2016-07-01,439,A
2016-07-02,428,A
2016-07-03,503,A
2016-07-04,761,A
2016-07-05,702,A
2016-07-06,1140,A
2016-07-07,1410,A
2016-07-08,1360,A
2016-07-09,948,A
2016-07-10,736,A
2016-07-11,675,A
2016-07-12,574,A
2016-07-13,495,A
2016-07-14,513,A
2016-07-15,467,A
2016-07-16,415,A
2016-07-17,531,A
2016-07-18,541,A
2016-07-19,423,A
2016-07-20,342,A
2016-07-21,298,A
2016-07-22,275,A
2016-07-23,259,A
2016-07-24,246,A
2016-07-25,232,A
2016-07-26,242,A
2016-07-27,309,A
2016-07-28,477,A
2016-07-29,436,A
2016-07-30,390,A
2016-07-31,481,A
2016-08-01,820,A
2016-08-02,633,A
2016-08-03,432,A
2016-08-04,322,A
2016-08-05,267,A
2016-08-06,242,A
2016-08-07,227,A
2016-08-08,213,A
2016-08-09,215,A
2016-08-10,480,A
2016-08-11,336,A
2016-08-12,261,A
2016-08-13,244,A:e
2016-08-14,286,A
2016-08-15,303,A
2016-08-16,257,A
2016-08-17,224,A
2016-08-18,205,A
2016-08-19,186,A
2016-08-20,187,A
2016-08-21,178,A
2016-08-22,170,A
2016-08-23,163,A
2016-08-24,158,A
2016-08-25,162,A
2016-08-26,369,A
2016-08-27,639,A
2016-08-28,790,A
2016-08-29,485,A
2016-08-30,428,A
2016-08-31,354,A
2016-09-01,347,A
2016-09-02,763,A
2016-09-03,1310,A
2016-09-04,904,A
2016-09-05,1190,A
2016-09-06,827,A
2016-09-07,624,A
2016-09-08,505,A
2016-09-09,423,A:e
2016-09-10,392,A
2016-09-11,368,A
2016-09-12,508,A
2016-09-13,579,A
2016-09-14,501,A
2016-09-15,397,A
2016-09-16,427,A
2016-09-17,591,A
2016-09-18,481,A
2016-09-19,382,A
2016-09-20,349,A
2016-09-21,376,A
2016-09-22,360,A
2016-09-23,306,A
2016-09-24,267,A
2016-09-25,268,A
2016-09-26,286,A
2016-09-27,377,A
2016-09-28,1780,A
2016-09-29,2310,A
2016-09-30,1130,A
2016-10-01,765,A
2016-10-02,587,A
2016-10-03,474,A
2016-10-04,407,A:e
2016-10-05,368,A
2016-10-06,2340,A:e
2016-10-07,2860,A
2016-10-08,2530,A
2016-10-09,1440,A
2016-10-10,1330,A:e
2016-10-11,816,A
2016-10-12,564,A:e
2016-10-13,422,A:e
2016-10-14,351,A:e
2016-10-15,294,A:e
2016-10-16,265,A:e
2016-10-17,230,A:e
2016-10-18,231,A:e
2016-10-19,222,A:e
2016-10-20,216,A:e
2016-10-21,207,A
2016-10-22,196,A:e
2016-10-23,189,A:e
2016-10-24,183,A
2016-10-25,174,A
2016-10-26,194,A
2016-10-27,183,A
2016-10-28,174,A:e
2016-10-29,168,A:e
2016-10-30,169,A:e
2016-10-31,165,A:e
2016-11-01,162,A:e
2016-11-02,165,A:e
2016-11-03,218,A
2016-11-04,200,A
2016-11-05,270,A
2016-11-06,268,A
2016-11-07,221,A
2016-11-08,200,A:e
2016-11-09,195,A
2016-11-10,294,A
2016-11-11,349,A:e
2016-11-12,314,A
2016-11-13,256,A
2016-11-14,230,A
2016-11-15,217,A
2016-11-16,208,A:e
2016-11-17,199,A:e
2016-11-18,196,A:e
2016-11-19,188,A
2016-11-20,183,A:e
2016-11-21,184,A:e
2016-11-22,181,A:e
2016-11-23,185,A:e
2016-11-24,185,A:e
2016-11-25,185,A:e
2016-11-26,182,A
2016-11-27,178,A:e
2016-11-28,187,A
2016-11-29,188,A:e
2016-11-30,183,A:e
2016-12-01,182,A
2016-12-02,185,A:e
2016-12-03,194,A
2016-12-04,203,A
2016-12-05,206,A:e
2016-12-06,221,A:e
2016-12-07,245,A:e
2016-12-08,235,A:e
2016-12-09,221,A
2016-12-10,212,A:e
2016-12-11,212,A:e
2016-12-12,213,A
2016-12-13,204,A:e
2016-12-14,205,A:e
2016-12-15,208,A
2016-12-16,200,A:e
2016-12-17,195,A:e
2016-12-18,171,A:e
2016-12-19,165,A:e
2016-12-20,190,A:e
2016-12-21,219,A:e
2016-12-22,239,A:e
2016-12-23,230,A:e
2016-12-24,234,A
2016-12-25,234,A:e
2016-12-26,245,A
2016-12-27,241,A
2016-12-28,240,A:e
2016-12-29,231,A:e
2016-12-30,222,A:e
2016-12-31,210,A:e
2017-01-01,207,A
2017-01-02,202,A
2017-01-03,206,A:e
2017-01-04,204,A:e
2017-01-05,198,A:e
2017-01-06,186,A:e
2017-01-07,177,A:e
2017-01-08,206,A:e
2017-01-09,223,A:e
2017-01-10,251,A:e
2017-01-11,235,A:e
2017-01-12,234,A:e
2017-01-13,245,A:e
2017-01-14,277,A:e
2017-01-15,306,A
2017-01-16,393,A
2017-01-17,878,A
2017-01-18,2270,A
2017-01-19,2530,A
2017-01-20,1560,A
2017-01-21,1030,A
2017-01-22,767,A
2017-01-23,645,A
2017-01-24,615,A:e
2017-01-25,607,A:e
2017-01-26,533,A:e
2017-01-27,485,A
2017-01-28,451,A
2017-01-29,428,A
2017-01-30,404,A
2017-01-31,388,A
2017-02-01,363,A:e
2017-02-02,348,A:e
2017-02-03,346,A:e
2017-02-04,341,A:e
2017-02-05,338,A
2017-02-06,328,A:e
2017-02-07,327,A
2017-02-08,324,A:e
2017-02-09,319,A
2017-02-10,298,A:e
2017-02-11,306,A
2017-02-12,301,A:e
2017-02-13,302,A
2017-02-14,352,A
2017-02-15,370,A
2017-02-16,569,A
2017-02-17,567,A
2017-02-18,454,A
2017-02-19,395,A
2017-02-20,554,A
2017-02-21,5930,A
2017-02-22,4590,A
2017-02-23,1950,A
2017-02-24,1130,A
2017-02-25,823,A
2017-02-26,666,A
2017-02-27,564,A:e
2017-02-28,504,A:e
2017-03-01,459,A:e
2017-03-02,433,A
2017-03-03,412,A:e
2017-03-04,377,A
2017-03-05,360,A:e
2017-03-06,361,A:e
2017-03-07,353,A
2017-03-08,345,A:e
2017-03-09,341,A:e
2017-03-10,325,A
2017-03-11,328,A
2017-03-12,328,A
2017-03-13,319,A
2017-03-14,317,A
2017-03-15,325,A
2017-03-16,321,A:e
2017-03-17,317,A
2017-03-18,308,A
2017-03-19,295,A:e
2017-03-20,290,A
2017-03-21,285,A
2017-03-22,279,A
2017-03-23,264,A:e
2017-03-24,258,A:e
2017-03-25,270,A
2017-03-26,260,A
2017-03-27,262,A
2017-03-28,266,A
2017-03-29,652,A
2017-03-30,10100,A
2017-03-31,16300,A
2017-04-01,6090,A
2017-04-02,3530,A
2017-04-03,2360,A
2017-04-04,4370,A
2017-04-05,4090,A
2017-04-06,3670,A
2017-04-07,2970,A
2017-04-08,1800,A
2017-04-09,1380,A
2017-04-10,1240,A
2017-04-11,1110,A
2017-04-12,1120,A
2017-04-13,1040,A
2017-04-14,1010,A
2017-04-15,1160,A
2017-04-16,1290,A
2017-04-17,1030,A
2017-04-18,868,A
2017-04-19,777,A
2017-04-20,725,A
2017-04-21,3550,A
2017-04-22,12700,A
2017-04-23,21000,A
2017-04-24,7120,A
2017-04-25,4050,A
2017-04-26,3000,A
2017-04-27,2270,A
2017-04-28,1700,A
2017-04-29,15200,A
2017-04-30,36100,A
2017-05-01,23400,A
2017-05-02,12100,A
2017-05-03,9560,A
2017-05-04,8400,A
2017-05-05,6250,A
2017-05-06,8430,A
2017-05-07,6810,A
2017-05-08,4300,A
2017-05-09,3380,A
2017-05-10,2890,A:e
2017-05-11,3030,A
2017-05-12,7540,A
2017-05-13,8980,A
2017-05-14,8650,A
2017-05-15,5260,A
2017-05-16,3290,A
2017-05-17,2520,A:e
2017-05-18,2120,A:e
2017-05-19,3480,A
2017-05-20,6540,A
2017-05-21,5920,A
2017-05-22,3810,A
2017-05-23,4020,A
2017-05-24,2620,A
2017-05-25,2100,A:e
2017-05-26,1900,A:e
2017-05-27,1740,A:e
2017-05-28,1540,A:e
2017-05-29,1420,A
2017-05-30,1320,A
2017-05-31,1250,A:e
2017-06-01,1190,A
2017-06-02,1150,A
2017-06-03,1110,A
2017-06-04,1080,A
2017-06-05,1690,A
2017-06-06,3860,A
2017-06-07,2290,A
2017-06-08,1570,A
2017-06-09,1350,A:e
2017-06-10,1230,A:e
2017-06-11,1170,A:e
2017-06-12,1060,A:e
2017-06-13,938,A
2017-06-14,865,A
2017-06-15,834,A:e
2017-06-16,782,A:e
2017-06-17,753,A:e
2017-06-18,922,A
2017-06-19,2550,A
2017-06-20,1720,A
2017-06-21,929,A
2017-06-22,763,A
2017-06-23,691,A:e
2017-06-24,642,A
2017-06-25,612,A
2017-06-26,588,A
2017-06-27,548,A
2017-06-28,520,A
2017-06-29,508,A
2017-06-30,537,A
2017-07-01,518,A
2017-07-02,527,A
2017-07-03,605,A
2017-07-04,5640,A
2017-07-05,2440,A
2017-07-06,1570,A
2017-07-07,904,A
2017-07-08,776,A
2017-07-09,1090,A
2017-07-10,1070,A
2017-07-11,717,A
2017-07-12,548,A
2017-07-13,488,A:e
2017-07-14,485,A
2017-07-15,437,A
2017-07-16,395,A
2017-07-17,357,A
2017-07-18,337,A:e
2017-07-19,322,A:e
2017-07-20,298,A:e
2017-07-21,278,A:e
2017-07-22,262,A:e
2017-07-23,249,A
2017-07-24,242,A:e
2017-07-25,219,A:e
2017-07-26,202,A:e
2017-07-27,215,A
2017-07-28,214,A
2017-07-29,203,A
2017-07-30,198,A
2017-07-31,202,A
2017-08-01,216,A
2017-08-02,232,A
2017-08-03,231,A
2017-08-04,317,A
2017-08-05,272,A:e
2017-08-06,223,A:e
2017-08-07,212,A
2017-08-08,223,A
2017-08-09,265,A
2017-08-10,246,A
2017-08-11,256,A
2017-08-12,1230,A
2017-08-13,2270,A
2017-08-14,2360,A
2017-08-15,3130,A
2017-08-16,1890,A
2017-08-17,1640,A
2017-08-18,1110,A
2017-08-19,1180,A
2017-08-20,1090,A
2017-08-21,752,A
2017-08-22,565,A
2017-08-23,485,A
2017-08-24,574,A
2017-08-25,1030,A
2017-08-26,723,A
2017-08-27,1140,A
2017-08-28,988,A
2017-08-29,556,A
2017-08-30,415,A
2017-08-31,349,A
2017-09-01,309,A
2017-09-02,288,A
2017-09-03,266,A
2017-09-04,249,A:e
2017-09-05,245,A:e
2017-09-06,248,A
2017-09-07,244,A:e
2017-09-08,231,A:e
2017-09-09,217,A
2017-09-10,206,A
2017-09-11,195,A
2017-09-12,191,A
2017-09-13,187,A
2017-09-14,181,A
2017-09-15,172,A:e
2017-09-16,161,A:e
2017-09-17,161,A
2017-09-18,157,A
2017-09-19,169,A:e
2017-09-20,183,A:e
2017-09-21,159,A:e
2017-09-22,156,A:e
2017-09-23,147,A:e
2017-09-24,138,A:e
2017-09-25,131,A:e
2017-09-26,166,A
2017-09-27,310,A
2017-09-28,1150,A
2017-09-29,2040,A
2017-09-30,991,A
2017-10-01,581,A
2017-10-02,400,A
2017-10-03,337,A:e
2017-10-04,1000,A
2017-10-05,9280,A
2017-10-06,12900,A
2017-10-07,6100,A
2017-10-08,3310,A
2017-10-09,3410,A
2017-10-10,1960,A
2017-10-11,1440,A
2017-10-12,1130,A:e
2017-10-13,954,A:e
2017-10-14,788,A:e
2017-10-15,722,A:e
2017-10-16,678,A
2017-10-17,726,A:e
2017-10-18,710,A:e
2017-10-19,602,A
2017-10-20,507,A
2017-10-21,498,A
2017-10-22,1710,A
2017-10-23,2110,A
2017-10-24,1830,A
2017-10-25,1310,A
2017-10-26,921,A
2017-10-27,673,A
2017-10-28,590,A
2017-10-29,529,A
2017-10-30,486,A:e
2017-10-31,457,A
2017-11-01,439,A:e
2017-11-02,429,A:e
2017-11-03,414,A:e
2017-11-04,407,A
2017-11-05,401,A:e
2017-11-06,390,A:e
2017-11-07,386,A:e
2017-11-08,380,A:e
2017-11-09,371,A
2017-11-10,363,A
2017-11-11,359,A:e
2017-11-12,364,A:e
2017-11-13,355,A
2017-11-14,352,A
2017-11-15,354,A:e
2017-11-16,354,A
2017-11-17,349,A:e
2017-11-18,340,A:e
2017-11-19,332,A
2017-11-20,326,A:e
2017-11-21,319,A:e
2017-11-22,310,A
2017-11-23,310,A
2017-11-24,309,A:e
2017-11-25,304,A
2017-11-26,304,A
2017-11-27,305,A:e
2017-11-28,299,A:e
2017-11-29,309,A:e
2017-11-30,328,A
2017-12-01,394,A
2017-12-02,386,A
2017-12-03,350,A:e
2017-12-04,299,A:e
2017-12-05,299,A
2017-12-06,307,A:e
2017-12-07,301,A:e
2017-12-08,291,A:e
2017-12-09,286,A:e
2017-12-10,283,A
2017-12-11,285,A
2017-12-12,283,A
2017-12-13,288,A
2017-12-14,285,A:e
2017-12-15,281,A
2017-12-16,281,A:e
2017-12-17,281,A:e
2017-12-18,275,A:e
2017-12-19,278,A:e
2017-12-20,312,A
2017-12-21,305,A:e
2017-12-22,322,A:e
2017-12-23,354,A
2017-12-24,324,A:e
2017-12-25,304,A
2017-12-26,305,A:e
2017-12-27,299,A:e
2017-12-28,286,A
2017-12-29,276,A
2017-12-30,281,A:e
2017-12-31,291,A:e
2018-01-01,256,A:e
2018-01-02,233,A:e
2018-01-03,240,A:e
2018-01-04,257,A:e
2018-01-05,283,A:e
2018-01-06,338,A:e
2018-01-07,360,A:e
2018-01-08,360,A
2018-01-09,345,A
2018-01-10,341,A:e
2018-01-11,352,A:e
2018-01-12,317,A:e
2018-01-13,327,A
2018-01-14,291,A
2018-01-15,275,A:e
2018-01-16,269,A:e
2018-01-17,205,A:e
2018-01-18,275,A:e
2018-01-19,335,A
2018-01-20,315,A
2018-01-21,304,A:e
2018-01-22,298,A
2018-01-23,294,A:e
2018-01-24,300,A
2018-01-25,285,A:e
2018-01-26,255,A:e
2018-01-27,262,A:e
2018-01-28,249,A:e
2018-01-29,246,A:e
2018-01-30,243,A:e
2018-01-31,242,A:e
2018-02-01,231,A:e
2018-02-02,233,A
2018-02-03,232,A:e
2018-02-04,233,A:e
2018-02-05,226,A
2018-02-06,229,A:e
2018-02-07,228,A
2018-02-08,225,A
2018-02-09,228,A:e
2018-02-10,226,A:e
2018-02-11,229,A:e
2018-02-12,227,A
2018-02-13,229,A
2018-02-14,226,A:e
2018-02-15,222,A:e
2018-02-16,225,A:e
2018-02-17,256,A
2018-02-18,248,A
2018-02-19,257,A
2018-02-20,370,A
2018-02-21,370,A
2018-02-22,558,A
2018-02-23,669,A
2018-02-24,877,A
2018-02-25,817,A
2018-02-26,917,A
2018-02-27,673,A
2018-02-28,532,A:e
2018-03-01,445,A:e
2018-03-02,422,A:e
2018-03-03,391,A:e
2018-03-04,356,A:e
2018-03-05,360,A:e
2018-03-06,346,A:e
2018-03-07,322,A:e
2018-03-08,311,A
2018-03-09,297,A
2018-03-10,295,A:e
2018-03-11,285,A:e
2018-03-12,282,A
2018-03-13,281,A
2018-03-14,274,A
2018-03-15,264,A:e
2018-03-16,256,A:e
2018-03-17,260,A
2018-03-18,261,A
2018-03-19,262,A:e
2018-03-20,258,A:e
2018-03-21,259,A
2018-03-22,259,A:e
2018-03-23,255,A:e
2018-03-24,258,A:e
2018-03-25,260,A
2018-03-26,259,A
2018-03-27,293,A
2018-03-28,289,A
2018-03-29,287,A
2018-03-30,292,A
2018-03-31,324,A:e
2018-04-01,348,A
2018-04-02,311,A
2018-04-03,284,A
2018-04-04,284,A
2018-04-05,282,A:e
2018-04-06,265,A
2018-04-07,243,A
2018-04-08,250,A
2018-04-09,247,A:e
2018-04-10,240,A
2018-04-11,211,A:e
2018-04-12,197,A:e
2018-04-13,209,A
2018-04-14,229,A:e
2018-04-15,203,A:e
2018-04-16,205,A
2018-04-17,200,A:e
2018-04-18,195,A:e
2018-04-19,190,A
2018-04-20,189,A
2018-04-21,235,A
2018-04-22,367,A
2018-04-23,794,A
2018-04-24,714,A
2018-04-25,511,A
2018-04-26,433,A
2018-04-27,425,A
2018-04-28,433,A
2018-04-29,370,A:e
2018-04-30,316,A:e
2018-05-01,271,A
2018-05-02,267,A
2018-05-03,372,A
2018-05-04,349,A
2018-05-05,539,A
2018-05-06,383,A:e
2018-05-07,300,A
2018-05-08,256,A
2018-05-09,237,A
2018-05-10,216,A:e
2018-05-11,174,A:e
2018-05-12,164,A:e
2018-05-13,171,A:e
2018-05-14,159,A:e
2018-05-15,157,A
2018-05-16,162,A
2018-05-17,166,A
2018-05-18,173,A
2018-05-19,231,A:e
2018-05-20,254,A
2018-05-21,215,A
2018-05-22,201,A
2018-05-23,228,A
2018-05-24,185,A:e
2018-05-25,182,A:e
2018-05-26,216,A
2018-05-27,1160,A
2018-05-28,569,A
2018-05-29,713,A
2018-05-30,626,A
2018-05-31,554,A
2018-06-01,1080,A
2018-06-02,1080,A
2018-06-03,2220,A
2018-06-04,1560,A
2018-06-05,934,A
2018-06-06,648,A
2018-06-07,668,A
2018-06-08,1520,A
2018-06-09,2780,A
2018-06-10,1020,A
2018-06-11,549,A
2018-06-12,755,A
2018-06-13,521,A
2018-06-14,314,A
2018-06-15,267,A
2018-06-16,240,A
2018-06-17,213,A
2018-06-18,191,A
2018-06-19,177,A
2018-06-20,168,A
2018-06-21,160,A
2018-06-22,149,A
2018-06-23,173,A
2018-06-24,366,A
2018-06-25,499,A
2018-06-26,5980,A
2018-06-27,14700,A
2018-06-28,8790,A
2018-06-29,4690,A
2018-06-30,2580,A
2018-07-01,2350,A
2018-07-02,2680,A
2018-07-03,2140,A
2018-07-04,1390,A
2018-07-05,1070,A
2018-07-06,887,A
2018-07-07,760,A
2018-07-08,672,A
2018-07-09,601,A
2018-07-10,565,A
2018-07-11,519,A
2018-07-12,474,A
2018-07-13,467,A:e
2018-07-14,457,A
2018-07-15,429,A
2018-07-16,395,A
2018-07-17,369,A
2018-07-18,361,A
2018-07-19,339,A
2018-07-20,325,A
2018-07-21,310,A
2018-07-22,293,A
2018-07-23,307,A:e
2018-07-24,370,A
2018-07-25,379,A
2018-07-26,323,A
2018-07-27,288,A
2018-07-28,263,A
2018-07-29,293,A:e
2018-07-30,287,A:e
2018-07-31,287,A:e
2018-08-01,2110,A
2018-08-02,1330,A
2018-08-03,744,A
2018-08-04,532,A:e
2018-08-05,421,A:e
2018-08-06,355,A:e
2018-08-07,314,A
2018-08-08,292,A
2018-08-09,278,A
2018-08-10,1580,A
2018-08-11,1080,A
2018-08-12,722,A
2018-08-13,533,A
2018-08-14,568,A
2018-08-15,683,A
2018-08-16,2780,A
2018-08-17,3630,A
2018-08-18,1720,A
2018-08-19,1440,A
2018-08-20,2390,A
2018-08-21,2920,A
2018-08-22,1640,A
2018-08-23,1020,A
2018-08-24,843,A:e
2018-08-25,724,A:e
2018-08-26,574,A
2018-08-27,508,A:e
2018-08-28,487,A:e
2018-08-29,455,A
2018-08-30,405,A:e
2018-08-31,358,A:e
2018-09-01,326,A
2018-09-02,301,A
2018-09-03,284,A
2018-09-04,351,A
2018-09-05,471,A
2018-09-06,929,A
2018-09-07,1680,A
2018-09-08,1610,A
2018-09-09,2620,A
2018-09-10,2610,A
2018-09-11,2130,A
2018-09-12,1460,A
2018-09-13,1050,A
2018-09-14,844,A
2018-09-15,706,A
2018-09-16,617,A
2018-09-17,551,A
2018-09-18,497,A:e
2018-09-19,452,A:e
2018-09-20,416,A:e
2018-09-21,641,A
2018-09-22,674,A
2018-09-23,2270,A
2018-09-24,2410,A
2018-09-25,1150,A
2018-09-26,806,A
2018-09-27,639,A
2018-09-28,541,A:e
2018-09-29,470,A
2018-09-30,431,A
2018-10-01,403,A
2018-10-02,381,A:e
2018-10-03,351,A:e
2018-10-04,336,A
2018-10-05,311,A:e
2018-10-06,307,A
2018-10-07,309,A
2018-10-08,362,A
2018-10-09,15000,A
2018-10-10,32800,A
2018-10-11,28800,A
2018-10-12,30100,A
2018-10-13,17400,A
2018-10-14,7690,A
2018-10-15,4940,A
2018-10-16,3650,A
2018-10-17,2860,A
2018-10-18,2390,A
2018-10-19,2260,A
2018-10-20,2790,A
2018-10-21,3490,A
2018-10-22,2420,A
2018-10-23,1900,A
2018-10-24,1640,A
2018-10-25,1480,A
2018-10-26,1380,A
2018-10-27,1390,A
2018-10-28,1350,A:e
2018-10-29,1260,A
2018-10-30,1200,A:e
2018-10-31,1140,A:e
2018-11-01,1110,A:e
2018-11-02,1070,A:e
2018-11-03,1040,A:e
2018-11-04,1010,A:e
2018-11-05,979,A:e
2018-11-06,963,A:e
2018-11-07,943,A:e
2018-11-08,930,A:e
2018-11-09,920,A:e
2018-11-10,901,A:e
2018-11-11,893,A:e
2018-11-12,886,A:e
2018-11-13,881,A:e
2018-11-14,872,A:e
2018-11-15,840,A:e
2018-11-16,826,A:e
2018-11-17,813,A:e
2018-11-18,797,A:e
2018-11-19,772,A:e
2018-11-20,756,A:e
2018-11-21,746,A:e
2018-11-22,744,A:e
2018-11-23,741,A:e
2018-11-24,738,A:e
2018-11-25,737,A:e
2018-11-26,731,A:e
2018-11-27,724,A:e
2018-11-28,717,A:e
2018-11-29,711,A:e
2018-11-30,709,A:e
2018-12-01,707,A:e
2018-12-02,714,A:e
2018-12-03,762,A:e
2018-12-04,719,A:e
2018-12-05,629,A:e
2018-12-06,579,A:e
2018-12-07,572,A
2018-12-08,575,A:e
2018-12-09,576,A:e
2018-12-10,578,A
2018-12-11,574,A:e
2018-12-12,570,A
2018-12-13,569,A:e
2018-12-14,623,A
2018-12-15,613,A
2018-12-16,645,A
2018-12-17,606,A
2018-12-18,570,A
2018-12-19,556,A
2018-12-20,549,A:e
2018-12-21,539,A:e
2018-12-22,530,A
2018-12-23,523,A
2018-12-24,514,A:e
2018-12-25,509,A
2018-12-26,669,A
2018-12-27,3240,A
2018-12-28,5750,A
2018-12-29,4270,A
2018-12-30,4320,A
2018-12-31,2570,A
2019-01-01,1750,A
2019-01-02,1470,A
2019-01-03,1880,A
2019-01-04,2590,A
2019-01-05,2200,A
2019-01-06,2100,A:e
2019-01-07,2020,A:e
2019-01-08,1640,A
2019-01-09,1290,A
2019-01-10,1060,A
2019-01-11,1010,A
2019-01-12,1850,A
2019-01-13,3310,A
2019-01-14,2500,A
2019-01-15,1730,A
2019-01-16,1320,A
2019-01-17,1180,A
2019-01-18,1090,A
2019-01-19,1060,A
2019-01-20,1020,A
2019-01-21,965,A
2019-01-22,920,A
2019-01-23,888,A
2019-01-24,862,A
2019-01-25,857,A:e
2019-01-26,882,A
2019-01-27,872,A
2019-01-28,871,A
2019-01-29,875,A
2019-01-30,878,A
2019-01-31,883,A
2019-02-01,873,A
2019-02-02,867,A
2019-02-03,869,A
2019-02-04,887,A
2019-02-05,893,A
2019-02-06,898,A
2019-02-07,968,A
2019-02-08,1100,A
2019-02-09,1370,A
2019-02-10,982,A
2019-02-11,824,A
2019-02-12,922,A
2019-02-13,1170,A
2019-02-14,997,A:e
2019-02-15,884,A:e
2019-02-16,835,A:e
2019-02-17,764,A
2019-02-18,649,A
2019-02-19,645,A
2019-02-20,671,A:e
2019-02-21,650,A
2019-02-22,654,A
2019-02-23,650,A
2019-02-24,634,A
2019-02-25,627,A
2019-02-26,630,A
2019-02-27,628,A
2019-02-28,630,A
2019-03-01,632,A
2019-03-02,626,A
2019-03-03,612,A
2019-03-04,617,A:e
2019-03-05,607,A
2019-03-06,628,A
2019-03-07,656,A
2019-03-08,648,A
2019-03-09,711,A:e
2019-03-10,828,A
2019-03-11,650,A
2019-03-12,631,A:e
2019-03-13,870,A:e
2019-03-14,5730,A
2019-03-15,5590,A
2019-03-16,4630,A
2019-03-17,3280,A
2019-03-18,1930,A:e
2019-03-19,1580,A:e
2019-03-20,1450,A
2019-03-21,1430,A
2019-03-22,1420,A
2019-03-23,1400,A:e
2019-03-24,1390,A:e
2019-03-25,1390,A:e
2019-03-26,1390,A:e
2019-03-27,1410,A:e
2019-03-28,1460,A
2019-03-29,1450,A
2019-03-30,1430,A:e
2019-03-31,1410,A:e
2019-04-01,1390,A:e
2019-04-02,1370,A:e
2019-04-03,1360,A:e
2019-04-04,2170,A:e
2019-04-05,2520,A
2019-04-06,2470,A
2019-04-07,1820,A
2019-04-08,1590,A
2019-04-09,1520,A
2019-04-10,1520,A
2019-04-11,1540,A
2019-04-12,1560,A
2019-04-13,1550,A:e
2019-04-14,1520,A:e
2019-04-15,1490,A:e
2019-04-16,1490,A:e
2019-04-17,1490,A:e
2019-04-18,1500,A:e
2019-04-19,1500,A
2019-04-20,1500,A
2019-04-21,1490,A
2019-04-22,1490,A
2019-04-23,2590,A
2019-04-24,6170,A
2019-04-25,7740,A
2019-04-26,3240,A
2019-04-27,1960,A
2019-04-28,1440,A
2019-04-29,1150,A
2019-04-30,2390,A
2019-05-01,4140,A
2019-05-02,6100,A
2019-05-03,5190,A
2019-05-04,6110,A
2019-05-05,6420,A
2019-05-06,10700,A
2019-05-07,9990,A
2019-05-08,24200,A
2019-05-09,37900,A
2019-05-10,26100,A
2019-05-11,20700,A
2019-05-12,15000,A
2019-05-13,10500,A
2019-05-14,8470,A
2019-05-15,5970,A
2019-05-16,4620,A
2019-05-17,3810,A
2019-05-18,3750,A
2019-05-19,4030,A
2019-05-20,5790,A
2019-05-21,57100,A
2019-05-22,79400,A
2019-05-23,67600,A
2019-05-24,29100,A
2019-05-25,47400,A
2019-05-26,88800,A
2019-05-27,85300,A
2019-05-28,53300,A
2019-05-29,29700,A
2019-05-30,29000,A
2019-05-31,19100,A
2019-06-01,9060,A
2019-06-02,6610,A
2019-06-03,5700,A
2019-06-04,4550,A
2019-06-05,4070,A
2019-06-06,6390,A
2019-06-07,25700,A
2019-06-08,32900,A
2019-06-09,12400,A
2019-06-10,21100,A
2019-06-11,20800,A
2019-06-12,8470,A
2019-06-13,7100,A
2019-06-14,5770,A
2019-06-15,3950,A
2019-06-16,3300,A
2019-06-17,16600,A
2019-06-18,22900,A
2019-06-19,8460,A
2019-06-20,6950,A
2019-06-21,4850,A
2019-06-22,3600,A
2019-06-23,3570,A
2019-06-24,3230,A
2019-06-25,2890,A
2019-06-26,2520,A:e
2019-06-27,2260,A:e
2019-06-28,2140,A:e
2019-06-29,2020,A
2019-06-30,1890,A:e
2019-07-01,1760,A:e
2019-07-02,1650,A:e
2019-07-03,1610,A:e
2019-07-04,2470,A
2019-07-05,3890,A
2019-07-06,2540,A
2019-07-07,1760,A
2019-07-08,1540,A:e
2019-07-09,1500,A:e
2019-07-10,1510,A:e
2019-07-11,1610,A
2019-07-12,1430,A:e
2019-07-13,1340,A:e
2019-07-14,1270,A:e
2019-07-15,1210,A:e
2019-07-16,1150,A:e
2019-07-17,1060,A:e
2019-07-18,1030,A:e
2019-07-19,995,A
2019-07-20,932,A:e
2019-07-21,896,A:e
2019-07-22,888,A:e
2019-07-23,883,A:e
2019-07-24,865,A:e
2019-07-25,840,A:e
2019-07-26,813,A:e
2019-07-27,800,A:e
2019-07-28,765,A:e
2019-07-29,737,A:e
2019-07-30,714,A:e
2019-07-31,693,A:e
2019-08-01,669,A:e
2019-08-02,661,A:e
2019-08-03,884,A
2019-08-04,701,A:e
2019-08-05,645,A
2019-08-06,621,A
2019-08-07,595,A:e
2019-08-08,609,A
2019-08-09,677,A
2019-08-10,761,A
2019-08-11,2590,A
2019-08-12,1560,A
2019-08-13,1130,A
2019-08-14,928,A
2019-08-15,815,A:e
2019-08-16,720,A
2019-08-17,665,A:e
2019-08-18,633,A:e
2019-08-19,589,A:e
2019-08-20,554,A:e
2019-08-21,522,A:e
2019-08-22,532,A:e
2019-08-23,3710,A
2019-08-24,909,A
2019-08-25,750,A
2019-08-26,668,A
2019-08-27,675,A
2019-08-28,1890,A
2019-08-29,2430,A
2019-08-30,4480,A
2019-08-31,1880,A
2019-09-01,1540,A
2019-09-02,1430,A
2019-09-03,1670,A
2019-09-04,1230,A
2019-09-05,1010,A:e
2019-09-06,885,A:e
2019-09-07,781,A:e
2019-09-08,697,A:e
2019-09-09,605,A
2019-09-10,550,A
2019-09-11,514,A
2019-09-12,515,A
2019-09-13,762,A
2019-09-14,618,A
2019-09-15,881,A
2019-09-16,774,A:e
2019-09-17,645,A:e
2019-09-18,542,A:e
2019-09-19,497,A
2019-09-20,451,A
2019-09-21,422,A
2019-09-22,474,A
2019-09-23,2110,A
2019-09-24,1890,A
2019-09-25,1240,A
2019-09-26,1010,A
2019-09-27,794,A
2019-09-28,662,A
2019-09-29,556,A
2019-09-30,486,A
2019-10-01,443,A
2019-10-02,421,A:e
2019-10-03,413,A:e
2019-10-04,436,A
2019-10-05,411,A
2019-10-06,453,A
2019-10-07,1940,A
2019-10-08,1380,A
2019-10-09,951,A
2019-10-10,752,A
2019-10-11,664,A
2019-10-12,619,A:e
2019-10-13,570,A:e
2019-10-14,541,A:e
2019-10-15,525,A:e
2019-10-16,505,A:e
2019-10-17,492,A:e
2019-10-18,475,A:e
2019-10-19,471,A:e
2019-10-20,473,A:e
2019-10-21,486,A
2019-10-22,468,A
2019-10-23,474,A:e
2019-10-24,484,A
2019-10-25,636,A
2019-10-26,737,A
2019-10-27,1130,A
2019-10-28,963,A
2019-10-29,716,A
2019-10-30,879,A
2019-10-31,738,A
2019-11-01,790,A
2019-11-02,662,A
2019-11-03,580,A:e
2019-11-04,550,A:e
2019-11-05,531,A:e
2019-11-06,529,A
2019-11-07,1450,A
2019-11-08,930,A
2019-11-09,900,A
2019-11-10,848,A
2019-11-11,720,A
2019-11-12,618,A
2019-11-13,566,A:e
2019-11-14,564,A:e
2019-11-15,539,A:e
2019-11-16,530,A:e
2019-11-17,524,A:e
2019-11-18,516,A:e
2019-11-19,511,A
2019-11-20,507,A:e
2019-11-21,525,A:e
2019-11-22,577,A:e
2019-11-23,591,A
2019-11-24,602,A
2019-11-25,612,A
2019-11-26,574,A:e
2019-11-27,548,A:e
2019-11-28,536,A
2019-11-29,535,A
2019-11-30,528,A:e
2019-12-01,522,A:e
2019-12-02,529,A
2019-12-03,528,A
2019-12-04,512,A
2019-12-05,505,A:e
2019-12-06,496,A:e
2019-12-07,492,A:e
2019-12-08,485,A:e
2019-12-09,492,A:e
2019-12-10,481,A:e
2019-12-11,478,A:e
2019-12-12,461,A:e
2019-12-13,467,A
2019-12-14,465,A
2019-12-15,466,A:e
2019-12-16,462,A:e
2019-12-17,473,A:e
2019-12-18,474,A
2019-12-19,470,A:e
2019-12-20,470,A:e
2019-12-21,468,A:e
2019-12-22,468,A
2019-12-23,466,A:e
2019-12-24,457,A:e
2019-12-25,450,A:e
2019-12-26,451,A:e
2019-12-27,454,A:e
2019-12-28,457,A:e
2019-12-29,520,A
2019-12-30,847,A
2019-12-31,1130,A
2020-01-01,869,A:e
2020-01-02,779,A:e
2020-01-03,682,A:e
2020-01-04,623,A
2020-01-05,588,A:e
2020-01-06,558,A
2020-01-07,540,A
2020-01-08,528,A:e
2020-01-09,507,A:e
2020-01-10,496,A:e
2020-01-11,494,A
2020-01-12,498,A:e
2020-01-13,501,A:e
2020-01-14,509,A:e
2020-01-15,516,A:e
2020-01-16,509,A
2020-01-17,1260,A
2020-01-18,1010,A
2020-01-19,1190,A
2020-01-20,884,A
2020-01-21,737,A:e
2020-01-22,706,A:e
2020-01-23,695,A:e
2020-01-24,679,A:e
2020-01-25,651,A:e
2020-01-26,622,A
2020-01-27,591,A:e
2020-01-28,1050,A:e
2020-01-29,2480,A
2020-01-30,4300,A
2020-01-31,2800,A
2020-02-01,1920,A
2020-02-02,1560,A
2020-02-03,1250,A
2020-02-04,1130,A
2020-02-05,1060,A
2020-02-06,1050,A
2020-02-07,1010,A:e
2020-02-08,950,A
2020-02-09,876,A
2020-02-10,856,A
2020-02-11,851,A
2020-02-12,880,A
2020-02-13,873,A
2020-02-14,879,A
2020-02-15,881,A:e
2020-02-16,858,A
2020-02-17,825,A:e
2020-02-18,806,A:e
2020-02-19,762,A
2020-02-20,740,A
2020-02-21,768,A
2020-02-22,679,A
2020-02-23,692,A
2020-02-24,713,A
2020-02-25,730,A
2020-02-26,770,A
2020-02-27,865,A
2020-02-28,848,A
2020-02-29,823,A:e
2020-03-01,776,A:e
2020-03-02,739,A
2020-03-03,745,A
2020-03-04,747,A
2020-03-05,724,A:e
2020-03-06,699,A
2020-03-07,649,A
2020-03-08,620,A
2020-03-09,651,A
2020-03-10,679,A:e
2020-03-11,658,A:e
2020-03-12,614,A
2020-03-13,601,A
2020-03-14,740,A
2020-03-15,906,A
2020-03-16,1360,A
2020-03-17,1870,A
2020-03-18,3240,A
2020-03-19,8090,A
2020-03-20,10500,A
2020-03-21,6490,A
2020-03-22,3100,A
2020-03-23,2640,A
2020-03-24,3220,A
2020-03-25,3100,A
2020-03-26,2970,A
2020-03-27,2730,A
2020-03-28,2360,A
2020-03-29,1840,A
2020-03-30,1600,A
2020-03-31,1470,A
2020-04-01,1390,A:e
2020-04-02,1300,A
2020-04-03,1200,A
2020-04-04,1150,A
2020-04-05,1110,A
2020-04-06,1050,A:e
2020-04-07,1000,A:e
2020-04-08,983,A
2020-04-09,945,A
2020-04-10,923,A
2020-04-11,898,A:e
2020-04-12,880,A:e
2020-04-13,852,A:e
2020-04-14,900,A
2020-04-15,860,A:e
2020-04-16,761,A
2020-04-17,769,A
2020-04-18,778,A:e
2020-04-19,757,A
2020-04-20,745,A
2020-04-21,739,A
2020-04-22,775,A
2020-04-23,919,A
2020-04-24,1040,A
2020-04-25,1240,A:e
2020-04-26,1170,A:e
2020-04-27,1300,A
2020-04-28,1090,A:e
2020-04-29,953,A
2020-04-30,859,A
2020-05-01,773,A:e
2020-05-02,726,A:e
2020-05-03,707,A
2020-05-04,679,A:e
2020-05-05,641,A:e
2020-05-06,629,A:e
2020-05-07,621,A:e
2020-05-08,661,A
2020-05-09,671,A:e
2020-05-10,759,A
2020-05-11,698,A
2020-05-12,656,A
2020-05-13,639,A:e
2020-05-14,618,A:e
2020-05-15,613,A
2020-05-16,633,A
2020-05-17,618,A:e
2020-05-18,602,A
2020-05-19,629,A:e
2020-05-20,646,A
2020-05-21,597,A
2020-05-22,600,A:e
2020-05-23,648,A
2020-05-24,884,A
2020-05-25,858,A
2020-05-26,943,A
2020-05-27,1210,A
2020-05-28,1040,A
2020-05-29,894,A
2020-05-30,802,A
2020-05-31,728,A
2020-06-01,662,A:e
2020-06-02,617,A:e
2020-06-03,588,A:e
2020-06-04,561,A:e
2020-06-05,536,A:e
2020-06-06,518,A
2020-06-07,501,A:e
2020-06-08,490,A
2020-06-09,471,A:e
2020-06-10,455,A
2020-06-11,444,A:e
2020-06-12,431,A:e
2020-06-13,422,A:e
2020-06-14,417,A:e
2020-06-15,410,A:e
2020-06-16,372,A
2020-06-17,351,A
2020-06-18,339,A
2020-06-19,457,A
2020-06-20,504,A
2020-06-21,514,A
2020-06-22,745,A
2020-06-23,915,A
2020-06-24,942,A
2020-06-25,700,A
2020-06-26,641,A
2020-06-27,651,A
2020-06-28,564,A
2020-06-29,489,A
2020-06-30,430,A
2020-07-01,401,A
2020-07-02,423,A
2020-07-03,398,A
2020-07-04,411,A
2020-07-05,394,A
2020-07-06,576,A
2020-07-07,478,A
2020-07-08,372,A
2020-07-09,360,A
2020-07-10,406,A
2020-07-11,382,A
2020-07-12,1710,A
2020-07-13,1310,A
2020-07-14,1780,A
2020-07-15,2300,A
2020-07-16,2020,A
2020-07-17,1180,A
2020-07-18,848,A
2020-07-19,758,A
2020-07-20,663,A
2020-07-21,590,A
2020-07-22,551,A
2020-07-23,686,A
2020-07-24,1190,A
2020-07-25,1060,A
2020-07-26,1130,A
2020-07-27,862,A
2020-07-28,811,A
2020-07-29,4150,A
2020-07-30,6280,A
2020-07-31,6340,A
2020-08-01,5900,A
2020-08-02,3800,A
2020-08-03,2460,A
2020-08-04,1780,A
2020-08-05,1480,A
2020-08-06,1240,A
2020-08-07,2520,A
2020-08-08,2700,A
2020-08-09,1640,A
2020-08-10,1290,A
2020-08-11,1230,A
2020-08-12,1100,A
2020-08-13,1170,A
2020-08-14,1020,A
2020-08-15,873,A
2020-08-16,843,A
2020-08-17,969,A
2020-08-18,834,A
2020-08-19,742,A
2020-08-20,691,A
2020-08-21,650,A:e
2020-08-22,603,A
2020-08-23,569,A:e
2020-08-24,543,A:e
2020-08-25,512,A
2020-08-26,491,A
2020-08-27,469,A:e
2020-08-28,442,A
2020-08-29,422,A
2020-08-30,417,A:e
2020-08-31,418,A:e
2020-09-01,490,A:e
2020-09-02,553,A
2020-09-03,1910,A
2020-09-04,1220,A
2020-09-05,1040,A:e
2020-09-06,790,A
2020-09-07,552,A
2020-09-08,446,A:e
2020-09-09,428,A:e
2020-09-10,445,A:e
2020-09-11,520,A
2020-09-12,1020,A
2020-09-13,998,A
2020-09-14,728,A
2020-09-15,586,A
2020-09-16,515,A
2020-09-17,464,A
2020-09-18,430,A
2020-09-19,403,A
2020-09-20,384,A
2020-09-21,368,A
2020-09-22,368,A
2020-09-23,354,A
2020-09-24,343,A:e
2020-09-25,335,A:e
2020-09-26,327,A:e
2020-09-27,316,A:e
2020-09-28,308,A:e
2020-09-29,299,A
2020-09-30,287,A
2020-10-01,278,A:e
2020-10-02,271,A:e
2020-10-03,269,A
2020-10-04,260,A
2020-10-05,252,A:e
2020-10-06,243,A
2020-10-07,237,A
2020-10-08,234,A:e
2020-10-09,236,A:e
2020-10-10,242,A
2020-10-11,243,A:e
2020-10-12,234,A:e
2020-10-13,233,A:e
2020-10-14,232,A:e
2020-10-15,220,A:e
2020-10-16,225,A:e
2020-10-17,219,A:e
2020-10-18,216,A:e
2020-10-19,218,A:e
2020-10-20,216,A:e
2020-10-21,213,A:e
2020-10-22,214,A:e
2020-10-23,213,A:e
2020-10-24,212,A:e
2020-10-25,214,A:e
2020-10-26,238,A:e
2020-10-27,330,A
2020-10-28,824,A
2020-10-29,1600,A
2020-10-30,2490,A
2020-10-31,1940,A
2020-11-01,2130,A
2020-11-02,2810,A
2020-11-03,1610,A:e
2020-11-04,1130,A
2020-11-05,944,A
2020-11-06,811,A:e
2020-11-07,715,A:e
2020-11-08,644,A:e
2020-11-09,596,A:e
2020-11-10,584,A:e
2020-11-11,558,A
2020-11-12,553,A:e
2020-11-13,527,A:e
2020-11-14,512,A:e
2020-11-15,496,A:e
2020-11-16,482,A
2020-11-17,479,A:e
2020-11-18,468,A:e
2020-11-19,457,A:e
2020-11-20,429,A:e
2020-11-21,425,A
2020-11-22,442,A:e
2020-11-23,448,A:e
2020-11-24,453,A:e
2020-11-25,481,A
2020-11-26,489,A:e
2020-11-27,679,A
2020-11-28,619,A
2020-11-29,570,A
2020-11-30,540,A
2020-12-01,504,A:e
2020-12-02,494,A
2020-12-03,493,A
2020-12-04,480,A
2020-12-05,480,A
2020-12-06,499,A
2020-12-07,498,A
2020-12-08,501,A
2020-12-09,508,A
2020-12-10,503,A
2020-12-11,499,A
2020-12-12,487,A
2020-12-13,494,A
2020-12-14,514,A
2020-12-15,523,A
2020-12-16,578,A
2020-12-17,569,A:e
2020-12-18,561,A:e
2020-12-19,570,A
2020-12-20,568,A
2020-12-21,589,A
2020-12-22,614,A:e
2020-12-23,613,A:e
2020-12-24,596,A
2020-12-25,580,A
2020-12-26,562,A:e
2020-12-27,543,A
2020-12-28,526,A
2020-12-29,518,A:e
2020-12-30,734,A
2020-12-31,1030,A
2021-01-01,4070,A
2021-01-02,4280,A
2021-01-03,4210,A
2021-01-04,3610,A
2021-01-05,3060,A
2021-01-06,2330,A
2021-01-07,1970,A
2021-01-08,1720,A
2021-01-09,1530,A
2021-01-10,1370,A
2021-01-11,1250,A
2021-01-12,1170,A
2021-01-13,1110,A:e
2021-01-14,1060,A:e
2021-01-15,1020,A
2021-01-16,1010,A
2021-01-17,969,A
2021-01-18,926,A
2021-01-19,900,A
2021-01-20,887,A:e
2021-01-21,874,A
2021-01-22,848,A:e
2021-01-23,842,A:e
2021-01-24,834,A:e
2021-01-25,1320,A
2021-01-26,1860,A
2021-01-27,4080,A
2021-01-28,2810,A
2021-01-29,1820,A:e
2021-01-30,1550,A:e
2021-01-31,1440,A
2021-02-01,1430,A
2021-02-02,1380,A
2021-02-03,1210,A:e
2021-02-04,1140,A:e
2021-02-05,1070,A
2021-02-06,1030,A
2021-02-07,1000,A
2021-02-08,976,A
2021-02-09,961,A:e
2021-02-10,982,A:e
2021-02-11,979,A:e
2021-02-12,626,A:e
2021-02-13,569,A:e
2021-02-14,625,A:e
2021-02-15,715,A:e
2021-02-16,790,A:e
2021-02-17,993,A:e
2021-02-18,1120,A:e
2021-02-19,1220,A:e
2021-02-20,1220,A:e
2021-02-21,1270,A:e
2021-02-22,1470,A:e
2021-02-23,1620,A:e
2021-02-24,1740,A:e
2021-02-25,1640,A
2021-02-26,1430,A
2021-02-27,1210,A:e
2021-02-28,1090,A:e
2021-03-01,1020,A
2021-03-02,981,A:e
2021-03-03,932,A:e
2021-03-04,883,A:e
2021-03-05,860,A
2021-03-06,930,A
2021-03-07,1530,A:e
2021-03-08,1630,A
2021-03-09,1240,A
2021-03-10,1030,A
2021-03-11,1050,A
2021-03-12,1010,A
2021-03-13,972,A
2021-03-14,1830,A
2021-03-15,3800,A
2021-03-16,2850,A:e
2021-03-17,1990,A
2021-03-18,7350,A
2021-03-19,9190,A
2021-03-20,4510,A
2021-03-21,3690,A
2021-03-22,2880,A
2021-03-23,3850,A
2021-03-24,5370,A
2021-03-25,5870,A
2021-03-26,5680,A:e
2021-03-27,4430,A:e
2021-03-28,3280,A:e
2021-03-29,2600,A
2021-03-30,2200,A
2021-03-31,1920,A
2021-04-01,1740,A
2021-04-02,1520,A
2021-04-03,1440,A
2021-04-04,1380,A
2021-04-05,1390,A
2021-04-06,1390,A
2021-04-07,1410,A
2021-04-08,1380,A
2021-04-09,1350,A
2021-04-10,1690,A
2021-04-11,1410,A
2021-04-12,1220,A
2021-04-13,1180,A
2021-04-14,1330,A
2021-04-15,1390,A
2021-04-16,1420,A
2021-04-17,1500,A
2021-04-18,1450,A
2021-04-19,1360,A
2021-04-20,1250,A
2021-04-21,1210,A
2021-04-22,1170,A
2021-04-23,1140,A
2021-04-24,2820,A
2021-04-25,3910,A
2021-04-26,2910,A
2021-04-27,2220,A
2021-04-28,2050,A
2021-04-29,1960,A
2021-04-30,1900,A
2021-05-01,1660,A
2021-05-02,1360,A
2021-05-03,1240,A
2021-05-04,1690,A
2021-05-05,1300,A
2021-05-06,1260,A
2021-05-07,1150,A
2021-05-08,1040,A
2021-05-09,1040,A
2021-05-10,1060,A:e
2021-05-11,1060,A:e
2021-05-12,1060,A:e
2021-05-13,1080,A:e
2021-05-14,1080,A
2021-05-15,1090,A
2021-05-16,1580,A
2021-05-17,1470,A
2021-05-18,1050,A
2021-05-19,1340,A
2021-05-20,1710,A
2021-05-21,1940,A
2021-05-22,1510,A
2021-05-23,1230,A
2021-05-24,1430,A
2021-05-25,1450,A
2021-05-26,1200,A
2021-05-27,1710,A
2021-05-28,6980,A
2021-05-29,9460,A
2021-05-30,5720,A
2021-05-31,3220,A
2021-06-01,3040,A
2021-06-02,9090,A
2021-06-03,7340,A
2021-06-04,3970,A
2021-06-05,2970,A
2021-06-06,2390,A
2021-06-07,2160,A
2021-06-08,2490,A
2021-06-09,2450,A
2021-06-10,1860,A
2021-06-11,1580,A:e
2021-06-12,1460,A:e
2021-06-13,1350,A
2021-06-14,1310,A
2021-06-15,1270,A
2021-06-16,1160,A:e
2021-06-17,1110,A:e
2021-06-18,1010,A
2021-06-19,928,A
2021-06-20,857,A:e
2021-06-21,851,A:e
2021-06-22,803,A:e
2021-06-23,726,A
2021-06-24,689,A
2021-06-25,686,A
2021-06-26,856,A
2021-06-27,8430,A
2021-06-28,14900,A
2021-06-29,16100,A
2021-06-30,14000,A
2021-07-01,20700,A
2021-07-02,17100,A
2021-07-03,19000,A
2021-07-04,8910,A
2021-07-05,5720,A
2021-07-06,4540,A
2021-07-07,3690,A
2021-07-08,3200,A
2021-07-09,3960,A
2021-07-10,3590,A
2021-07-11,3690,A
2021-07-12,2510,A
2021-07-13,2160,A
2021-07-14,1780,A
2021-07-15,1580,A
2021-07-16,1490,A
2021-07-17,1440,A
2021-07-18,1410,A:e
2021-07-19,1880,A
2021-07-20,2160,A
2021-07-21,1690,A
2021-07-22,1350,A
2021-07-23,1180,A
2021-07-24,1090,A
2021-07-25,1050,A
2021-07-26,994,A
2021-07-27,1030,A
2021-07-28,1360,A
2021-07-29,1480,A
2021-07-30,1120,A
2021-07-31,911,A
2021-08-01,867,A:e
2021-08-02,880,A:e
2021-08-03,1380,A
2021-08-04,1150,A
2021-08-05,916,A
2021-08-06,746,A
2021-08-07,672,A
2021-08-08,748,A
2021-08-09,769,A
2021-08-10,708,A
2021-08-11,676,A
2021-08-12,661,A:e
2021-08-13,623,A
2021-08-14,592,A
2021-08-15,547,A
2021-08-16,616,A
2021-08-17,592,A:e
2021-08-18,531,A:e
2021-08-19,505,A:e
2021-08-20,513,A
2021-08-21,564,A:e
2021-08-22,813,A:e
2021-08-23,938,A
2021-08-24,1390,A
2021-08-25,1190,A
2021-08-26,748,A
2021-08-27,516,A
2021-08-28,433,A:e
2021-08-29,412,A
2021-08-30,399,A
2021-08-31,378,A
2021-09-01,364,A:e
2021-09-02,330,A
2021-09-03,299,A
2021-09-04,290,A:e
2021-09-05,295,A
2021-09-06,301,A:e
2021-09-07,295,A:e
2021-09-08,301,A:e
2021-09-09,286,A:e
2021-09-10,283,A:e
2021-09-11,282,A:e
2021-09-12,266,A:e
2021-09-13,260,A:e
2021-09-14,249,A:e
2021-09-15,242,A
2021-09-16,232,A:e
2021-09-17,222,A
2021-09-18,218,A
2021-09-19,202,A
2021-09-20,182,A
2021-09-21,196,A
2021-09-22,203,A
2021-09-23,201,A:e
2021-09-24,194,A:e
2021-09-25,190,A
2021-09-26,188,A:e
2021-09-27,186,A:e
2021-09-28,180,A:e
2021-09-29,177,A:e
2021-09-30,324,A
2021-10-01,261,A
2021-10-02,372,A
2021-10-03,896,A
2021-10-04,773,A
2021-10-05,768,A
2021-10-06,510,A
2021-10-07,401,A:e
2021-10-08,311,A
2021-10-09,259,A
2021-10-10,246,A
2021-10-11,644,A
2021-10-12,568,A
2021-10-13,1330,A
2021-10-14,1090,A
2021-10-15,1780,A
2021-10-16,1790,A
2021-10-17,1800,A
2021-10-18,1140,A
2021-10-19,829,A
2021-10-20,725,A
2021-10-21,626,A
2021-10-22,560,A:e
2021-10-23,441,A
2021-10-24,432,A
2021-10-25,414,A
2021-10-26,348,A
2021-10-27,424,A
2021-10-28,414,A
2021-10-29,392,A
2021-10-30,485,A
2021-10-31,397,A:e
2021-11-01,350,A:e
2021-11-02,356,A
2021-11-03,476,A
2021-11-04,476,A
2021-11-05,473,A:e
2021-11-06,519,A:e
2021-11-07,460,A
2021-11-08,414,A
2021-11-09,433,A
2021-11-10,407,A
2021-11-11,731,A
2021-11-12,523,A
2021-11-13,463,A:e
2021-11-14,436,A
2021-11-15,387,A:e
2021-11-16,316,A
2021-11-17,321,A
2021-11-18,337,A
2021-11-19,330,A:e
2021-11-20,326,A:e
2021-11-21,327,A:e
2021-11-22,322,A:e
2021-11-23,326,A:e
2021-11-24,318,A:e
2021-11-25,318,A:e
2021-11-26,322,A:e
2021-11-27,334,A
2021-11-28,333,A
2021-11-29,324,A:e
2021-11-30,321,A
2021-12-01,321,A
2021-12-02,324,A:e
2021-12-03,331,A
2021-12-04,326,A:e
2021-12-05,323,A:e
2021-12-06,300,A
2021-12-07,313,A:e
2021-12-08,318,A:e
2021-12-09,309,A:e
2021-12-10,306,A:e
2021-12-11,302,A:e
2021-12-12,306,A:e
2021-12-13,301,A:e
2021-12-14,314,A:e
2021-12-15,311,A:e
2021-12-16,332,A:e
2021-12-17,309,A
2021-12-18,297,A:e
2021-12-19,302,A:e
2021-12-20,304,A:e
2021-12-21,303,A:e
2021-12-22,304,A:e
2021-12-23,303,A:e
2021-12-24,324,A:e
2021-12-25,330,A:e
2021-12-26,319,A:e
2021-12-27,319,A:e
2021-12-28,314,A:e
2021-12-29,318,A
2021-12-30,317,A
2021-12-31,314,A:e
2022-01-01,313,A:e
2022-01-02,312,A:e
2022-01-03,338,A:e
2022-01-04,332,A:e
2022-01-05,315,A:e
2022-01-06,305,A:e
2022-01-07,291,A:e
2022-01-08,311,A:e
2022-01-09,328,A
2022-01-10,344,A
2022-01-11,379,A:e
2022-01-12,377,A:e
2022-01-13,352,A
2022-01-14,332,A:e
2022-01-15,308,A:e
2022-01-16,311,A:e
2022-01-17,322,A:e
2022-01-18,320,A:e
2022-01-19,302,A:e
2022-01-20,272,A:e
2022-01-21,272,A:e
2022-01-22,318,A:e
2022-01-23,345,A:e
2022-01-24,357,A
2022-01-25,338,A:e
2022-01-26,339,A:e
2022-01-27,363,A
2022-01-28,353,A
2022-01-29,341,A
2022-01-30,337,A
2022-01-31,335,A:e
2022-02-01,338,A:e
2022-02-02,325,A:e
2022-02-03,258,A:e
2022-02-04,256,A:e
2022-02-05,384,A:e
2022-02-06,428,A:e
2022-02-07,391,A
2022-02-08,441,A:e
2022-02-09,480,A
2022-02-10,465,A
2022-02-11,460,A:e
2022-02-12,427,A:e
2022-02-13,407,A:e
2022-02-14,388,A
2022-02-15,312,A
2022-02-16,292,A
2022-02-17,485,A
2022-02-18,441,A:e
2022-02-19,481,A
2022-02-20,538,A
2022-02-21,497,A
2022-02-22,467,A:e
2022-02-23,421,A:e
2022-02-24,396,A:e
2022-02-25,413,A:e
2022-02-26,441,A:e
2022-02-27,465,A:e
2022-02-28,454,A
2022-03-01,492,A
2022-03-02,476,A:e
2022-03-03,448,A:e
2022-03-04,390,A
2022-03-05,349,A
2022-03-06,372,A
2022-03-07,390,A:e
2022-03-08,419,A
2022-03-09,403,A
2022-03-10,415,A:e
2022-03-11,413,A:e
2022-03-12,386,A:e
2022-03-13,387,A:e
2022-03-14,378,A:e
2022-03-15,405,A:e
2022-03-16,407,A:e
2022-03-17,438,A:e
2022-03-18,477,A:e
2022-03-19,507,A
2022-03-20,679,A
2022-03-21,697,A
2022-03-22,1510,A
2022-03-23,2690,A
2022-03-24,1950,A
2022-03-25,1260,A
2022-03-26,997,A
2022-03-27,782,A
2022-03-28,694,A
2022-03-29,579,A
2022-03-30,577,A
2022-03-31,560,A:e
2022-04-01,550,A:e
2022-04-02,546,A
2022-04-03,508,A:e
2022-04-04,514,A
2022-04-05,503,A:e
2022-04-06,441,A:e
2022-04-07,406,A
2022-04-08,403,A
2022-04-09,380,A:e
2022-04-10,316,A:e
2022-04-11,304,A:e
2022-04-12,292,A:e
2022-04-13,286,A:e
2022-04-14,272,A:e
2022-04-15,260,A:e
2022-04-16,256,A:e
2022-04-17,252,A:e
2022-04-18,243,A:e
2022-04-19,249,A:e
2022-04-20,237,A:e
2022-04-21,207,A
2022-04-22,178,A
2022-04-23,168,A
2022-04-24,304,A
2022-04-25,378,A
2022-04-26,290,A
2022-04-27,203,A
2022-04-28,220,A
2022-04-29,203,A
2022-04-30,291,A
2022-05-01,310,A
2022-05-02,991,A
2022-05-03,1960,A
2022-05-04,3060,A
2022-05-05,5640,A
2022-05-06,4630,A
2022-05-07,4620,A
2022-05-08,2620,A
2022-05-09,1700,A
2022-05-10,1260,A
2022-05-11,984,A
2022-05-12,769,A
2022-05-13,674,A:e
2022-05-14,587,A
2022-05-15,542,A
2022-05-16,472,A
2022-05-17,396,A:e
2022-05-18,383,A:e
2022-05-19,318,A
2022-05-20,267,A:e
2022-05-21,396,A:e
2022-05-22,485,A
2022-05-23,784,A
2022-05-24,9510,A
2022-05-25,13500,A
2022-05-26,11000,A
2022-05-27,6710,A
2022-05-28,4540,A
2022-05-29,3130,A
2022-05-30,2200,A
2022-05-31,1630,A
2022-06-01,1300,A
2022-06-02,1130,A
2022-06-03,1110,A
2022-06-04,1410,A
2022-06-05,1210,A
2022-06-06,2300,A
2022-06-07,3390,A
2022-06-08,2020,A
2022-06-09,1630,A
2022-06-10,2350,A
2022-06-11,2320,A
2022-06-12,1750,A
2022-06-13,1380,A
2022-06-14,1140,A
2022-06-15,1010,A
2022-06-16,937,A
2022-06-17,886,A:e
2022-06-18,824,A
2022-06-19,788,A:e
2022-06-20,706,A:e
2022-06-21,688,A:e
2022-06-22,658,A
2022-06-23,613,A:e
2022-06-24,572,A:e
2022-06-25,540,A:e
2022-06-26,520,A:e
2022-06-27,482,A:e
2022-06-28,466,A
2022-06-29,438,A:e
2022-06-30,417,A:e
2022-07-01,400,A:e
2022-07-02,384,A
2022-07-03,371,A:e
2022-07-04,366,A:e
2022-07-05,355,A:e
2022-07-06,338,A:e
2022-07-07,323,A:e
2022-07-08,328,A
2022-07-09,303,A:e
2022-07-10,274,A
2022-07-11,268,A
2022-07-12,264,A:e
2022-07-13,245,A
2022-07-14,229,A
2022-07-15,209,A:e
2022-07-16,189,A:e
2022-07-17,184,A
2022-07-18,170,A:e
2022-07-19,162,A
2022-07-20,153,A
2022-07-21,153,A
2022-07-22,141,A
2022-07-23,127,A:e
2022-07-24,108,A:e
2022-07-25,101,A:e
2022-07-26,84.9,A:e
2022-07-27,82,A
2022-07-28,96,A:e
2022-07-29,158,A
2022-07-30,221,A
2022-07-31,243,A:e
2022-08-01,277,A:e
2022-08-02,331,A:e
2022-08-03,630,A
2022-08-04,488,A:e
2022-08-05,561,A
2022-08-06,448,A
2022-08-07,356,A
2022-08-08,322,A
2022-08-09,286,A:e
2022-08-10,320,A
2022-08-11,261,A
2022-08-12,237,A
2022-08-13,222,A
2022-08-14,225,A
2022-08-15,204,A
2022-08-16,183,A
2022-08-17,187,A
2022-08-18,171,A
2022-08-19,166,A
2022-08-20,159,A
2022-08-21,192,A
2022-08-22,183,A
2022-08-23,181,A
2022-08-24,173,A
2022-08-25,169,A
2022-08-26,169,A
2022-08-27,163,A
2022-08-28,159,A:e
2022-08-29,184,A:e
2022-08-30,848,A
2022-08-31,1070,A
2022-09-01,622,A
2022-09-02,403,A
2022-09-03,295,A
2022-09-04,310,A
2022-09-05,332,A
2022-09-06,256,A
2022-09-07,245,A
2022-09-08,253,A
2022-09-09,241,A
2022-09-10,214,A:e
2022-09-11,191,A:e
2022-09-12,171,A
2022-09-13,160,A
2022-09-14,146,A
2022-09-15,149,A
2022-09-16,143,A:e
2022-09-17,130,A:e
2022-09-18,119,A
2022-09-19,109,A
2022-09-20,97.4,A
2022-09-21,90.9,A
2022-09-22,77.8,A:e
2022-09-23,84.8,A
2022-09-24,86.3,A
2022-09-25,87.4,A:e
2022-09-26,76.4,A
2022-09-27,73.9,A
2022-09-28,69.8,A
2022-09-29,63.7,A
2022-09-30,61.9,A
2022-10-01,64.6,A
2022-10-02,62.9,A
2022-10-03,60.3,A
2022-10-04,56.8,A
2022-10-05,56.4,A
2022-10-06,56.9,A
2022-10-07,63.9,A:e
2022-10-08,64.7,A:e
2022-10-09,67,A
2022-10-10,82.2,A
2022-10-11,99.1,A:e
2022-10-12,92.4,A:e
2022-10-13,93.1,A
2022-10-14,92.6,A
2022-10-15,94.7,A
2022-10-16,95.6,A
2022-10-17,87.1,A:e
2022-10-18,76.3,A:e
2022-10-19,90.2,A
2022-10-20,132,A
2022-10-21,112,A:e
2022-10-22,88.7,A:e
2022-10-23,66.9,A:e
2022-10-24,123,A
2022-10-25,223,A
2022-10-26,243,A
2022-10-27,656,A
2022-10-28,549,A:e
2022-10-29,388,A
2022-10-30,295,A
2022-10-31,249,A
2022-11-01,212,A
2022-11-02,178,A
2022-11-03,165,A:e
2022-11-04,160,A
2022-11-05,153,A
2022-11-06,152,A
2022-11-07,155,A
2022-11-08,199,A
2022-11-09,220,A
2022-11-10,258,A
2022-11-11,287,A
2022-11-12,244,A:e
2022-11-13,259,A
2022-11-14,278,A
2022-11-15,237,A:e
2022-11-16,207,A:e
2022-11-17,193,A:e
2022-11-18,197,A:e
2022-11-19,200,A:e
2022-11-20,193,A
2022-11-21,189,A:e
2022-11-22,182,A
2022-11-23,179,A
2022-11-24,181,A:e
2022-11-25,184,A:e
2022-11-26,196,A
2022-11-27,237,A
2022-11-28,226,A:e
2022-11-29,357,A:e
2022-11-30,342,A
2022-12-01,286,A:e
2022-12-02,231,A
2022-12-03,218,A
2022-12-04,211,A
2022-12-05,205,A:e
2022-12-06,203,A:e
2022-12-07,199,A
2022-12-08,226,A
2022-12-09,224,A
2022-12-10,314,A
2022-12-11,390,A
2022-12-12,372,A
2022-12-13,457,A
2022-12-14,443,A
2022-12-15,1140,A
2022-12-16,1080,A
2022-12-17,778,A
2022-12-18,497,A
2022-12-19,366,A
2022-12-20,322,A
2022-12-21,265,A:e
2022-12-22,221,A:e
2022-12-23,199,A:e
2022-12-24,189,A:e
2022-12-25,230,A:e
2022-12-26,292,A
2022-12-27,292,A
2022-12-28,294,A:e
2022-12-29,298,A
2022-12-30,258,A
2022-12-31,241,A
2023-01-01,234,A
2023-01-02,222,A
2023-01-03,218,A
2023-01-04,211,A
2023-01-05,206,A
2023-01-06,202,A
2023-01-07,204,A
2023-01-08,201,A
2023-01-09,198,A:e
2023-01-10,198,A
2023-01-11,195,A
2023-01-12,190,A
2023-01-13,189,A
2023-01-14,187,A:e
2023-01-15,184,A:e
2023-01-16,185,A:e
2023-01-17,185,A
2023-01-18,200,A
2023-01-19,204,A
2023-01-20,197,A
2023-01-21,195,A
2023-01-22,199,A
2023-01-23,194,A
2023-01-24,196,A
2023-01-25,213,A
2023-01-26,212,A
2023-01-27,220,A
2023-01-28,237,A:e
2023-01-29,219,A:e
2023-01-30,181,A:e
2023-01-31,168,A:e
2023-02-01,176,A:e
2023-02-02,228,A:e
2023-02-03,215,A
2023-02-04,198,A:e
2023-02-05,211,A
2023-02-06,211,A:e
2023-02-07,237,A
2023-02-08,233,A
2023-02-09,261,A:e
2023-02-10,269,A:e
2023-02-11,335,A
2023-02-12,335,A:e
2023-02-13,283,A
2023-02-14,255,A:e
2023-02-15,226,A
2023-02-16,217,A:e
2023-02-17,224,A
2023-02-18,217,A
2023-02-19,206,A
2023-02-20,203,A
2023-02-21,194,A
2023-02-22,188,A:e
2023-02-23,185,A:e
2023-02-24,186,A
2023-02-25,196,A
2023-02-26,197,A:e
2023-02-27,193,A:e
2023-02-28,187,A:e
2023-03-01,181,A:e
2023-03-02,182,A:e
2023-03-03,191,A:e
2023-03-04,199,A
2023-03-05,199,A:e
2023-03-06,204,A:e
2023-03-07,195,A:e
2023-03-08,191,A
2023-03-09,190,A:e
2023-03-10,184,A
2023-03-11,177,A:e
2023-03-12,176,A:e
2023-03-13,179,A:e
2023-03-14,176,A
2023-03-15,169,A:e
2023-03-16,162,A:e
2023-03-17,162,A:e
2023-03-18,162,A:e
2023-03-19,164,A
2023-03-20,157,A
2023-03-21,164,A:e
2023-03-22,167,A:e
2023-03-23,170,A:e
2023-03-24,173,A:e
2023-03-25,166,A
2023-03-26,166,A:e
2023-03-27,164,A:e
2023-03-28,163,A:e
2023-03-29,158,A:e
2023-03-30,155,A:e
2023-03-31,150,A:e
2023-04-01,147,A:e
2023-04-02,143,A:e
2023-04-03,135,A:e
2023-04-04,130,A:e
2023-04-05,134,A:e
2023-04-06,139,A:e
2023-04-07,138,A
2023-04-08,138,A
2023-04-09,137,A
2023-04-10,138,A
2023-04-11,142,A
2023-04-12,135,A
2023-04-13,134,A
2023-04-14,138,A:e
2023-04-15,138,A:e
2023-04-16,138,A
2023-04-17,130,A:e
2023-04-18,129,A:e
2023-04-19,125,A:e
2023-04-20,127,A:e
2023-04-21,123,A
2023-04-22,118,A:e
2023-04-23,137,A
2023-04-24,127,A:e
2023-04-25,134,A
2023-04-26,266,A
2023-04-27,432,A
2023-04-28,1140,A
2023-04-29,1280,A
2023-04-30,785,A
2023-05-01,693,A
2023-05-02,559,A
2023-05-03,440,A
2023-05-04,401,A
2023-05-05,368,A
2023-05-06,668,A
2023-05-07,917,A
2023-05-08,454,A
2023-05-09,291,A
2023-05-10,221,A
2023-05-11,183,A
2023-05-12,170,A
2023-05-13,383,A
2023-05-14,1610,A
2023-05-15,2030,A
2023-05-16,3300,A
2023-05-17,3250,A
2023-05-18,2100,A
2023-05-19,1550,A
2023-05-20,1830,A
2023-05-21,1660,A
2023-05-22,1440,A
2023-05-23,931,A
2023-05-24,679,A
2023-05-25,593,A
2023-05-26,578,A
2023-05-27,516,A
2023-05-28,468,A
2023-05-29,570,A
2023-05-30,776,A
2023-05-31,683,A
2023-06-01,547,A
2023-06-02,767,A:e
2023-06-03,2340,A
2023-06-04,2310,A
2023-06-05,7040,A
2023-06-06,5800,A
2023-06-07,3740,A
2023-06-08,2390,A
2023-06-09,1790,A
2023-06-10,1690,A
2023-06-11,1580,A
2023-06-12,2050,A
2023-06-13,1700,A
2023-06-14,1190,A
2023-06-15,866,A
2023-06-16,699,A
2023-06-17,606,A
2023-06-18,1260,A
2023-06-19,3000,A
2023-06-20,2620,A
2023-06-21,1520,A
2023-06-22,922,A
2023-06-23,797,A
2023-06-24,729,A
2023-06-25,644,A:e
2023-06-26,627,A
2023-06-27,594,A
2023-06-28,556,A
2023-06-29,1300,A
2023-06-30,824,A
2023-07-01,564,A
2023-07-02,452,A
2023-07-03,419,A
2023-07-04,603,A
2023-07-05,657,A
2023-07-06,553,A
2023-07-07,514,A
2023-07-08,972,A
2023-07-09,1740,A
2023-07-10,5370,A
2023-07-11,11500,A
2023-07-12,14000,A
2023-07-13,11800,A
2023-07-14,5510,A
2023-07-15,4100,A
2023-07-16,3020,A
2023-07-17,2200,A
2023-07-18,1920,A
2023-07-19,1630,A
2023-07-20,1330,A
2023-07-21,1170,A
2023-07-22,1080,A
2023-07-23,1280,A
2023-07-24,1350,A
2023-07-25,1370,A
2023-07-26,1700,A
2023-07-27,1590,A
2023-07-28,1590,A
2023-07-29,1190,A
2023-07-30,990,A
2023-07-31,820,A
2023-08-01,720,A
2023-08-02,635,A
2023-08-03,570,A
2023-08-04,525,A
2023-08-05,489,A
2023-08-06,486,A
2023-08-07,488,A
2023-08-08,649,A
2023-08-09,810,A
2023-08-10,1180,A
2023-08-11,961,A
2023-08-12,757,A
2023-08-13,674,A
2023-08-14,1810,A
2023-08-15,1470,A
2023-08-16,1090,A
2023-08-17,965,A
2023-08-18,665,A
2023-08-19,575,A
2023-08-20,521,A
2023-08-21,508,A
2023-08-22,467,A
2023-08-23,420,A
2023-08-24,383,A
2023-08-25,352,A
2023-08-26,329,A:e
2023-08-27,310,A
2023-08-28,298,A:e
2023-08-29,283,A
2023-08-30,271,A
2023-08-31,259,A
2023-09-01,252,A
2023-09-02,245,A
2023-09-03,239,A
2023-09-04,233,A:e
2023-09-05,225,A:e
2023-09-06,217,A:e
2023-09-07,213,A
2023-09-08,208,A
2023-09-09,203,A
2023-09-10,200,A
2023-09-11,207,A
2023-09-12,250,A
2023-09-13,238,A
2023-09-14,282,A
2023-09-15,344,A
2023-09-16,337,A
2023-09-17,318,A
2023-09-18,294,A
2023-09-19,354,A
2023-09-20,1030,A
2023-09-21,758,A
2023-09-22,554,A
2023-09-23,455,A
2023-09-24,391,A
2023-09-25,339,A
2023-09-26,310,A
2023-09-27,287,A
2023-09-28,268,A
2023-09-29,249,A:e
2023-09-30,234,A:e
2023-10-01,223,A
2023-10-02,212,A
2023-10-03,200,A
2023-10-04,202,A
2023-10-05,207,A
2023-10-06,192,A:e
2023-10-07,239,A
2023-10-08,230,A
2023-10-09,211,A
2023-10-10,200,A
2023-10-11,219,A:e
2023-10-12,211,A
2023-10-13,201,A
2023-10-14,187,A:e
2023-10-15,181,A:e
2023-10-16,183,A:e
2023-10-17,181,A:e
2023-10-18,177,A:e
2023-10-19,175,A
2023-10-20,171,A
2023-10-21,170,A
2023-10-22,166,A:e
2023-10-23,161,A
2023-10-24,186,A
2023-10-25,216,A
2023-10-26,1350,A
2023-10-27,1360,A
2023-10-28,900,A
2023-10-29,647,A
2023-10-30,538,A
2023-10-31,1140,A
2023-11-01,1200,A
2023-11-02,753,A
2023-11-03,542,A
2023-11-04,455,A
2023-11-05,396,A
2023-11-06,362,A
2023-11-07,336,A
2023-11-08,319,A
2023-11-09,295,A
2023-11-10,292,A:e
2023-11-11,285,A
2023-11-12,277,A
2023-11-13,273,A
2023-11-14,275,A
2023-11-15,278,A
2023-11-16,276,A:e
2023-11-17,274,A:e
2023-11-18,272,A
2023-11-19,273,A
2023-11-20,280,A
2023-11-21,290,A
2023-11-22,329,A
2023-11-23,340,A
2023-11-24,301,A
2023-11-25,293,A
2023-11-26,305,A
2023-11-27,298,A
2023-11-28,303,A
2023-11-29,343,A
2023-11-30,336,A
2023-12-01,345,A
2023-12-02,333,A
2023-12-03,547,A
2023-12-04,644,A
2023-12-05,519,A:e
2023-12-06,448,A
2023-12-07,395,A
2023-12-08,386,A
2023-12-09,367,A
2023-12-10,355,A
2023-12-11,346,A
2023-12-12,336,A
2023-12-13,329,A
2023-12-14,323,A
2023-12-15,362,A
2023-12-16,407,A
2023-12-17,1410,A
2023-12-18,1860,A
2023-12-19,1250,A
2023-12-20,1010,A
2023-12-21,781,A
2023-12-22,657,A
2023-12-23,590,A
2023-12-24,1510,A
2023-12-25,3170,A
2023-12-26,4260,A
2023-12-27,3340,A
2023-12-28,2220,A
2023-12-29,1450,A
2023-12-30,1100,A
2023-12-31,911,A
2024-01-01,800,A
2024-01-02,733,A
2024-01-03,687,A
2024-01-04,651,A
2024-01-05,642,A
2024-01-06,630,A
2024-01-07,611,A
2024-01-08,662,A
2024-01-09,698,A
2024-01-10,868,A
2024-01-11,1040,A
2024-01-12,904,A:e
2024-01-13,783,A:e
2024-01-14,621,A:e
2024-01-15,450,A:e
2024-01-16,333,A:e
2024-01-17,298,A:e
2024-01-18,353,A:e
2024-01-19,367,A:e
2024-01-20,302,A:e
2024-01-21,289,A:e
2024-01-22,313,A:e
2024-01-23,444,A:e
2024-01-24,529,A:e
2024-01-25,639,A:e
2024-01-26,798,A:e
2024-01-27,938,A
2024-01-28,1060,A
2024-01-29,1190,A
2024-01-30,1020,A
2024-01-31,873,A
2024-02-01,770,A
2024-02-02,705,A
2024-02-03,671,A
2024-02-04,1670,A
2024-02-05,2470,A
2024-02-06,1530,A
2024-02-07,1180,A
2024-02-08,972,A
2024-02-09,863,A
2024-02-10,783,A
2024-02-11,739,A
2024-02-12,763,A
2024-02-13,800,A
2024-02-14,1010,A
2024-02-15,927,A
2024-02-16,812,A
2024-02-17,706,A
2024-02-18,667,A
2024-02-19,624,A
2024-02-20,595,A
2024-02-21,568,A
2024-02-22,567,A
2024-02-23,555,A
2024-02-24,537,A
2024-02-25,535,A:e
2024-02-26,511,A
2024-02-27,493,A
2024-02-28,483,A
2024-02-29,485,A
2024-03-01,480,A
2024-03-02,469,A
2024-03-03,450,A
2024-03-04,455,A
2024-03-05,450,A
2024-03-06,457,A
2024-03-07,440,A
2024-03-08,490,A
2024-03-09,513,A
2024-03-10,567,A
2024-03-11,640,A
2024-03-12,538,A
2024-03-13,468,A
2024-03-14,439,A
2024-03-15,425,A
2024-03-16,427,A
2024-03-17,410,A:e
2024-03-18,391,A
2024-03-19,381,A
2024-03-20,384,A
2024-03-21,383,A
2024-03-22,397,A
2024-03-23,405,A
2024-03-24,581,A
2024-03-25,607,A
2024-03-26,512,A
2024-03-27,483,A
2024-03-28,466,A
2024-03-29,425,A
2024-03-30,427,A
2024-03-31,395,A
2024-04-01,399,A
2024-04-02,531,A
2024-04-03,1180,A
2024-04-04,2570,A
2024-04-05,1220,A
2024-04-06,752,A
2024-04-07,602,A
2024-04-08,537,A
2024-04-09,491,A
2024-04-10,515,A
2024-04-11,491,A
2024-04-12,494,A
2024-04-13,514,A
2024-04-14,420,A
2024-04-15,395,A
2024-04-16,377,A
2024-04-17,369,A
2024-04-18,368,A
2024-04-19,365,A
2024-04-20,361,A:e
2024-04-21,355,A:e
2024-04-22,375,A:e
2024-04-23,385,A:e
2024-04-24,342,A:e
2024-04-25,319,A
2024-04-26,329,A:e
2024-04-27,338,A
2024-04-28,364,A
2024-04-29,351,A
2024-04-30,406,A
2024-05-01,1090,A
2024-05-02,1300,A
2024-05-03,908,A
2024-05-04,745,A
2024-05-05,722,A
2024-05-06,645,A
2024-05-07,6820,A
2024-05-08,9810,A
2024-05-09,6050,A
2024-05-10,2870,A
2024-05-11,1700,A
2024-05-12,1210,A
2024-05-13,1610,A
2024-05-14,1480,A
2024-05-15,1800,A
2024-05-16,2400,A
2024-05-17,1680,A
2024-05-18,1320,A
2024-05-19,1230,A
2024-05-20,4400,A
2024-05-21,3130,A
2024-05-22,1890,A
2024-05-23,1280,A
2024-05-24,1960,A
2024-05-25,1660,A
2024-05-26,1140,A
2024-05-27,890,A
2024-05-28,767,A
2024-05-29,712,A
2024-05-30,658,A
2024-05-31,636,A
2024-06-01,608,A
2024-06-02,587,A
2024-06-03,899,A
2024-06-04,767,A
2024-06-05,1060,A
2024-06-06,895,A
2024-06-07,658,A
2024-06-08,533,A
2024-06-09,519,A
2024-06-10,510,A
2024-06-11,457,A
2024-06-12,404,A
2024-06-13,363,A
2024-06-14,339,A
2024-06-15,296,A
2024-06-16,260,A
2024-06-17,235,A
2024-06-18,203,A
2024-06-19,209,A
2024-06-20,200,A
2024-06-21,196,A
2024-06-22,168,A
2024-06-23,163,A
2024-06-24,148,A
2024-06-25,148,A
2024-06-26,962,A
2024-06-27,673,A
2024-06-28,858,A
2024-06-29,385,A
2024-06-30,261,A
2024-07-01,240,A
2024-07-02,266,A
2024-07-03,276,A
2024-07-04,330,A
2024-07-05,1870,A
2024-07-06,1100,A
2024-07-07,1050,A
2024-07-08,2010,A
2024-07-09,6440,A
2024-07-10,3290,A
2024-07-11,1640,A
2024-07-12,1140,A
2024-07-13,940,A
2024-07-14,768,A
2024-07-15,698,A
2024-07-16,607,A
2024-07-17,587,A
2024-07-18,496,A
2024-07-19,443,A
2024-07-20,482,A
2024-07-21,3450,A
2024-07-22,925,A
2024-07-23,950,A
2024-07-24,901,A
2024-07-25,699,A
2024-07-26,576,A
2024-07-27,493,A
2024-07-28,431,A
2024-07-29,384,A
2024-07-30,343,A
2024-07-31,305,A
2024-08-01,287,A:e
2024-08-02,277,A
2024-08-03,252,A
2024-08-04,231,A
2024-08-05,202,A
2024-08-06,191,A
2024-08-07,174,A:e
2024-08-08,146,A
2024-08-09,139,A
2024-08-10,198,A
2024-08-11,296,A
2024-08-12,817,A
2024-08-13,4480,A
2024-08-14,2260,A
2024-08-15,1230,A
2024-08-16,950,A
2024-08-17,694,A
2024-08-18,584,A
2024-08-19,480,A
2024-08-20,410,A
2024-08-21,354,A
2024-08-22,308,A
2024-08-23,268,A
2024-08-24,236,A
2024-08-25,210,A
2024-08-26,199,A
2024-08-27,182,A
2024-08-28,160,A
2024-08-29,144,A
2024-08-30,135,A
2024-08-31,137,A
2024-09-01,154,A
2024-09-02,114,A
2024-09-03,111,A
2024-09-04,124,A
2024-09-05,116,A
2024-09-06,96.5,A
2024-09-07,86.7,A
2024-09-08,86,A
2024-09-09,79.2,A
2024-09-10,69.9,A
2024-09-11,63.6,A
2024-09-12,62.4,A:e
2024-09-13,57.7,A
2024-09-14,47.9,A
2024-09-15,47.3,A
2024-09-16,51.8,A
2024-09-17,38.6,A
2024-09-18,32.1,A
2024-09-19,26.3,A
2024-09-20,28.5,A
2024-09-21,22.2,A
2024-09-22,27.1,A
2024-09-23,53.3,A
2024-09-24,59.8,A
2024-09-25,75.4,A
2024-09-26,119,A
2024-09-27,105,A
2024-09-28,132,A
2024-09-29,107,A
2024-09-30,121,A
2024-10-01,123,A
2024-10-02,122,A
2024-10-03,111,A
2024-10-04,102,A
2024-10-05,94.7,A
2024-10-06,92.5,A
2024-10-07,90.5,A
2024-10-08,87.4,A
2024-10-09,84.8,A
2024-10-10,79.9,A
2024-10-11,75.6,A
2024-10-12,76.4,A
2024-10-13,74.6,A:e
2024-10-14,71.8,A:e
2024-10-15,71.8,A:e
2024-10-16,70.6,A
2024-10-17,67.3,A
2024-10-18,67.6,A
2024-10-19,70.1,A
2024-10-20,69.9,A
2024-10-21,67,A
2024-10-22,69.1,A
2024-10-23,68.2,A
2024-10-24,64.4,A
2024-10-25,63.5,A
2024-10-26,65.8,A
2024-10-27,67.6,A
2024-10-28,61.4,A
2024-10-29,57.5,A
2024-10-30,62.3,A
2024-10-31,114,A
2024-11-01,502,A
2024-11-02,327,A
2024-11-03,2170,A
2024-11-04,8040,A
2024-11-05,11800,A
2024-11-06,8030,A
2024-11-07,3320,A
2024-11-08,1990,A
2024-11-09,8690,A
2024-11-10,12600,A
2024-11-11,6440,A
2024-11-12,3930,A
2024-11-13,2740,A
2024-11-14,1930,A
2024-11-15,1580,A
2024-11-16,1330,A
2024-11-17,1200,A
2024-11-18,1420,A
2024-11-19,2820,A
2024-11-20,6370,A
2024-11-21,4790,A
2024-11-22,4100,A
2024-11-23,2650,A
2024-11-24,2130,A
2024-11-25,1840,A
2024-11-26,1660,A
2024-11-27,1420,A
2024-11-28,1230,A
2024-11-29,1120,A
2024-11-30,1010,A
2024-12-01,929,A
2024-12-02,853,A
2024-12-03,811,A
2024-12-04,767,A
2024-12-05,711,A
2024-12-06,694,A
2024-12-07,666,A
2024-12-08,646,A
2024-12-09,633,A
2024-12-10,611,A
2024-12-11,610,A
2024-12-12,588,A
2024-12-13,565,A
2024-12-14,564,A
2024-12-15,547,A
2024-12-16,538,A
2024-12-17,523,A
2024-12-18,516,A
2024-12-19,507,A
2024-12-20,497,A
2024-12-21,490,A
2024-12-22,481,A
2024-12-23,484,A
2024-12-24,534,A
2024-12-25,560,A
2024-12-26,688,A
2024-12-27,675,A
2024-12-28,600,A
2024-12-29,554,A
2024-12-30,519,A
2024-12-31,499,A:e
2025-01-01,495,A
2025-01-02,489,A
2025-01-03,479,A
2025-01-04,465,A
2025-01-05,464,A:e
2025-01-06,424,A:e
2025-01-07,411,A:e
2025-01-08,403,A:e
2025-01-09,421,A:e
2025-01-10,425,A:e
2025-01-11,448,A:e
2025-01-12,483,A
2025-01-13,497,A
2025-01-14,496,A
2025-01-15,497,A
2025-01-16,490,A
2025-01-17,479,A
2025-01-18,488,A
2025-01-19,481,A:e
2025-01-20,426,A:e
2025-01-21,396,A:e
2025-01-22,428,A:e
2025-01-23,417,A:e
2025-01-24,425,A:e
2025-01-25,441,A:e
2025-01-26,411,A
2025-01-27,430,A
2025-01-28,442,A
2025-01-29,449,A
2025-01-30,454,A
2025-01-31,456,A:e
2025-02-01,452,A
2025-02-02,471,A
2025-02-03,454,A:e
2025-02-04,439,A
2025-02-05,441,A:e
2025-02-06,433,A
2025-02-07,444,A
2025-02-08,428,A:e
2025-02-09,410,A
2025-02-10,424,A
2025-02-11,407,A
2025-02-12,415,A
2025-02-13,419,A
2025-02-14,409,A
2025-02-15,412,A
2025-02-16,404,A
2025-02-17,407,A:e
2025-02-18,383,A:e
2025-02-19,353,A:e
2025-02-20,346,A:e
2025-02-21,346,A:e
2025-02-22,360,A:e
2025-02-23,412,A:e
2025-02-24,463,A
2025-02-25,429,A
2025-02-26,430,A
2025-02-27,421,A:e
2025-02-28,429,A
2025-03-01,419,A
2025-03-02,402,A
2025-03-03,389,A
2025-03-04,505,A
2025-03-05,539,A
2025-03-06,759,A
2025-03-07,675,A
2025-03-08,557,A
2025-03-09,497,A
2025-03-10,455,A
2025-03-11,514,A
2025-03-12,476,A
2025-03-13,432,A
2025-03-14,390,A:e
2025-03-15,380,A
2025-03-16,370,A
2025-03-17,345,A
2025-03-18,323,A
2025-03-19,330,A
2025-03-20,325,A
2025-03-21,316,A
2025-03-22,309,A
2025-03-23,300,A
2025-03-24,310,A:e
2025-03-25,306,A
2025-03-26,300,A:e
2025-03-27,299,A:e
2025-03-28,298,A:e
2025-03-29,294,A:e
2025-03-30,313,A
2025-03-31,313,A
2025-04-01,416,A
2025-04-02,486,A
2025-04-03,450,A
2025-04-04,431,A
2025-04-05,550,A
2025-04-06,619,A
2025-04-07,892,A
2025-04-08,772,A
2025-04-09,627,A
2025-04-10,516,A
2025-04-11,458,A
2025-04-12,406,A
2025-04-13,371,A
2025-04-14,349,A
2025-04-15,337,A
2025-04-16,314,A
2025-04-17,291,A
2025-04-18,287,A
2025-04-19,312,A
2025-04-20,956,A
2025-04-21,1050,A
2025-04-22,2440,A
2025-04-23,1640,A
2025-04-24,1830,A
2025-04-25,1290,A
2025-04-26,1090,A
2025-04-27,2130,A
2025-04-28,4180,A
2025-04-29,4930,A
2025-04-30,16800,A
2025-05-01,18400,A
2025-05-02,13100,A
2025-05-03,7540,A
2025-05-04,5110,A
2025-05-05,3620,A
2025-05-06,3160,A
2025-05-07,3880,A
2025-05-08,7350,A
2025-05-09,4750,A
2025-05-10,3100,A
2025-05-11,2380,A
2025-05-12,2030,A
2025-05-13,1710,A
2025-05-14,1480,A
2025-05-15,1310,A
2025-05-16,1170,A
2025-05-17,1060,A:e
2025-05-18,1000,A:e
2025-05-19,929,A
2025-05-20,1040,A
2025-05-21,932,A:e
2025-05-22,836,A
2025-05-23,756,A
2025-05-24,1740,A
2025-05-25,1040,A
2025-05-26,2640,A
2025-05-27,1410,A
2025-05-28,1470,A
2025-05-29,1590,A
2025-05-30,2160,A
2025-05-31,2980,A
2025-06-01,5690,A
2025-06-02,4800,A
2025-06-03,4910,A
2025-06-04,7820,A
2025-06-05,11000,A
2025-06-06,6780,A
2025-06-07,16200,A
2025-06-08,15200,A
2025-06-09,12200,A
2025-06-10,9960,A
2025-06-11,6660,A
2025-06-12,5190,A
2025-06-13,4130,A
2025-06-14,3470,A
2025-06-15,15900,A
2025-06-16,24300,A
2025-06-17,13200,A
2025-06-18,18000,A
2025-06-19,21100,A
2025-06-20,14600,A
2025-06-21,7880,A
2025-06-22,5300,A
2025-06-23,3960,A
2025-06-24,3070,A
2025-06-25,2450,A
2025-06-26,2060,A
2025-06-27,1940,A
2025-06-28,4390,A
2025-06-29,3180,A
2025-06-30,2160,A
2025-07-01,2220,A
2025-07-02,1680,A
2025-07-03,1470,A
2025-07-04,1330,A
2025-07-05,2490,A
2025-07-06,1850,A
2025-07-07,1350,A
2025-07-08,1370,A
2025-07-09,1260,A
2025-07-10,1540,A
2025-07-11,1270,A
2025-07-12,1340,A
2025-07-13,2340,A
2025-07-14,3610,A
2025-07-15,2130,A
2025-07-16,1190,A
2025-07-17,963,A
2025-07-18,859,A
2025-07-19,772,A
2025-07-20,757,A
2025-07-21,679,A:e
2025-07-22,622,A:e
2025-07-23,581,A
2025-07-24,552,A
2025-07-25,541,A
2025-07-26,523,A
2025-07-27,558,A
2025-07-28,785,A
2025-07-29,598,A
2025-07-30,524,A
2025-07-31,479,A
2025-08-01,608,A
2025-08-02,484,A
2025-08-03,473,A
2025-08-04,538,A
2025-08-05,533,A
2025-08-06,533,A
2025-08-07,530,A
2025-08-08,472,A
2025-08-09,434,A
2025-08-10,425,A
2025-08-11,433,A
2025-08-12,430,A
2025-08-13,404,A
2025-08-14,419,A
2025-08-15,407,A
2025-08-16,399,A
2025-08-17,468,A
2025-08-18,508,A
2025-08-19,448,A:e
2025-08-20,401,A
2025-08-21,400,A:e
2025-08-22,459,A
2025-08-23,437,A
2025-08-24,377,A
2025-08-25,409,A
2025-08-26,449,A
2025-08-27,888,A
2025-08-28,1780,A
2025-08-29,1880,A
2025-08-30,1900,A
2025-08-31,2870,A
2025-09-01,3600,A
2025-09-02,3070,A
2025-09-03,2710,A
2025-09-04,2690,A
2025-09-05,2860,A
2025-09-06,1990,A
2025-09-07,1580,A
2025-09-08,1290,A:e
2025-09-09,1120,A:e
2025-09-10,1000,A
2025-09-11,916,A:e
2025-09-12,848,A:e
2025-09-13,780,A:e
2025-09-14,731,A:e
2025-09-15,693,A
2025-09-16,676,A
2025-09-17,677,A
2025-09-18,701,A
2025-09-19,687,A
2025-09-20,649,A
2025-09-21,632,A
2025-09-22,670,A
2025-09-23,883,A:e
2025-09-24,699,A:e
2025-09-25,634,A:e
2025-09-26,680,A
2025-09-27,650,A
2025-09-28,677,A
2025-09-29,641,A
2025-09-30,604,A
2025-10-01,629,A:e
2025-10-02,611,A
2025-10-03,578,A:e
2025-10-04,547,A:e
2025-10-05,515,A:e
2025-10-06,496,A
2025-10-07,464,A
2025-10-08,456,A
2025-10-09,451,A:e
2025-10-10,437,A:e
2025-10-11,426,A
2025-10-12,416,A:e
2025-10-13,414,A
2025-10-14,422,A
2025-10-15,419,A:e
2025-10-16,420,A:e
2025-10-17,425,A
2025-10-18,418,A:e
2025-10-19,398,A:e
2025-10-20,376,A:e
2025-10-21,372,A
2025-10-22,365,A
2025-10-23,363,A
2025-10-24,703,A
2025-10-25,2530,A
2025-10-26,3130,A
2025-10-27,3000,A
2025-10-28,1550,A
2025-10-29,1250,A
2025-10-30,1090,A
2025-10-31,915,A
2025-11-01,752,A:e
2025-11-02,663,A:e
2025-11-03,623,A
2025-11-04,579,A:e
2025-11-05,550,A:e
2025-11-06,526,A:e
2025-11-07,511,A:e
2025-11-08,499,A:e
2025-11-09,476,A
2025-11-10,476,A:e
2025-11-11,465,A:e
2025-11-12,459,A
2025-11-13,449,A:e
2025-11-14,448,A:e
2025-11-15,441,A
2025-11-16,441,A:e
2025-11-17,434,P:e
2025-11-18,440,P
2025-11-19,436,P
2025-11-20,493,P
2025-11-21,536,P
2025-11-22,836,P
2025-11-23,696,P
2025-11-24,658,P
2025-11-25,921,P
2025-11-26,1080,P
2025-11-27,881,P
2025-11-28,723,P
2025-11-29,670,P
2025-11-30,649,P
2025-12-01,637,P
2025-12-02,616,P
2025-12-03,602,P:e
2025-12-04,586,P:e
2025-12-05,576,P:e
2025-12-06,567,P:e
2025-12-07,556,P:e
2025-12-08,554,P:e
2025-12-09,552,P:e
2025-12-10,541,P:e
2025-12-11,534,P:e
2025-12-12,530,P:e
2025-12-13,525,P:e
2025-12-14,520,P:e
2025-12-15,522,P:e
2025-12-16,524,P
2025-12-17,523,P:e
2025-12-18,516,P:e
2025-12-19,512,P:e
2025-12-20,508,P:e
2025-12-21,499,P:e
2025-12-22,494,P:e
2025-12-23,497,P:e
2025-12-24,493,P:e
2025-12-25,491,P:e
2025-12-26,485,P:e
2025-12-27,481,P:e
2025-12-28,478,P:e
2025-12-29,478,P:e
2025-12-30,475,P:e
2025-12-31,472,P
2026-01-01,478,P
2026-01-02,477,P:e
2026-01-03,479,P:e
2026-01-04,474,P:e
2026-01-05,470,P:e
2026-01-06,472,P
2026-01-07,471,P:e
2026-01-08,522,P:e
2026-01-09,546,P
2026-01-10,549,P
2026-01-11,624,P
2026-01-12,546,P:e
2026-01-13,506,P:e
2026-01-14,483,P:e
2026-01-15,478,P:e
2026-01-16,473,P
2026-01-17,466,P:e
2026-01-18,467,P:e
2026-01-19,470,P:e
2026-01-20,460,P:e
2026-01-21,459,P:e
2026-01-22,459,P
2026-01-23,440,P
2026-01-24,431,P:e
2026-01-25,331,P:e
2026-01-26,283,P:e
2026-01-27,272,P:e
2026-01-28,287,P:e
2026-01-29,312,P:e
2026-01-30,339,P:e
2026-01-31,338,P:e
2026-02-01,384,P:e
2026-02-02,583,P:e
2026-02-03,544,P:e
2026-02-04,642,P
2026-02-05,682,P
2026-02-06,663,P:e
2026-02-07,614,P:e
2026-02-08,595,P
2026-02-09,578,P:e
2026-02-10,546,P
2026-02-11,531,P
2026-02-12,516,P:e
2026-02-13,499,P
2026-02-14,492,P
2026-02-15,494,P
2026-02-16,572,P
2026-02-17,638,P
2026-02-18,579,P:e
2026-02-19,544,P:e
2026-02-20,629,P
2026-02-21,572,P
2026-02-22,526,P
2026-02-23,512,P:e
2026-02-24,491,P:e
2026-02-25,476,P
2026-02-26,461,P
2026-02-27,453,P
2026-02-28,443,P:e
2026-03-01,446,P
2026-03-02,429,P
2026-03-03,436,P:e
2026-03-04,434,P:e
2026-03-05,430,P:e
2026-03-06,422,P:e
2026-03-07,443,P
2026-03-08,453,P:e
2026-03-09,429,P
2026-03-10,590,P
2026-03-11,622,P
2026-03-12,553,P:e
2026-03-13,547,P:e
2026-03-14,509,P:e
2026-03-15,460,P:e
2026-03-16,421,P
2026-03-17,413,P
2026-03-18,411,P:e
2026-03-19,399,P
2026-03-20,386,P:e
2026-03-21,380,P
2026-03-22,367,P
2026-03-23,358,P
2026-03-24,363,P
2026-03-25,348,P
2026-03-26,337,P
2026-03-27,334,P
2026-03-28,333,P
2026-03-29,320,P
2026-03-30,312,P
2026-03-31,304,P
2026-04-01,316,P
2026-04-02,440,P
2026-04-03,618,P
2026-04-04,1230,P
2026-04-05,884,P
2026-04-06,874,P
2026-04-07,661,P
2026-04-08,491,P
2026-04-09,411,P
2026-04-10,397,P
2026-04-11,415,P
2026-04-12,480,P
2026-04-13,442,P
2026-04-14,763,P
2026-04-15,703,P
2026-04-16,531,P
2026-04-17,459,P
2026-04-18,456,P
2026-04-19,581,P
2026-04-20,637,P
2026-04-21,504,P
2026-04-22,433,P
2026-04-23,370,P
2026-04-24,416,P
2026-04-25,2100,P
2026-04-26,1220,P
2026-04-27,701,P
2026-04-28,542,P
2026-04-29,466,P
2026-04-30,432,P
2026-05-01,407,P:e
2026-05-02,385,P
2026-05-03,352,P
2026-05-04,336,P
2026-05-05,335,P
2026-05-06,332,P:e
2026-05-07,326,P:e
2026-05-08,320,P:e
2026-05-09,328,P:e
2026-05-10,345,P
2026-05-11,354,P
2026-05-12,505,P
2026-05-13,557,P
2026-05-14,400,P
2026-05-15,338,P
2026-05-16,313,P
2026-05-17,295,P
2026-05-18,289,P
2026-05-19,290,P
2026-05-20,277,P
2026-05-21,303,P
2026-05-22,405,P
2026-05-23,519,P
2026-05-24,987,P
2026-05-25,1510,P
2026-05-26,816,P
2026-05-27,618,P
2026-05-28,504,P
2026-05-29,430,P
2026-05-30,428,P
2026-05-31,423,P
2026-06-01,422,P
2026-06-02,398,P
2026-06-03,579,P
2026-06-04,2040,P
2026-06-05,776,P
2026-06-06,505,P
2026-06-07,428,P
2026-06-08,1570,P
2026-06-09,1110,P
2026-06-10,847,P
2026-06-11,626,P
2026-06-12,510,P
2026-06-13,446,P
2026-06-14,464,P
2026-06-15,409,P
2026-06-16,412,P
2026-06-17,386,P
2026-06-18,342,P
2026-06-19,318,P
2026-06-20,305,P
2026-06-21,297,P
2026-06-22,570,P
2026-06-23,1180,P
2026-06-24,1410,P
2026-06-25,921,P
2026-06-26,874,P
2026-06-27,876,P
2026-06-28,6580,P
2026-06-29,5390,P
2026-06-30,2090,P
2026-07-01,1180,P
2026-07-02,918,P
2026-07-03,637,P
2026-07-04,501,P
2026-07-05,514,P
2026-07-06,452,P
2026-07-07,593,P
2026-07-08,378,P
2026-07-09,302,P
2026-07-10,271,P
2026-07-11,251,P
2026-07-12,472,P
2026-07-13,269,P
2026-07-14,418,P
2026-07-15,313,P
2026-07-16,268,P
2026-07-17,248,P
2026-07-18,217,P
2026-07-19,199,P
2026-07-20,181,P
2026-07-21,172,P
2026-07-22,161,P
2026-07-23,152,P
2026-07-24,150,P
2026-07-25,152,P
2026-07-26,137,P
2026-07-27,126,P
2026-07-28,124,P
2026-07-29,120,P
2026-07-30,110,P
2026-07-31,104,P
2026-08-01,98.2,P
2026-08-02,90.6,P
2026-08-03,84.5,P
2026-08-04,80,P
2026-08-05,79,P
2026-08-06,74.8,P
2026-08-07,78.2,P
2026-08-08,87,P
2026-08-09,77.3,P
2026-08-10,76.6,P
2026-08-11,90.3,P
2026-08-12,85.2,P
2026-08-13,69.9,P
2026-08-14,65.3,P
2026-08-15,65,P
2026-08-16,64.6,P
2026-08-17,62,P
2026-08-18,69.2,P
2026-08-19,61.3,P
2026-08-20,53.3,P
2026-08-21,59.5,P
2026-08-22,82.6,P
2026-08-23,70.8,P
2026-08-24,70.2,P
2026-08-25,68.7,P
2026-08-26,76.2,P
2026-08-27,79.1,P
2026-08-28,74.5,P
2026-08-29,70.6,P
2026-08-30,68.9,P
2026-08-31,70,P
2026-09-01,71.4,P
2026-09-02,68.9,P
2026-09-03,75.1,P
2026-09-04,80.1,P
2026-09-05,76.9,P
2026-09-06,76.7,P
2026-09-07,80,P
2026-09-08,75.6,P
2026-09-09,78.4,P:[4]
