date,HLX,WTI,BRENT,OIH,VIX,SPY,SLB,HAL,NOV,RIG,OII,TDW,FTI,BKR,WFRD,XOM,CVX,COP,HLX_vol
2012-01-03,16.690001,102.959999,112.129997,790.666687,22.969999,127.500000,70.089996,34.150002,63.904419,40.160000,47.209999,1619.354858,38.943451,51.020000,,86.000000,110.370003,56.541019,1186146
2012-01-04,16.450001,103.220001,113.699997,792.266663,22.219999,127.699997,69.559998,35.119999,63.967537,40.549999,46.939999,1596.129028,38.794643,51.529999,,86.019997,110.180000,56.274208,917856
2012-01-05,16.389999,101.809998,112.739998,783.866638,21.480000,128.039993,68.070000,34.560001,63.796211,39.730000,47.119999,1581.612915,38.482143,50.820000,,85.760002,109.099998,55.824444,759803
2012-01-06,16.340000,101.559998,113.059998,782.000000,20.629999,127.709999,67.779999,34.980000,63.850315,39.279999,47.209999,1615.806396,38.370537,51.259998,,85.120003,108.309998,55.389919,825692
2012-01-09,16.450001,101.309998,112.449997,787.466675,21.070000,128.020004,68.820000,35.380001,64.517586,38.970001,47.110001,1611.612915,38.645832,51.580002,,85.500000,109.489998,55.603371,724726
2012-01-10,17.330000,102.239998,113.279999,806.666687,20.690001,129.130005,70.750000,36.330002,66.627594,40.930000,47.660000,1632.903198,39.159225,51.950001,,85.720001,109.059998,55.862556,1112011
2012-01-11,17.129999,100.870003,112.239998,796.000000,21.049999,129.199997,70.160004,35.380001,66.402161,41.040001,47.400002,1626.774170,38.675594,50.209999,,85.080002,107.769997,54.894417,1466320
2012-01-12,16.900000,99.099998,111.260002,788.933350,20.469999,129.509995,69.699997,34.730000,66.095581,40.570000,46.919998,1612.903198,39.352680,48.290001,,84.739998,104.970001,53.941521,711598
2012-01-13,16.170000,98.699997,110.440002,777.866638,20.910000,128.839996,67.989998,33.939999,65.924255,40.310001,46.299999,1607.419312,38.221725,48.020000,,84.879997,106.089996,53.621346,929099
2012-01-17,15.980000,100.709999,111.529999,782.133362,22.200001,129.339996,67.639999,33.860001,66.834984,41.810001,46.490002,1640.322632,38.050594,47.700001,,85.690002,106.720001,53.972012,1534246
2012-01-18,16.219999,100.589996,110.660004,807.866638,20.889999,130.770004,70.629997,34.990002,68.052299,43.540001,47.919998,1722.258057,39.077381,48.560001,,86.449997,106.830002,54.505634,1359841
2012-01-19,16.100000,100.389999,111.550003,821.933350,19.870001,131.460007,72.860001,36.250000,68.349869,45.040001,48.380001,1748.387085,39.955357,48.770000,,87.029999,106.930000,54.330299,858118
2012-01-20,16.129999,98.459999,109.860001,817.933350,18.280001,131.949997,73.800003,36.200001,67.448151,44.720001,47.799999,1731.612915,39.181549,49.279999,,87.489998,106.889999,54.276939,766007
2012-01-23,16.260000,99.580002,110.580002,817.533325,18.670000,131.610001,74.160004,35.439999,68.512177,45.200001,47.570000,1760.967773,38.809525,47.730000,,87.470001,107.010002,53.789055,875040
2012-01-24,16.330000,98.949997,110.029999,821.599976,18.910000,131.460007,74.589996,36.360001,68.512177,45.830002,47.639999,1769.354858,38.854168,47.439999,,87.180000,106.720001,53.827171,698940
2012-01-25,16.750000,99.400002,109.809998,837.333313,18.309999,132.559998,76.190002,36.410000,69.612267,47.360001,47.980000,1776.451660,40.119049,48.160000,,87.220001,107.730003,53.346912,1108105
2012-01-26,16.320000,99.699997,110.790001,826.599976,18.570000,131.880005,75.980003,36.160000,68.521187,47.259998,47.099998,1768.709717,39.538689,48.099998,,86.769997,106.589996,53.003868,958490
2012-01-27,16.620001,99.559998,111.459999,837.400024,18.530001,131.820007,76.660004,37.099998,69.792603,48.130001,48.540001,1754.193604,39.270832,49.310001,,85.830002,103.959999,52.904770,500237
2012-01-30,16.469999,98.779999,110.750000,831.066650,19.400000,131.369995,76.269997,36.669998,68.034264,46.849998,48.619999,1748.387085,38.675594,49.419998,,85.489998,103.410004,52.386395,486236
2012-01-31,16.450001,98.480003,110.980003,827.400024,19.440001,131.320007,75.169998,36.779999,66.708748,47.299999,48.590000,1737.096802,38.028275,49.130001,,83.739998,103.120003,51.997612,873138
2012-02-01,16.830000,97.610001,111.559998,835.533325,18.549999,132.470001,76.120003,36.639999,67.339943,48.209999,50.389999,1761.290283,39.062500,49.580002,,83.970001,102.790001,52.843784,904451
2012-02-02,17.240000,96.360001,112.070000,847.799988,17.980000,132.679993,77.309998,36.540001,69.504059,48.869999,50.299999,1865.161255,39.218750,50.650002,,83.529999,103.690002,53.293552,1038609
2012-02-03,18.150000,97.839996,114.580002,862.933350,17.100000,134.539993,78.660004,36.830002,74.066727,49.200001,51.230000,1868.064575,39.739582,51.000000,,84.919998,105.500000,53.712826,1581309
2012-02-06,18.360001,96.910004,115.930000,874.000000,17.760000,134.449997,79.639999,37.400002,75.428314,49.720001,52.270000,1878.709717,40.416668,52.090000,,85.750000,106.669998,54.368416,999834
2012-02-07,18.299999,98.410004,116.230003,870.400024,17.650000,134.789993,79.500000,37.000000,74.039673,49.360001,52.459999,1887.096802,40.349701,51.029999,,86.339996,106.830002,54.825806,1026718
2012-02-08,18.639999,98.709999,117.199997,867.533325,18.160000,135.190002,78.410004,37.020000,73.733093,49.439999,52.900002,1878.064575,40.238094,49.910000,,85.320000,106.760002,55.077370,1048134
2012-02-09,18.370001,99.839996,118.589996,868.400024,18.629999,135.360001,78.639999,36.770000,74.355278,50.529999,52.450001,1888.064575,39.546131,49.040001,,84.879997,106.370003,54.543751,1052903
2012-02-10,18.040001,98.669998,117.309998,859.866638,20.790001,134.360001,77.169998,36.060001,74.535622,50.209999,52.740002,1934.516113,40.186012,47.619999,,83.800003,105.279999,55.077370,711918
2012-02-13,18.410000,100.910004,117.930000,865.400024,19.040001,135.360001,78.029999,36.139999,74.481514,49.310001,54.180000,1939.677368,40.446430,47.900002,,84.419998,106.379997,55.504269,428785
2012-02-14,18.420000,100.739998,118.160004,862.000000,19.540001,135.190002,77.800003,35.700001,75.680794,48.439999,54.049999,1942.580688,40.007439,48.000000,,84.669998,106.489998,56.106499,517040
2012-02-15,18.150000,101.800003,118.930000,851.599976,21.139999,134.559998,77.360001,35.230000,74.715958,48.750000,53.490002,1910.967773,37.961311,47.419998,,84.120003,105.000000,55.992149,618427
2012-02-16,18.650000,102.309998,120.110001,865.000000,19.219999,136.050003,78.059998,35.639999,76.239853,49.250000,54.270000,1971.612915,38.206844,48.500000,,85.410004,106.519997,55.481400,586817
2012-02-17,18.629999,103.239998,119.580002,871.799988,17.780001,136.410004,77.739998,36.290001,75.563568,50.790001,54.889999,2000.967773,38.229168,50.060001,,85.620003,106.660004,55.923542,547565
2012-02-21,19.280001,105.839996,121.660004,873.400024,18.190001,136.470001,78.580002,37.029999,76.266907,49.389999,54.910000,1967.741943,38.050594,51.240002,,86.570000,108.410004,56.281830,1160806
2012-02-22,18.959999,106.279999,122.900002,889.799988,18.190001,136.029999,80.000000,38.240002,78.611359,48.990002,56.009998,1979.677368,38.504463,52.360001,,86.919998,107.500000,56.510525,1433513
2012-02-23,18.910000,107.830002,123.620003,893.200012,16.799999,136.630005,79.589996,38.209999,77.754730,50.610001,56.799999,2023.225830,38.764881,52.400002,,87.019997,108.349998,57.028900,1331844
2012-02-24,19.270000,109.769997,125.470001,893.799988,17.309999,136.929993,79.849998,38.509998,77.583405,50.730000,55.980000,1963.225830,38.891369,51.959999,,87.339996,109.080002,57.897942,994573
2012-02-27,19.580000,108.559998,124.169998,887.400024,18.190001,137.160004,79.110001,37.750000,76.853020,53.430000,55.250000,1951.290283,38.258930,50.570000,,87.230003,109.629997,58.263855,1928301
2012-02-28,19.559999,106.550003,121.550003,884.400024,17.959999,137.559998,78.779999,37.680000,76.221825,54.180000,54.950001,1947.419312,38.177082,51.000000,,87.139999,109.610001,58.904202,1896925
2012-02-29,19.240000,107.070000,122.660004,870.599976,18.430000,137.020004,77.610001,36.590000,74.418396,53.340000,54.270000,1919.354858,37.522320,50.279999,,86.500000,109.120003,58.355331,1176556
2012-03-01,19.379999,108.839996,126.199997,883.400024,17.260000,137.729996,78.370003,36.500000,75.825066,53.570000,54.639999,1943.225830,38.087799,50.759998,,86.830002,109.760002,59.628403,1135444
2012-03-02,18.889999,106.699997,123.650002,873.599976,17.290001,137.309998,77.190002,36.049999,74.156898,54.189999,54.000000,1938.064575,37.663689,49.029999,,86.330002,109.610001,59.193882,879847
2012-03-05,18.930000,106.720001,123.800003,856.200012,18.049999,136.750000,75.690002,35.070000,72.082954,52.500000,54.349998,1940.000000,37.812500,48.060001,,87.010002,109.320000,59.125271,890758
2012-03-06,18.530001,104.699997,121.980003,834.000000,20.870001,134.750000,73.790001,34.130001,69.918846,51.439999,53.349998,1884.193604,37.395832,47.169998,,85.860001,108.849998,58.279102,843107
2012-03-07,17.889999,106.160004,124.120003,845.200012,19.070000,135.690002,74.699997,34.209999,72.128044,53.020000,53.650002,1879.354858,37.775299,47.549999,,85.830002,109.459999,58.713619,3482722
2012-03-08,18.150000,106.580002,125.440002,861.400024,17.950001,137.039993,75.820000,34.779999,73.489632,53.980000,54.160000,1897.096802,38.325893,48.750000,,84.830002,110.029999,58.866085,2029159
2012-03-09,18.480000,107.400002,125.980003,862.000000,17.110001,137.570007,75.839996,34.880001,73.381424,53.759998,54.849998,1889.354858,38.571430,48.790001,,84.300003,109.570000,58.820347,2267078
2012-03-12,18.170000,106.339996,125.339996,845.200012,15.640000,137.580002,74.019997,34.700001,72.209198,52.160000,53.400002,1787.741943,37.790180,47.590000,,85.550003,110.000000,58.934692,1021179
2012-03-13,18.760000,106.709999,126.220001,860.000000,14.800000,140.059998,74.769997,35.340000,73.814247,53.549999,54.439999,1799.032227,38.526787,48.599998,,86.860001,111.190002,59.277737,1057157
2012-03-14,18.360001,105.430000,124.970001,845.400024,15.310000,139.910004,74.019997,34.180000,72.290352,53.369999,53.570000,1747.741943,37.991070,47.900002,,86.019997,110.690002,59.087154,1071373
2012-03-15,18.650000,105.110001,123.550003,853.400024,15.420000,140.720001,74.919998,33.910000,72.344452,56.139999,54.009998,1747.419312,38.467262,47.590000,,86.089996,110.029999,58.416317,1018426
2012-03-16,18.770000,107.059998,125.809998,876.400024,14.470000,140.300003,76.760002,34.540001,75.347160,58.700001,55.580002,1799.032227,38.943451,48.950001,,86.440002,110.279999,58.835590,1280190
2012-03-19,18.650000,108.089996,125.709999,876.000000,15.040000,140.850006,77.099998,35.000000,74.779083,58.119999,55.490002,1786.451660,38.764881,48.869999,,86.989998,110.699997,59.514053,931843
2012-03-20,18.330000,105.610001,124.120003,860.000000,15.580000,140.440002,75.709999,34.759998,73.814247,57.380001,53.599998,1767.096802,37.961311,47.820000,,86.599998,109.080002,59.132896,598968
2012-03-21,18.209999,107.269997,124.199997,843.799988,15.130000,140.210007,74.010002,34.130001,72.560867,56.770000,53.049999,1751.612915,36.941963,45.040001,,86.010002,107.910004,58.919449,758677
2012-03-22,17.670000,105.349998,123.139999,820.400024,15.570000,139.199997,71.980003,32.980000,71.181244,55.200001,52.270000,1720.000000,35.907738,43.220001,,85.330002,105.349998,57.852203,936946
2012-03-23,18.090000,106.870003,125.129997,833.000000,14.820000,139.649994,73.180000,33.419998,72.660057,55.869999,53.439999,1746.451660,36.049107,43.709999,,85.550003,106.360001,58.324841,621512
2012-03-26,18.350000,107.029999,125.650002,835.599976,14.260000,141.610001,72.400002,33.650002,72.209198,56.619999,53.970001,1779.032227,36.897320,43.110001,,87.029999,107.839996,58.972809,852642
2012-03-27,17.990000,107.330002,125.540001,814.000000,15.590000,141.169998,69.959999,32.830002,70.522995,54.730000,53.320000,1729.354858,36.495537,41.950001,,86.620003,107.040001,58.576405,505017
2012-03-28,17.950001,105.410004,124.160004,805.200012,15.470000,140.470001,69.779999,32.480000,70.811539,53.660000,53.240002,1721.612915,36.049107,40.820000,,85.860001,105.889999,57.920811,737624
2012-03-29,17.879999,102.779999,122.389999,803.400024,15.480000,140.229996,69.139999,32.770000,70.928764,53.790001,53.150002,1722.580688,37.031250,40.790001,,86.080002,106.849998,57.783596,537988
2012-03-30,17.799999,103.019997,122.879997,812.400024,15.500000,140.809998,69.930000,33.189999,71.659149,54.700001,53.889999,1742.580688,37.514881,41.939999,,86.730003,107.209999,57.943684,643800
2012-04-02,18.070000,105.230003,125.430000,818.000000,15.640000,141.839996,69.839996,33.450001,72.380524,55.209999,54.380001,1746.451660,37.589287,42.459999,,87.070000,108.300003,58.599274,920234
2012-04-03,18.070000,104.010002,124.860001,817.000000,15.660000,141.259995,69.730003,33.599998,72.741211,53.639999,54.860001,1732.258057,37.604168,41.740002,,85.830002,107.139999,58.172379,999199
2012-04-04,17.490000,101.470001,122.339996,802.000000,16.440001,139.860001,68.690002,33.000000,71.451759,51.869999,54.389999,1706.129028,36.688988,41.330002,,84.980003,105.599998,58.073277,977008
2012-04-05,17.590000,103.309998,123.430000,798.000000,16.700001,139.789993,68.419998,32.770000,71.884583,51.090000,53.900002,1729.354858,36.272320,41.000000,,84.820000,104.750000,57.448177,1064461
2012-04-09,17.219999,102.459999,122.669998,788.599976,18.809999,138.220001,67.589996,32.380001,70.522995,50.820000,53.520000,1702.580688,35.766369,40.580002,,83.879997,103.489998,57.211857,807082
2012-04-10,16.629999,101.019997,119.879997,773.400024,20.389999,135.899994,67.260002,31.990000,68.530205,49.799999,51.500000,1671.612915,34.880951,40.279999,,82.169998,101.449997,56.175106,1135550
2012-04-11,16.750000,102.699997,120.180000,778.400024,20.020000,137.000000,68.120003,32.130001,69.404869,49.139999,51.000000,1692.258057,35.334820,40.480000,,82.699997,100.949997,56.068382,619425
2012-04-12,17.340000,103.639999,121.709999,804.000000,17.200001,138.789993,70.339996,33.180000,72.551849,50.270000,53.410000,1738.387085,35.900299,41.770000,,83.599998,102.589996,56.815453,666192
2012-04-13,16.860001,102.830002,121.830002,784.200012,19.549999,137.139999,68.379997,32.410000,70.802528,48.740002,52.480000,1716.129028,35.059525,41.049999,,82.949997,100.779999,56.129368,604716
2012-04-16,16.559999,102.930000,118.680000,772.400024,19.549999,137.050003,67.440002,32.060001,70.252480,47.980000,50.910000,1704.516113,34.508930,40.799999,,84.010002,101.510002,56.281830,951847
2012-04-17,17.139999,104.199997,118.779999,788.400024,18.459999,139.080002,69.349998,32.660000,71.704239,49.450001,51.599998,1727.741943,35.163689,41.529999,,85.449997,103.620003,56.609627,718972
2012-04-18,16.969999,102.669998,117.970001,793.200012,18.639999,138.610001,69.930000,34.169998,71.262398,48.860001,51.910000,1719.677368,35.595238,41.310001,,85.750000,103.389999,55.870182,650890
2012-04-19,16.900000,102.269997,118.000000,793.000000,18.360001,137.720001,69.800003,33.980000,70.459877,50.279999,51.549999,1710.000000,35.230656,41.020000,,85.279999,102.510002,55.565254,756773
2012-04-20,17.360001,103.050003,118.760002,791.799988,17.440001,137.949997,71.699997,33.290001,70.045090,50.290001,51.270000,1714.516113,35.267857,40.459999,,85.300003,102.519997,55.557632,1561545
2012-04-23,18.530001,103.110001,118.709999,788.599976,18.969999,136.789993,71.190002,32.950001,69.693420,49.549999,50.990002,1694.193604,35.141369,41.070000,,85.690002,102.440002,55.138355,2589986
2012-04-24,19.320000,103.550003,118.160004,797.799988,18.100000,137.309998,72.709999,33.380001,70.351669,49.150002,50.950001,1706.451660,35.431549,43.040001,,86.309998,103.029999,54.795315,2236285
2012-04-25,19.809999,104.120003,119.120003,808.400024,16.820000,139.190002,74.459999,33.540001,69.278625,49.549999,51.880001,1745.161255,35.037201,43.380001,,86.849998,103.849998,54.139721,1539334
2012-04-26,20.100000,104.550003,119.919998,813.599976,16.240000,140.160004,74.250000,33.450001,69.197472,50.750000,50.680000,1759.677368,34.910713,43.259998,,86.070000,106.220001,55.031631,1242331
2012-04-27,20.290001,104.930000,119.830002,810.000000,16.320000,140.389999,73.949997,33.240002,68.160507,49.830002,51.250000,1767.419312,34.977680,42.910000,,86.080002,106.199997,54.871548,1664387
2012-04-30,20.410000,104.870003,119.470001,816.400024,17.150000,139.869995,74.139999,34.220001,68.313797,50.389999,51.630001,1775.161255,34.970238,44.110001,,86.339996,106.559998,54.604736,1234875
2012-05-01,20.750000,106.160004,119.660004,824.599976,16.600000,140.740005,75.129997,35.029999,67.998199,50.730000,51.930000,1804.193604,35.208332,44.759998,,87.040001,108.269997,56.509998,1692141
2012-05-02,20.750000,105.220001,118.199997,817.200012,16.879999,140.320007,74.169998,34.490002,66.997292,49.930000,51.669998,1761.935425,35.141369,44.410000,,86.199997,107.029999,54.590000,873679
2012-05-03,20.129999,102.540001,116.080002,801.400024,17.559999,139.250000,72.610001,34.060001,65.590622,50.270000,50.090000,1718.387085,33.772320,42.840000,,85.650002,105.989998,54.259998,1179635
2012-05-04,19.559999,98.489998,113.180000,772.400024,19.160000,137.000000,69.959999,32.529999,64.138863,47.950001,48.689999,1646.129028,32.946430,41.180000,,84.570000,103.720001,53.169998,917873
2012-05-07,19.670000,97.940002,113.160004,771.599976,18.940001,137.100006,70.599998,32.419998,63.399460,48.389999,48.220001,1626.129028,32.857143,41.779999,,84.480003,103.309998,53.349998,1584192
2012-05-08,19.559999,97.010002,112.730003,767.200012,19.049999,136.550003,70.389999,32.689999,62.434628,47.220001,49.520000,1625.806396,33.177082,41.389999,,84.019997,102.839996,54.310001,1018967
2012-05-09,19.510000,96.809998,113.199997,759.799988,20.080000,135.740005,69.639999,32.419998,61.100090,46.630001,49.529999,1613.548340,32.983631,41.349998,,83.309998,101.779999,53.470001,1173462
2012-05-10,19.670000,97.080002,112.730003,759.799988,18.830000,136.020004,69.440002,32.310001,61.668171,46.349998,49.459999,1601.290283,33.281250,41.669998,,82.839996,103.360001,54.220001,633678
2012-05-11,19.440001,96.129997,112.260002,757.000000,19.889999,135.610001,68.800003,31.830000,61.704239,45.750000,49.529999,1587.419312,33.363094,41.720001,,83.099998,102.690002,53.500000,779928
2012-05-14,18.900000,94.779999,111.570000,741.799988,21.870001,134.110001,67.250000,31.580000,60.504959,44.330002,49.070000,1574.838745,32.046131,41.580002,,82.120003,101.940002,52.930000,881957
2012-05-15,18.760000,93.980003,112.239998,725.000000,21.969999,133.339996,65.519997,30.580000,58.755634,43.299999,48.419998,1541.935425,31.495537,40.959999,,81.790001,100.900002,52.529999,1091092
2012-05-16,18.350000,92.809998,111.709999,719.200012,22.270000,132.830002,64.809998,30.200001,57.366997,42.910000,48.500000,1499.677368,31.339287,40.790001,,82.169998,100.099998,52.320000,784761
2012-05-17,17.910000,92.559998,107.489998,716.000000,24.490000,130.860001,64.750000,30.000000,57.394051,43.160000,47.400002,1478.709717,30.974703,40.779999,,81.910004,100.139999,51.189999,1194383
2012-05-18,17.700001,91.480003,107.139999,709.599976,25.100000,129.740005,64.059998,29.930000,57.186653,42.400002,46.549999,1464.193604,30.766369,40.430000,,81.470001,98.459999,50.820000,871295
2012-05-21,18.040001,92.570000,108.809998,737.599976,22.010000,131.970001,66.760002,31.170000,60.568081,43.590000,48.060001,1475.483887,31.547619,41.990002,,82.040001,99.690002,51.770000,2290106
2012-05-22,17.830000,91.660004,108.410004,732.000000,22.480000,132.199997,66.400002,30.780001,60.171326,43.180000,47.799999,1479.032227,31.123512,41.459999,,81.949997,99.320000,51.669998,1193487
2012-05-23,17.830000,89.900002,105.559998,741.799988,22.330000,132.270004,67.180000,31.320000,61.271416,43.480000,48.349998,1486.451660,31.636906,41.720001,,82.040001,99.000000,52.090000,1119887
2012-05-24,17.860001,90.660004,106.550003,734.200012,21.540001,132.529999,65.849998,31.410000,61.181244,43.130001,47.990002,1487.419312,31.242559,41.250000,,82.610001,100.059998,52.139999,856930
2012-05-25,17.790001,90.860001,106.830002,732.799988,21.760000,132.100006,65.410004,31.370001,61.406673,43.139999,47.790001,1476.774170,31.041668,41.540001,,82.080002,98.860001,52.110001,428743
2012-05-29,18.540001,90.760002,106.680000,751.200012,21.030001,133.699997,67.239998,32.009998,63.101894,43.730000,48.680000,1491.612915,31.279762,43.330002,,81.930000,100.239998,53.270000,1146187
2012-05-30,17.790001,87.820000,103.470001,719.599976,24.139999,131.759995,64.180000,30.360001,60.586113,41.360001,47.580002,1454.516113,30.617559,42.570000,,79.790001,97.629997,52.040001,1318477
2012-05-31,17.129999,86.529999,101.870003,705.200012,24.059999,131.470001,63.250000,30.059999,60.189362,40.830002,46.220001,1454.193604,29.940475,41.730000,,78.629997,98.309998,52.160000,1546579
2012-06-01,15.900000,83.230003,98.430000,689.599976,26.660000,128.160004,62.070000,29.969999,58.611362,40.509998,44.480000,1434.516113,28.802082,40.740002,,77.919998,96.410004,51.189999,2661444
2012-06-04,15.830000,83.980003,98.849998,686.599976,26.120001,128.100006,62.209999,29.520000,57.817856,40.169998,44.369999,1437.419312,28.779762,40.840000,,77.830002,96.580002,51.299999,1797396
2012-06-05,16.180000,84.290001,98.839996,694.400024,24.680000,129.070007,62.240002,29.120001,59.233543,40.520000,45.410000,1463.870972,29.635418,41.080002,,77.599998,96.489998,51.869999,1034721
2012-06-06,16.580000,85.019997,100.639999,708.599976,22.160000,131.970001,64.589996,28.100000,61.379620,41.919998,46.860001,1498.387085,30.364582,40.650002,,80.180000,99.800003,53.580002,1138859
2012-06-07,16.459999,84.820000,99.930000,707.599976,21.719999,132.050003,64.430000,28.129999,60.793507,41.910000,46.209999,1499.354858,30.334822,40.119999,,80.690002,100.389999,53.810001,1089635
2012-06-08,16.250000,84.099998,99.470001,705.400024,21.230000,133.100006,64.540001,27.959999,60.045086,42.049999,46.180000,1505.806396,30.260418,39.250000,,80.839996,100.839996,53.970001,1202874
2012-06-11,15.600000,82.699997,98.000000,692.799988,23.559999,131.410004,64.070000,27.500000,59.188457,41.520000,45.160000,1485.161255,29.940475,38.619999,,80.269997,99.910004,53.880001,1365221
2012-06-12,15.810000,83.320000,97.139999,705.400024,22.090000,132.919998,64.930000,28.129999,60.342651,42.669998,45.900002,1495.161255,30.684525,39.270000,,81.260002,100.739998,54.709999,1562373
2012-06-13,15.400000,82.620003,97.129997,692.799988,24.270000,132.070007,63.950001,28.219999,59.675385,41.869999,44.320000,1465.806396,29.970238,38.689999,,80.629997,100.129997,54.099998,1009142
2012-06-14,15.860000,83.910004,97.029999,705.599976,21.680000,133.470001,65.379997,28.680000,60.243462,42.299999,44.529999,1459.032227,30.863094,39.540001,,82.129997,101.919998,54.680000,959088
2012-06-15,16.030001,84.029999,97.610001,716.799988,21.110001,134.139999,66.459999,29.450001,61.181244,44.299999,45.180000,1483.548340,31.346725,40.380001,,83.220001,104.330002,55.459999,1370206
2012-06-18,15.280000,83.269997,96.050003,709.599976,18.320000,134.399994,66.540001,28.959999,60.297565,43.740002,45.290001,1464.516113,30.639881,39.610001,,83.110001,103.459999,55.070000,1228036
2012-06-19,16.100000,84.029999,95.760002,724.400024,18.379999,135.699997,67.150002,29.389999,60.135258,45.259998,46.070000,1490.000000,30.706844,40.980000,,84.480003,104.059998,55.639999,1437571
2012-06-20,16.160000,81.800003,92.690002,720.400024,17.240000,135.479996,65.540001,29.570000,60.459873,45.330002,46.650002,1483.548340,30.342262,40.880001,,84.970001,103.629997,54.439999,1015355
2012-06-21,15.380000,78.199997,89.230003,685.200012,20.080000,132.440002,62.560001,28.350000,57.962128,42.500000,44.439999,1430.967773,28.742559,39.049999,,82.110001,100.019997,52.759998,1288725
2012-06-22,15.640000,79.760002,90.980003,681.599976,18.110001,133.460007,61.560001,27.799999,56.889088,43.209999,44.599998,1448.387085,29.017857,39.139999,,82.110001,100.440002,53.410000,1843868
2012-06-25,15.340000,79.209999,91.010002,661.200012,20.379999,131.320007,60.060001,26.980000,54.102795,42.099998,43.759998,1419.032227,28.065475,38.130001,,81.239998,99.080002,52.959999,1109766
2012-06-26,15.070000,79.360001,93.019997,661.400024,19.719999,131.979996,59.669998,26.700001,54.914337,42.380001,44.700001,1409.354858,28.035713,38.259998,,82.400002,100.949997,53.639999,1499773
2012-06-27,15.620000,80.209999,93.500000,680.400024,19.450001,133.169998,61.470001,27.209999,55.987377,43.169998,45.380001,1420.322632,28.385418,39.389999,,83.199997,102.570000,54.450001,927640
2012-06-28,15.900000,77.690002,91.360001,685.599976,19.709999,132.789993,62.720001,27.690001,56.032463,42.900002,45.779999,1445.161255,28.110119,39.959999,,83.099998,103.459999,54.529999,1066255
2012-06-29,16.410000,84.959999,97.800003,712.799988,17.080000,136.100006,64.910004,28.389999,58.106403,44.730000,47.860001,1495.483887,29.188988,41.099998,,85.570000,105.500000,55.880001,1803082
2012-07-02,16.840000,83.750000,97.339996,714.000000,16.799999,136.509995,64.940002,28.600000,58.070335,44.660000,48.380001,1501.612915,29.880953,40.910000,,85.339996,105.860001,55.730000,918493
2012-07-03,17.379999,87.660004,100.680000,741.200012,16.660000,137.410004,67.339996,29.940001,61.000900,46.770000,49.810001,1543.225830,31.004463,42.110001,,86.279999,107.370003,56.410000,543215
2012-07-05,17.190001,87.220001,100.699997,728.000000,17.500000,136.789993,66.099998,29.559999,60.333633,45.660000,49.590000,1530.967773,30.535713,40.709999,,85.570000,106.029999,55.279999,780481
2012-07-06,16.879999,84.449997,98.190002,719.200012,17.100000,135.490005,65.169998,29.299999,60.108208,44.680000,48.860001,1520.322632,30.379463,40.279999,,84.800003,105.070000,54.750000,879038
2012-07-09,16.940001,85.989998,100.320000,720.200012,17.980000,135.320007,65.820000,29.000000,60.405769,44.209999,50.000000,1523.225830,30.476191,40.020000,,83.650002,104.459999,54.330002,920966
2012-07-10,16.809999,83.910004,97.970001,706.799988,18.719999,134.139999,64.970001,28.360001,59.576195,43.299999,49.380001,1502.258057,29.739582,39.250000,,83.110001,103.879997,53.480000,1008719
2012-07-11,17.010000,85.809998,100.230003,716.000000,17.950001,134.160004,65.660004,28.530001,60.306583,44.020000,49.860001,1534.516113,30.059525,39.459999,,84.379997,104.849998,54.360001,667780
2012-07-12,16.840000,86.080002,101.070000,712.599976,18.330000,133.509995,65.389999,28.410000,60.270515,44.400002,49.650002,1565.806396,29.494047,38.849998,,84.120003,105.029999,53.980000,914293
2012-07-13,17.080000,87.099998,102.400002,725.200012,16.740000,135.750000,66.720001,28.799999,61.009918,46.500000,50.139999,1589.677368,30.000000,39.299999,,85.470001,106.010002,54.980000,824954
2012-07-16,17.000000,88.430000,103.550003,727.599976,17.110001,135.429993,66.300003,29.000000,61.857529,46.610001,50.000000,1530.645142,30.133928,39.480000,,85.050003,106.779999,55.459999,662113
2012-07-17,17.230000,89.220001,104.000000,739.599976,16.480000,136.360001,67.790001,29.400000,61.442741,46.369999,49.950001,1570.322632,30.610119,40.919998,,85.730003,107.430000,56.279999,799327
2012-07-18,17.570000,89.870003,105.160004,750.200012,16.160000,137.369995,68.760002,30.170000,62.227234,47.020000,50.220001,1566.129028,30.684525,41.840000,,86.209999,107.879997,56.770000,707984
2012-07-19,17.510000,92.660004,107.800003,755.200012,15.450000,137.729996,68.639999,30.209999,63.543732,47.750000,49.980000,1561.290283,31.584822,41.750000,,86.209999,108.839996,56.369999,570177
2012-07-20,17.490000,91.440002,106.830002,764.000000,16.270000,136.470001,69.330002,30.770000,62.407574,47.810001,50.439999,1556.129028,31.316963,45.590000,,85.949997,109.190002,55.990002,570301
2012-07-23,17.000000,88.139999,103.260002,757.599976,18.620001,135.089996,69.550003,31.510000,61.830479,46.270000,49.939999,1555.806396,30.342262,46.230000,,85.209999,107.949997,55.049999,1149766
2012-07-24,16.420000,88.500000,103.419998,745.200012,20.469999,133.929993,67.940002,31.549999,61.109108,45.220001,49.150002,1538.064575,29.962797,45.139999,,84.580002,106.300003,54.639999,1369710
2012-07-25,16.420000,88.970001,104.379997,745.400024,19.340000,133.960007,68.250000,31.299999,60.712353,45.189999,48.980000,1540.967773,31.755953,45.020000,,85.239998,106.059998,53.240002,1567559
2012-07-26,16.790001,89.389999,105.260002,778.200012,17.530001,136.169998,71.309998,32.560001,66.104599,46.400002,49.970001,1575.806396,33.824406,46.480000,,86.519997,108.269997,54.400002,1041797
2012-07-27,17.799999,90.129997,106.470001,799.000000,16.700001,138.679993,72.959999,33.619999,66.420197,47.349998,51.650002,1604.193604,34.858631,47.349998,,87.449997,109.260002,54.970001,1295286
2012-07-30,18.059999,89.779999,106.199997,799.400024,18.030001,138.679993,72.540001,33.549999,66.762848,47.590000,52.169998,1606.129028,34.434525,47.349998,,87.559998,109.820000,54.860001,589002
2012-07-31,17.879999,88.059998,104.919998,781.799988,18.930000,137.710007,71.260002,33.130001,65.193871,46.830002,51.689999,1566.774170,33.571430,46.320000,,86.849998,109.580002,54.439999,1086514
2012-08-01,17.760000,88.910004,105.959999,796.000000,18.959999,137.589996,71.680000,33.410000,66.456268,47.799999,53.009998,1564.516113,34.270832,46.990002,,86.910004,110.500000,55.220001,888343
2012-08-02,16.799999,87.129997,105.900002,777.200012,17.570000,136.639999,70.830002,32.860001,65.590622,47.200001,52.880001,1540.322632,33.943451,46.139999,,85.879997,109.250000,54.650002,1213477
2012-08-03,17.450001,91.400002,108.940002,795.200012,15.640000,139.350006,72.389999,33.759998,67.953110,48.750000,54.290001,1583.225830,35.119049,46.980000,,87.550003,111.120003,55.709999,890485
2012-08-06,17.860001,92.199997,109.550003,802.200012,15.950000,139.619995,72.400002,33.820000,68.115417,48.990002,54.389999,1572.580688,35.000000,47.169998,,87.449997,111.309998,55.889999,530193
2012-08-07,18.290001,93.669998,112.000000,812.400024,15.990000,140.320007,73.610001,34.389999,69.206490,49.000000,54.680000,1576.129028,35.334820,48.209999,,87.919998,111.949997,56.450001,1077149
2012-08-08,18.290001,93.349998,112.139999,812.000000,15.320000,140.490005,73.660004,34.619999,68.836792,48.320000,54.849998,1616.451660,35.342262,47.520000,,88.279999,112.139999,57.169998,679925
2012-08-09,18.830000,93.360001,113.220001,821.200012,15.280000,140.610001,74.330002,35.049999,69.413887,48.810001,54.790001,1607.419312,35.505951,48.430000,,88.199997,112.629997,57.090000,939294
2012-08-10,18.850000,92.870003,112.949997,824.000000,14.740000,140.839996,75.349998,35.189999,69.756538,48.549999,54.610001,1619.354858,35.796131,48.689999,,88.440002,113.550003,57.279999,618667
2012-08-13,18.580000,92.730003,113.599998,818.200012,13.700000,140.770004,75.199997,35.040001,68.954010,48.250000,54.660000,1594.516113,35.468750,47.990002,,88.139999,113.279999,57.310001,634590
2012-08-14,18.660000,93.430000,114.029999,813.599976,14.850000,140.789993,74.470001,34.849998,68.764656,47.860001,55.029999,1590.967773,35.409225,47.310001,,88.199997,113.320000,57.349998,732845
2012-08-15,18.760000,94.330002,116.250000,811.400024,14.630000,140.949997,73.870003,34.580002,69.089272,48.020000,55.450001,1572.580688,35.163689,47.200001,,88.000000,112.570000,57.240002,385346
2012-08-16,18.940001,95.599998,116.900002,825.799988,14.290000,141.990005,74.980003,35.299999,70.522995,50.110001,55.790001,1591.612915,35.550594,47.320000,,88.669998,113.320000,57.549999,464321
2012-08-17,18.990000,96.010002,113.709999,827.799988,13.450000,142.179993,74.779999,35.119999,70.793510,49.439999,56.020000,1594.193604,35.691963,47.320000,,88.400002,112.660004,57.389999,601374
2012-08-20,19.090000,95.970001,113.699997,826.000000,14.020000,142.190002,74.339996,35.000000,70.153290,49.220001,54.709999,1587.096802,34.985119,47.810001,,87.949997,112.519997,57.029999,718426
2012-08-21,19.250000,96.680000,114.639999,829.799988,15.020000,141.759995,74.349998,35.160000,70.477905,49.130001,54.830002,1580.967773,35.513393,47.549999,,87.459999,111.980003,56.630001,678630
2012-08-22,18.840000,97.260002,114.910004,826.599976,15.110000,141.820007,74.820000,34.669998,70.468887,48.990002,54.849998,1571.290283,35.193451,47.700001,,87.730003,112.150002,56.680000,910192
2012-08-23,18.230000,96.269997,115.010002,817.000000,15.960000,140.660004,74.190002,34.150002,69.720467,48.540001,55.220001,1564.516113,35.334820,47.349998,,87.309998,111.290001,56.160000,665362
2012-08-24,18.070000,96.150002,113.589996,818.799988,15.180000,141.509995,74.589996,34.270000,69.458969,48.959999,54.869999,1555.806396,35.126488,47.509998,,88.050003,112.010002,56.360001,885880
2012-08-27,18.040001,95.470001,112.260002,819.799988,16.350000,141.539993,74.849998,34.450001,70.441841,48.849998,54.779999,1555.161255,35.282738,47.189999,,87.739998,111.730003,56.380001,767882
2012-08-28,17.990000,96.330002,112.580002,815.200012,16.490000,141.399994,74.379997,34.080002,69.621277,48.990002,54.740002,1568.064575,35.200893,46.900002,,88.099998,112.349998,56.459999,697587
2012-08-29,17.920000,95.489998,112.540001,806.599976,17.059999,141.509995,72.959999,33.509998,69.567177,48.270000,54.439999,1532.580688,35.245537,45.810001,,87.900002,111.800003,56.349998,484894
2012-08-30,17.389999,94.620003,112.650002,794.400024,17.830000,140.490005,71.599998,32.810001,68.710548,47.770000,53.250000,1521.935425,34.397320,45.000000,,87.199997,110.930000,56.110001,665648
2012-08-31,17.620001,96.470001,114.570000,806.000000,17.469999,141.160004,72.379997,32.759998,71.055008,49.029999,53.540001,1530.000000,34.851189,45.599998,,87.300003,112.160004,56.790001,497217
2012-09-04,17.760000,95.300003,114.180000,798.599976,17.980000,141.029999,71.419998,32.150002,70.396751,48.139999,54.240002,1545.161255,35.066963,44.660000,,87.120003,111.220001,56.209999,981344
2012-09-05,17.570000,95.360001,113.089996,793.400024,17.740000,140.910004,71.250000,32.410000,70.847610,46.599998,54.060001,1532.903198,34.940475,44.459999,,87.330002,110.769997,54.869999,1465869
2012-09-06,17.980000,95.529999,113.489998,809.000000,15.600000,143.770004,72.459999,32.959999,71.830475,46.919998,54.680000,1573.225830,35.245537,45.290001,,88.989998,113.029999,55.790001,1008538
2012-09-07,18.629999,96.419998,114.250000,825.599976,14.380000,144.330002,73.169998,34.240002,73.868347,47.599998,55.020000,1585.161255,36.116070,46.740002,,89.919998,114.000000,56.639999,597715
2012-09-10,18.590000,96.540001,114.809998,818.599976,16.280001,143.509995,72.690002,34.270000,73.056808,45.950001,54.599998,1575.483887,35.818451,46.650002,,89.480003,113.959999,56.180000,644071
2012-09-11,18.790001,97.169998,115.400002,832.400024,16.410000,143.910004,73.660004,35.349998,74.959419,46.610001,55.549999,1599.032227,36.205357,47.279999,,89.620003,114.180000,56.369999,599876
2012-09-12,19.000000,97.010002,115.959999,839.799988,15.800000,144.389999,74.320000,35.730000,75.347160,46.189999,56.680000,1577.419312,36.577381,48.020000,,89.550003,114.480003,56.540001,383092
2012-09-13,19.520000,98.309998,116.900002,852.200012,14.050000,146.589996,75.669998,36.439999,76.095581,46.599998,56.750000,1598.709717,36.488094,48.959999,,91.230003,116.559998,57.650002,722873
2012-09-14,20.559999,99.000000,,867.200012,14.510000,147.240005,77.599998,37.439999,76.492332,46.580002,57.419998,1626.129028,37.172619,50.040001,,92.300003,117.250000,58.209999,1349105
2012-09-17,20.000000,96.620003,,857.400024,14.590000,146.740005,77.139999,37.220001,75.563568,45.790001,56.610001,1584.838745,36.227680,50.099998,,91.910004,117.139999,58.299999,1043940
2012-09-18,19.700001,95.290001,112.029999,849.400024,14.180000,146.619995,76.230003,36.570000,74.625786,45.150002,55.610001,1569.354858,36.123512,48.900002,,91.650002,116.970001,57.820000,989395
2012-09-19,19.469999,91.980003,108.190002,839.599976,13.880000,146.699997,74.709999,36.410000,73.967537,45.270000,55.849998,1563.225830,36.019344,48.110001,,90.570000,116.599998,57.310001,899892
2012-09-20,19.469999,91.870003,110.029999,836.599976,14.070000,146.710007,75.230003,36.130001,72.678085,46.380001,55.810001,1560.322632,36.175594,47.459999,,91.519997,117.849998,57.590000,772043
2012-09-21,19.580000,92.889999,111.419998,840.599976,13.980000,145.869995,75.019997,35.840000,73.688004,48.549999,56.189999,1588.709717,36.279762,46.910000,,91.919998,117.800003,57.360001,2060305
2012-09-24,19.450001,91.930000,109.809998,831.000000,14.150000,145.649994,74.260002,35.490002,72.975655,47.419998,55.799999,1601.290283,36.049107,46.889999,,91.879997,117.779999,57.959999,698876
2012-09-25,18.690001,91.370003,110.449997,817.400024,15.430000,144.100006,72.690002,34.770000,72.308388,46.869999,55.630001,1583.548340,35.870537,46.320000,,91.739998,116.930000,57.410000,960321
2012-09-26,18.400000,89.980003,110.040001,802.000000,16.809999,143.289993,72.050003,33.919998,70.676285,46.139999,54.849998,1549.032227,34.970238,45.369999,,91.230003,116.300003,57.009998,609805
2012-09-27,18.820000,91.849998,112.010002,812.200012,14.840000,144.639999,73.239998,34.220001,72.263298,45.369999,55.810001,1579.677368,34.754463,45.820000,,91.800003,117.199997,57.389999,537713
2012-09-28,18.270000,92.190002,112.389999,804.799988,15.730000,143.970001,72.330002,33.689999,72.236252,44.889999,55.250000,1565.483887,34.449406,45.230000,,91.449997,116.559998,57.180000,798746
2012-10-01,18.350000,92.480003,112.190002,806.799988,16.320000,144.350006,72.580002,33.669998,72.633003,46.220001,54.840000,1548.709717,34.918156,45.049999,,91.800003,117.250000,57.410000,1113119
2012-10-02,18.500000,91.889999,111.570000,804.000000,15.710000,144.500000,72.260002,34.070000,72.795311,46.020000,53.730000,1543.225830,34.776787,45.090000,,91.720001,117.959999,57.369999,868344
2012-10-03,18.240000,88.139999,108.169998,783.599976,15.430000,145.089996,71.190002,33.009998,71.677185,45.119999,52.400002,1494.838745,33.266369,43.480000,,91.699997,116.139999,56.770000,889576
2012-10-04,18.350000,91.709999,112.580002,794.000000,14.550000,146.130005,71.669998,33.970001,72.443642,46.049999,53.330002,1504.193604,33.110119,43.980000,,92.220001,117.150002,57.400002,456726
2012-10-05,18.770000,89.879997,112.019997,788.000000,14.330000,146.139999,71.489998,33.419998,72.064926,45.160000,52.560001,1497.741943,32.656250,43.490002,,92.550003,117.500000,57.580002,823893
2012-10-08,18.879999,89.330002,111.820000,790.200012,15.110000,145.639999,71.610001,33.630001,72.515778,45.049999,52.779999,1490.322632,32.671131,44.049999,,92.680000,117.620003,57.619999,633352
2012-10-09,18.730000,92.389999,114.500000,795.200012,16.370001,144.199997,71.730003,33.869999,72.218216,45.820000,51.750000,1492.258057,32.626488,44.869999,,92.129997,117.360001,57.799999,783194
2012-10-10,18.400000,91.250000,114.330002,784.000000,16.290001,143.279999,71.080002,33.500000,70.595131,45.389999,51.349998,1487.741943,32.180061,44.160000,,91.029999,112.449997,57.240002,627473
2012-10-11,18.670000,92.070000,115.709999,795.200012,15.590000,143.360001,72.419998,33.970001,71.208298,46.049999,52.189999,1508.064575,32.872025,44.650002,,91.169998,113.059998,56.630001,426635
2012-10-12,18.520000,91.860001,114.620003,791.599976,16.139999,142.889999,72.190002,33.799999,70.532013,45.490002,51.750000,1492.258057,32.752975,44.770000,,91.029999,112.070000,56.169998,455358
2012-10-15,18.400000,91.849998,115.800003,797.599976,15.270000,144.080002,72.760002,33.840000,70.892693,46.340000,51.389999,1506.451660,32.961311,44.950001,,91.510002,112.820000,56.790001,500793
2012-10-16,18.750000,92.089996,115.070000,809.200012,15.220000,145.539993,73.519997,34.560001,71.821465,46.970001,52.709999,1526.774170,33.311012,45.580002,,92.379997,114.089996,57.619999,525992
2012-10-17,19.400000,92.120003,,822.400024,15.070000,146.199997,74.550003,35.320000,73.228134,47.299999,53.419998,1542.580688,34.129463,46.720001,,93.389999,115.180000,58.119999,609976
2012-10-18,19.600000,92.099998,,830.799988,15.030000,145.820007,74.800003,35.650002,73.967537,48.349998,53.820000,1549.032227,34.040180,47.099998,,93.480003,114.650002,58.270000,521778
2012-10-19,18.950001,90.050003,110.139999,815.799988,17.059999,143.389999,74.000000,34.980000,72.768257,48.520000,52.750000,1528.709717,33.013393,44.750000,,92.150002,113.379997,57.450001,929932
2012-10-22,18.889999,88.730003,109.440002,809.799988,16.620001,143.410004,73.160004,34.560001,72.975655,48.900002,52.419998,1520.645142,32.745537,44.020000,,92.190002,112.739998,57.040001,679129
2012-10-23,17.469999,86.669998,108.250000,792.000000,18.830000,141.419998,71.260002,33.470001,71.000900,47.669998,52.139999,1519.032227,32.090775,43.049999,,90.180000,109.379997,56.060001,1689416
2012-10-24,17.270000,85.730003,107.849998,776.599976,18.330000,141.020004,70.089996,32.709999,69.224525,46.279999,51.689999,1510.967773,29.538691,42.709999,,89.879997,109.709999,55.950001,1183141
2012-10-25,17.680000,86.050003,108.489998,783.400024,18.120001,141.429993,70.739998,32.919998,67.520287,47.040001,52.139999,1533.225830,29.687500,43.419998,,90.430000,110.959999,57.160000,745265
2012-10-26,17.510000,86.279999,109.550003,777.599976,17.809999,141.350006,70.099998,32.400002,67.240761,46.380001,52.459999,1531.612915,30.089287,43.419998,,90.620003,111.180000,57.310001,951853
2012-10-31,17.290001,86.239998,108.699997,770.799988,18.600000,141.350006,69.529999,32.290001,66.456268,45.689999,52.330002,1532.580688,30.431547,41.970001,,91.169998,110.239998,57.849998,898829
2012-11-01,17.860001,87.089996,108.169998,780.200012,16.690001,142.830002,70.150002,32.680000,65.924255,46.110001,54.419998,1561.935425,30.513393,42.549999,,91.599998,111.459999,58.419998,1090366
2012-11-02,17.549999,84.860001,105.680000,764.799988,17.590000,141.559998,68.769997,32.110001,64.607758,46.060001,52.720001,1550.322632,30.141369,41.590000,,90.269997,108.370003,57.650002,1072294
2012-11-05,17.969999,85.650002,107.730003,775.599976,18.420000,141.850006,69.949997,32.290001,64.589722,48.639999,53.709999,1578.064575,30.684525,42.029999,,90.629997,109.190002,57.529999,763928
2012-11-06,17.650000,88.709999,111.070000,784.200012,17.580000,142.960007,71.150002,32.759998,65.807030,49.349998,54.340000,1483.870972,30.825893,42.669998,,91.610001,110.360001,58.220001,1147547
2012-11-07,17.049999,84.440002,106.820000,764.200012,19.080000,139.720001,70.129997,31.709999,64.111809,47.820000,52.810001,1424.193604,30.238094,41.320000,,88.180000,107.510002,56.770000,843400
2012-11-08,16.150000,85.089996,107.250000,743.799988,18.490000,138.039993,67.769997,30.480000,62.651035,46.240002,52.209999,1414.516113,29.769344,40.680000,,87.070000,105.870003,55.860001,1072725
2012-11-09,16.530001,86.070000,109.400002,745.799988,18.610001,138.160004,68.370003,30.559999,62.191162,46.270000,52.419998,1418.064575,30.394344,40.709999,,87.209999,105.839996,55.669998,1297576
2012-11-12,16.700001,85.570000,109.070000,750.799988,16.680000,138.270004,68.480003,30.650000,63.832279,46.340000,52.480000,1421.612915,30.550594,40.709999,,87.320000,105.930000,55.639999,701076
2012-11-13,16.490000,85.379997,108.260002,743.599976,16.650000,137.789993,69.070000,30.389999,63.778179,45.799999,52.689999,1409.032227,30.327381,40.250000,,86.470001,105.279999,55.349998,671889
2012-11-14,16.080000,86.320000,109.610001,732.200012,17.920000,135.929993,67.830002,29.950001,62.714157,44.380001,51.689999,1391.612915,30.245537,39.639999,,86.070000,102.500000,54.770000,839345
2012-11-15,16.059999,85.449997,110.980003,739.799988,17.990000,135.699997,69.160004,30.360001,63.516682,44.930000,52.119999,1388.064575,29.910713,39.869999,,86.139999,101.620003,54.590000,629733
2012-11-16,15.890000,86.669998,,740.000000,16.410000,136.369995,68.220001,30.459999,63.669971,44.380001,53.230000,1386.451660,29.910713,40.230000,,86.449997,102.400002,55.029999,1048620
2012-11-19,16.650000,89.279999,110.839996,762.799988,15.240000,139.130005,70.690002,31.709999,66.086563,45.459999,54.790001,1418.709717,30.781250,41.619999,,87.669998,104.349998,55.730000,1049276
2012-11-20,16.670000,86.750000,109.830002,757.000000,15.080000,139.190002,70.019997,31.709999,64.589722,45.150002,54.139999,1414.838745,30.416668,41.209999,,87.500000,103.559998,55.630001,696365
2012-11-21,16.770000,87.379997,110.860001,760.400024,15.310000,139.449997,70.209999,31.700001,64.562668,45.549999,53.820000,1420.322632,30.505953,41.330002,,88.010002,104.099998,56.049999,419098
2012-11-23,16.950001,88.279999,111.379997,771.400024,15.140000,141.350006,71.180000,32.080002,65.464378,46.290001,54.110001,1433.548340,31.063988,41.830002,,89.089996,105.470001,56.669998,185481
2012-11-26,16.900000,87.739998,110.919998,763.799988,15.500000,141.050003,70.430000,32.040001,64.138863,45.720001,53.680000,1428.709717,30.699406,41.590000,,88.620003,104.989998,56.799999,492287
2012-11-27,16.760000,87.180000,109.870003,757.799988,15.920000,140.330002,69.870003,32.040001,63.137962,45.520000,53.009998,1431.290283,30.401787,41.619999,,87.349998,103.379997,56.180000,788872
2012-11-28,16.950001,86.489998,109.510002,763.200012,15.510000,141.460007,70.730003,32.410000,63.282234,45.080002,52.110001,1429.677368,30.714287,42.369999,,88.099998,105.580002,57.060001,453683
2012-11-29,17.620001,88.070000,110.760002,770.200012,15.060000,142.119995,70.599998,32.919998,63.435528,46.009998,52.549999,1447.419312,30.654762,42.950001,,88.120003,105.790001,56.980000,527486
2012-11-30,17.510000,88.910004,111.230003,774.400024,15.870000,142.149994,71.620003,33.349998,61.587013,46.200001,52.680000,1447.096802,30.401787,43.150002,,88.139999,105.690002,56.939999,1008492
2012-12-03,17.590000,89.089996,110.919998,771.200012,16.639999,141.449997,71.019997,33.080002,61.280434,46.080002,52.730000,1448.387085,30.610119,42.720001,,87.610001,104.660004,57.169998,439011
2012-12-04,17.610001,88.500000,109.839996,776.200012,17.120001,141.250000,71.220001,33.060001,62.028854,46.689999,53.110001,1458.064575,30.595238,42.250000,,87.190002,103.959999,56.840000,611278
2012-12-05,18.129999,87.879997,108.809998,779.799988,16.459999,141.500000,71.320000,33.500000,61.866547,46.639999,53.200001,1441.290283,30.840775,42.000000,,87.730003,105.169998,57.180000,872253
2012-12-06,18.180000,86.260002,107.029999,778.599976,16.580000,141.979996,71.500000,33.580002,61.370605,46.349998,53.900002,1439.354858,30.840775,41.980000,,88.000000,106.449997,57.349998,730544
2012-12-07,18.200001,85.930000,107.019997,781.599976,15.900000,142.410004,71.830002,33.779999,61.568981,46.130001,53.970001,1439.677368,31.361607,42.259998,,88.599998,106.989998,57.939999,775086
2012-12-10,18.490000,85.559998,107.330002,780.599976,16.049999,142.470001,72.000000,33.660000,61.217312,45.840000,53.730000,1451.935425,31.220238,42.400002,,88.410004,106.959999,57.880001,485937
2012-12-11,18.690001,85.790001,108.010002,783.799988,15.570000,143.440002,72.599998,33.990002,61.307484,45.900002,53.529999,1449.677368,31.339287,42.889999,,88.989998,107.739998,58.119999,674876
2012-12-12,18.950001,86.769997,109.500000,781.599976,15.950000,143.509995,72.790001,34.049999,59.945896,45.779999,53.119999,1447.741943,31.502975,42.919998,,89.449997,108.080002,58.200001,1276110
2012-12-13,18.570000,85.889999,107.910004,771.799988,16.559999,142.630005,72.559998,33.509998,59.134354,44.810001,52.040001,1434.838745,31.049107,42.180000,,88.580002,107.910004,57.880001,3129598
2012-12-14,18.990000,86.730003,109.150002,759.000000,17.000000,142.100006,68.910004,33.389999,58.494141,44.650002,51.630001,1430.322632,30.208332,41.090000,,88.080002,107.820000,57.689999,2318810
2012-12-17,19.139999,87.199997,,765.799988,16.340000,143.770004,69.680000,33.540001,59.783588,45.220001,52.110001,1460.000000,30.297619,40.639999,,88.870003,108.680000,58.279999,1316821
2012-12-18,19.840000,87.930000,,790.400024,15.570000,145.369995,71.349998,34.799999,61.956718,46.450001,53.580002,1503.225830,31.458332,41.930000,,89.559998,110.099998,59.299999,1065368
2012-12-19,19.889999,89.510002,110.360001,787.599976,17.360001,144.289993,70.660004,34.610001,61.938683,46.410000,53.220001,1512.903198,31.227678,41.119999,,88.440002,109.910004,59.200001,1855643
2012-12-20,20.459999,90.129997,110.199997,794.400024,17.670000,145.119995,71.099998,35.130001,62.705139,46.500000,53.750000,1515.483887,31.502975,41.200001,,88.889999,110.379997,59.279999,1399450
2012-12-21,20.400000,88.660004,108.970001,781.799988,17.840000,142.789993,69.690002,34.709999,61.614067,45.639999,53.419998,1470.967773,31.034225,40.660000,,87.230003,109.709999,58.610001,1893738
2012-12-24,20.299999,88.610001,108.800003,768.400024,17.840000,142.350006,69.279999,34.520000,61.154194,45.160000,53.459999,1459.677368,30.863094,40.320000,,86.919998,108.629997,58.439999,446182
2012-12-26,20.350000,90.980003,111.070000,765.599976,19.480000,141.750000,69.099998,34.709999,60.216412,44.660000,53.169998,1436.451660,30.625000,40.139999,,87.070000,108.459999,57.950001,970416
2012-12-27,20.209999,90.870003,110.800003,764.599976,19.469999,141.559998,69.169998,34.599998,60.387737,44.490002,53.340000,1436.774170,30.639881,40.070000,,86.860001,108.519997,57.900002,855874
2012-12-28,20.049999,90.800003,110.620003,753.400024,22.719999,140.029999,67.959999,34.009998,59.404869,44.200001,52.610001,1424.838745,30.364582,39.930000,,85.099998,106.449997,57.070000,698120
2012-12-31,20.639999,91.820000,111.110001,772.599976,18.020000,142.410004,69.300003,34.689999,61.632099,44.660000,53.790001,1441.290283,31.867559,40.849998,,86.550003,108.139999,57.990002,1331955
2013-01-02,21.230000,93.120003,112.470001,795.200012,14.680000,146.059998,71.400002,35.709999,63.155994,46.240002,55.889999,1487.741943,32.366070,42.130001,,88.709999,110.389999,59.209999,1704928
2013-01-03,20.860001,92.919998,112.139999,797.000000,14.560000,145.729996,70.919998,36.310001,62.822361,49.200001,56.029999,1481.612915,32.075893,42.549999,,88.550003,109.919998,59.169998,1127582
2013-01-04,21.840000,93.089996,111.309998,812.799988,13.830000,146.369995,72.010002,36.650002,64.697929,51.820000,57.330002,1490.000000,32.470238,43.529999,,88.959999,110.500000,59.830002,1503615
2013-01-07,21.660000,93.190002,111.400002,810.799988,13.790000,145.970001,72.209999,36.650002,64.337242,52.509998,56.900002,1495.483887,32.507439,43.009998,,87.930000,109.750000,59.169998,1226763
2013-01-08,21.090000,93.150002,111.940002,802.400024,13.620000,145.550003,72.510002,36.189999,62.578899,52.360001,56.230000,1473.870972,31.971725,42.360001,,88.480003,109.260002,58.369999,1727945
2013-01-09,20.950001,93.099998,111.760002,805.400024,13.810000,145.919998,72.199997,36.480000,62.993687,52.759998,56.290001,1479.354858,32.514881,42.410000,,88.139999,109.540001,58.250000,2035552
2013-01-10,21.000000,93.820000,111.889999,814.200012,13.490000,147.080002,73.250000,36.900002,63.489632,53.990002,56.310001,1488.387085,33.058037,43.029999,,89.099998,110.470001,58.500000,1565225
2013-01-11,20.850000,93.559998,110.639999,813.799988,13.360000,147.070007,73.750000,36.619999,63.922455,54.090000,56.580002,1469.032227,32.961311,43.009998,,89.610001,111.730003,58.270000,1650039
2013-01-14,20.719999,94.139999,111.879997,806.000000,13.520000,146.970001,72.769997,35.910000,63.426510,53.930000,56.259998,1459.032227,32.827381,42.009998,,89.580002,112.849998,58.470001,802707
2013-01-15,21.510000,93.279999,110.300003,813.400024,13.550000,147.070007,72.589996,36.180000,63.336338,53.889999,58.680000,1482.903198,34.226189,42.189999,,89.529999,113.440002,59.029999,2736616
2013-01-16,21.760000,94.239998,110.610001,818.400024,13.420000,147.050003,73.220001,36.259998,63.498646,54.689999,59.110001,1502.258057,34.300594,42.470001,,89.470001,113.970001,58.880001,1859972
2013-01-17,22.120001,95.489998,110.610001,822.200012,13.570000,148.000000,73.370003,36.299999,64.679893,55.310001,59.110001,1524.516113,33.898811,42.730000,,90.199997,114.739998,59.139999,1622390
2013-01-18,22.650000,95.559998,110.610001,841.000000,12.460000,148.330002,76.500000,37.500000,65.608658,55.779999,59.880001,1540.322632,34.218750,44.299999,,90.800003,115.239998,59.270000,1167956
2013-01-22,22.940001,96.239998,112.419998,850.599976,12.430000,149.130005,78.000000,37.930000,66.537422,55.750000,60.849998,1547.096802,34.791668,44.849998,,90.919998,115.910004,59.980000,1505263
2013-01-23,22.760000,95.230003,112.800003,852.000000,12.460000,149.369995,78.169998,37.790001,66.429214,55.930000,61.020000,1542.580688,34.605656,45.209999,,90.699997,115.010002,59.549999,1529967
2013-01-24,22.610001,95.949997,113.279999,848.000000,12.690000,149.410004,78.019997,37.810001,66.510368,55.599998,60.980000,1539.354858,34.613094,44.919998,,91.349998,115.500000,60.410000,1077421
2013-01-25,22.730000,95.879997,113.279999,862.799988,12.890000,150.250000,79.510002,39.720001,66.726784,56.759998,61.820000,1541.935425,34.821430,45.610001,,91.730003,116.199997,61.060001,1501616
2013-01-28,22.850000,96.440002,113.480003,866.599976,13.570000,150.070007,79.279999,40.279999,66.384132,58.169998,62.110001,1570.645142,34.858631,45.619999,,91.110001,116.040001,60.750000,1415244
2013-01-29,23.490000,97.570000,114.360001,873.599976,13.310000,150.660004,79.949997,40.880001,66.834984,57.720001,62.910000,1589.354858,35.052082,45.849998,,91.760002,117.209999,61.660000,1609783
2013-01-30,23.360001,97.940002,114.900002,864.599976,14.320000,150.070007,78.599998,40.200001,66.420197,57.400002,62.130001,1590.322632,34.486607,44.950001,,90.669998,116.449997,61.090000,2366025
2013-01-31,23.719999,97.489998,115.550003,872.000000,14.280000,149.699997,78.050003,40.680000,66.853020,56.709999,63.209999,1586.129028,35.230656,44.720001,,89.970001,115.150002,58.000000,1319698
2013-02-01,24.070000,97.769997,116.760002,881.000000,12.900000,151.240005,79.699997,41.080002,64.256088,57.980000,63.320000,1593.870972,35.595238,45.029999,,90.040001,116.500000,58.820000,1518386
2013-02-04,23.870001,96.169998,115.599998,869.799988,14.670000,149.539993,79.449997,40.860001,63.273220,56.980000,62.520000,1562.903198,35.334820,44.369999,,89.150002,115.199997,58.029999,899269
2013-02-05,24.270000,96.639999,116.519997,871.799988,13.720000,151.050003,80.160004,40.910000,61.505859,56.779999,62.669998,1561.290283,35.796131,45.090000,,89.739998,115.809998,57.720001,1240104
2013-02-06,24.590000,96.620003,116.730003,862.200012,13.410000,151.160004,78.730003,40.310001,60.027050,56.529999,63.119999,1560.000000,35.811012,45.220001,,89.790001,115.910004,57.590000,1547161
2013-02-07,24.610001,95.830002,117.239998,861.799988,13.500000,150.960007,78.000000,40.830002,61.406673,56.230000,63.580002,1575.806396,35.721725,44.840000,,88.250000,115.019997,57.630001,1450640
2013-02-08,24.799999,95.720001,118.900002,873.200012,13.020000,151.800003,79.070000,41.259998,62.290352,56.380001,63.680000,1592.580688,36.175594,45.650002,,88.610001,115.639999,57.869999,1027071
2013-02-11,24.500000,97.029999,118.129997,863.599976,12.940000,151.770004,77.930000,40.869999,61.550945,55.750000,63.330002,1565.161255,35.959820,45.400002,,88.279999,115.639999,57.590000,930474
2013-02-12,24.340000,97.510002,118.660004,866.599976,12.640000,152.020004,78.529999,40.709999,62.146076,56.139999,62.669998,1574.516113,35.758930,45.820000,,88.459999,116.500000,58.250000,1331556
2013-02-13,24.750000,97.010002,118.720001,872.000000,12.980000,152.149994,78.629997,40.840000,62.182144,57.060001,63.360001,1570.322632,37.544643,46.130001,,88.669998,115.529999,58.610001,823530
2013-02-14,25.370001,97.309998,118.580002,897.599976,12.660000,152.289993,81.559998,43.320000,63.381424,59.299999,64.470001,1605.161255,38.333332,47.259998,,88.519997,115.709999,57.919998,698981
2013-02-15,24.150000,95.860001,118.580002,885.000000,12.460000,152.110001,80.029999,42.700001,62.515781,56.259998,63.540001,1603.225830,38.541668,46.580002,,88.360001,114.959999,57.020000,1533911
2013-02-19,24.670000,96.660004,117.519997,889.799988,12.310000,153.250000,79.989998,42.810001,62.651035,56.259998,63.000000,1612.580688,39.471725,46.650002,,89.320000,115.919998,58.599998,1065238
2013-02-20,23.750000,94.459999,115.599998,867.200012,14.680000,151.339996,78.529999,41.619999,61.172226,54.320000,61.970001,1578.064575,38.281250,46.080002,,88.970001,114.989998,57.669998,1445320
2013-02-21,23.139999,92.839996,113.529999,855.400024,15.220000,150.419998,77.430000,40.770000,60.216412,53.160000,61.900002,1560.967773,37.916668,45.560001,,88.589996,114.989998,58.110001,2648194
2013-02-22,24.070000,93.129997,114.099998,862.400024,14.170000,151.889999,77.790001,41.110001,61.406673,53.279999,62.549999,1574.193604,38.593750,45.799999,,89.199997,115.959999,58.200001,2280130
2013-02-25,22.500000,93.110001,114.440002,835.000000,18.990000,149.000000,75.830002,39.849998,59.747520,51.240002,61.029999,1520.000000,37.574406,44.250000,,87.699997,113.540001,56.889999,1559726
2013-02-26,22.620001,92.629997,112.709999,842.599976,16.870001,150.020004,76.330002,40.490002,60.270515,51.250000,61.430000,1535.483887,37.894344,44.459999,,88.510002,114.959999,57.750000,859146
2013-02-27,23.389999,92.760002,111.870003,858.599976,14.730000,151.910004,77.900002,41.270000,61.776375,52.639999,63.259998,1538.387085,38.675594,45.220001,,89.529999,116.650002,58.040001,1057579
2013-02-28,23.410000,92.050003,111.379997,857.400024,15.510000,151.610001,77.849998,41.509998,61.433723,52.299999,63.590000,1526.774170,38.623512,44.820000,,89.550003,117.150002,57.950001,963711
2013-03-01,22.980000,90.680000,110.400002,848.000000,15.360000,152.110001,77.639999,40.630001,60.378719,52.150002,62.990002,1505.806396,38.318451,44.389999,,89.430000,116.900002,58.279999,1481948
2013-03-04,22.790001,90.120003,110.089996,835.400024,14.010000,152.919998,76.500000,39.959999,59.810638,52.189999,62.869999,1471.612915,37.797619,43.540001,,88.949997,117.489998,57.619999,709943
2013-03-05,23.240000,90.820000,111.610001,847.000000,13.480000,154.289993,76.949997,41.000000,60.441837,53.029999,63.380001,1498.709717,38.184525,44.189999,,89.610001,117.930000,57.660000,856320
2013-03-06,23.240000,90.430000,111.059998,847.000000,13.530000,154.500000,77.160004,40.799999,60.946800,53.450001,62.910000,1473.870972,37.916668,44.419998,,89.559998,118.470001,58.000000,1748402
2013-03-07,23.340000,91.559998,111.150002,852.400024,13.060000,154.779999,77.820000,41.410000,61.100090,53.130001,63.139999,1489.677368,37.827381,45.240002,,88.709999,118.559998,57.860001,920525
2013-03-08,23.700001,91.949997,110.849998,857.799988,12.590000,155.440002,77.959999,42.080002,61.487827,53.220001,63.709999,1508.064575,38.355656,46.080002,,88.970001,118.570000,58.389999,1444801
2013-03-11,23.799999,92.059998,110.220001,856.599976,11.560000,156.029999,77.779999,42.000000,61.027954,53.000000,63.660000,1505.161255,38.482143,45.840000,,89.160004,118.730003,58.439999,871564
2013-03-12,23.500000,92.540001,109.650002,858.200012,12.270000,155.679993,77.440002,41.959999,60.982868,53.279999,63.720001,1510.322632,38.422619,46.290001,,89.160004,118.250000,58.730000,1054114
2013-03-13,23.620001,92.519997,108.519997,856.000000,11.830000,155.899994,77.389999,41.840000,60.883678,52.820000,63.619999,1509.677368,38.586311,46.029999,,89.260002,118.360001,58.779999,720128
2013-03-14,23.850000,93.029999,109.419998,872.799988,11.300000,156.729996,78.750000,42.540001,62.028854,53.759998,64.739998,1519.677368,38.988094,47.220001,,89.830002,120.000000,59.520000,870683
2013-03-15,23.809999,93.449997,109.379997,877.400024,11.300000,155.830002,79.400002,41.900002,63.597836,53.560001,64.809998,1562.580688,39.129463,47.959999,,89.370003,119.680000,59.070000,1235522
2013-03-18,23.160000,93.739998,,858.000000,13.360000,154.970001,76.339996,40.730000,62.515781,53.270000,63.830002,1546.451660,38.459820,46.720001,,88.769997,119.129997,59.150002,588653
2013-03-19,22.760000,92.160004,107.449997,838.799988,14.390000,154.610001,73.980003,39.619999,61.343552,52.220001,63.099998,1549.032227,37.946430,45.110001,,88.580002,119.459999,59.310001,874385
2013-03-20,22.920000,92.959999,108.720001,841.200012,12.670000,155.690002,73.790001,39.439999,61.983768,52.970001,63.799999,1571.612915,39.062500,44.950001,,88.629997,120.349998,60.439999,544299
2013-03-21,22.610001,92.449997,107.470001,835.400024,13.990000,154.360001,73.440002,39.470001,61.145176,51.799999,63.360001,1569.677368,38.653275,44.669998,,88.169998,120.339996,60.939999,513553
2013-03-22,22.500000,93.709999,107.660004,840.599976,13.570000,155.600006,74.370003,39.160000,61.550945,51.660000,63.639999,1579.354858,38.980656,45.250000,,89.290001,121.180000,60.910000,601348
2013-03-25,22.760000,94.809998,108.169998,840.599976,13.740000,154.949997,73.860001,39.650002,61.776375,50.950001,64.919998,1580.967773,39.114582,44.889999,,89.019997,120.180000,60.209999,1087669
2013-03-26,23.510000,96.339996,109.360001,850.599976,12.770000,156.190002,74.419998,40.130001,62.642021,50.900002,66.440002,1603.870972,39.873512,45.680000,,90.129997,120.980003,60.439999,755423
2013-03-27,23.150000,96.580002,109.690002,859.400024,13.150000,156.190002,75.099998,40.660000,63.742111,51.939999,66.480003,1637.419312,40.238094,46.459999,,90.580002,120.190002,60.380001,636265
2013-03-28,22.879999,97.230003,110.019997,858.200012,12.700000,156.669998,74.889999,40.410000,63.796211,51.959999,66.410004,1629.032227,40.468750,46.410000,,90.110001,118.820000,60.099998,875680
2013-04-01,22.440001,97.070000,111.080002,846.000000,13.580000,156.050003,74.019997,39.930000,62.912533,51.040001,66.300003,1620.000000,40.111607,45.730000,,90.769997,119.610001,60.480000,861295
2013-04-02,21.719999,97.190002,110.690002,845.799988,12.780000,156.820007,74.809998,39.889999,62.714157,50.509998,66.419998,1611.290283,40.044643,45.320000,,90.580002,119.000000,60.040001,1050787
2013-04-03,21.170000,94.449997,107.110001,827.000000,14.210000,155.229996,74.010002,38.750000,61.298466,49.919998,63.919998,1596.774170,38.660713,44.529999,,89.930000,117.779999,59.279999,791900
2013-04-04,21.450001,93.260002,106.339996,826.400024,13.890000,155.860001,73.940002,38.540001,60.261497,49.880001,62.790001,1604.193604,38.541668,44.599998,,89.769997,118.070000,58.880001,883347
2013-04-05,22.059999,92.699997,104.120003,833.599976,13.920000,155.160004,74.349998,38.599998,60.973850,50.340000,63.509998,1601.290283,38.452381,44.700001,,89.010002,117.519997,58.540001,1728498
2013-04-08,22.790001,93.360001,104.660004,840.400024,13.190000,156.210007,74.959999,38.410000,61.163212,50.959999,65.169998,1612.903198,39.270832,44.759998,,88.599998,117.809998,59.310001,1027181
2013-04-09,23.370001,94.199997,106.230003,846.599976,12.840000,156.750000,75.430000,39.110001,61.641117,51.070000,64.889999,1627.096802,39.776787,45.240002,,88.769997,118.639999,59.779999,1072043
2013-04-10,23.889999,94.639999,105.790001,860.000000,12.360000,158.669998,76.989998,40.389999,62.362488,51.389999,65.190002,1662.258057,41.123512,46.570000,,88.680000,119.639999,60.250000,1651329
2013-04-11,23.540001,93.510002,104.269997,865.400024,12.240000,159.190002,77.139999,41.169998,63.246166,51.869999,65.320000,1675.483887,40.959820,46.700001,,89.220001,120.949997,60.160000,1216050
2013-04-12,22.889999,91.290001,103.110001,848.200012,12.060000,158.800003,75.660004,40.860001,62.091976,50.509998,64.599998,1659.032227,39.285713,46.000000,,88.989998,119.940002,59.360001,741880
2013-04-15,21.330000,88.709999,100.389999,804.000000,17.270000,155.119995,71.889999,38.660000,59.377819,48.830002,60.340000,1590.967773,36.793156,44.209999,,86.489998,116.570000,57.240002,1772383
2013-04-16,21.750000,88.720001,100.360001,820.599976,13.960000,157.410004,73.290001,39.689999,60.126240,49.160000,60.930000,1603.225830,37.202381,45.000000,,86.610001,117.010002,57.439999,815132
2013-04-17,20.690001,86.680000,100.360001,793.599976,16.510000,155.110001,70.970001,37.689999,57.835888,48.000000,58.759998,1544.516113,36.086311,44.029999,,86.080002,114.809998,56.810001,1440700
2013-04-18,21.160000,87.730003,99.129997,805.799988,17.559999,154.139999,71.000000,37.709999,58.259693,48.380001,59.500000,1554.838745,36.815475,44.599998,,86.620003,115.589996,57.320000,1669611
2013-04-19,21.320000,88.010002,99.650002,800.000000,14.970000,155.479996,69.949997,37.209999,57.989178,48.529999,60.029999,1542.580688,36.622025,43.580002,,87.449997,115.900002,57.490002,1232186
2013-04-22,21.549999,88.760002,100.389999,814.799988,14.390000,156.169998,71.230003,39.290001,58.647430,48.849998,60.650002,1547.096802,37.619049,43.439999,,88.089996,116.570000,57.389999,1267178
2013-04-23,22.330000,89.180000,100.309998,822.400024,13.480000,157.779999,71.940002,39.689999,59.693417,49.360001,61.660000,1570.645142,38.467262,43.209999,,89.300003,117.480003,57.779999,1287377
2013-04-24,23.100000,91.430000,101.730003,841.400024,13.610000,157.880005,73.169998,40.919998,60.568081,50.810001,66.570000,1588.387085,39.665180,44.439999,,89.430000,118.279999,58.259998,1198068
2013-04-25,22.180000,93.639999,103.410004,836.400024,13.620000,158.520004,73.440002,40.750000,60.604149,50.840000,66.480003,1616.451660,39.739582,44.250000,,88.070000,118.510002,58.369999,1371370
2013-04-26,22.330000,93.000000,103.160004,832.799988,13.610000,158.240005,73.339996,40.570000,59.801624,51.160000,66.709999,1625.161255,39.352680,44.130001,,88.000000,120.040001,58.910000,967432
2013-04-29,22.719999,94.500000,103.809998,843.599976,13.710000,159.300003,74.029999,41.570000,59.440937,51.279999,68.339996,1659.032227,39.523811,44.880001,,88.209999,121.320000,59.900002,676912
2013-04-30,23.040001,93.459999,102.370003,855.400024,13.520000,159.679993,74.430000,42.770000,58.809738,51.470001,70.169998,1691.935425,40.401787,45.389999,,88.989998,122.010002,60.450001,768035
2013-05-01,22.260000,91.029999,99.949997,844.200012,14.490000,158.279999,73.790001,42.080002,58.692516,51.750000,69.419998,1660.645142,40.000000,44.490002,,87.510002,120.269997,60.009998,1310712
2013-05-02,23.410000,93.989998,102.849998,853.000000,13.590000,159.750000,74.250000,42.400002,59.161407,52.330002,71.290001,1724.838745,40.305061,45.180000,,88.629997,122.040001,60.959999,1152445
2013-05-03,23.879999,95.610001,104.190002,871.599976,12.850000,161.369995,75.720001,42.549999,60.306583,53.240002,71.949997,1747.096802,41.227680,46.580002,,90.019997,123.489998,61.919998,907467
2013-05-06,23.950001,96.160004,105.459999,878.799988,12.660000,161.779999,76.160004,43.060001,61.352570,54.320000,72.510002,1770.967773,41.428570,46.919998,,90.580002,123.250000,62.220001,952626
2013-05-07,24.420000,95.620003,104.400002,888.400024,12.830000,162.600006,76.889999,43.419998,61.812443,54.750000,73.629997,1780.000000,42.135418,46.919998,,91.150002,123.040001,62.840000,766136
2013-05-08,24.459999,96.620003,104.339996,895.200012,12.660000,163.339996,77.589996,43.700001,62.037872,55.259998,74.000000,1785.161255,41.845238,47.160000,,91.699997,123.360001,62.590000,741853
2013-05-09,24.420000,96.389999,104.470001,889.599976,13.130000,162.880005,77.250000,43.560001,61.587013,54.910000,73.830002,1787.419312,41.875000,46.930000,,91.029999,123.639999,62.580002,936258
2013-05-10,24.520000,96.040001,103.910004,887.000000,12.590000,163.410004,76.820000,43.389999,61.514877,54.639999,73.800003,1795.161255,41.666668,46.840000,,90.139999,123.230003,62.230000,712404
2013-05-13,24.389999,95.169998,102.820000,886.400024,12.550000,163.539993,77.040001,43.560001,60.991886,54.500000,73.440002,1810.000000,41.718750,46.639999,,90.099998,122.849998,62.000000,680875
2013-05-14,24.950001,94.209999,102.599998,889.400024,12.770000,165.229996,76.860001,44.200001,61.352570,55.070000,73.949997,1826.451660,42.075893,46.580002,,91.110001,125.000000,63.060001,961424
2013-05-15,25.010000,94.300003,103.680000,885.799988,12.810000,166.119995,75.680000,44.130001,61.487827,55.110001,74.169998,1821.290283,41.934525,46.009998,,91.239998,123.010002,62.419998,755377
2013-05-16,24.690001,95.160004,103.800003,883.799988,13.070000,165.339996,75.269997,43.849998,60.144276,54.730000,74.010002,1832.258057,41.800594,46.250000,,90.699997,122.760002,62.430000,825908
2013-05-17,25.500000,96.019997,103.720001,899.400024,12.450000,166.940002,75.739998,45.250000,61.794411,54.029999,75.739998,1860.645142,42.812500,47.529999,,91.760002,123.419998,63.310001,637843
2013-05-20,25.840000,96.709999,103.720001,913.200012,13.020000,166.929993,77.419998,45.549999,63.273220,53.599998,75.989998,1858.064575,43.697918,48.220001,,92.519997,124.779999,64.029999,549815
2013-05-21,25.530001,96.160004,103.910004,907.599976,13.370000,167.169998,77.080002,44.830002,63.507664,53.400002,75.930000,1892.580688,43.489582,47.889999,,92.800003,125.940002,64.309998,567906
2013-05-22,24.379999,94.279999,102.599998,891.599976,13.820000,165.929993,75.580002,44.020000,62.371506,52.310001,74.309998,1831.612915,42.752975,47.400002,,92.190002,124.930000,62.740002,1229613
2013-05-23,24.629999,94.250000,102.440002,887.200012,14.070000,165.449997,75.379997,43.520000,62.128044,51.959999,74.059998,1822.903198,42.418156,47.070000,,91.790001,125.400002,62.790001,1354010
2013-05-24,24.350000,94.150002,102.639999,883.599976,13.990000,165.309998,74.660004,43.020000,63.101894,52.060001,73.769997,1827.419312,42.217262,47.169998,,91.529999,125.449997,62.529999,585463
2013-05-28,24.459999,95.010002,104.230003,892.799988,14.480000,166.300003,75.400002,43.369999,64.463478,52.310001,74.480003,1825.806396,42.790180,47.650002,,92.379997,126.430000,62.840000,842622
2013-05-29,24.379999,93.129997,102.430000,889.400024,14.830000,165.220001,74.980003,43.570000,64.535622,52.049999,73.639999,1812.580688,42.373512,47.410000,,92.080002,125.489998,62.779999,622808
2013-05-30,24.330000,93.610001,102.190002,883.200012,14.530000,165.830002,74.809998,42.630001,64.030655,51.720001,73.220001,1811.935425,42.425594,46.500000,,92.089996,125.110001,62.279999,447730
2013-05-31,23.860001,91.970001,100.389999,864.599976,16.299999,163.449997,73.029999,41.849998,63.390442,50.230000,72.480003,1777.096802,41.413689,45.480000,,90.470001,122.750000,61.340000,493067
2013-06-03,23.889999,93.449997,102.059998,870.599976,16.280001,164.350006,73.250000,42.389999,63.787197,50.840000,71.989998,1777.419312,42.090775,45.740002,,91.459999,124.089996,62.090000,913530
2013-06-04,23.410000,93.309998,103.239998,864.799988,16.270000,163.559998,72.849998,41.990002,63.029758,51.119999,71.410004,1775.483887,41.406250,45.419998,,90.790001,122.959999,61.680000,657399
2013-06-05,23.150000,93.739998,103.040001,859.400024,17.500000,161.270004,72.180000,41.759998,62.209198,50.279999,70.260002,1774.516113,40.825893,45.380001,,89.650002,121.570000,61.619999,457012
2013-06-06,23.459999,94.760002,103.610001,868.400024,16.629999,162.729996,73.300003,42.349998,63.137962,50.439999,71.769997,1829.354858,41.436012,45.619999,,90.230003,120.589996,61.910000,591401
2013-06-07,23.879999,96.029999,104.559998,877.200012,15.140000,164.800003,73.930000,43.160000,63.300270,50.680000,73.370003,1834.193604,41.830357,46.490002,,91.449997,121.699997,62.320000,403743
2013-06-10,23.930000,95.769997,103.949997,871.200012,15.440000,164.800003,73.300003,42.820000,63.300270,50.439999,72.889999,1840.322632,41.562500,46.230000,,91.120003,122.690002,62.200001,268595
2013-06-11,23.650000,95.379997,102.959999,854.400024,17.070000,163.100006,71.440002,42.040001,62.371506,49.509998,71.559998,1828.064575,40.930061,45.470001,,90.459999,121.449997,61.910000,544948
2013-06-12,23.100000,95.879997,103.489998,846.400024,18.590000,161.750000,70.949997,41.610001,62.407574,48.320000,71.129997,1806.451660,40.595238,45.349998,,89.739998,119.970001,60.880001,276887
2013-06-13,23.760000,96.690002,104.250000,866.200012,16.410000,164.210007,72.459999,43.080002,63.210098,48.740002,72.690002,1851.612915,41.644344,46.950001,,91.330002,121.660004,61.650002,319220
2013-06-14,23.139999,97.849998,104.290001,859.000000,17.150000,163.179993,71.599998,42.930000,62.741207,49.290001,71.940002,1851.935425,41.383930,46.029999,,90.580002,120.279999,61.029999,529626
2013-06-17,23.469999,97.769997,,877.599976,16.799999,164.440002,73.099998,43.619999,63.516682,49.650002,73.339996,1895.483887,43.020832,46.430000,,91.510002,121.220001,61.939999,737300
2013-06-18,24.410000,98.440002,106.019997,884.599976,16.610001,165.740005,74.160004,44.070000,64.463478,49.750000,74.150002,1887.419312,43.139881,46.750000,,91.930000,121.519997,62.099998,905361
2013-06-19,23.879999,98.239998,106.120003,874.599976,16.639999,163.449997,73.400002,43.049999,63.994591,49.500000,73.360001,1862.580688,42.321430,45.889999,,91.000000,120.500000,61.709999,729652
2013-06-20,23.059999,95.400002,102.150002,852.799988,20.490000,159.399994,72.139999,41.799999,61.812443,48.400002,71.949997,1818.709717,40.669643,44.919998,,89.050003,117.949997,60.279999,846077
2013-06-21,23.020000,93.690002,100.910004,851.400024,18.900000,159.070007,72.830002,41.790001,61.505859,47.970001,71.220001,1804.516113,40.930061,44.869999,,89.480003,118.930000,60.360001,1278320
2013-06-24,22.330000,95.180000,101.160004,838.200012,20.110001,157.059998,71.239998,40.950001,60.468891,46.860001,70.459999,1777.419312,40.997025,44.330002,,88.480003,116.820000,59.349998,894415
2013-06-25,22.809999,95.320000,101.260002,849.799988,18.469999,158.570007,72.089996,41.150002,61.018936,47.529999,71.809998,1804.516113,41.488094,45.080002,,89.110001,117.449997,59.830002,818298
2013-06-26,22.969999,95.500000,101.660004,854.000000,17.209999,160.139999,71.809998,41.470001,61.568981,48.020000,71.769997,1819.354858,41.547619,45.310001,,89.800003,118.150002,60.330002,691700
2013-06-27,23.209999,97.050003,102.820000,858.599976,16.860001,161.080002,71.930000,41.840000,61.731289,48.439999,72.010002,1841.935425,41.882439,45.869999,,90.040001,118.709999,60.340000,929780
2013-06-28,23.040001,96.559998,102.160004,855.599976,16.860001,160.419998,71.660004,41.720001,62.128044,47.950001,72.199997,1837.741943,41.428570,46.130001,,90.349998,118.339996,60.500000,910903
2013-07-01,23.440001,97.989998,103.000000,866.200012,16.370001,161.360001,72.779999,42.450001,62.804329,48.240002,74.449997,1842.258057,41.532738,46.689999,,90.300003,119.080002,61.230000,1213094
2013-07-02,23.530001,99.599998,104.000000,872.000000,16.440001,161.210007,72.610001,42.790001,63.146980,47.450001,75.570000,1851.290283,41.971725,47.580002,,90.639999,119.150002,61.790001,788108
2013-07-03,23.620001,101.239998,105.760002,869.599976,16.200001,161.279999,73.010002,42.650002,63.399460,47.389999,75.099998,1836.774170,41.555061,47.619999,,90.690002,119.080002,61.840000,197452
2013-07-05,24.299999,103.220001,107.720001,884.200012,14.890000,163.020004,74.089996,43.709999,64.788094,47.790001,76.989998,1850.967773,41.919643,48.090000,,91.570000,120.510002,62.310001,479238
2013-07-08,24.250000,103.139999,107.430000,892.200012,14.780000,163.949997,74.790001,43.919998,65.635712,48.389999,78.199997,1852.903198,42.269344,48.689999,,92.250000,121.239998,63.040001,655491
2013-07-09,24.490000,103.529999,107.809998,903.200012,14.350000,165.130005,76.540001,44.310001,65.951309,49.090000,80.000000,1882.903198,43.273811,48.959999,,93.339996,123.269997,63.500000,815061
2013-07-10,24.500000,106.519997,108.510002,897.200012,14.210000,165.190002,76.180000,44.130001,65.545540,48.919998,78.760002,1892.903198,43.162201,48.779999,,92.820000,122.900002,63.529999,884148
2013-07-11,25.000000,104.910004,107.730003,900.200012,14.010000,167.440002,76.629997,44.180000,66.122635,49.389999,79.169998,1915.806396,42.797619,48.799999,,93.269997,123.769997,64.320000,556420
2013-07-12,25.450001,105.949997,108.809998,904.599976,13.840000,167.509995,76.839996,44.639999,65.789001,49.990002,79.110001,1929.677368,43.415180,49.160000,,93.400002,124.059998,64.839996,545797
2013-07-15,25.280001,106.320000,109.089996,903.400024,13.790000,168.149994,77.019997,44.110001,65.798019,49.799999,79.279999,1935.806396,42.983631,48.910000,,93.250000,124.680000,65.260002,492152
2013-07-16,25.270000,106.000000,109.400002,895.200012,14.420000,167.520004,76.519997,43.630001,65.500450,49.220001,77.970001,1920.645142,42.127975,48.689999,,93.300003,124.120003,64.949997,517267
2013-07-17,25.480000,106.480003,109.360001,901.799988,13.780000,167.949997,77.610001,44.139999,64.995491,49.040001,78.779999,1918.387085,42.165180,48.900002,,93.459999,124.349998,65.559998,419589
2013-07-18,25.969999,108.040001,,912.799988,13.770000,168.869995,78.480003,44.740002,65.761948,49.310001,79.080002,1950.322632,42.544643,49.080002,,94.379997,125.470001,65.300003,482985
2013-07-19,26.059999,108.050003,108.070000,929.200012,12.540000,169.169998,82.739998,45.830002,66.771866,49.740002,80.250000,1972.258057,43.020832,47.799999,,95.169998,126.910004,66.000000,463575
2013-07-22,25.940001,106.910004,108.150002,927.000000,12.290000,169.500000,83.809998,45.080002,66.429214,49.599998,80.529999,1971.935425,42.686012,47.509998,,94.830002,127.029999,65.830002,691134
2013-07-23,26.030001,107.230003,108.419998,925.400024,12.660000,169.139999,83.570000,45.580002,65.590622,50.060001,78.300003,1973.225830,42.485119,47.750000,,95.199997,127.260002,66.120003,995616
2013-07-24,25.840000,105.389999,107.190002,911.599976,13.180000,168.520004,82.849998,44.820000,65.256989,49.200001,76.760002,1948.064575,41.748512,47.759998,,94.989998,126.370003,65.589996,623532
2013-07-25,25.770000,105.489998,107.650002,908.200012,12.970000,168.929993,82.570000,44.340000,64.842201,48.490002,80.610001,1952.903198,41.398811,47.459999,,94.970001,127.760002,65.709999,981852
2013-07-26,25.400000,104.699997,107.169998,902.000000,12.720000,169.110001,81.910004,45.980000,64.544632,47.689999,80.699997,1930.645142,40.587799,47.980000,,94.790001,127.559998,65.720001,603119
2013-07-29,24.930000,104.550003,107.449997,891.799988,13.390000,168.589996,81.150002,45.529999,64.147881,47.029999,79.760002,1899.677368,39.732143,47.240002,,94.029999,126.169998,65.180000,833411
2013-07-30,24.799999,103.080002,106.910004,892.400024,13.390000,168.589996,81.430000,45.230000,62.578899,47.099998,79.459999,1888.064575,39.784225,47.130001,,93.809998,125.779999,64.830002,577324
2013-07-31,25.370001,105.029999,107.699997,896.799988,13.450000,168.710007,81.330002,45.189999,63.273220,47.160000,81.089996,1902.903198,39.657738,47.430000,,93.750000,125.889999,64.860001,606456
2013-08-01,26.400000,107.889999,109.540001,917.599976,12.940000,170.660004,83.550003,46.410000,64.201981,48.000000,83.720001,1944.838745,40.863094,48.410000,,92.730003,126.440002,66.089996,1001343
2013-08-02,26.490000,106.940002,108.949997,918.200012,11.980000,170.949997,82.889999,46.299999,65.202888,48.349998,84.410004,1962.903198,41.004463,48.419998,,91.949997,124.949997,67.230003,519533
2013-08-05,26.510000,106.559998,108.699997,914.000000,11.840000,170.699997,82.889999,46.049999,64.851219,48.470001,84.400002,1970.322632,40.654762,48.029999,,91.589996,123.989998,67.190002,473169
2013-08-06,25.850000,105.300003,108.180000,904.000000,12.720000,169.729996,82.220001,45.849998,64.995491,48.419998,82.620003,1835.483887,39.903275,47.430000,,91.470001,123.139999,67.089996,655646
2013-08-07,26.150000,104.370003,107.440002,902.200012,12.980000,169.179993,81.050003,45.529999,65.338142,48.480000,82.400002,1818.064575,39.858631,47.540001,,91.339996,123.330002,66.519997,748186
2013-08-08,26.290001,103.400002,106.680000,909.000000,12.730000,169.800003,81.230003,46.139999,65.626694,48.580002,82.290001,1807.096802,40.126488,47.919998,,91.779999,123.070000,67.089996,581583
2013-08-09,26.459999,105.970001,108.220001,905.599976,13.410000,169.309998,80.489998,46.029999,65.365196,47.509998,81.580002,1803.548340,40.126488,47.439999,,90.720001,122.500000,66.830002,532248
2013-08-12,26.400000,106.110001,108.970001,904.599976,12.810000,169.110001,80.250000,46.020000,65.698830,47.619999,81.440002,1810.000000,40.230656,47.529999,,89.889999,121.800003,66.099998,1880644
2013-08-13,26.160000,106.830002,109.820000,913.400024,12.310000,169.610001,82.220001,46.580002,66.248871,47.520000,81.470001,1817.741943,40.446430,47.240002,,89.400002,122.500000,66.900002,1366563
2013-08-14,25.959999,106.849998,110.199997,908.799988,13.040000,168.740005,82.160004,46.820000,66.185753,46.980000,80.779999,1814.516113,40.029762,47.220001,,88.949997,122.050003,67.160004,750101
2013-08-15,25.879999,107.330002,111.110001,905.799988,14.730000,166.380005,81.989998,46.680000,66.384132,47.349998,79.260002,1790.000000,39.598213,47.340000,,88.160004,120.250000,67.620003,967978
2013-08-16,25.620001,107.459999,111.169998,902.599976,14.370000,165.830002,81.919998,46.950001,65.581604,47.000000,79.769997,1772.258057,39.620537,46.860001,,87.910004,119.879997,67.379997,464786
2013-08-19,25.330000,107.099998,,890.000000,15.100000,164.770004,80.410004,46.650002,64.003609,46.529999,78.870003,1759.032227,38.973213,46.439999,,86.919998,118.660004,65.830002,766800
2013-08-20,25.910000,104.970001,110.150002,896.400024,14.910000,165.580002,80.620003,47.349998,64.562668,46.740002,79.769997,1777.419312,39.412201,46.840000,,86.830002,118.290001,65.980003,632647
2013-08-21,25.549999,103.849998,109.809998,888.200012,15.940000,164.559998,80.050003,46.980000,63.724075,45.910000,80.019997,1753.548340,39.174107,46.220001,,86.419998,117.699997,65.519997,499853
2013-08-22,26.090000,105.029999,109.900002,904.400024,14.760000,166.059998,82.209999,47.820000,64.923355,46.180000,80.739998,1785.806396,40.714287,47.119999,,86.980003,118.290001,66.150002,583893
2013-08-23,26.290001,106.419998,111.040001,911.000000,13.980000,166.619995,81.669998,48.709999,65.410278,46.869999,80.580002,1796.129028,41.004463,47.509998,,87.519997,119.529999,66.550003,956955
2013-08-26,26.260000,105.919998,110.730003,910.000000,14.990000,166.000000,81.900002,48.439999,66.131653,46.560001,80.820000,1795.806396,40.729168,47.250000,,87.089996,118.839996,66.309998,735638
2013-08-27,25.980000,109.010002,114.360001,900.599976,16.770000,163.330002,81.169998,48.130001,65.960327,45.779999,79.339996,1769.032227,40.401787,46.650002,,86.820000,118.809998,66.019997,956288
2013-08-28,26.000000,110.099998,116.610001,914.400024,16.490000,163.910004,82.680000,48.900002,67.141571,45.680000,80.139999,1786.774170,40.721725,47.189999,,88.839996,121.809998,66.769997,542993
2013-08-29,25.740000,108.800003,115.160004,905.200012,16.809999,164.169998,81.599998,48.540001,67.024345,45.520000,78.879997,1755.483887,40.022320,46.650002,,87.269997,120.370003,66.160004,298877
2013-08-30,25.030001,107.650002,114.010002,899.200012,17.010000,163.649994,80.940002,48.000000,66.997292,45.130001,77.580002,1740.645142,39.903275,46.490002,,87.160004,120.430000,66.300003,689054
2013-09-03,25.260000,108.540001,115.680000,906.799988,16.610001,164.389999,82.419998,48.299999,68.241661,45.320000,77.940002,1731.612915,40.394344,46.849998,,87.150002,120.550003,66.790001,917075
2013-09-04,25.540001,107.230003,114.910004,915.599976,15.880000,165.750000,82.860001,49.080002,68.611359,45.389999,80.540001,1772.258057,40.855656,47.730000,,87.760002,120.860001,67.660004,418519
2013-09-05,25.670000,108.370003,115.260002,928.200012,15.770000,165.960007,84.220001,49.770000,69.900810,46.450001,80.570000,1798.387085,40.982143,48.430000,,87.349998,121.370003,67.769997,392299
2013-09-06,25.809999,110.529999,116.120003,933.400024,15.850000,166.039993,85.139999,49.540001,70.342651,46.470001,81.029999,1829.354858,40.706844,48.990002,,87.250000,121.209999,68.199997,731275
2013-09-09,26.360001,109.519997,113.720001,948.000000,15.630000,167.630005,86.449997,50.259998,70.712357,47.029999,82.430000,1868.064575,41.026787,50.130001,,88.040001,122.220001,68.870003,374966
2013-09-10,26.260000,107.389999,111.250000,951.400024,14.530000,168.869995,86.900002,50.320000,70.901711,47.299999,82.190002,1861.290283,41.004463,50.220001,,87.820000,123.010002,68.660004,501528
2013-09-11,26.270000,107.559998,111.500000,953.799988,13.820000,169.399994,87.050003,50.189999,70.991882,47.580002,82.480003,1873.870972,41.316963,50.139999,,88.839996,123.919998,69.160004,817227
2013-09-12,26.450001,108.599998,112.629997,945.000000,14.290000,168.949997,86.580002,49.200001,70.288551,47.389999,82.550003,1863.870972,41.041668,49.400002,,87.980003,123.889999,68.779999,996361
2013-09-13,26.770000,108.209999,112.779999,944.799988,14.160000,169.330002,86.720001,49.689999,70.550041,46.790001,82.250000,1847.096802,40.476189,49.700001,,88.400002,124.139999,69.190002,733744
2013-09-16,26.820000,106.589996,,950.400024,14.380000,170.309998,87.000000,49.820000,70.991882,46.680000,82.970001,1873.548340,41.339287,49.950001,,88.669998,124.080002,69.339996,1078332
2013-09-17,26.990000,105.419998,,954.599976,14.530000,171.070007,87.739998,49.669998,71.145180,46.770000,83.419998,1891.612915,41.830357,50.259998,,88.940002,124.339996,69.699997,590999
2013-09-18,27.360001,108.070000,110.599998,966.400024,13.590000,173.050003,88.949997,49.750000,71.695221,47.240002,84.029999,1910.967773,42.775299,50.380001,,89.580002,125.820000,70.559998,455031
2013-09-19,26.860001,106.389999,108.760002,964.200012,13.160000,172.759995,88.790001,49.540001,71.983772,45.869999,83.669998,1914.516113,42.522320,50.230000,,89.279999,125.440002,70.839996,663133
2013-09-20,26.110001,104.680000,109.220001,951.200012,13.120000,170.720001,87.440002,49.340000,71.064018,45.060001,82.209999,1893.548340,41.941963,49.840000,,88.660004,124.919998,71.000000,1221059
2013-09-23,25.700001,103.589996,108.160004,944.000000,14.310000,169.929993,87.040001,48.389999,70.784492,45.070000,80.739998,1874.193604,41.309525,49.240002,,87.750000,125.519997,70.580002,691687
2013-09-24,25.590000,103.129997,108.639999,945.799988,14.080000,169.529999,87.910004,48.750000,70.946800,45.009998,80.459999,1882.580688,41.049107,49.259998,,87.360001,124.489998,70.400002,549834
2013-09-25,25.530001,102.660004,108.320000,951.599976,14.010000,169.039993,88.570000,48.880001,71.325516,45.080002,81.190002,1881.612915,41.220238,49.419998,,87.139999,124.070000,70.320000,472801
2013-09-26,25.480000,103.029999,109.209999,951.599976,14.060000,169.690002,88.830002,48.709999,71.343552,45.049999,80.489998,1886.129028,41.138393,49.470001,,87.070000,123.489998,70.230003,606314
2013-09-27,25.500000,102.870003,108.629997,946.400024,15.460000,168.910004,88.820000,48.389999,70.342651,44.919998,80.360001,1899.032227,41.168156,49.529999,,86.900002,122.639999,70.309998,609066
2013-09-30,25.370001,102.330002,108.370003,941.599976,16.600000,168.009995,88.360001,48.150002,70.432823,44.500000,81.239998,1914.838745,41.235119,49.099998,,86.040001,121.500000,69.510002,645295
2013-10-01,25.610001,102.040001,107.940002,953.400024,15.540000,169.339996,89.050003,48.599998,71.055008,44.980000,81.519997,1899.677368,41.822918,49.660000,,86.000000,121.320000,70.040001,914128
2013-10-02,25.440001,104.099998,109.190002,961.200012,16.600000,169.179993,89.849998,49.090000,71.587013,45.029999,82.080002,1890.322632,42.403275,49.630001,,86.080002,120.830002,70.360001,454021
2013-10-03,25.000000,103.309998,109.000000,955.400024,17.670000,167.619995,89.440002,48.400002,71.073036,45.180000,82.230003,1886.129028,41.919643,48.790001,,85.500000,118.250000,70.169998,614815
2013-10-04,25.080000,103.839996,109.459999,963.599976,16.740000,168.889999,90.010002,49.060001,71.722275,45.450001,82.260002,1895.806396,42.492561,49.450001,,86.320000,118.129997,70.970001,546305
2013-10-07,24.719999,103.029999,109.680000,955.200012,19.410000,167.429993,89.290001,49.020000,70.838593,45.009998,81.500000,1884.516113,42.061012,49.009998,,85.900002,117.870003,70.879997,679849
2013-10-08,24.150000,103.489998,110.160004,945.200012,20.340000,165.479996,87.949997,48.660000,70.495941,44.400002,80.400002,1872.258057,41.733631,48.930000,,85.510002,116.730003,70.169998,959634
2013-10-09,23.700001,101.610001,109.059998,938.400024,19.600000,165.600006,87.040001,48.560001,70.126244,44.380001,79.279999,1866.774170,41.532738,48.639999,,85.160004,116.129997,69.769997,824295
2013-10-10,24.209999,103.010002,111.800003,959.799988,16.480000,169.169998,89.419998,50.000000,71.469795,44.830002,80.690002,1916.129028,42.485119,49.639999,,86.040001,116.379997,71.080002,800598
2013-10-11,24.430000,102.019997,111.279999,965.799988,15.720000,170.259995,90.019997,50.669998,71.523895,45.189999,80.900002,1926.451660,42.671131,50.230000,,86.949997,117.669998,71.709999,981539
2013-10-14,24.719999,102.410004,111.040001,976.200012,16.070000,170.940002,91.169998,51.349998,72.209198,45.419998,82.699997,1932.903198,43.229168,50.419998,,87.599998,118.580002,71.959999,861083
2013-10-15,24.350000,101.209999,109.959999,970.200012,18.660000,169.699997,90.540001,51.160000,72.091972,45.009998,81.940002,1944.516113,43.043156,50.119999,,86.790001,118.150002,71.889999,1045686
2013-10-16,24.230000,102.290001,110.860001,982.000000,14.710000,172.070007,92.180000,51.970001,73.174034,45.220001,82.790001,1974.838745,43.921131,50.980000,,87.309998,119.160004,72.959999,967944
2013-10-17,24.160000,100.669998,110.970001,984.000000,13.480000,173.220001,91.430000,51.720001,73.029755,45.290001,82.910004,1976.129028,43.340775,51.779999,,87.480003,119.519997,73.410004,1035153
2013-10-18,24.670000,100.809998,,1004.000000,13.040000,174.389999,93.989998,52.470001,74.084763,45.889999,86.269997,2012.903198,44.151787,55.549999,,87.550003,119.650002,73.430000,1137860
2013-10-21,24.320000,99.220001,109.639999,994.599976,13.160000,174.399994,93.480003,50.660000,73.823265,46.570000,85.949997,2008.387085,43.177082,56.000000,,87.230003,119.820000,73.050003,925480
2013-10-22,24.000000,97.800003,109.970001,1005.200012,13.330000,175.410004,94.459999,51.779999,73.399460,49.349998,86.029999,2024.516113,42.983631,57.150002,,87.980003,120.639999,73.260002,2342022
2013-10-23,23.190001,96.860001,107.800003,983.000000,13.420000,174.570007,92.839996,50.740002,71.064018,48.959999,83.000000,1967.741943,39.285713,56.200001,,87.610001,120.129997,72.389999,1905454
2013-10-24,23.010000,97.110001,106.989998,979.000000,13.200000,175.149994,92.849998,51.099998,71.352570,49.020000,83.199997,1920.967773,38.608631,57.070000,,88.419998,120.559998,73.389999,1015194
2013-10-25,24.040001,97.849998,106.930000,987.599976,13.090000,175.949997,92.900002,51.689999,74.589722,49.500000,83.690002,1933.870972,38.043156,58.230000,,87.970001,120.589996,74.059998,1394272
2013-10-28,24.020000,98.680000,109.610001,991.599976,13.310000,176.229996,92.849998,52.029999,74.761047,48.599998,84.540001,1984.193604,38.549107,58.049999,,88.230003,120.910004,73.889999,1112039
2013-10-29,24.250000,98.199997,109.010002,998.400024,13.410000,177.169998,94.000000,53.250000,73.760147,48.220001,86.410004,1997.741943,38.325893,58.660000,,88.930000,121.500000,74.339996,945691
2013-10-30,23.950001,96.769997,109.860001,994.599976,13.650000,176.289993,93.879997,53.259998,73.742111,47.290001,86.680000,1973.548340,37.872025,58.369999,,88.809998,120.300003,73.250000,1069180
2013-10-31,23.660000,96.379997,108.839996,992.400024,13.750000,175.789993,93.720001,53.029999,73.201080,47.070000,85.879997,1942.580688,37.611607,58.090000,,89.620003,119.959999,73.330002,752609
2013-11-01,23.190001,94.610001,105.910004,988.799988,13.280000,176.210007,93.000000,53.230000,72.885483,47.560001,86.139999,1935.161255,37.507439,58.290001,,89.820000,118.010002,73.089996,902710
2013-11-04,23.520000,94.620003,106.230003,997.200012,12.930000,176.830002,93.510002,54.040001,72.957619,48.380001,86.680000,1974.516113,37.626488,58.410000,,92.099998,118.099998,73.330002,679589
2013-11-05,22.980000,93.370003,105.330002,988.599976,13.270000,176.270004,92.389999,53.130001,72.425606,48.209999,85.510002,2009.677368,37.254463,57.880001,,91.989998,118.449997,72.570000,877185
2013-11-06,22.799999,94.800003,105.239998,1000.799988,12.670000,177.169998,93.230003,54.400002,73.399460,49.029999,85.910004,2000.322632,37.395832,57.959999,,93.220001,121.139999,73.900002,832590
2013-11-07,22.350000,94.199997,103.459999,987.400024,13.910000,174.929993,92.050003,53.900002,72.506760,52.450001,82.449997,1930.322632,36.785713,55.970001,,91.959999,119.910004,72.510002,853182
2013-11-08,22.920000,94.599998,105.120003,1010.400024,12.900000,177.289993,93.790001,55.320000,74.120827,53.450001,84.760002,1942.258057,37.016369,57.919998,,92.730003,121.190002,73.690002,1050340
2013-11-11,22.990000,95.139999,106.400002,1015.000000,12.530000,177.320007,93.870003,55.299999,74.815147,55.369999,85.150002,1952.258057,37.008930,58.349998,,92.959999,121.080002,73.559998,661127
2013-11-12,22.610001,93.040001,105.809998,998.200012,12.820000,176.960007,91.989998,54.459999,74.436432,55.139999,82.349998,1929.032227,36.406250,57.130001,,92.669998,120.000000,72.820000,989284
2013-11-13,22.930000,93.879997,107.120003,1008.599976,12.520000,178.380005,93.080002,55.540001,74.319206,55.299999,82.360001,1940.645142,36.562500,57.549999,,92.589996,120.089996,73.339996,456476
2013-11-14,23.350000,93.760002,108.540001,1014.599976,12.370000,179.270004,93.309998,56.259998,75.347160,54.669998,83.449997,1968.387085,36.882439,58.279999,,93.220001,119.559998,73.680000,899212
2013-11-15,24.040001,93.839996,108.550003,1016.400024,12.190000,180.050003,92.980003,56.230000,76.014427,54.439999,83.779999,2000.645142,36.860119,58.270000,,95.269997,120.059998,73.300003,1068489
2013-11-18,23.250000,93.029999,,999.599976,13.100000,179.419998,92.019997,54.330002,75.247971,54.230000,81.779999,1946.451660,36.145832,57.330002,,95.449997,120.559998,72.309998,1137724
2013-11-19,22.540001,93.339996,106.919998,992.000000,13.390000,179.029999,91.279999,53.759998,74.986473,53.970001,80.239998,1893.870972,36.116070,57.160000,,95.419998,122.059998,72.260002,875140
2013-11-20,22.219999,93.330002,108.059998,989.599976,13.400000,178.470001,90.449997,53.580002,75.166817,53.939999,79.930000,1859.354858,36.331844,56.910000,,94.680000,122.000000,72.250000,899584
2013-11-21,22.360001,95.440002,110.080002,994.200012,12.660000,179.910004,91.010002,54.200001,75.617676,52.380001,79.739998,1854.838745,36.793156,57.889999,,94.690002,123.459999,73.339996,634946
2013-11-22,22.370001,94.839996,111.050003,997.400024,12.260000,180.809998,92.730003,54.500000,75.437332,52.090000,79.540001,1860.645142,36.488094,57.910000,,95.010002,124.029999,74.019997,357630
2013-11-25,21.530001,94.089996,111.000000,972.599976,12.790000,180.630005,89.809998,52.700001,74.490532,51.000000,77.000000,1844.838745,35.863094,57.029999,,95.089996,123.739998,72.809998,870267
2013-11-26,21.719999,93.680000,110.879997,973.000000,12.810000,180.679993,89.459999,53.180000,73.715057,50.400002,77.599998,1856.451660,35.714287,56.919998,,94.269997,122.779999,72.930000,746273
2013-11-27,22.139999,92.300003,111.309998,965.000000,12.980000,181.119995,87.949997,52.419998,73.453560,50.540001,76.650002,1838.387085,35.550594,56.730000,,93.800003,122.419998,72.620003,1026733
2013-11-29,22.209999,92.720001,109.690002,967.799988,13.700000,181.000000,88.419998,52.680000,73.489632,50.380001,77.190002,1840.000000,35.788689,56.959999,,93.480003,122.440002,72.800003,321992
2013-12-02,22.020000,93.820000,111.449997,964.000000,14.230000,180.529999,87.599998,52.009998,73.660957,50.220001,78.750000,1839.354858,35.870537,56.250000,,93.519997,122.339996,72.570000,651804
2013-12-03,22.030001,96.040001,112.620003,966.599976,14.550000,179.750000,87.639999,52.020000,74.499550,50.099998,79.050003,1847.741943,36.086311,56.650002,,94.389999,122.519997,72.470001,847623
2013-12-04,22.490000,97.199997,111.879997,962.200012,14.700000,179.729996,87.279999,50.619999,73.805229,50.290001,78.900002,1855.806396,36.674107,54.700001,,94.669998,121.769997,71.410004,977070
2013-12-05,22.610001,97.379997,110.980003,959.799988,15.080000,178.940002,86.870003,50.480000,73.588821,49.709999,79.250000,1862.258057,37.358631,54.000000,,94.129997,121.099998,70.839996,914028
2013-12-06,22.559999,97.650002,111.610001,962.400024,13.790000,180.940002,88.150002,50.560001,73.570786,49.770000,79.599998,1875.806396,37.738094,53.830002,,95.650002,122.290001,70.769997,769367
2013-12-09,22.590000,97.339996,109.389999,960.000000,13.490000,181.399994,88.029999,49.910000,72.308388,49.570000,79.040001,1865.161255,37.931549,53.740002,,95.839996,123.339996,70.440002,713859
2013-12-10,22.510000,98.510002,109.379997,950.000000,13.910000,180.750000,87.010002,49.430000,71.361588,49.250000,77.830002,1853.870972,37.313988,53.290001,,95.709999,123.660004,70.309998,875775
2013-12-11,21.620001,97.440002,109.699997,939.200012,15.420000,178.720001,86.139999,48.990002,70.667267,48.549999,76.489998,1823.225830,37.619049,52.439999,,94.260002,122.099998,69.110001,651633
2013-12-12,21.830000,97.500000,108.669998,945.200012,15.540000,178.130005,86.959999,49.590000,70.820557,48.630001,76.699997,1821.290283,37.953869,53.029999,,95.360001,120.989998,69.480003,584662
2013-12-13,23.389999,96.599998,108.830002,943.000000,15.760000,178.110001,86.370003,49.389999,71.000900,48.220001,76.940002,1800.322632,38.363094,52.709999,,95.309998,119.900002,69.430000,1380094
2013-12-16,23.469999,97.480003,110.470001,953.200012,16.030001,179.220001,87.000000,50.130001,71.163208,48.209999,79.559998,1815.483887,39.508930,53.230000,,97.220001,120.220001,69.790001,913277
2013-12-17,23.480000,97.220001,110.410004,945.000000,16.209999,178.649994,85.540001,49.349998,70.459877,48.130001,78.500000,1796.774170,39.553570,52.660000,,96.750000,118.739998,69.059998,611626
2013-12-18,23.370001,97.800003,,950.000000,13.800000,181.699997,87.260002,49.910000,70.252480,48.020000,78.040001,1797.419312,39.255951,53.660000,,99.540001,121.599998,69.400002,544150
2013-12-19,23.110001,98.769997,110.290001,942.799988,14.150000,181.490005,86.470001,49.419998,70.135254,47.150002,76.949997,1785.161255,38.630951,53.189999,,99.430000,123.220001,69.080002,505277
2013-12-20,23.100000,99.320000,111.769997,951.000000,13.790000,181.559998,87.269997,50.540001,70.667267,47.000000,78.559998,1830.645142,38.913689,53.810001,,98.680000,122.779999,69.879997,958493
2013-12-23,22.889999,98.910004,111.559998,936.400024,13.040000,182.529999,87.320000,50.299999,70.126244,47.189999,78.169998,1840.000000,38.422619,53.639999,,98.510002,122.800003,69.559998,447968
2013-12-24,23.450001,99.220001,111.900002,948.599976,12.480000,182.929993,88.309998,50.680000,70.811539,48.119999,78.519997,1860.000000,38.846725,54.000000,,99.220001,123.510002,69.930000,246444
2013-12-26,23.200001,99.550003,111.980003,952.000000,12.330000,183.860001,89.389999,51.209999,71.027954,48.169998,78.379997,1864.516113,38.891369,54.580002,,100.900002,124.809998,70.190002,482822
2013-12-27,23.360001,100.320000,112.180000,958.200012,12.460000,183.850006,89.900002,51.080002,71.632103,48.860001,78.459999,1875.161255,38.616070,54.770000,,101.510002,125.230003,70.389999,320009
2013-12-30,23.209999,99.290001,111.209999,953.400024,13.560000,183.820007,89.169998,50.400002,70.946800,48.840000,78.370003,1877.419312,38.348213,54.450001,,100.309998,124.230003,69.910004,538347
2013-12-31,23.180000,98.419998,110.800003,961.400024,13.720000,184.690002,90.110001,50.750000,71.713257,49.419998,78.879997,1911.935425,38.846725,55.259998,,101.199997,124.910004,70.650002,723413
2014-01-02,22.840000,95.440002,107.779999,946.400024,14.230000,182.919998,88.820000,50.009998,71.253380,48.910000,76.360001,1890.322632,38.132439,54.070000,,99.750000,124.139999,69.779999,668541
2014-01-03,22.770000,93.959999,106.889999,945.200012,13.760000,182.889999,88.349998,50.130001,71.009918,48.669998,78.019997,1927.741943,38.616070,53.590000,,99.510002,124.349998,69.959999,593192
2014-01-06,22.660000,93.430000,106.730003,943.799988,13.550000,182.360001,88.019997,50.320000,71.677185,48.759998,76.970001,1930.000000,38.616070,53.400002,,99.660004,124.019997,70.260002,756529
2014-01-07,22.799999,93.669998,107.349998,941.400024,12.920000,183.479996,87.510002,50.200001,71.965736,49.099998,75.940002,1937.741943,38.169643,52.790001,,101.070000,125.070000,70.370003,434874
2014-01-08,22.209999,92.330002,107.150002,934.400024,12.870000,183.520004,86.980003,49.500000,70.486923,48.500000,76.690002,1929.677368,38.244049,52.209999,,100.739998,123.290001,69.690002,590294
2014-01-09,22.530001,91.660004,106.389999,932.599976,12.890000,183.639999,86.480003,49.610001,70.126244,48.500000,76.540001,1900.322632,38.303570,51.820000,,99.760002,123.290001,69.459999,773588
2014-01-10,22.770000,92.720001,107.250000,946.599976,12.140000,184.139999,88.169998,50.520000,70.378723,48.529999,77.070000,1920.322632,38.921131,53.060001,,100.519997,121.010002,68.870003,549903
2014-01-13,22.080000,91.800003,106.750000,929.200012,13.280000,181.690002,87.459999,49.580002,69.197472,47.490002,74.029999,1865.161255,37.983631,52.549999,,98.550003,119.250000,67.739998,693025
2014-01-14,22.120001,92.589996,106.389999,942.799988,12.280000,183.669998,88.870003,50.400002,69.909828,48.310001,75.500000,1876.774170,38.623512,53.040001,,99.120003,119.570000,68.320000,729536
2014-01-15,22.209999,94.169998,107.129997,941.400024,12.280000,184.660004,88.889999,50.639999,69.594231,47.529999,74.209999,1861.290283,38.095238,53.500000,,98.779999,119.180000,68.080002,1170355
2014-01-16,21.930000,93.959999,107.089996,940.000000,12.530000,184.419998,88.610001,50.900002,69.576195,47.200001,74.290001,1840.645142,38.005951,53.730000,,98.940002,118.830002,67.830002,855949
2014-01-17,22.059999,94.370003,107.059998,943.000000,12.440000,183.639999,90.209999,50.660000,69.404869,46.689999,74.669998,1820.000000,37.946430,54.139999,,99.160004,119.290001,67.510002,488517
2014-01-21,22.600000,94.989998,,950.200012,12.870000,184.179993,91.089996,49.779999,69.567177,46.750000,74.760002,1813.548340,38.169643,56.730000,,98.500000,120.360001,68.260002,531703
2014-01-22,22.900000,96.730003,108.269997,953.200012,12.840000,184.300003,91.209999,50.540001,69.954910,46.830002,74.809998,1787.741943,38.385418,56.779999,,97.879997,120.430000,68.370003,625035
2014-01-23,22.110001,97.320000,107.580002,937.599976,13.770000,182.789993,90.260002,50.110001,68.638412,45.430000,72.339996,1704.516113,37.343750,56.939999,,96.970001,118.389999,67.849998,980329
2014-01-24,21.100000,96.639999,107.879997,915.200012,18.139999,178.889999,88.150002,48.610001,66.726784,44.250000,71.599998,1660.000000,36.755951,56.430000,,94.849998,116.290001,66.570000,1815876
2014-01-27,20.770000,95.720001,106.690002,912.000000,17.420000,178.009995,87.910004,48.490002,66.104599,45.250000,69.230003,1640.000000,36.406250,56.250000,,94.919998,116.430000,65.860001,923495
2014-01-28,21.090000,97.410004,107.410004,910.400024,15.800000,179.070007,87.760002,48.330002,66.104599,44.970001,69.360001,1674.838745,36.599701,56.240002,,95.650002,116.839996,66.209999,692211
2014-01-29,20.520000,97.360001,107.849998,901.599976,17.350000,177.350006,87.300003,48.200001,65.852119,43.849998,68.269997,1657.741943,36.383930,55.810001,,95.110001,116.000000,65.820000,703126
2014-01-30,20.690001,98.230003,107.949997,914.799988,17.290001,179.229996,88.809998,49.439999,66.411179,43.669998,69.230003,1664.516113,37.135418,57.000000,,93.989998,116.449997,65.750000,723858
2014-01-31,20.389999,97.489998,106.400002,909.599976,18.410000,178.179993,87.570000,49.009998,67.637512,43.279999,68.150002,1672.580688,36.785713,56.639999,,92.160004,111.629997,64.949997,568216
2014-02-03,19.750000,96.430000,106.040001,894.400024,21.440001,174.169998,86.230003,48.330002,66.501350,42.470001,66.699997,1630.645142,36.413689,56.200001,,90.050003,111.139999,63.860001,1321038
2014-02-04,20.020000,97.190002,105.779999,905.400024,19.110001,175.389999,87.190002,49.360001,67.186653,42.419998,68.349998,1628.709717,36.994049,57.049999,,90.019997,110.830002,63.709999,1061745
2014-02-05,20.100000,97.379997,106.250000,894.200012,19.950001,175.169998,86.160004,49.270000,66.095581,41.610001,67.699997,1512.580688,36.755951,57.009998,,89.580002,109.519997,63.459999,1233546
2014-02-06,20.440001,97.839996,107.190002,916.599976,17.230000,177.479996,88.510002,50.759998,66.780884,42.360001,68.980003,1535.161255,37.165180,58.160000,,89.800003,111.269997,64.300003,507231
2014-02-07,20.910000,99.879997,109.570000,923.799988,15.290000,179.679993,89.500000,51.970001,67.691612,42.330002,69.290001,1528.064575,35.989582,59.509998,,90.580002,112.050003,64.970001,720062
2014-02-10,21.030001,100.059998,108.629997,920.599976,15.260000,180.009995,89.040001,51.869999,67.628494,42.259998,68.320000,1495.483887,36.540180,59.070000,,89.519997,111.690002,64.580002,936099
2014-02-11,21.680000,99.940002,108.680000,941.799988,14.510000,181.979996,90.370003,53.840000,68.169525,43.849998,69.559998,1521.290283,37.403275,60.490002,,90.839996,113.580002,65.570000,645739
2014-02-12,21.680000,100.370003,108.790001,937.200012,14.300000,182.070007,90.029999,53.119999,68.548241,43.189999,70.379997,1521.935425,37.693451,59.689999,,91.080002,112.029999,65.220001,1161271
2014-02-13,22.150000,100.349998,108.730003,943.200012,14.140000,183.009995,90.260002,53.459999,68.476105,43.360001,71.309998,1520.967773,38.214287,59.770000,,91.430000,112.510002,64.709999,948851
2014-02-14,22.270000,100.300003,108.730003,946.400024,13.570000,184.020004,90.449997,53.570000,68.908928,43.130001,71.349998,1557.741943,38.125000,59.680000,,94.110001,113.480003,65.529999,389856
2014-02-18,21.990000,102.430000,,951.400024,13.870000,184.240005,90.629997,54.130001,68.890892,43.000000,72.669998,1539.677368,37.909225,61.169998,,94.070000,112.709999,65.370003,965470
2014-02-19,22.270000,103.309998,110.470001,951.599976,15.500000,183.020004,90.480003,54.529999,68.944992,42.790001,71.750000,1531.612915,37.589287,60.700001,,93.949997,113.599998,65.000000,747873
2014-02-20,22.500000,102.919998,110.300003,957.400024,14.790000,184.100006,91.029999,55.380001,68.872856,42.980000,70.629997,1537.741943,37.812500,61.230000,,95.370003,114.599998,64.919998,1381041
2014-02-21,22.200001,102.199997,109.849998,951.000000,14.680000,183.889999,90.070000,55.299999,67.448151,43.139999,69.180000,1527.096802,37.217262,61.020000,,95.029999,112.680000,64.680000,1353275
2014-02-24,23.400000,102.820000,110.639999,972.599976,14.230000,184.910004,92.720001,56.369999,68.476105,43.919998,70.440002,1560.000000,37.693451,63.080002,,96.440002,114.150002,66.419998,1571834
2014-02-25,23.459999,101.830002,109.510002,964.400024,13.670000,184.839996,92.559998,55.580002,67.475204,43.419998,70.370003,1550.645142,37.276787,62.299999,,96.309998,114.970001,66.519997,1808376
2014-02-26,23.600000,102.589996,109.519997,961.000000,14.350000,184.850006,92.349998,55.160000,67.033363,43.009998,70.809998,1561.290283,37.351189,62.049999,,95.790001,115.510002,66.129997,1396801
2014-02-27,23.549999,102.400002,108.959999,965.599976,14.040000,185.820007,92.570000,55.689999,67.357979,42.549999,70.660004,1566.774170,37.194939,62.360001,,95.839996,115.690002,66.250000,671187
2014-02-28,23.639999,102.589996,109.070000,976.400024,14.000000,186.289993,93.000000,57.000000,69.467987,42.400002,71.580002,1571.612915,37.380951,63.279999,,96.269997,115.330002,66.500000,992357
2014-03-03,23.290001,104.919998,111.199997,965.000000,16.000000,184.979996,91.260002,56.380001,69.449959,41.669998,70.449997,1559.677368,36.979168,63.209999,,95.500000,114.839996,66.309998,1281356
2014-03-04,23.570000,103.330002,109.300003,976.400024,14.100000,187.580002,92.489998,56.900002,70.189362,42.000000,71.769997,1580.967773,37.313988,63.970001,,96.519997,115.320000,66.500000,1159747
2014-03-05,23.360001,101.449997,107.760002,972.400024,13.890000,187.750000,92.010002,56.189999,69.864746,42.430000,70.010002,1575.161255,37.715775,63.040001,,93.800003,114.430000,66.300003,651748
2014-03-06,23.670000,101.559998,108.099998,983.599976,14.210000,188.179993,92.750000,56.919998,70.541031,42.560001,69.860001,1607.419312,39.114582,63.480000,,93.760002,114.849998,66.389999,504607
2014-03-07,23.629999,102.580002,109.000000,981.400024,14.110000,188.259995,92.980003,56.200001,71.289452,42.070000,70.980003,1600.967773,39.635418,63.299999,,94.989998,115.080002,66.510002,475459
2014-03-10,23.490000,101.120003,108.080002,980.799988,14.200000,188.160004,92.870003,56.470001,71.154190,41.860001,70.760002,1591.612915,39.360119,63.330002,,95.500000,115.839996,66.889999,834318
2014-03-11,23.090000,100.029999,108.550003,968.200012,14.800000,187.229996,91.949997,55.720001,70.405769,41.680000,69.769997,1544.838745,38.653275,62.349998,,94.010002,114.510002,66.529999,769309
2014-03-12,23.040001,97.989998,108.019997,961.599976,14.470000,187.279999,91.169998,55.389999,69.711449,40.790001,71.250000,1530.645142,38.191963,61.680000,,94.209999,115.650002,66.540001,1144099
2014-03-13,22.570000,98.199997,107.389999,946.599976,16.219999,185.179993,90.269997,55.250000,67.790802,39.540001,69.580002,1498.064575,37.686012,61.580002,,93.639999,114.449997,66.320000,1337622
2014-03-14,22.830000,98.889999,108.570000,944.200012,17.820000,184.660004,89.089996,55.189999,67.267807,38.840000,71.010002,1482.903198,38.206844,61.799999,,93.470001,114.099998,66.599998,615591
2014-03-17,23.200001,98.080002,108.540001,953.799988,15.640000,186.330002,89.779999,56.619999,66.789902,38.910000,70.239998,1483.870972,38.117561,62.799999,,94.320000,115.070000,67.290001,866198
2014-03-18,22.959999,99.699997,106.790001,960.200012,14.520000,187.660004,90.500000,56.900002,66.988281,39.189999,71.290001,1496.774170,38.177082,61.840000,,94.709999,116.239998,68.099998,981537
2014-03-19,22.629999,100.370003,105.849998,960.599976,15.120000,186.660004,90.360001,56.779999,66.717766,39.810001,70.830002,1496.129028,38.102680,61.520000,,93.730003,115.199997,67.500000,789455
2014-03-20,22.430000,99.430000,106.449997,967.400024,14.520000,187.750000,91.110001,57.360001,66.474304,40.119999,70.980003,1499.354858,38.995537,61.349998,,94.580002,115.510002,67.900002,926374
2014-03-21,22.650000,99.459999,106.919998,978.599976,15.000000,186.199997,92.669998,58.060001,67.150589,40.400002,73.430000,1544.516113,39.092262,62.110001,,94.309998,115.629997,67.480003,1553530
2014-03-24,22.110001,99.599998,106.809998,974.000000,15.090000,185.429993,93.230003,57.779999,66.862038,39.880001,71.500000,1515.161255,38.735119,61.639999,,94.639999,115.849998,67.559998,1014085
2014-03-25,22.190001,99.190002,106.989998,989.400024,14.020000,186.309998,95.559998,59.139999,67.430115,40.630001,72.180000,1530.967773,38.913689,62.740002,,94.910004,117.089996,68.389999,827795
2014-03-26,22.059999,100.260002,107.029999,983.400024,14.930000,184.970001,95.430000,58.369999,67.421097,40.470001,70.139999,1531.612915,38.668156,62.799999,,94.699997,117.709999,68.599998,993888
2014-03-27,22.190001,101.279999,107.830002,989.200012,14.620000,184.580002,96.489998,58.090000,68.557259,40.360001,70.599998,1556.451660,38.474701,63.599998,,96.239998,117.669998,69.290001,923116
2014-03-28,22.700001,101.669998,108.070000,1005.599976,14.410000,185.490005,97.570000,59.459999,70.036072,41.189999,71.940002,1561.290283,38.995537,65.269997,,97.699997,118.500000,70.349998,811971
2014-03-31,22.980000,101.580002,107.760002,1006.599976,13.880000,187.009995,97.500000,58.889999,70.216408,41.340000,71.860001,1568.387085,38.906250,65.019997,,97.680000,118.910004,70.349998,824280
2014-04-01,23.360001,99.739998,105.620003,1009.599976,13.100000,188.250000,97.959999,59.630001,70.387733,41.209999,72.360001,1584.516113,39.345238,65.580002,,97.730003,119.000000,70.309998,714122
2014-04-02,23.459999,99.620003,104.790001,1012.400024,13.090000,188.880005,97.690002,59.930000,70.739403,41.410000,73.430000,1598.387085,40.178570,65.720001,,97.949997,119.349998,70.889999,880007
2014-04-03,23.420000,100.290001,106.150002,1008.799988,13.370000,188.630005,98.070000,59.799999,70.477905,41.320000,73.470001,1580.000000,40.163689,65.639999,,97.930000,119.040001,70.199997,647467
2014-04-04,22.780001,101.139999,106.720001,1010.599976,13.960000,186.399994,98.029999,59.310001,71.199280,41.610001,73.410004,1571.290283,40.691963,65.680000,,97.360001,118.800003,70.220001,746098
2014-04-07,22.219999,100.440002,105.820000,992.599976,15.570000,184.339996,97.599998,57.360001,69.603249,41.320000,71.970001,1540.000000,39.702381,63.450001,,96.779999,117.339996,69.480003,1177909
2014-04-08,22.490000,102.559998,107.669998,1004.000000,14.890000,185.100006,98.440002,58.509998,70.441841,42.029999,72.400002,1553.548340,39.828869,64.650002,,97.449997,117.800003,70.070000,699936
2014-04-09,22.580000,103.599998,107.980003,1004.200012,13.820000,187.089996,99.019997,58.790001,71.018936,40.889999,72.400002,1571.612915,39.717262,64.919998,,97.330002,119.099998,71.540001,423002
2014-04-10,22.000000,103.400002,107.459999,988.400024,15.890000,183.160004,97.320000,57.910000,70.883682,40.599998,71.070000,1548.387085,39.486607,64.129997,,96.779999,116.690002,69.709999,658686
2014-04-11,21.740000,103.739998,107.330002,980.799988,17.030001,181.509995,97.099998,57.610001,70.477905,39.450001,70.169998,1532.580688,38.809525,63.369999,,96.720001,117.029999,70.870003,599770
2014-04-14,22.110001,104.050003,109.070000,1000.000000,16.110001,182.940002,98.480003,59.080002,71.695221,41.049999,70.500000,1555.483887,39.025299,64.470001,,97.860001,118.699997,71.510002,716443
2014-04-15,22.309999,103.750000,108.739998,1013.200012,15.610000,184.199997,100.110001,59.970001,72.777275,41.490002,71.629997,1563.548340,39.933037,65.320000,,98.680000,120.300003,72.940002,441747
2014-04-16,22.389999,103.760002,108.800003,1018.400024,14.180000,186.130005,100.940002,60.500000,73.300270,40.580002,72.559998,1583.548340,40.647320,66.309998,,99.940002,121.830002,73.779999,496051
2014-04-17,22.629999,104.300003,109.529999,1022.000000,13.360000,186.389999,99.910004,60.900002,74.274124,40.580002,73.800003,1584.193604,40.773811,68.330002,,100.419998,123.680000,74.769997,1259572
2014-04-21,22.709999,104.370003,109.949997,1034.199951,13.250000,187.039993,101.800003,62.919998,74.337242,40.540001,73.000000,1589.032227,41.160713,70.250000,,100.930000,124.239998,74.599998,866667
2014-04-22,23.100000,102.129997,109.269997,1037.800049,13.190000,187.889999,102.029999,63.380001,74.147881,41.049999,72.959999,1589.354858,41.235119,70.190002,,100.370003,124.000000,74.169998,2878683
2014-04-23,24.000000,101.440002,109.110001,1045.000000,13.270000,187.449997,102.209999,64.720001,74.526604,41.419998,73.790001,1610.967773,42.968750,70.379997,,100.500000,124.690002,74.019997,1188276
2014-04-24,24.240000,101.940002,110.330002,1043.199951,13.320000,187.830002,101.800003,63.490002,74.733994,43.130001,75.419998,1658.064575,42.537201,69.769997,,100.010002,124.300003,74.489998,1061600
2014-04-25,23.969999,100.599998,109.580002,1045.599976,14.060000,186.289993,101.750000,62.860001,75.266006,42.880001,73.730003,1672.258057,42.261906,69.680000,,100.410004,123.989998,74.400002,982012
2014-04-28,23.700001,100.839996,108.120003,1035.800049,13.970000,186.880005,101.290001,62.779999,69.711449,42.740002,72.820000,1638.387085,42.038689,69.320000,,101.169998,125.730003,74.650002,862973
2014-04-29,23.690001,101.279999,108.980003,1038.000000,13.710000,187.750000,101.389999,63.009998,70.432823,42.919998,72.480003,1623.225830,41.830357,69.550003,,101.449997,125.970001,74.680000,574522
2014-04-30,24.040001,99.739998,108.070000,1042.400024,13.410000,188.309998,101.550003,63.070000,70.811539,43.070000,73.279999,1642.903198,42.187500,69.900002,,102.410004,125.519997,74.309998,877988
2014-05-01,23.469999,99.419998,107.760002,1033.199951,13.250000,188.330002,100.800003,62.910000,71.055008,42.340000,72.730003,1601.935425,42.016369,69.139999,,101.410004,124.940002,75.029999,995976
2014-05-02,23.530001,99.760002,108.589996,1041.199951,12.910000,188.059998,101.029999,63.860001,71.596031,42.990002,73.540001,1617.741943,42.083332,69.690002,,102.010002,124.720001,76.519997,514280
2014-05-05,23.650000,99.480003,107.720001,1044.400024,13.290000,188.419998,101.099998,63.910000,72.028854,42.849998,73.769997,1605.483887,42.433037,70.080002,,102.910004,125.360001,76.889999,400021
2014-05-06,23.510000,99.500000,107.059998,1044.599976,13.800000,186.779999,101.000000,63.520000,72.200180,43.060001,73.440002,1601.612915,42.619049,70.300003,,102.669998,124.970001,77.080002,551773
2014-05-07,23.570000,100.769997,108.129997,1054.599976,13.400000,187.880005,101.879997,64.739998,72.750221,43.330002,72.489998,1597.741943,42.105656,71.290001,,103.110001,126.230003,78.110001,746986
2014-05-08,23.139999,100.260002,108.040001,1038.400024,13.430000,187.679993,100.279999,63.430000,72.416595,41.470001,71.349998,1602.580688,41.688988,70.110001,,102.320000,125.089996,77.010002,504837
2014-05-09,23.270000,99.989998,107.889999,1033.800049,12.920000,187.960007,100.220001,63.500000,72.146080,41.740002,71.650002,1606.451660,41.636906,68.879997,,101.949997,125.029999,77.639999,519462
2014-05-12,24.010000,100.589996,108.410004,1039.800049,12.230000,189.789993,100.290001,64.169998,72.515778,42.509998,71.970001,1643.870972,41.629463,70.099998,,102.230003,125.239998,78.410004,961166
2014-05-13,23.990000,101.699997,109.239998,1040.199951,12.130000,189.960007,100.250000,64.099998,73.336342,42.320000,71.879997,1649.677368,42.046131,70.000000,,102.360001,125.849998,78.639999,754873
2014-05-14,23.330000,102.370003,110.190002,1039.800049,12.170000,189.059998,100.739998,63.990002,73.065826,42.200001,71.129997,1640.322632,41.517857,70.180000,,102.290001,126.419998,78.529999,998779
2014-05-15,22.440001,101.500000,110.440002,1022.599976,13.170000,187.399994,99.500000,62.369999,72.533813,41.750000,70.339996,1625.483887,41.316963,68.919998,,100.779999,123.809998,78.110001,780651
2014-05-16,22.790001,102.019997,110.419998,1024.599976,12.440000,188.050003,99.589996,62.849998,73.606850,41.599998,70.849998,1629.677368,41.227680,68.820000,,100.739998,123.180000,78.059998,509983
2014-05-19,22.850000,102.610001,109.370003,1031.800049,12.420000,188.740005,100.290001,63.209999,74.210999,41.430000,71.139999,1645.161255,41.398811,69.720001,,100.870003,122.949997,78.430000,621400
2014-05-20,22.730000,102.440002,109.690002,1029.400024,12.960000,187.550003,100.389999,62.880001,74.003609,41.290001,70.699997,1632.903198,41.309525,69.209999,,100.669998,122.500000,78.540001,1566501
2014-05-21,22.870001,104.070000,110.550003,1039.000000,11.910000,189.130005,101.580002,63.169998,74.265106,41.939999,70.750000,1651.935425,41.726189,69.629997,,102.029999,124.160004,78.529999,625112
2014-05-22,22.990000,103.739998,110.360001,1043.000000,12.030000,189.589996,101.599998,63.410000,74.301170,42.610001,71.389999,1642.258057,41.733631,69.699997,,101.500000,123.629997,78.459999,539169
2014-05-23,23.000000,104.349998,110.540001,1043.000000,11.360000,190.350006,101.389999,64.010002,73.850319,42.549999,71.389999,1617.741943,42.194939,69.989998,,101.320000,123.370003,78.430000,1002084
2014-05-27,23.299999,104.110001,110.019997,1051.000000,11.510000,191.520004,102.160004,63.970001,73.877365,43.360001,72.730003,1619.032227,42.864582,69.919998,,101.360001,122.839996,79.040001,868207
2014-05-28,22.959999,102.720001,109.809998,1046.800049,11.680000,191.380005,101.870003,63.439999,73.823265,42.020000,71.930000,1612.903198,42.633930,69.989998,,101.059998,122.519997,79.570000,636096
2014-05-29,23.040001,103.580002,109.970001,1060.599976,11.570000,192.369995,103.860001,64.000000,74.012627,42.369999,72.610001,1693.870972,43.080357,70.680000,,101.269997,122.320000,79.550003,1018696
2014-05-30,23.379999,102.709999,109.410004,1062.400024,11.400000,192.679993,104.040001,64.639999,73.823265,42.490002,72.050003,1681.290283,43.199406,70.519997,,100.529999,122.790001,79.940002,495964
2014-06-02,23.309999,102.470001,108.830002,1063.599976,11.580000,192.899994,103.910004,65.010002,74.190002,41.619999,71.820000,1666.129028,43.087799,70.599998,,99.940002,122.209999,79.480003,459423
2014-06-03,23.250000,102.660004,108.820000,1070.000000,11.870000,192.800003,103.849998,65.570000,76.019997,42.090000,72.980003,1671.612915,43.377975,70.510002,,100.389999,122.550003,79.820000,1020359
2014-06-04,23.190001,102.639999,108.400002,1070.400024,12.080000,193.190002,103.720001,65.389999,76.309998,41.869999,73.330002,1682.903198,43.906250,70.279999,,100.040001,122.349998,79.800003,348918
2014-06-05,23.830000,102.480003,108.790001,1074.199951,11.680000,194.449997,103.910004,65.889999,76.250000,42.320000,73.889999,1704.838745,43.831844,70.900002,,100.550003,123.519997,80.050003,647785
2014-06-06,24.820000,102.660004,108.610001,1089.400024,10.730000,195.380005,105.989998,66.980003,77.139999,42.630001,75.709999,1725.806396,43.794643,72.000000,,101.599998,124.190002,80.839996,1001147
2014-06-09,25.400000,104.410004,109.989998,1095.000000,11.150000,195.580002,106.720001,67.169998,78.059998,43.060001,75.540001,1736.451660,44.010418,71.750000,,101.519997,124.370003,80.849998,1216211
2014-06-10,25.240000,104.349998,109.519997,1090.199951,10.990000,195.600006,106.529999,67.110001,78.459999,42.590000,74.870003,1758.064575,43.995537,71.339996,,101.459999,125.339996,81.629997,735636
2014-06-11,25.180000,104.400002,109.949997,1086.599976,11.600000,194.919998,106.540001,66.940002,76.379997,42.330002,74.930000,1758.709717,43.898811,70.940002,,101.949997,125.180000,81.949997,672154
2014-06-12,25.160000,106.529999,113.019997,1092.400024,12.560000,193.539993,106.330002,66.639999,77.059998,43.799999,75.209999,1748.064575,44.055061,70.459999,,101.660004,126.110001,82.860001,694970
2014-06-13,25.379999,106.910004,113.410004,1104.199951,12.180000,194.130005,108.250000,67.580002,77.540001,44.330002,75.980003,1762.258057,43.787201,71.150002,,102.650002,127.260002,83.080002,383852
2014-06-16,25.299999,106.900002,113.220001,1102.400024,12.650000,194.289993,107.050003,67.610001,77.839996,44.730000,75.559998,1762.580688,43.898811,70.800003,,102.919998,128.539993,83.690002,742546
2014-06-17,25.420000,106.360001,113.449997,1101.400024,12.060000,194.830002,106.099998,67.610001,77.919998,45.090000,75.260002,1764.516113,43.787201,71.349998,,102.419998,128.830002,83.750000,835476
2014-06-18,25.600000,105.970001,114.260002,1110.800049,10.610000,196.259995,107.080002,68.500000,77.970001,44.919998,75.580002,1773.870972,44.397320,72.470001,,102.730003,130.279999,84.239998,657416
2014-06-19,25.799999,106.430000,115.059998,1115.199951,10.620000,196.479996,107.599998,68.980003,78.269997,44.730000,75.669998,1792.580688,44.620537,73.000000,,102.629997,131.990005,84.769997,514273
2014-06-20,25.879999,107.260002,114.809998,1131.400024,10.850000,195.940002,108.830002,70.239998,79.580002,45.380001,77.269997,1806.451660,45.758930,74.629997,,103.830002,132.339996,85.360001,1151349
2014-06-23,25.750000,106.169998,114.120003,1132.599976,10.980000,195.880005,108.900002,70.370003,80.370003,46.000000,77.320000,1819.354858,46.049107,73.690002,,104.379997,132.979996,86.099998,900137
2014-06-24,25.610001,106.029999,114.459999,1108.800049,12.130000,194.699997,106.980003,68.160004,79.540001,44.720001,76.230003,1785.483887,45.416668,71.449997,,102.730003,131.770004,84.800003,961971
2014-06-25,25.770000,106.500000,114.000000,1130.199951,11.590000,195.580002,113.849998,69.440002,80.800003,44.770000,76.410004,1766.774170,45.788689,72.849998,,102.139999,131.229996,85.620003,488172
2014-06-26,25.770000,105.839996,113.209999,1136.199951,11.630000,195.440002,116.120003,69.550003,80.949997,44.119999,76.730003,1791.935425,44.836311,73.099998,,102.029999,130.919998,85.959999,355978
2014-06-27,26.170000,105.739998,113.300003,1146.800049,11.260000,195.820007,117.800003,70.470001,82.629997,44.529999,76.980003,1804.516113,44.828869,73.959999,,101.209999,130.360001,86.000000,789493
2014-06-30,26.309999,105.370003,112.360001,1155.199951,11.570000,195.720001,117.949997,71.010002,82.349998,45.029999,78.129997,1811.290283,45.438988,74.449997,,100.680000,130.550003,85.730003,532116
2014-07-01,26.440001,105.339996,112.290001,1151.599976,11.150000,197.029999,117.849998,70.849998,82.410004,44.650002,78.129997,1795.483887,44.724701,74.529999,,101.360001,130.539993,86.110001,1095402
2014-07-02,26.120001,104.480003,111.239998,1152.400024,10.820000,197.229996,117.730003,70.820000,82.610001,44.720001,77.639999,1760.645142,44.828869,75.349998,,101.570000,130.229996,85.860001,677293
2014-07-03,26.209999,104.059998,111.000000,1153.599976,10.320000,198.199997,117.500000,70.970001,83.019997,44.340000,77.360001,1757.419312,45.267857,75.059998,,102.589996,131.190002,86.400002,258405
2014-07-07,25.490000,103.529999,110.239998,1142.800049,11.330000,197.509995,117.430000,70.160004,83.139999,43.939999,75.970001,1670.967773,44.337799,74.300003,,102.650002,130.470001,86.099998,490287
2014-07-08,25.580000,103.400002,108.940002,1136.400024,11.980000,196.240005,116.750000,69.660004,83.139999,43.470001,75.650002,1678.064575,44.583332,73.680000,,102.830002,129.899994,86.040001,752791
2014-07-09,25.270000,102.290001,108.279999,1143.000000,11.650000,197.119995,116.959999,70.669998,84.500000,43.820000,75.339996,1675.483887,45.007439,74.099998,,103.550003,131.389999,85.800003,546395
2014-07-10,24.680000,102.930000,108.669998,1127.400024,12.590000,196.339996,115.400002,69.349998,83.360001,43.250000,73.639999,1632.903198,44.248512,73.400002,,102.570000,130.250000,85.669998,454373
2014-07-11,24.150000,100.830002,106.660004,1120.400024,12.080000,196.610001,114.699997,68.989998,82.750000,42.889999,72.699997,1615.161255,44.025299,72.699997,,101.739998,128.470001,84.730003,582833
2014-07-14,24.450001,100.910004,106.980003,1131.400024,11.820000,197.600006,115.940002,69.800003,83.750000,43.380001,73.260002,1619.677368,44.754463,73.419998,,102.680000,129.259995,85.839996,407034
2014-07-15,24.510000,99.959999,106.019997,1128.400024,11.960000,197.229996,114.459999,70.260002,83.879997,43.610001,73.169998,1623.548340,44.851189,72.820000,,102.389999,129.259995,84.709999,750952
2014-07-16,24.530001,101.199997,105.849998,1147.199951,11.000000,197.960007,115.879997,71.860001,85.360001,44.450001,73.720001,1624.838745,45.669643,74.389999,,103.769997,130.889999,86.690002,671619
2014-07-17,23.959999,103.190002,105.959999,1132.000000,14.540000,195.710007,114.639999,70.349998,84.599998,43.299999,72.419998,1604.193604,45.022320,72.540001,,102.309998,130.080002,84.680000,377891
2014-07-18,24.180000,103.129997,107.239998,1129.400024,12.060000,197.710007,112.360001,70.930000,85.449997,42.820000,72.919998,1605.483887,45.334820,73.279999,,102.730003,130.389999,84.760002,509249
2014-07-21,24.430000,104.589996,107.680000,1132.400024,12.810000,197.339996,113.040001,71.000000,85.580002,43.180000,72.019997,1612.258057,45.312500,74.330002,,103.080002,131.289993,84.529999,915322
2014-07-22,26.280001,104.419998,107.330002,1144.199951,12.240000,198.199997,113.410004,73.290001,86.029999,43.660000,72.860001,1621.612915,45.610119,74.690002,,103.540001,132.580002,86.019997,2387182
2014-07-23,27.510000,103.120003,108.029999,1145.599976,11.520000,198.639999,112.110001,74.019997,86.180000,43.279999,73.169998,1617.419312,47.038689,74.639999,,104.250000,133.880005,86.760002,2024421
2014-07-24,26.639999,102.070000,107.070000,1139.599976,11.840000,198.649994,113.099998,73.410004,85.449997,42.029999,70.129997,1599.032227,46.592262,73.959999,,104.279999,134.850006,86.250000,1282419
2014-07-25,26.879999,102.089996,108.389999,1137.000000,12.690000,197.720001,111.779999,73.410004,85.169998,42.070000,69.459999,1592.903198,47.083332,73.419998,,103.180000,133.570007,85.919998,726068
2014-07-28,26.790001,101.669998,107.570000,1129.599976,12.560000,197.800003,111.889999,72.639999,84.699997,41.480000,69.489998,1576.774170,47.261906,72.639999,,104.370003,133.240005,85.190002,702188
2014-07-29,26.469999,100.970001,107.720001,1120.000000,13.280000,196.949997,111.120003,71.220001,83.410004,41.410000,69.180000,1568.064575,46.502975,72.059998,,103.550003,132.419998,84.709999,696222
2014-07-30,26.500000,100.269997,106.510002,1111.599976,13.330000,196.979996,110.269997,70.739998,81.730003,41.270000,68.940002,1564.838745,46.257439,70.809998,,103.250000,132.529999,84.629997,737715
2014-07-31,25.430000,98.169998,106.019997,1083.599976,16.950001,193.089996,108.389999,68.989998,81.040001,40.340000,67.910004,1524.838745,45.238094,68.769997,,98.940002,129.240005,82.500000,1057651
2014-08-01,25.719999,97.879997,104.839996,1078.199951,17.030001,192.500000,107.949997,68.720001,81.089996,40.439999,67.839996,1527.741943,44.605656,68.500000,,98.800003,127.900002,80.699997,1326592
2014-08-04,25.090000,98.290001,105.410004,1092.800049,15.120000,193.889999,109.669998,70.089996,82.870003,39.490002,68.389999,1563.548340,46.130951,68.949997,,100.129997,128.169998,81.980003,1486096
2014-08-05,25.150000,97.379997,104.610001,1070.000000,16.870001,192.009995,107.080002,67.720001,81.559998,38.570000,67.980003,1544.516113,45.223213,67.930000,,98.199997,124.959999,79.739998,1098588
2014-08-06,25.209999,96.919998,104.589996,1068.400024,16.370001,192.070007,107.570000,67.959999,82.010002,38.150002,68.230003,1560.322632,45.528275,68.169998,,98.980003,125.730003,80.610001,589973
2014-08-07,25.360001,97.339996,105.440002,1062.400024,16.660000,191.029999,107.010002,67.370003,81.639999,38.230000,67.500000,1560.000000,44.627975,67.589996,,98.269997,125.650002,79.589996,740193
2014-08-08,25.750000,97.650002,105.019997,1079.199951,15.770000,193.240005,108.379997,68.309998,82.309998,38.919998,68.820000,1613.870972,45.565475,68.330002,,99.739998,127.860001,81.330002,851810
2014-08-11,25.570000,98.080002,104.680000,1085.199951,14.230000,193.800003,109.209999,69.419998,81.970001,39.570000,68.279999,1598.064575,45.446430,68.610001,,98.730003,127.709999,80.800003,600791
2014-08-12,25.959999,97.370003,103.019997,1077.000000,14.130000,193.529999,107.870003,69.019997,81.889999,39.130001,67.839996,1602.258057,44.650299,68.489998,,98.489998,127.089996,80.419998,876266
2014-08-13,26.049999,97.589996,104.279999,1079.199951,12.900000,194.839996,107.620003,69.540001,82.220001,38.590000,68.040001,1595.806396,44.866070,68.900002,,99.089996,127.599998,80.889999,552701
2014-08-14,25.559999,95.580002,102.010002,1059.199951,12.420000,195.759995,105.910004,67.339996,80.769997,38.810001,67.250000,1596.774170,44.248512,66.820000,,99.089996,126.959999,80.169998,467473
2014-08-15,25.660000,97.349998,101.949997,1071.599976,13.150000,195.720001,106.529999,68.419998,82.110001,39.180000,67.330002,1605.161255,44.613094,67.660004,,99.029999,126.099998,80.620003,418131
2014-08-18,26.100000,96.410004,101.599998,1077.400024,12.320000,197.360001,108.139999,68.870003,82.489998,39.250000,68.080002,1611.935425,44.494049,67.879997,,99.519997,126.300003,79.339996,388384
2014-08-19,26.600000,94.480003,101.559998,1085.199951,12.210000,198.389999,109.419998,68.769997,83.620003,39.529999,68.680000,1614.516113,44.977680,68.820000,,99.489998,127.629997,79.910004,615119
2014-08-20,26.570000,96.070000,102.279999,1091.000000,11.780000,198.919998,109.849998,68.779999,83.839996,38.720001,68.510002,1600.645142,45.208332,69.260002,,99.699997,127.489998,80.500000,606611
2014-08-21,26.600000,93.959999,102.629997,1088.599976,11.760000,199.500000,109.440002,68.339996,84.410004,38.669998,68.300003,1601.612915,45.223213,68.690002,,99.279999,127.930000,80.980003,814601
2014-08-22,26.309999,93.650002,102.290001,1079.599976,11.470000,199.190002,109.029999,67.470001,84.000000,37.970001,68.230003,1585.483887,44.665180,68.080002,,98.500000,127.110001,80.239998,806119
2014-08-25,26.110001,93.349998,102.650002,1089.800049,11.700000,200.199997,110.220001,68.550003,84.669998,37.480000,68.669998,1600.967773,45.081844,68.870003,,98.750000,127.839996,80.800003,650545
2014-08-26,26.610001,93.860001,102.500000,1102.400024,11.630000,200.330002,111.019997,69.809998,84.910004,38.520000,69.660004,1621.290283,45.543156,69.639999,,99.639999,128.250000,80.540001,757647
2014-08-27,26.889999,93.879997,102.720001,1101.599976,11.780000,200.250000,111.040001,68.480003,85.620003,38.590000,69.320000,1623.870972,45.766369,69.449997,,99.529999,128.639999,81.029999,541501
2014-08-28,26.969999,94.550003,102.459999,1095.800049,12.050000,200.139999,110.160004,67.379997,85.419998,38.410000,69.080002,1627.419312,45.825893,69.209999,,99.570000,128.750000,80.660004,622313
2014-08-29,27.320000,95.959999,103.190002,1103.199951,12.090000,200.710007,109.639999,67.610001,86.430000,38.650002,69.559998,1640.967773,46.011906,69.139999,,99.459999,129.449997,81.220001,409377
2014-09-02,27.000000,92.879997,100.339996,1088.800049,12.250000,200.610001,108.059998,67.489998,84.629997,37.980000,69.029999,1603.225830,44.925594,68.320000,,98.489998,127.540001,80.220001,1192987
2014-09-03,27.270000,95.540001,102.769997,1092.199951,12.360000,200.500000,108.169998,67.580002,85.129997,38.049999,68.820000,1585.806396,44.404762,69.010002,,99.110001,127.860001,80.900002,806169
2014-09-04,26.170000,94.449997,101.830002,1067.599976,12.640000,200.210007,105.639999,66.550003,83.629997,37.759998,66.080002,1537.741943,42.447918,67.820000,,98.360001,126.800003,79.849998,642941
2014-09-05,26.510000,93.290001,100.820000,1074.400024,12.090000,201.110001,106.760002,67.449997,83.550003,37.599998,65.730003,1523.870972,42.819939,68.510002,,99.260002,127.400002,80.349998,439579
2014-09-08,26.049999,92.660004,100.199997,1055.000000,12.660000,200.589996,104.489998,66.309998,82.629997,37.259998,65.349998,1516.774170,41.852680,67.250000,,97.769997,126.209999,79.029999,828987
2014-09-09,25.760000,92.750000,99.160004,1050.199951,13.500000,199.320007,103.970001,65.830002,81.750000,37.150002,66.089996,1510.645142,42.388393,66.839996,,97.389999,125.180000,78.959999,664593
2014-09-10,25.879999,91.669998,98.040001,1056.400024,12.880000,200.070007,104.269997,66.709999,81.489998,37.250000,66.250000,1520.000000,42.708332,67.269997,,96.809998,124.279999,78.989998,603049
2014-09-11,25.790001,92.830002,98.080002,1063.000000,12.800000,200.300003,104.449997,67.070000,82.489998,37.369999,66.599998,1526.451660,42.827381,67.699997,,97.029999,123.830002,79.379997,695658
2014-09-12,24.980000,92.269997,97.110001,1038.000000,13.310000,199.130005,102.220001,65.860001,80.639999,35.860001,65.599998,1510.322632,42.180061,66.489998,,95.779999,122.660004,78.449997,728564
2014-09-15,24.990000,92.919998,96.650002,1039.199951,14.120000,198.979996,103.050003,66.279999,81.300003,35.560001,66.010002,1491.290283,42.046131,66.720001,,96.290001,124.239998,79.400002,562158
2014-09-16,25.500000,94.879997,96.629997,1050.599976,12.730000,200.479996,104.959999,67.290001,82.349998,35.369999,66.139999,1493.548340,41.718750,67.949997,,97.430000,124.959999,80.750000,768927
2014-09-17,25.299999,94.419998,98.970001,1038.400024,12.650000,200.750000,103.309998,66.239998,80.910004,34.770000,65.349998,1471.935425,41.584820,67.589996,,97.080002,124.720001,80.639999,843262
2014-09-18,25.340000,93.070000,97.699997,1039.400024,12.030000,201.820007,104.470001,66.330002,80.589996,35.150002,65.410004,1450.000000,41.160713,67.900002,,96.610001,124.139999,79.970001,586193
2014-09-19,24.850000,92.410004,98.389999,1029.599976,12.110000,200.699997,103.209999,66.510002,80.230003,34.080002,65.330002,1426.774170,41.168156,67.739998,,97.120003,124.800003,80.559998,1279236
2014-09-22,23.760000,91.519997,96.970001,1011.200012,13.690000,199.149994,101.720001,64.680000,78.699997,33.630001,64.620003,1407.096802,40.587799,66.150002,,96.540001,123.489998,79.680000,1073374
2014-09-23,23.840000,91.559998,96.849998,1011.799988,14.930000,198.009995,102.089996,64.800003,78.820000,33.430000,64.769997,1399.032227,40.610119,66.290001,,96.029999,123.059998,78.910004,699212
2014-09-24,23.719999,92.800003,96.949997,1011.400024,13.270000,199.559998,102.070000,64.720001,78.860001,33.020000,64.699997,1342.258057,41.049107,66.529999,,95.820000,122.400002,78.720001,547645
2014-09-25,22.969999,92.529999,97.000000,995.599976,15.640000,196.339996,101.010002,63.660000,77.930000,32.490002,63.480000,1311.290283,40.416668,65.489998,,94.250000,120.680000,77.570000,554360
2014-09-26,23.180000,93.540001,97.000000,1012.599976,14.850000,197.899994,103.459999,65.879997,78.500000,33.270000,65.070000,1307.419312,40.595238,66.339996,,95.430000,121.470001,78.120003,598866
2014-09-29,22.860001,94.570000,97.199997,1005.799988,15.980000,197.539993,103.279999,65.610001,78.099998,32.590000,65.400002,1297.419312,40.334820,66.160004,,94.430000,120.550003,77.839996,621667
2014-09-30,22.059999,91.160004,94.669998,992.200012,16.309999,197.020004,101.690002,64.510002,76.099998,31.969999,65.169998,1259.032227,40.409225,65.059998,,94.050003,119.320000,76.519997,1126549
2014-10-01,21.590000,90.730003,94.160004,964.000000,16.709999,194.350006,98.849998,62.470001,74.540001,31.049999,64.430000,1247.096802,39.620537,63.430000,,92.860001,117.650002,75.000000,1323614
2014-10-02,21.660000,91.010002,93.419998,951.000000,16.160000,194.380005,97.779999,61.439999,74.190002,31.580000,64.040001,1250.645142,39.062500,62.110001,,93.300003,117.110001,74.690002,1027724
2014-10-03,21.549999,89.739998,92.309998,942.200012,14.550000,196.520004,97.900002,61.860001,73.500000,30.150000,62.580002,1236.451660,38.995537,61.689999,,93.919998,117.709999,74.769997,821072
2014-10-06,21.840000,90.339996,92.790001,945.599976,15.460000,196.289993,98.559998,61.680000,73.540001,30.940001,62.630001,1251.290283,39.010418,61.799999,,94.519997,118.089996,74.959999,949509
2014-10-07,21.809999,88.849998,92.110001,941.200012,17.200001,193.259995,98.230003,61.209999,73.690002,30.930000,62.250000,1258.387085,38.943451,61.380001,,93.370003,116.019997,73.910004,1144153
2014-10-08,22.100000,87.309998,91.379997,941.799988,15.110000,196.639999,98.440002,60.410000,73.930000,31.160000,62.779999,1265.806396,39.866070,61.599998,,94.610001,117.949997,74.529999,1631608
2014-10-09,21.160000,85.769997,90.050003,902.400024,18.760000,192.740005,94.919998,57.279999,71.339996,29.820000,61.130001,1141.935425,38.184525,58.599998,,91.820000,114.510002,71.440002,1197088
2014-10-10,21.570000,85.820000,90.209999,880.799988,21.240000,190.539993,93.070000,54.290001,70.320000,28.730000,60.810001,1203.548340,38.020832,56.680000,,91.599998,113.889999,70.360001,2035310
2014-10-13,21.990000,85.739998,88.889999,850.000000,24.639999,187.410004,90.930000,50.259998,68.050003,28.920000,60.250000,1158.064575,36.964287,53.419998,,90.839996,112.029999,68.070000,2407840
2014-10-14,21.870001,81.839996,85.040001,841.000000,22.790001,187.699997,88.959999,49.630001,68.500000,28.969999,59.709999,1183.870972,36.495537,52.470001,,90.550003,109.779999,66.199997,2173207
2014-10-15,22.040001,81.779999,83.779999,853.400024,25.270000,186.429993,89.209999,50.639999,69.970001,29.440001,62.279999,1185.161255,36.852680,53.630001,,90.220001,109.269997,66.250000,1788266
2014-10-16,22.400000,82.699997,84.470001,864.200012,25.200001,186.270004,90.639999,51.169998,71.209999,30.150000,62.970001,1195.806396,37.805061,52.009998,,90.599998,111.059998,66.930000,1967818
2014-10-17,22.510000,82.750000,84.540001,870.000000,21.990000,188.470001,93.970001,52.599998,70.440002,28.780001,62.639999,1158.709717,37.395832,53.130001,,91.209999,111.800003,68.080002,1306941
2014-10-20,22.780001,82.709999,85.400002,878.000000,18.570000,190.300003,94.599998,52.919998,70.980003,29.320000,63.700001,1168.387085,37.849701,52.650002,,91.769997,111.489998,68.830002,1748405
2014-10-21,24.600000,82.809998,86.220001,910.400024,16.080000,194.070007,97.750000,55.660000,73.349998,30.480000,65.459999,1195.806396,39.196430,54.230000,,93.650002,115.089996,70.589996,3309178
2014-10-22,24.400000,80.519997,84.709999,886.200012,17.870001,192.690002,95.989998,54.430000,71.440002,29.420000,63.669998,1118.709717,38.563988,52.340000,,93.129997,114.000000,69.440002,1932045
2014-10-23,25.580000,82.089996,86.830002,909.200012,16.530001,194.929993,98.260002,55.849998,73.650002,30.469999,65.500000,1165.161255,40.483631,54.119999,,94.110001,116.190002,70.000000,1669587
2014-10-24,25.400000,81.010002,86.129997,902.799988,16.110001,196.429993,97.239998,55.779999,73.519997,30.209999,65.440002,1146.451660,40.558037,53.490002,,94.489998,115.910004,70.070000,1229314
2014-10-27,25.410000,81.000000,85.830002,867.000000,16.040001,196.160004,93.519997,52.389999,71.029999,28.520000,63.930000,1111.290283,39.672619,51.130001,,93.709999,115.019997,68.830002,1978329
2014-10-28,26.690001,81.419998,86.029999,892.000000,14.390000,198.410004,96.510002,53.259998,73.080002,29.889999,66.099998,1169.677368,41.525299,52.099998,,95.099998,117.129997,70.220001,1492861
2014-10-29,26.780001,82.199997,87.120003,894.200012,15.150000,198.110001,97.410004,54.419998,72.730003,29.900000,66.209999,1185.161255,41.086311,52.669998,,94.589996,117.139999,70.750000,1795600
2014-10-30,26.190001,81.120003,86.239998,891.400024,14.520000,199.380005,97.620003,53.919998,70.760002,29.490000,67.900002,1194.838745,41.086311,52.060001,,94.449997,117.199997,71.349998,1891510
2014-10-31,26.639999,80.540001,85.860001,904.000000,14.030000,201.660004,98.660004,55.139999,72.639999,29.830000,70.269997,1189.354858,41.696430,52.959999,,96.709999,119.949997,72.150002,1125472
2014-11-03,26.209999,78.779999,84.779999,885.599976,14.730000,201.770004,96.519997,53.880001,70.720001,28.870001,68.669998,1160.322632,40.937500,51.900002,,95.260002,116.779999,70.559998,988444
2014-11-04,25.610001,77.190002,82.820000,851.000000,14.890000,201.070007,94.160004,51.180000,69.139999,27.350000,67.330002,1174.193604,40.111607,50.020000,,94.519997,115.370003,68.769997,1253583
2014-11-05,26.209999,78.680000,82.949997,874.799988,14.170000,202.339996,96.639999,52.369999,71.559998,28.889999,68.660004,1196.129028,40.944939,51.349998,,95.070000,117.050003,69.879997,737582
2014-11-06,26.490000,77.910004,82.860001,885.599976,13.670000,203.149994,96.980003,53.169998,72.870003,29.920000,69.900002,1194.193604,41.599701,51.490002,,96.260002,118.529999,71.320000,701738
2014-11-07,26.980000,78.650002,83.389999,900.000000,13.120000,203.339996,98.730003,53.860001,73.260002,29.709999,71.330002,1262.903198,42.403275,52.299999,,96.589996,118.800003,72.160004,1053142
2014-11-10,26.709999,77.400002,82.339996,891.000000,12.670000,203.979996,98.290001,53.630001,73.519997,29.280001,69.730003,1220.645142,41.562500,51.639999,,96.279999,117.919998,71.599998,637594
2014-11-11,27.080000,77.940002,81.669998,891.599976,12.920000,204.179993,98.360001,53.720001,73.099998,28.719999,71.150002,1245.483887,41.651787,51.480000,,96.410004,118.440002,71.750000,646226
2014-11-12,27.139999,77.180000,80.379997,883.200012,13.020000,203.960007,97.430000,53.230000,73.000000,27.080000,70.199997,1241.935425,41.510418,50.980000,,95.379997,117.650002,71.199997,739517
2014-11-13,26.719999,74.209999,77.919998,875.400024,13.790000,204.190002,94.849998,53.790001,71.519997,26.290001,69.260002,1204.838745,40.163689,58.750000,,94.660004,116.449997,70.349998,1125272
2014-11-14,26.910000,75.820000,77.739998,881.400024,13.310000,204.240005,95.320000,55.080002,71.339996,26.049999,69.040001,1219.032227,40.409225,59.889999,,95.089996,116.320000,71.410004,879257
2014-11-17,26.840000,75.639999,79.309998,874.799988,13.990000,204.369995,95.629997,49.230000,71.820000,26.200001,68.699997,1222.903198,40.617561,65.230003,,95.110001,115.750000,71.419998,683582
2014-11-18,26.320000,74.610001,78.470001,868.799988,13.860000,205.550003,95.279999,48.540001,72.050003,25.850000,68.169998,1179.032227,40.662201,63.549999,,94.870003,115.470001,71.669998,1070815
2014-11-19,26.500000,74.580002,78.099998,863.799988,13.960000,205.220001,95.000000,48.430000,71.489998,25.360001,67.809998,1199.677368,40.379463,63.509998,,95.610001,116.470001,72.129997,1089911
2014-11-20,27.110001,75.580002,79.330002,876.599976,13.580000,205.580002,96.139999,49.209999,72.360001,25.520000,68.230003,1217.741943,41.398811,64.410004,,95.820000,117.309998,73.209999,1180967
2014-11-21,27.240000,76.510002,80.360001,895.200012,12.900000,206.679993,97.870003,50.630001,73.820000,25.930000,70.029999,1249.354858,42.410713,65.830002,,96.809998,118.580002,73.639999,935189
2014-11-24,27.379999,75.779999,79.680000,888.000000,12.620000,207.259995,98.449997,49.880001,73.550003,25.600000,70.620003,1246.774170,41.279762,64.720001,,95.720001,117.589996,73.330002,615187
2014-11-25,26.670000,74.089996,78.330002,868.200012,12.250000,207.110001,95.199997,48.259998,72.459999,25.309999,69.570000,1178.387085,39.694939,63.200001,,94.779999,116.150002,71.730003,550801
2014-11-26,25.520000,73.690002,77.750000,837.400024,12.070000,207.639999,92.809998,47.340000,71.290001,23.270000,68.290001,1146.774170,38.824406,62.580002,,94.480003,115.110001,70.830002,982989
2014-11-28,22.870001,66.150002,70.150002,762.799988,13.330000,207.199997,85.949997,42.200001,67.040001,21.010000,62.709999,997.096802,35.543156,57.000000,,90.540001,108.870003,66.070000,1086980
2014-12-01,21.920000,69.000000,72.540001,751.799988,14.160000,205.759995,84.839996,41.209999,66.459999,19.990000,62.450001,1005.806458,35.431549,56.509998,,92.349998,111.730003,67.769997,1882806
2014-12-02,22.200001,66.879997,70.540001,747.799988,12.850000,207.089996,85.220001,40.340000,66.599998,19.379999,63.240002,1029.032227,35.535713,56.750000,,94.190002,114.019997,69.209999,1234545
2014-12-03,23.170000,67.379997,69.919998,759.799988,12.500000,207.889999,86.760002,40.750000,67.580002,19.570000,64.959999,1063.548340,35.632439,57.529999,,94.949997,113.709999,70.800003,1430343
2014-12-04,23.459999,66.809998,69.639999,754.000000,12.380000,207.660004,87.430000,40.740002,67.349998,18.680000,65.629997,1060.000000,35.565475,57.610001,,94.370003,112.279999,69.309998,1724585
2014-12-05,23.400000,65.839996,69.070000,746.400024,11.890000,208.000000,87.160004,40.369999,66.889999,18.719999,65.269997,1004.838684,34.977680,57.020000,,93.820000,110.870003,67.849998,1122037
2014-12-08,22.110001,63.049999,66.190002,712.400024,14.210000,206.610001,84.209999,38.590000,63.779999,17.790001,61.939999,939.354858,33.377975,55.240002,,91.699997,106.800003,65.029999,1537088
2014-12-09,23.340000,63.820000,66.839996,728.200012,15.350000,206.470001,85.470001,39.500000,64.930000,18.230000,62.900002,974.516113,34.241070,56.709999,,91.379997,107.010002,64.959999,1516649
2014-12-10,22.370001,60.939999,64.239998,702.599976,18.530001,203.160004,83.169998,38.119999,63.080002,17.389999,60.709999,962.903198,32.738094,55.340000,,88.669998,104.860001,63.540001,1126924
2014-12-11,21.930000,59.950001,63.680000,700.000000,20.080000,204.190002,83.010002,38.230000,63.009998,17.020000,60.480000,957.419373,32.752975,55.770000,,89.199997,104.910004,63.610001,1516420
2014-12-12,20.980000,57.810001,61.849998,683.400024,21.080000,200.889999,80.000000,37.930000,61.549999,16.469999,58.840000,923.225830,31.986607,54.990002,,86.599998,102.379997,62.450001,1415193
2014-12-15,20.209999,55.910000,61.060001,679.400024,20.420000,199.509995,79.900002,37.820000,61.930000,16.250000,57.490002,926.129028,31.808037,54.930000,,86.900002,100.860001,61.689999,1840964
2014-12-16,20.049999,55.930000,59.860001,689.200012,23.570000,197.910004,80.190002,38.110001,62.340000,16.780001,58.459999,946.451599,32.157738,55.150002,,86.410004,101.699997,63.220001,1965332
2014-12-17,20.740000,56.470001,59.799999,717.599976,19.440001,201.789993,82.879997,39.439999,64.019997,18.209999,58.840000,995.483887,32.976189,56.349998,,89.019997,106.019997,66.940002,3011299
2014-12-18,21.000000,54.110001,59.270000,728.400024,16.809999,206.779999,84.230003,39.230000,65.269997,18.260000,58.669998,1014.193542,33.601189,55.770000,,91.160004,109.029999,69.750000,1897264
2014-12-19,21.969999,56.520000,61.380001,759.200012,16.490000,206.520004,87.519997,40.490002,67.070000,19.700001,58.970001,1092.903198,35.863094,57.150002,,93.639999,112.930000,70.980003,1629505
2014-12-22,21.180000,55.259998,60.110001,729.799988,15.250000,207.470001,86.750000,39.680000,66.279999,19.350000,58.970001,1071.935425,35.446430,56.060001,,93.330002,112.029999,69.519997,1504281
2014-12-23,21.430000,57.119999,61.689999,730.200012,14.800000,207.750000,87.320000,39.880001,66.480003,19.139999,59.450001,1081.290283,35.275299,56.439999,,94.589996,113.949997,71.050003,837857
2014-12-24,21.740000,55.840000,60.240002,724.799988,14.370000,207.770004,87.059998,39.700001,66.180000,18.770000,59.250000,1057.419312,35.200893,56.340000,,93.779999,113.470001,70.129997,667056
2014-12-26,21.650000,54.730000,59.450001,728.599976,14.500000,208.440002,87.129997,39.730000,66.699997,18.889999,59.610001,1061.290283,35.446430,56.330002,,93.209999,113.250000,69.879997,605478
2014-12-29,22.250000,53.610001,57.880001,731.400024,15.060000,208.720001,87.349998,40.000000,66.800003,18.790001,59.930000,1072.580688,36.071430,56.700001,,93.070000,113.320000,70.110001,1675305
2014-12-30,22.280001,54.119999,57.900002,724.400024,15.920000,207.600006,86.440002,39.529999,66.250000,18.680000,59.080002,1054.838745,35.297619,56.290001,,93.019997,113.110001,69.930000,1070297
2014-12-31,21.700001,53.270000,57.330002,718.400024,19.200001,205.539993,85.410004,39.330002,65.529999,18.330000,58.810001,1045.483887,34.851189,56.070000,,92.449997,112.180000,69.059998,1087482
2015-01-02,21.660000,52.689999,56.419998,719.200012,17.790001,205.429993,85.669998,39.490002,65.489998,18.120001,58.849998,1042.903198,34.613094,56.169998,,92.830002,112.580002,68.919998,829985
2015-01-05,20.610001,50.040001,53.110001,690.000000,19.920000,201.720001,83.349998,38.709999,62.500000,16.840000,56.959999,982.258057,33.258930,55.160000,,90.290001,108.080002,65.639999,1283029
2015-01-06,19.299999,47.930000,51.099998,679.799988,21.120001,199.820007,81.720001,38.330002,61.730000,16.459999,55.680000,967.419373,32.566963,54.990002,,89.809998,108.029999,62.930000,2960282
2015-01-07,19.660000,48.650002,51.150002,678.599976,19.309999,202.309998,81.709999,39.360001,61.790001,16.299999,55.759998,961.935486,31.458332,56.470001,,90.720001,107.940002,63.349998,1417159
2015-01-08,20.309999,48.790001,50.959999,689.000000,17.010000,205.899994,82.699997,40.209999,63.630001,16.270000,56.450001,989.354858,32.313988,57.029999,,92.230003,110.410004,64.930000,2114738
2015-01-09,19.400000,48.360001,50.110001,677.599976,17.549999,204.250000,81.220001,39.799999,61.880001,16.100000,55.599998,956.129028,31.376488,56.470001,,92.099998,108.209999,64.919998,1210551
2015-01-12,18.280001,46.070000,47.430000,651.799988,19.600000,202.649994,78.050003,38.540001,58.599998,15.510000,53.669998,940.645142,30.438988,55.090000,,90.330002,105.879997,63.070000,1600721
2015-01-13,18.030001,45.889999,46.590000,651.599976,20.559999,202.080002,77.779999,38.290001,57.970001,15.520000,53.750000,953.548401,30.119047,55.240002,,90.000000,104.199997,62.439999,2292844
2015-01-14,17.660000,48.480000,48.689999,650.599976,21.480000,200.860001,78.389999,38.340000,57.790001,15.470000,52.990002,983.870972,29.895832,54.810001,,89.739998,103.900002,62.619999,1967732
2015-01-15,17.320000,46.250000,47.669998,634.599976,22.389999,199.020004,76.629997,37.330002,56.790001,15.210000,50.910000,969.032288,28.988094,53.529999,,88.959999,102.669998,61.410000,1520665
2015-01-16,18.379999,48.689999,47.689999,665.000000,20.950001,201.630005,81.330002,39.130001,58.279999,15.720000,53.990002,1000.000000,29.851191,56.560001,,91.120003,105.120003,63.080002,1023432
2015-01-20,18.190001,46.389999,47.990002,662.200012,19.889999,202.059998,80.480003,39.830002,58.310001,15.380000,53.299999,976.129028,28.958332,57.259998,,91.089996,106.470001,63.189999,1317395
2015-01-21,19.219999,47.779999,49.029999,680.000000,18.850000,203.080002,82.209999,40.689999,59.730000,16.059999,54.180000,1009.354858,29.598213,58.330002,,91.870003,108.160004,64.540001,2124201
2015-01-22,18.969999,46.310001,48.520000,679.599976,16.400000,206.100006,82.139999,40.820000,58.820000,16.110001,53.480000,994.838684,29.107143,58.209999,,92.870003,108.919998,65.300003,1191664
2015-01-23,18.490000,45.590000,48.790001,670.599976,16.660000,204.970001,82.000000,40.990002,57.150002,15.670000,52.349998,970.322571,28.348213,58.400002,,90.889999,106.849998,64.650002,1343096
2015-01-26,19.180000,45.150002,48.160000,682.799988,15.520000,205.449997,83.680000,41.459999,57.740002,16.490000,53.580002,1005.161316,28.437500,58.930000,,91.760002,108.879997,65.820000,1304347
2015-01-27,19.020000,46.230000,49.599998,688.599976,17.219999,202.740005,84.550003,41.500000,57.700001,16.980000,53.439999,987.741943,28.392857,59.290001,,90.949997,108.260002,65.540001,1092325
2015-01-28,18.059999,44.450001,48.470001,653.200012,20.440001,200.139999,80.750000,39.470001,53.529999,16.490000,51.200001,923.225830,26.912203,56.950001,,87.949997,103.709999,62.580002,1204000
2015-01-29,18.510000,44.529999,49.130001,649.400024,18.760000,201.990005,81.900002,39.570000,53.259998,15.750000,51.279999,920.000000,27.142857,57.080002,,87.580002,103.000000,62.820000,1300997
2015-01-30,18.770000,48.240002,52.990002,664.000000,20.969999,199.449997,82.389999,39.990002,54.430000,16.299999,52.360001,943.870972,27.886906,57.990002,,87.419998,102.529999,62.980000,1148681
2015-02-02,19.840000,49.570000,54.750000,688.599976,19.430000,201.919998,84.639999,41.509998,56.389999,17.280001,54.400002,995.483887,28.943453,59.730000,,89.580002,106.059998,65.769997,1443039
2015-02-03,20.549999,53.049999,57.910000,714.200012,17.330000,204.839996,87.080002,43.320000,54.080002,18.400000,55.610001,1039.032227,29.375000,61.770000,,92.250000,109.529999,67.739998,1798571
2015-02-04,19.629999,48.450001,54.160000,692.200012,18.330000,204.059998,84.550003,42.389999,52.330002,17.730000,53.970001,1002.903198,28.779762,60.980000,,91.459999,108.349998,65.870003,1055194
2015-02-05,20.190001,50.480000,56.570000,708.400024,16.850000,206.119995,85.919998,43.349998,53.240002,17.940001,55.619999,1018.709656,29.129463,62.279999,,92.360001,109.309998,67.570000,1126090
2015-02-06,20.090000,51.689999,57.799999,711.799988,17.290001,205.550003,86.160004,43.360001,51.430000,18.510000,55.840000,1043.548340,28.712797,62.669998,,91.500000,109.610001,67.489998,1030049
2015-02-09,19.840000,52.860001,58.340000,725.000000,18.549999,204.630005,85.820000,43.509998,52.779999,20.440001,55.650002,1072.258057,28.943453,62.860001,,91.559998,110.430000,67.849998,1633817
2015-02-10,19.090000,50.020000,56.430000,709.000000,17.230000,206.809998,85.220001,42.599998,52.349998,19.160000,54.770000,1026.451660,28.958332,62.060001,,91.010002,110.180000,67.989998,1647475
2015-02-11,18.820000,48.840000,54.660000,702.200012,16.959999,206.929993,84.730003,42.150002,51.889999,18.379999,54.459999,943.225830,30.446428,61.590000,,90.599998,109.980003,67.879997,1847690
2015-02-12,18.420000,51.209999,57.049999,705.799988,15.340000,208.919998,85.959999,42.770000,52.560001,18.629999,49.880001,921.290344,29.605656,62.380001,,92.370003,110.860001,68.040001,1935059
2015-02-13,19.080000,52.779999,57.389999,723.200012,14.690000,209.779999,88.379997,44.189999,53.360001,19.049999,50.470001,968.064514,30.543156,64.309998,,93.370003,112.779999,69.879997,2543628
2015-02-17,16.620001,53.529999,62.529999,736.799988,15.800000,210.110001,88.889999,44.869999,55.130001,19.049999,51.959999,963.225830,32.016369,65.040001,,93.050003,112.400002,69.470001,6517520
2015-02-18,16.950001,52.139999,60.529999,732.799988,15.450000,210.130005,87.739998,44.389999,55.840000,17.760000,52.070000,964.516113,31.815475,64.449997,,91.010002,110.440002,67.730003,2981469
2015-02-19,16.150000,51.160000,60.209999,727.200012,15.290000,209.979996,86.980003,44.240002,54.240002,17.410000,52.400002,945.483887,30.997025,64.269997,,89.440002,108.349998,67.419998,3474763
2015-02-20,15.900000,50.340000,60.220001,718.000000,14.300000,211.240005,85.879997,43.360001,54.470001,17.010000,52.630001,929.677429,30.483631,63.490002,,89.919998,108.599998,67.379997,2273649
2015-02-23,15.620000,49.450001,58.900002,708.200012,14.560000,211.210007,85.540001,43.220001,54.299999,16.260000,53.240002,911.935486,30.349703,62.919998,,89.010002,107.860001,66.919998,1739178
2015-02-24,15.900000,49.279999,58.660000,704.000000,13.690000,211.809998,85.309998,43.119999,54.680000,15.950000,53.730000,920.645142,30.691963,63.029999,,89.419998,107.959999,67.089996,3094897
2015-02-25,15.840000,50.990002,61.630001,707.599976,13.840000,211.630005,85.209999,43.680000,54.740002,16.040001,54.070000,921.935486,30.468750,63.680000,,89.599998,108.580002,67.529999,1983146
2015-02-26,15.920000,48.169998,60.049999,692.000000,13.910000,211.380005,83.889999,42.700001,53.270000,15.790000,54.040001,915.806458,29.747025,62.500000,,88.650002,107.059998,65.849998,3369600
2015-02-27,15.440000,49.759998,62.580002,697.200012,13.340000,210.660004,84.160004,42.939999,54.349998,16.129999,54.529999,909.677429,29.709822,62.509998,,88.540001,106.680000,65.199997,3207440
2015-03-02,15.070000,49.590000,59.540001,695.799988,13.040000,211.990005,84.620003,42.990002,55.790001,16.480000,54.169998,889.354858,29.486607,62.549999,,88.040001,105.900002,64.400002,2083681
2015-03-03,14.800000,50.520000,61.020000,698.200012,13.860000,211.119995,84.910004,43.110001,54.439999,16.510000,53.820000,886.774170,29.479168,62.650002,,87.620003,105.160004,64.779999,3034050
2015-03-04,14.290000,51.529999,60.549999,699.400024,14.230000,210.229996,85.139999,43.070000,54.779999,16.600000,53.900002,866.774170,29.389881,62.459999,,87.180000,105.160004,64.250000,2890548
2015-03-05,14.330000,50.759998,60.480000,699.400024,14.040000,210.460007,84.820000,42.939999,53.599998,16.000000,53.490002,858.064514,29.382441,62.099998,,86.739998,104.730003,63.330002,2504266
2015-03-06,14.120000,49.610001,59.730000,682.799988,15.200000,207.500000,83.110001,42.380001,52.540001,15.520000,52.520000,829.032288,28.898809,60.919998,,85.629997,103.550003,62.790001,1993312
2015-03-09,14.260000,50.000000,58.529999,673.599976,15.060000,208.360001,82.360001,42.040001,51.650002,14.580000,52.660000,809.032288,29.151787,60.610001,,85.160004,103.949997,61.970001,2482535
2015-03-10,13.790000,48.290001,56.389999,659.400024,16.690001,204.979996,81.309998,41.310001,50.680000,14.270000,52.000000,790.000000,28.303572,60.070000,,84.260002,102.910004,60.869999,2800038
2015-03-11,13.370000,48.169998,57.540001,661.599976,16.870001,204.500000,81.269997,41.310001,50.160000,14.420000,52.009998,785.806458,27.834822,60.169998,,84.019997,103.540001,61.299999,4005726
2015-03-12,13.370000,47.049999,57.080002,656.000000,15.420000,207.100006,80.940002,40.990002,49.799999,14.270000,50.959999,792.903198,27.261906,59.730000,,84.220001,102.419998,61.360001,2786611
2015-03-13,13.480000,44.840000,54.669998,642.000000,16.000000,205.830002,80.419998,40.180000,49.070000,13.600000,49.340000,752.580627,27.276787,58.869999,,83.870003,101.620003,61.639999,2364912
2015-03-16,13.550000,43.880001,53.439999,646.200012,15.610000,208.580002,81.260002,40.520000,48.669998,13.880000,48.680000,735.806458,27.522322,59.939999,,84.760002,103.129997,62.400002,2022764
2015-03-17,13.620000,43.459999,53.430000,640.599976,15.660000,207.960007,80.470001,40.279999,47.459999,14.020000,49.980000,735.483887,26.889881,59.250000,,84.080002,103.169998,62.009998,2834258
2015-03-18,13.890000,44.660000,55.910000,661.799988,13.970000,210.460007,82.050003,41.590000,48.590000,15.250000,52.799999,746.129028,27.552082,60.759998,,86.070000,106.699997,63.639999,2029914
2015-03-19,13.490000,43.959999,54.430000,651.200012,14.070000,209.500000,81.010002,41.549999,47.889999,14.160000,52.840000,686.129028,26.941963,60.930000,,84.410004,104.750000,62.759998,845930
2015-03-20,14.130000,45.720001,55.320000,666.000000,13.020000,210.410004,82.370003,42.820000,49.660000,14.990000,52.529999,664.193542,27.373512,62.470001,,84.540001,107.029999,63.840000,2233019
2015-03-23,13.990000,47.450001,55.919998,666.000000,13.410000,210.000000,82.000000,42.400002,49.360001,15.320000,52.660000,666.451599,27.358631,62.049999,,85.430000,105.919998,63.230000,1535139
2015-03-24,14.390000,47.509998,55.110001,663.599976,13.620000,208.820007,81.849998,42.529999,48.509998,14.830000,52.560001,669.677429,27.671131,62.299999,,84.519997,104.199997,62.549999,1529056
2015-03-25,14.300000,49.209999,56.480000,677.200012,15.440000,205.759995,83.290001,43.459999,49.040001,15.240000,53.490002,673.870972,27.983631,63.299999,,84.860001,105.669998,63.049999,1331504
2015-03-26,14.540000,51.430000,59.189999,676.799988,15.800000,205.270004,83.160004,43.180000,48.950001,15.330000,53.540001,650.645142,28.117559,62.840000,,84.320000,105.250000,63.240002,1257503
2015-03-27,14.650000,48.869999,56.410000,671.599976,15.070000,205.740005,83.309998,43.259998,49.250000,14.490000,53.590000,631.612915,27.864582,62.790001,,83.580002,104.279999,62.930000,1149352
2015-03-30,14.770000,48.680000,56.290001,678.000000,14.510000,208.250000,84.480003,43.820000,49.840000,14.710000,53.779999,629.354858,27.931547,63.480000,,85.629997,106.900002,64.000000,849536
2015-03-31,14.960000,47.599998,55.110001,674.200012,15.290000,206.429993,83.440002,43.880001,49.990002,14.670000,53.930000,617.419373,27.537203,63.580002,,85.000000,104.980003,62.259998,1182337
2015-04-01,15.030000,50.090000,57.099998,679.400024,15.110000,205.699997,84.279999,43.820000,49.919998,14.720000,54.500000,622.580627,27.500000,63.830002,,84.459999,104.790001,63.020000,1653751
2015-04-02,15.210000,49.139999,54.950001,685.799988,14.670000,206.440002,84.389999,43.959999,51.009998,14.990000,54.590000,648.387085,27.641369,63.759998,,84.300003,105.279999,63.180000,1208232
2015-04-06,16.170000,52.139999,58.119999,711.599976,14.740000,207.830002,85.910004,45.880001,52.700001,16.510000,55.950001,698.709656,28.452381,65.660004,,85.129997,106.919998,65.389999,1292799
2015-04-07,15.710000,53.980000,59.099998,709.599976,14.780000,207.279999,86.269997,44.520000,52.770000,16.360001,55.540001,759.032288,28.325893,64.330002,,85.750000,108.540001,65.790001,1755036
2015-04-08,15.730000,50.419998,55.549999,704.400024,13.980000,207.979996,86.120003,44.220001,52.740002,16.059999,55.549999,766.774170,28.340775,64.220001,,84.059998,106.660004,64.809998,1199919
2015-04-09,16.559999,50.790001,56.570000,727.000000,13.090000,208.899994,88.449997,46.040001,54.549999,16.670000,56.759998,809.677429,29.241072,65.879997,,84.650002,106.949997,67.000000,1577350
2015-04-10,16.340000,51.639999,57.869999,727.200012,12.580000,210.039993,89.110001,46.259998,54.430000,16.570000,57.750000,810.645142,28.921131,66.540001,,85.559998,106.910004,66.529999,1110113
2015-04-13,16.389999,51.910000,57.930000,719.000000,13.940000,209.089996,88.019997,45.439999,53.180000,16.360001,55.730000,806.451599,28.415178,65.599998,,85.339996,106.500000,66.339996,1047778
2015-04-14,16.430000,53.290001,58.430000,737.000000,13.670000,209.490005,88.800003,46.200001,54.360001,17.160000,56.860001,842.580627,28.846725,66.629997,,86.629997,108.839996,68.360001,1095054
2015-04-15,17.010000,56.389999,60.320000,769.599976,12.840000,210.429993,92.000000,48.259998,56.000000,18.900000,59.119999,927.741943,30.409225,68.919998,,88.080002,110.410004,69.400002,1420025
2015-04-16,16.580000,56.709999,60.400002,758.200012,12.600000,210.369995,91.889999,47.830002,55.299999,18.600000,58.459999,884.516113,29.687500,68.230003,,87.730003,110.160004,69.010002,1312396
2015-04-17,16.100000,55.740002,63.450001,747.200012,13.890000,207.949997,92.860001,46.889999,54.590000,17.980000,56.810001,858.387085,29.248512,66.980003,,86.930000,109.110001,67.690002,1799027
2015-04-20,15.730000,56.380001,63.450001,749.200012,13.300000,209.850006,92.470001,47.849998,55.029999,18.020000,57.259998,840.967712,29.389881,68.339996,,87.239998,110.290001,68.610001,2749514
2015-04-21,16.590000,55.259998,62.080002,730.000000,13.250000,209.600006,91.290001,47.049999,53.130001,17.030001,55.139999,814.516113,28.072918,67.349998,,86.879997,109.730003,68.019997,4853464
2015-04-22,16.750000,56.160000,62.730000,738.400024,12.710000,210.630005,92.160004,47.110001,53.930000,16.850000,57.160000,795.483887,30.178572,67.070000,,87.459999,109.500000,67.879997,2086570
2015-04-23,16.680000,57.740002,64.849998,755.000000,12.480000,211.160004,93.050003,48.169998,55.750000,16.969999,55.570000,820.322571,30.818453,68.370003,,87.540001,109.970001,68.260002,1491964
2015-04-24,16.360001,57.150002,65.279999,743.799988,12.290000,211.649994,91.610001,48.000000,54.200001,16.400000,54.099998,787.096802,29.769344,68.089996,,86.970001,109.870003,67.510002,1027929
2015-04-27,16.570000,56.990002,64.830002,751.799988,13.120000,210.770004,92.330002,48.430000,54.689999,16.370001,55.770000,807.419373,30.394344,68.400002,,87.010002,109.699997,67.059998,1355804
2015-04-28,16.480000,57.060001,64.639999,751.400024,12.410000,211.440002,92.660004,48.590000,51.930000,16.490000,54.549999,824.838684,30.528275,68.430000,,87.800003,111.120003,67.739998,1319889
2015-04-29,16.770000,58.580002,65.839996,767.599976,13.390000,210.570007,94.279999,49.209999,52.919998,17.549999,54.650002,848.064514,31.592262,68.750000,,87.870003,111.730003,68.059998,1251658
2015-04-30,16.480000,59.630001,66.779999,780.799988,14.550000,208.460007,94.610001,48.950001,54.410000,18.820000,55.110001,893.225830,32.812500,68.459999,,87.370003,111.059998,67.919998,1591665
2015-05-01,16.350000,59.150002,66.459999,780.400024,12.700000,210.720001,93.000000,49.110001,54.730000,18.830000,55.000000,876.129028,32.247025,69.019997,,88.849998,109.040001,67.440002,1382437
2015-05-04,16.490000,58.930000,66.449997,777.599976,12.850000,211.320007,92.980003,49.200001,54.740002,18.410000,54.450001,880.000000,31.875000,69.129997,,89.110001,108.320000,67.019997,1537314
2015-05-05,16.680000,60.400002,67.519997,777.400024,14.310000,208.899994,92.040001,48.040001,55.400002,18.980000,53.939999,947.741943,32.276787,67.660004,,88.610001,108.000000,67.199997,2341363
2015-05-06,16.490000,60.930000,67.769997,775.000000,15.150000,208.039993,92.269997,47.669998,54.520000,18.990000,54.509998,948.387085,32.165180,67.230003,,88.190002,107.949997,67.230003,1862645
2015-05-07,16.360001,58.939999,65.540001,750.400024,15.130000,208.869995,90.230003,46.349998,51.970001,18.309999,53.160000,882.258057,31.354168,66.099998,,87.599998,107.570000,66.620003,1583486
2015-05-08,16.889999,59.389999,65.389999,771.400024,12.860000,211.619995,92.430000,48.110001,53.230000,19.260000,54.000000,917.419373,31.830357,67.699997,,88.989998,108.650002,67.169998,1230357
2015-05-11,16.760000,59.250000,64.910004,759.400024,13.850000,210.610001,91.769997,47.189999,51.330002,19.570000,53.570000,916.774170,30.922619,66.419998,,86.779999,107.360001,65.279999,1515640
2015-05-12,17.129999,60.750000,66.860001,768.799988,13.860000,209.979996,92.470001,47.490002,51.480000,20.209999,53.910000,950.967712,31.123512,66.989998,,87.019997,107.559998,65.400002,927291
2015-05-13,16.930000,60.500000,66.809998,772.200012,13.760000,210.020004,92.510002,47.290001,51.880001,21.389999,53.110001,928.387085,30.840775,66.500000,,86.559998,107.699997,65.389999,1135708
2015-05-14,16.840000,59.880001,66.589996,761.400024,12.740000,212.210007,92.169998,46.439999,51.220001,20.809999,53.410000,902.580627,30.937500,65.500000,,86.970001,108.449997,65.419998,760589
2015-05-15,16.969999,59.689999,66.570000,760.400024,12.380000,212.440002,92.139999,46.700001,51.270000,20.790001,52.740002,925.161316,30.877975,65.849998,,87.349998,108.029999,65.760002,839233
2015-05-18,16.950001,59.430000,66.269997,760.000000,12.730000,213.100006,92.750000,46.720001,51.180000,20.150000,53.180000,898.064514,30.967262,66.019997,,86.849998,106.650002,66.040001,1039467
2015-05-19,16.209999,57.259998,64.019997,737.599976,12.850000,213.029999,90.559998,45.070000,49.959999,18.969999,52.049999,858.064514,30.625000,64.449997,,86.989998,105.019997,65.120003,1579766
2015-05-20,16.320000,58.980000,65.029999,741.799988,12.880000,212.880005,90.750000,44.970001,50.169998,19.260000,52.189999,867.096802,31.272322,64.260002,,87.129997,105.250000,64.779999,1196282
2015-05-21,16.620001,60.720001,66.540001,761.799988,12.110000,213.500000,92.029999,46.160000,51.400002,20.090000,53.400002,896.451599,31.919643,65.879997,,87.209999,105.489998,65.580002,955017
2015-05-22,16.309999,59.720001,65.370003,756.799988,12.130000,212.990005,92.019997,45.910000,50.709999,20.150000,53.090000,891.290344,31.941963,65.529999,,86.519997,104.889999,65.110001,670474
2015-05-26,16.080000,58.029999,63.720001,739.599976,14.060000,210.699997,90.739998,45.450001,49.959999,19.309999,52.099998,855.483887,30.892857,64.599998,,85.349998,103.290001,63.840000,1893225
2015-05-27,16.110001,57.509998,62.060001,741.400024,13.270000,212.699997,91.000000,45.619999,50.299999,19.299999,52.119999,816.451599,31.264881,64.900002,,85.110001,103.110001,63.820000,1308273
2015-05-28,15.980000,57.680000,62.580002,734.599976,13.310000,212.460007,90.650002,45.349998,49.889999,19.010000,51.180000,816.129028,31.190475,64.519997,,85.110001,103.239998,63.860001,874744
2015-05-29,15.670000,60.299999,65.559998,732.799988,13.840000,211.139999,90.769997,45.400002,49.189999,18.850000,50.799999,791.612915,31.093750,64.459999,,85.199997,103.000000,63.680000,851458
2015-06-01,15.280000,60.200001,64.879997,730.599976,13.970000,211.570007,90.650002,45.240002,49.080002,18.580000,51.020000,752.580627,30.997025,64.320000,,85.129997,102.629997,63.610001,1489289
2015-06-02,15.770000,61.259998,65.489998,748.400024,14.240000,211.360001,91.500000,45.919998,50.200001,19.280001,51.160000,784.838684,32.113094,65.220001,,85.139999,102.580002,64.070000,878229
2015-06-03,15.670000,59.639999,63.799999,743.799988,13.660000,211.919998,91.360001,45.619999,49.660000,19.049999,50.830002,760.322571,31.629463,64.690002,,84.949997,102.169998,63.799999,801860
2015-06-04,15.290000,58.000000,62.029999,732.200012,14.710000,210.130005,90.070000,44.709999,48.630001,18.549999,49.549999,759.354858,31.413691,63.639999,,84.220001,101.389999,63.000000,1420824
2015-06-05,15.730000,59.130001,63.310001,741.799988,14.210000,209.770004,90.169998,45.730000,48.880001,19.170000,49.959999,760.645142,31.815475,64.680000,,84.279999,101.589996,63.040001,735512
2015-06-08,15.580000,58.139999,62.689999,735.000000,15.290000,208.479996,89.370003,45.419998,48.959999,19.120001,49.450001,759.032288,31.413691,64.010002,,84.849998,100.419998,63.430000,592553
2015-06-09,15.540000,60.139999,64.879997,733.599976,14.470000,208.449997,89.860001,45.279999,47.900002,18.740000,49.639999,758.709656,31.614582,64.029999,,84.580002,100.419998,63.060001,661451
2015-06-10,16.160000,61.430000,65.699997,752.200012,13.220000,210.949997,91.629997,46.240002,49.200001,19.080000,50.619999,769.354858,32.180061,65.089996,,85.209999,101.830002,64.019997,785792
2015-06-11,15.860000,60.770000,65.110001,739.400024,12.850000,211.630005,90.669998,45.619999,48.590000,18.129999,50.480000,759.354858,31.904762,64.400002,,85.089996,101.120003,64.029999,897910
2015-06-12,15.300000,59.959999,63.869999,733.000000,13.780000,210.009995,90.150002,45.480000,48.299999,17.770000,49.549999,747.096802,31.830357,64.129997,,84.019997,99.870003,63.509998,1431421
2015-06-15,15.190000,59.520000,62.610001,727.200012,15.390000,209.110001,89.430000,45.549999,48.349998,17.610001,49.000000,744.838684,31.436012,63.779999,,83.720001,99.290001,63.270000,1163110
2015-06-16,15.180000,59.970001,62.630001,729.000000,14.810000,210.250000,89.690002,45.419998,48.730000,17.559999,49.209999,757.419373,31.569941,63.599998,,84.680000,100.040001,63.430000,778626
2015-06-17,14.440000,59.919998,63.869999,730.599976,14.500000,210.589996,89.669998,45.709999,48.889999,17.480000,48.970001,774.838684,31.703869,63.810001,,84.730003,99.760002,63.090000,1877419
2015-06-18,13.980000,60.450001,64.260002,717.000000,13.190000,212.779999,88.629997,44.580002,49.090000,16.969999,47.930000,750.000000,31.354168,62.310001,,85.480003,100.250000,62.930000,2334060
2015-06-19,13.690000,59.610001,63.020000,706.400024,13.960000,210.809998,86.620003,43.849998,49.220001,16.650000,46.639999,752.258057,31.041668,61.930000,,85.209999,99.470001,62.349998,2331860
2015-06-22,13.910000,59.680000,63.340000,712.400024,12.740000,211.889999,86.970001,44.110001,49.160000,16.940001,47.209999,753.225830,31.026787,62.410000,,85.169998,100.290001,62.580002,1359606
2015-06-23,13.910000,61.009998,64.449997,718.000000,12.110000,212.039993,88.000000,44.490002,49.049999,16.969999,47.270000,755.806458,31.421131,62.889999,,85.070000,100.089996,63.169998,1234557
2015-06-24,13.410000,60.270000,63.490002,712.400024,13.260000,210.500000,87.510002,44.250000,49.290001,16.629999,47.590000,764.838684,31.480656,62.639999,,84.680000,99.269997,62.830002,2545509
2015-06-25,13.160000,59.700001,63.200001,702.000000,14.010000,209.860001,86.669998,43.500000,48.970001,16.000000,47.509998,723.225830,31.421131,62.060001,,83.930000,98.339996,62.220001,2116262
2015-06-26,13.110000,59.630001,63.259998,704.599976,14.020000,209.820007,86.669998,43.119999,49.410000,16.500000,47.389999,746.774170,31.250000,61.900002,,83.860001,98.599998,62.180000,4574904
2015-06-29,12.920000,58.330002,62.009998,693.200012,18.850000,205.419998,85.660004,42.689999,48.570000,15.950000,46.139999,735.161316,30.357143,61.110001,,82.820000,96.690002,61.009998,2194513
2015-06-30,12.630000,59.470001,63.590000,698.000000,18.230000,205.850006,86.190002,43.070000,48.279999,16.120001,46.590000,733.225830,30.870537,61.700001,,83.199997,96.470001,61.410000,1946751
2015-07-01,12.250000,56.959999,62.009998,674.200012,16.090000,207.500000,84.300003,41.560001,46.950001,15.590000,46.009998,719.032288,29.501488,60.009998,,82.370003,96.089996,60.029999,1740046
2015-07-02,12.390000,56.930000,62.070000,677.400024,16.790001,207.309998,84.010002,41.910000,47.419998,15.590000,46.290001,739.354858,29.605656,60.349998,,83.139999,95.870003,60.520000,1487952
2015-07-06,12.350000,52.529999,56.540001,661.000000,17.010000,206.720001,83.489998,40.720001,45.060001,14.920000,45.459999,700.000000,28.757441,59.299999,,82.529999,94.769997,59.060001,1890460
2015-07-07,12.620000,52.330002,56.849998,673.000000,16.090000,208.020004,84.199997,41.880001,45.169998,15.730000,46.270000,747.741943,28.772322,60.680000,,82.870003,95.269997,59.650002,1881335
2015-07-08,12.260000,51.650002,57.049999,655.599976,19.660000,204.529999,82.919998,40.939999,44.160000,15.150000,44.810001,738.064514,27.626488,59.740002,,81.970001,93.559998,58.360001,1253779
2015-07-09,12.210000,52.779999,58.610001,662.599976,19.969999,204.899994,83.550003,41.310001,44.580002,15.050000,44.750000,724.193542,27.849703,60.150002,,81.599998,93.779999,58.669998,1110370
2015-07-10,12.360000,52.740002,58.730000,659.400024,16.830000,207.479996,83.959999,41.330002,44.990002,14.620000,44.299999,720.967712,27.864582,59.709999,,82.220001,94.410004,59.130001,1658013
2015-07-13,12.580000,52.200001,57.849998,666.000000,13.900000,209.770004,84.290001,41.869999,45.700001,14.900000,44.779999,736.129028,27.671131,60.299999,,82.419998,94.599998,58.930000,1229356
2015-07-14,12.790000,53.040001,58.509998,675.799988,13.370000,210.679993,85.290001,42.560001,45.520000,15.110000,44.919998,756.129028,27.938988,61.130001,,83.110001,95.550003,59.529999,1732415
2015-07-15,12.380000,51.410000,57.049999,652.200012,13.230000,210.610001,83.629997,41.070000,43.720001,14.510000,43.060001,708.709656,27.180059,59.500000,,82.760002,94.239998,58.419998,1668699
2015-07-16,11.910000,50.910000,57.509998,650.000000,12.110000,212.300003,83.889999,40.209999,43.490002,14.610000,42.770000,677.096802,27.477678,58.869999,,82.910004,94.480003,57.950001,1581235
2015-07-17,11.540000,50.889999,57.520000,637.000000,11.950000,212.479996,83.709999,39.990002,43.009998,13.480000,41.869999,636.451599,27.090775,58.320000,,82.610001,93.150002,57.200001,1384332
2015-07-20,11.300000,50.150002,56.650002,634.400024,12.250000,212.589996,83.519997,40.720001,43.130001,13.350000,41.200001,616.129028,27.001488,59.459999,,81.760002,92.940002,56.570000,1670319
2015-07-21,9.400000,50.360001,57.040001,641.799988,12.220000,211.750000,84.300003,41.860001,43.430000,13.350000,40.220001,615.483887,27.061012,60.639999,,81.660004,93.900002,56.490002,5466925
2015-07-22,9.450000,49.189999,56.130001,628.799988,12.120000,211.369995,85.260002,41.540001,41.910000,13.160000,38.820000,587.419373,24.375000,58.279999,,81.790001,93.510002,55.830002,3524071
2015-07-23,9.240000,48.450001,55.270000,640.799988,12.640000,210.179993,86.019997,42.330002,42.919998,13.670000,39.150002,631.935486,23.943453,59.259998,,81.139999,92.940002,54.040001,2591398
2015-07-24,8.860000,48.139999,54.619999,622.000000,13.740000,208.000000,82.900002,41.720001,42.220001,13.260000,39.130001,621.612915,24.434525,58.660000,,79.940002,90.599998,52.090000,3301111
2015-07-27,8.460000,47.389999,53.470001,613.400024,15.600000,206.789993,81.760002,40.980000,41.650002,13.110000,38.529999,591.290344,24.278275,57.740002,,79.260002,89.139999,50.650002,2644403
2015-07-28,8.650000,47.980000,53.299999,630.599976,13.440000,209.330002,82.500000,41.919998,42.930000,14.120000,39.529999,625.161316,24.836309,58.549999,,82.480003,92.400002,52.240002,2720612
2015-07-29,8.540000,48.790001,53.380001,647.799988,12.500000,210.770004,83.889999,43.290001,43.889999,14.460000,41.299999,643.225830,25.044643,59.669998,,83.139999,93.250000,52.900002,2590250
2015-07-30,8.500000,48.520000,53.310001,635.799988,12.130000,210.820007,83.519997,42.290001,43.389999,13.950000,40.910000,637.741943,24.605656,58.689999,,83.010002,93.029999,52.070000,1936805
2015-07-31,8.370000,47.119999,52.209999,625.599976,12.120000,210.500000,82.820000,41.790001,42.130001,13.260000,40.020000,630.000000,24.375000,58.150002,,79.209999,88.480003,50.340000,1396444
2015-08-03,8.080000,45.169998,49.520000,610.400024,12.560000,209.789993,82.080002,40.119999,40.970001,12.420000,39.849998,603.548401,24.293156,55.549999,,78.059998,85.599998,49.709999,1780189
2015-08-04,7.750000,45.740002,49.990002,608.400024,13.000000,209.380005,82.269997,39.599998,40.650002,12.220000,39.990002,589.677429,24.255953,55.299999,,77.169998,85.209999,49.869999,1461286
2015-08-05,7.940000,45.150002,49.590000,610.200012,12.510000,210.070007,82.500000,40.610001,40.380001,12.340000,41.080002,559.354858,24.709822,56.330002,,77.169998,84.029999,49.119999,2465875
2015-08-06,8.470000,44.660000,49.520000,631.799988,13.770000,208.350006,83.589996,40.849998,40.599998,13.840000,41.810001,605.806458,24.799107,56.560001,,78.089996,85.190002,50.279999,2415461
2015-08-07,8.000000,43.869999,48.610001,615.400024,13.390000,207.949997,82.250000,39.759998,39.730000,13.570000,41.480000,583.548401,24.188988,55.720001,,76.830002,83.750000,48.840000,1296772
2015-08-10,8.260000,44.959999,50.410000,644.000000,12.230000,210.570007,84.440002,41.619999,40.900002,14.460000,43.070000,613.548401,25.267857,57.830002,,78.750000,85.889999,50.200001,2359941
2015-08-11,7.920000,43.080002,49.180000,638.599976,13.710000,208.669998,84.360001,41.950001,40.490002,14.490000,42.840000,574.516113,24.761906,57.540001,,77.489998,85.779999,50.400002,1485610
2015-08-12,7.690000,43.299999,49.660000,648.599976,13.610000,208.919998,84.830002,42.709999,40.990002,15.050000,43.610001,600.645142,25.059525,58.599998,,78.790001,86.790001,51.540001,2329360
2015-08-13,7.270000,42.230000,49.220001,629.200012,13.490000,208.660004,84.089996,41.759998,39.830002,14.070000,42.779999,585.161316,24.322918,56.900002,,78.650002,85.849998,50.099998,1847193
2015-08-14,7.280000,42.500000,49.029999,622.400024,12.830000,209.419998,83.860001,41.990002,39.549999,13.740000,42.160000,568.709656,24.419643,57.330002,,78.360001,85.989998,49.770000,1747230
2015-08-17,7.130000,41.869999,49.029999,619.000000,13.020000,210.589996,83.500000,41.290001,39.509998,13.890000,41.500000,565.806458,24.456844,56.759998,,78.769997,83.230003,49.560001,1428693
2015-08-18,6.790000,42.619999,48.810001,617.799988,13.790000,209.979996,83.150002,41.009998,39.730000,14.070000,40.840000,570.967712,24.278275,56.650002,,77.900002,83.440002,49.509998,1971590
2015-08-19,6.500000,40.799999,47.160000,597.000000,15.250000,208.320007,80.669998,39.299999,39.090000,13.650000,40.000000,558.709656,23.519344,54.090000,,76.230003,80.910004,47.680000,1831433
2015-08-20,6.060000,41.139999,46.619999,580.200012,19.139999,203.970001,79.440002,37.700001,38.419998,13.250000,39.230000,520.000000,23.020832,51.360001,,74.570000,79.239998,47.000000,1582929
2015-08-21,5.840000,40.450001,45.459999,561.200012,28.030001,197.830002,77.500000,35.689999,37.209999,12.780000,39.750000,514.838684,22.328869,49.520000,,72.129997,75.760002,45.389999,2069667
2015-08-24,5.550000,38.240002,42.689999,532.200012,40.740002,189.500000,73.870003,33.560001,37.250000,12.260000,37.700001,481.612915,21.569941,45.759998,,68.720001,72.120003,42.930000,2352578
2015-08-25,5.590000,39.310001,43.209999,532.200012,36.020000,187.270004,72.519997,33.470001,37.349998,12.200000,37.060001,471.290314,21.376488,47.740002,,68.709999,70.019997,42.189999,2044175
2015-08-26,5.830000,38.599998,43.139999,552.200012,30.320000,194.460007,70.089996,34.430000,39.029999,11.600000,40.189999,489.354828,22.864582,49.200001,,72.500000,73.089996,43.410000,2607500
2015-08-27,6.370000,42.560001,47.560001,596.200012,26.100000,199.270004,73.849998,38.040001,41.360001,12.930000,42.209999,537.096802,24.196428,53.750000,,74.849998,77.639999,45.869999,1970320
2015-08-28,6.500000,45.220001,50.049999,614.799988,26.049999,199.279999,76.059998,38.590000,41.650002,13.590000,43.250000,548.387085,25.505953,54.720001,,75.070000,80.430000,46.820000,2001862
2015-08-31,6.950000,49.200001,54.150002,629.200012,28.430000,197.669998,77.370003,39.349998,42.330002,14.230000,43.820000,578.387085,25.877975,56.000000,,75.239998,80.989998,49.150002,2731574
2015-09-01,6.690000,45.410000,49.560001,607.000000,31.400000,191.770004,75.419998,37.950001,41.349998,13.710000,40.810001,529.354858,24.732143,54.380001,,72.080002,78.190002,47.750000,3174862
2015-09-02,6.960000,46.250000,50.500000,604.799988,26.090000,195.410004,75.410004,38.169998,40.860001,13.440000,40.820000,525.806458,25.126488,54.740002,,73.230003,78.059998,48.189999,2888352
2015-09-03,6.780000,46.750000,50.680000,610.799988,25.610001,195.550003,76.260002,38.080002,40.970001,13.380000,41.230000,534.193542,25.223213,54.820000,,73.790001,78.260002,48.180000,2061961
2015-09-04,6.530000,46.049999,49.610001,595.599976,27.799999,192.589996,75.000000,36.849998,40.439999,13.450000,41.660000,521.612915,24.702381,53.259998,,72.459999,76.669998,47.200001,795995
2015-09-08,6.680000,45.939999,49.520000,606.200012,24.900000,197.429993,75.540001,37.950001,40.619999,14.190000,42.830002,520.967712,25.186012,54.009998,,73.500000,76.839996,48.459999,879843
2015-09-09,6.350000,44.150002,47.580002,590.799988,26.230000,194.789993,74.400002,37.150002,38.799999,14.470000,40.750000,485.161285,24.456844,52.990002,,72.000000,74.919998,47.849998,962788
2015-09-10,6.150000,45.919998,48.889999,596.599976,24.370001,195.850006,74.070000,37.580002,39.250000,14.820000,40.950001,490.322571,24.791668,53.680000,,72.519997,75.660004,48.430000,1245738
2015-09-11,5.890000,44.630001,48.139999,585.200012,23.200001,196.740005,73.699997,37.200001,38.639999,14.240000,40.310001,477.419342,24.211309,53.080002,,72.690002,75.790001,47.360001,2124658
2015-09-14,6.040000,44.000000,46.369999,582.400024,24.250000,196.009995,72.839996,36.880001,38.570000,14.620000,40.180000,482.258057,24.568453,53.180000,,72.489998,75.769997,46.770000,854011
2015-09-15,6.200000,44.590000,46.630001,593.000000,22.540001,198.460007,73.589996,37.009998,38.680000,15.380000,41.290001,520.322571,25.148809,53.419998,,72.860001,77.169998,47.279999,690835
2015-09-16,6.340000,47.150002,46.610001,617.599976,21.350000,200.179993,76.160004,38.650002,40.000000,15.800000,42.560001,552.580627,26.138393,55.660000,,74.300003,79.019997,49.470001,1568646
2015-09-17,6.150000,46.900002,49.080002,614.200012,21.139999,199.729996,75.300003,38.700001,39.570000,15.770000,42.520000,553.548401,25.744047,55.290001,,74.459999,79.410004,50.130001,1213579
2015-09-18,6.010000,44.680000,47.470001,584.799988,22.280001,195.449997,72.540001,37.380001,38.049999,14.310000,40.540001,508.709686,24.761906,53.470001,,72.680000,77.739998,48.360001,3136499
2015-09-21,5.940000,46.680000,48.919998,581.599976,20.139999,196.460007,72.870003,37.450001,37.330002,14.340000,40.820000,498.064514,24.687500,54.730000,,73.389999,78.089996,48.750000,1275215
2015-09-22,5.550000,45.830002,49.080002,581.200012,22.440001,193.910004,72.570000,37.459999,37.480000,14.490000,40.810001,468.387085,24.561012,54.290001,,72.739998,77.250000,48.619999,1779122
2015-09-23,5.260000,44.480000,47.750000,571.799988,22.129999,193.600006,71.940002,37.299999,37.080002,13.660000,39.970001,446.774200,24.382441,54.000000,,72.300003,76.120003,47.860001,1490820
2015-09-24,5.090000,44.910000,48.169998,572.400024,23.469999,192.899994,72.690002,37.000000,36.919998,13.010000,39.830002,458.709686,24.218750,53.209999,,72.730003,76.889999,47.759998,1790202
2015-09-25,5.010000,45.700001,48.599998,567.200012,23.620001,192.850006,72.900002,36.700001,37.450001,12.580000,39.889999,466.774200,24.427082,52.500000,,73.230003,77.699997,47.189999,2572179
2015-09-28,4.600000,44.430000,47.340000,543.599976,27.629999,188.009995,69.370003,34.930000,36.720001,11.990000,39.259998,432.903229,23.415178,50.500000,,72.599998,75.769997,45.849998,1707867
2015-09-29,4.870000,45.230000,48.230000,546.799988,26.830000,188.119995,69.099998,34.680000,37.080002,12.350000,39.250000,425.483856,23.474703,50.470001,,72.970001,76.250000,46.570000,1978260
2015-09-30,4.790000,45.090000,48.369999,549.599976,24.500000,191.630005,68.970001,35.349998,37.650002,12.920000,39.279999,423.870972,23.065475,52.040001,,74.349998,78.879997,47.959999,2067075
2015-10-01,4.840000,44.740002,47.689999,539.799988,22.549999,192.130005,67.650002,34.910000,36.049999,12.500000,39.349998,427.741943,22.194941,51.180000,,74.059998,78.339996,48.160000,14375993
2015-10-02,5.490000,45.540001,48.130001,569.599976,20.940001,195.000000,70.320000,36.799999,38.049999,13.560000,42.880001,479.677429,22.864582,53.349998,,75.879997,81.550003,51.189999,1972271
2015-10-05,5.880000,46.259998,49.250000,592.799988,19.540001,198.470001,72.089996,37.709999,39.900002,14.690000,44.480000,535.161316,24.389881,54.630001,,76.809998,84.029999,52.980000,2321158
2015-10-06,6.230000,48.529999,51.919998,620.400024,19.400000,197.789993,73.940002,39.040001,40.689999,15.750000,45.279999,568.709656,24.918156,55.310001,,77.889999,86.989998,55.139999,1987748
2015-10-07,6.070000,47.810001,51.330002,628.000000,18.400000,199.410004,75.349998,39.860001,40.470001,16.340000,45.470001,546.774170,25.438988,56.680000,,79.199997,88.120003,55.270000,3676374
2015-10-08,6.440000,49.430000,53.049999,640.200012,17.420000,201.210007,76.639999,40.410000,40.770000,16.299999,47.320000,553.225830,25.870537,57.330002,,80.029999,89.910004,56.279999,1685816
2015-10-09,6.630000,49.630001,52.650002,640.599976,17.080000,201.330002,76.360001,39.650002,40.799999,16.980000,47.560001,556.129028,25.632441,56.439999,,79.260002,89.570000,56.099998,2134698
2015-10-12,6.140000,47.099998,49.860001,619.799988,16.170000,201.520004,74.940002,38.869999,39.250000,15.690000,46.380001,515.161316,25.044643,55.680000,,79.300003,88.739998,55.270000,1744825
2015-10-13,5.900000,46.660000,49.240002,615.000000,17.670000,200.250000,74.639999,38.470001,38.669998,15.590000,45.779999,524.516113,25.022322,55.020000,,79.160004,88.379997,55.040001,1170513
2015-10-14,5.770000,46.639999,49.150002,623.400024,18.030001,199.289993,75.010002,38.720001,39.400002,16.070000,46.009998,523.870972,25.267857,55.009998,,80.160004,89.760002,55.459999,1822699
2015-10-15,5.860000,46.380001,48.709999,632.200012,16.049999,202.350006,76.160004,39.259998,39.660000,16.370001,47.580002,528.709656,25.877975,56.189999,,81.480003,90.720001,55.230000,2451891
2015-10-16,5.300000,47.259998,48.730000,613.400024,15.050000,203.270004,74.510002,37.810001,39.400002,15.910000,47.090000,502.903229,25.364582,53.830002,,82.480003,91.290001,55.230000,2105631
2015-10-19,5.170000,45.889999,48.610001,602.000000,14.980000,203.369995,74.139999,37.360001,38.980000,15.160000,45.980000,479.677429,25.186012,53.330002,,80.989998,90.029999,53.689999,2123829
2015-10-20,6.540000,45.549999,48.709999,611.400024,15.750000,203.110001,75.550003,37.680000,39.419998,15.500000,46.799999,500.322571,25.342262,53.169998,,80.830002,89.989998,53.540001,9946463
2015-10-21,6.550000,45.200001,47.849998,606.000000,16.700001,201.850006,75.629997,38.400002,39.200001,15.470000,45.919998,477.741943,24.375000,54.410000,,80.209999,89.330002,52.970001,4366755
2015-10-22,6.980000,45.380001,48.080002,621.799988,14.450000,205.259995,78.260002,39.709999,38.980000,15.880000,46.740002,475.161285,24.345238,55.590000,,82.889999,91.620003,54.580002,2749506
2015-10-23,6.390000,44.599998,47.990002,619.400024,14.460000,207.509995,78.349998,39.209999,38.810001,15.750000,46.310001,454.516144,24.754463,53.930000,,82.980003,91.239998,54.610001,3473589
2015-10-26,5.870000,43.980000,47.540001,603.599976,15.290000,207.000000,77.150002,38.549999,37.540001,15.090000,44.560001,419.032257,23.980656,52.459999,,81.220001,88.769997,52.950001,2400747
2015-10-27,5.570000,43.200001,46.810001,591.599976,15.430000,206.600006,76.949997,37.480000,35.950001,14.760000,43.680000,396.451599,23.660713,51.500000,,81.089996,87.699997,51.689999,1220988
2015-10-28,6.070000,45.939999,49.049999,611.000000,14.330000,208.949997,79.129997,38.270000,36.720001,15.350000,44.299999,421.290314,24.910713,52.799999,,82.279999,89.790001,53.340000,2186387
2015-10-29,5.590000,46.060001,48.799999,604.000000,14.610000,208.830002,78.690002,38.189999,36.439999,15.270000,42.130001,399.354828,24.427082,52.590000,,82.230003,89.889999,53.619999,1962561
2015-10-30,5.780000,46.590000,49.560001,611.400024,15.070000,207.929993,78.160004,38.380001,37.639999,15.830000,42.020000,398.387085,25.171131,52.680000,,82.739998,90.879997,53.349998,2290414
2015-11-02,6.020000,46.139999,48.790001,631.200012,14.150000,210.389999,79.430000,39.290001,38.849998,16.700001,44.549999,410.000000,25.788691,53.290001,,85.279999,94.959999,54.939999,1170767
2015-11-03,6.380000,47.900002,50.540001,650.799988,14.540000,211.000000,81.519997,40.049999,39.939999,16.820000,45.880001,408.064514,26.398809,54.459999,,86.849998,98.139999,56.730000,1425900
2015-11-04,6.230000,46.320000,48.580002,641.400024,15.510000,210.360001,80.309998,39.209999,39.889999,16.850000,45.240002,367.096771,26.391369,51.560001,,85.980003,96.769997,56.340000,948355
2015-11-05,6.200000,45.200001,47.980000,627.400024,15.050000,210.149994,78.800003,38.410000,39.500000,15.470000,44.340000,348.387085,26.056547,49.880001,,84.809998,94.550003,56.279999,837203
2015-11-06,6.480000,44.290001,47.419998,631.000000,14.330000,210.039993,79.059998,39.349998,39.790001,15.070000,44.279999,366.774200,26.123512,52.080002,,84.470001,94.029999,55.770000,968851
2015-11-09,6.290000,43.869999,47.189999,626.799988,16.520000,208.080002,77.910004,39.099998,38.930000,15.050000,43.770000,362.258057,25.758928,51.660000,,81.949997,92.320000,54.639999,1077555
2015-11-10,6.290000,44.209999,47.439999,626.000000,15.290000,208.559998,78.769997,38.910000,38.820000,14.980000,44.619999,364.193542,25.639881,49.830002,,82.349998,93.230003,54.650002,684141
2015-11-11,6.060000,42.930000,45.810001,609.400024,16.059999,207.740005,77.629997,38.099998,37.770000,14.530000,43.590000,339.354828,25.037203,49.000000,,81.620003,92.190002,53.439999,1114044
2015-11-12,5.830000,41.750000,44.060001,597.799988,18.370001,204.839996,76.599998,37.490002,37.450001,14.170000,43.369999,325.806458,24.166668,48.139999,,79.410004,89.860001,51.970001,808041
2015-11-13,5.930000,40.740002,43.610001,598.000000,20.080000,202.539993,76.139999,37.389999,37.330002,14.240000,43.330002,340.645172,24.010418,47.660000,,78.099998,88.680000,51.830002,991322
2015-11-16,6.300000,41.740002,43.580002,613.799988,18.160000,205.619995,78.330002,38.490002,37.770000,14.450000,44.730000,346.129028,24.880953,49.389999,,80.900002,91.449997,54.369999,935258
2015-11-17,5.710000,40.669998,43.570000,602.599976,18.840000,205.470001,76.739998,38.110001,37.040001,14.510000,43.959999,316.774200,24.657738,49.470001,,79.959999,91.029999,53.900002,1511583
2015-11-18,5.920000,40.750000,44.139999,622.200012,16.850000,208.729996,78.550003,38.880001,38.340000,14.700000,45.360001,314.193542,25.535713,51.680000,,80.739998,92.209999,54.480000,806605
2015-11-19,5.630000,40.540001,44.180000,607.400024,16.990000,208.550003,77.919998,38.040001,37.599998,14.170000,44.380001,296.129028,24.858631,50.869999,,80.300003,90.830002,53.560001,940326
2015-11-20,5.580000,40.389999,44.660000,601.200012,15.470000,209.309998,77.150002,38.000000,37.259998,13.910000,43.750000,287.741943,24.635418,51.009998,,79.790001,89.010002,52.930000,806146
2015-11-23,5.860000,41.750000,44.830002,607.400024,15.620000,209.070007,77.220001,38.349998,37.330002,13.970000,43.990002,292.903229,24.754463,51.419998,,80.279999,90.010002,53.279999,1093627
2015-11-24,6.450000,42.869999,46.119999,627.599976,15.930000,209.350006,78.180000,39.740002,38.610001,14.590000,44.209999,318.709686,25.446428,53.090000,,81.879997,91.349998,55.320000,1507146
2015-11-25,6.260000,43.040001,46.169998,622.799988,15.190000,209.320007,77.529999,39.310001,38.080002,14.480000,44.330002,307.096771,25.230656,52.500000,,81.250000,90.870003,54.380001,1226647
2015-11-27,6.050000,41.709999,44.860001,614.400024,15.120000,209.559998,77.330002,39.130001,37.349998,14.120000,43.070000,289.032257,24.836309,52.779999,,81.230003,90.370003,53.480000,349940
2015-11-30,6.480000,41.650002,44.610001,622.400024,16.129999,208.690002,77.150002,39.849998,37.340000,14.360000,43.740002,306.774200,25.312500,54.070000,,81.660004,91.320000,54.049999,1285920
2015-12-01,6.450000,41.849998,44.439999,628.799988,14.670000,210.679993,78.169998,40.400002,37.720001,14.200000,43.400002,300.645172,25.312500,54.759998,,81.889999,92.480003,54.610001,1075049
2015-12-02,6.160000,39.939999,42.490002,609.799988,15.910000,208.529999,75.809998,38.950001,37.080002,13.830000,42.090000,281.935486,25.052082,53.849998,,79.550003,90.250000,52.549999,1970535
2015-12-03,6.340000,41.080002,43.840000,604.799988,18.110001,205.610001,74.809998,38.009998,37.049999,14.040000,41.630001,288.387085,24.694941,52.619999,,78.410004,88.849998,51.610001,1071862
2015-12-04,5.960000,39.970001,43.000000,594.000000,14.810000,209.619995,74.709999,37.900002,36.590000,13.500000,41.669998,265.806458,24.285713,52.619999,,78.860001,89.709999,51.189999,1467036
2015-12-07,5.420000,37.650002,40.730000,570.200012,15.840000,208.350006,72.800003,36.570000,34.639999,13.270000,39.459999,243.225800,23.005953,49.860001,,76.800003,87.279999,48.990002,1158632
2015-12-08,5.290000,37.509998,40.259998,562.200012,17.600000,206.949997,71.500000,36.270000,33.500000,13.260000,39.840000,235.483871,22.849703,49.369999,,74.629997,86.440002,48.299999,1013691
2015-12-09,5.230000,37.160000,40.110001,573.400024,19.610001,205.339996,72.120003,38.299999,33.849998,13.070000,39.980000,238.709671,23.385418,53.029999,,75.629997,87.599998,48.470001,1202924
2015-12-10,5.330000,36.759998,39.730000,574.599976,19.340000,205.869995,71.480003,38.150002,33.799999,13.150000,40.250000,246.451614,22.953869,51.680000,,75.690002,89.300003,49.220001,1223138
2015-12-11,5.010000,35.619999,37.930000,554.200012,24.389999,201.880005,69.820000,36.959999,33.290001,12.690000,38.040001,237.419357,21.517857,47.799999,,74.339996,86.440002,48.130001,1300300
2015-12-14,4.950000,36.310001,37.919998,554.599976,22.730000,202.899994,70.019997,36.549999,33.560001,12.640000,37.599998,221.612900,21.711309,46.779999,,76.029999,89.330002,49.529999,1082610
2015-12-15,5.280000,37.349998,38.450001,572.400024,20.950001,205.029999,71.839996,37.099998,34.660000,13.380000,38.680000,220.967743,22.782738,46.500000,,79.430000,92.760002,50.560001,1297383
2015-12-16,5.170000,35.520000,37.189999,564.200012,17.860001,208.029999,71.220001,35.860001,34.320000,13.330000,37.779999,215.161285,22.596725,44.759998,,79.150002,93.440002,49.349998,1043462
2015-12-17,4.770000,34.950001,37.180000,542.799988,18.940001,204.860001,69.199997,34.180000,33.669998,13.000000,37.680000,193.870972,21.607143,43.360001,,77.959999,90.540001,47.279999,1196795
2015-12-18,4.720000,34.730000,36.880001,526.000000,20.700001,200.020004,67.339996,33.439999,33.270000,12.260000,37.110001,205.806458,21.093750,43.919998,,77.279999,89.809998,45.930000,2414881
2015-12-21,4.960000,34.740002,36.349998,514.400024,18.700001,201.669998,67.949997,33.400002,33.900002,12.120000,37.119999,210.967743,21.354168,43.759998,,77.260002,89.239998,45.099998,953720
2015-12-22,5.180000,36.139999,36.110001,528.599976,16.600000,203.500000,69.489998,34.020000,34.340000,12.550000,37.860001,227.741928,21.488094,45.169998,,77.650002,90.269997,46.279999,811127
2015-12-23,5.600000,37.500000,37.360001,551.799988,15.570000,206.020004,71.010002,35.450001,35.330002,13.120000,39.830002,234.193542,22.038691,47.630001,,80.190002,93.809998,49.029999,929677
2015-12-24,5.450000,38.099998,37.889999,546.400024,15.740000,205.679993,70.529999,35.150002,34.799999,12.980000,39.080002,227.419357,21.763393,47.720001,,79.330002,92.050003,48.590000,392335
2015-12-28,5.150000,36.810001,36.619999,531.799988,16.910000,205.210007,70.419998,34.299999,34.150002,12.340000,38.389999,214.516129,21.540178,45.689999,,78.739998,90.360001,47.189999,531752
2015-12-29,5.260000,37.869999,37.790001,535.599976,16.080000,207.399994,70.510002,34.500000,34.240002,12.710000,38.160000,219.032257,21.726191,46.490002,,79.160004,91.250000,47.770000,859658
2015-12-30,5.230000,36.599998,36.459999,525.799988,17.290001,205.929993,69.639999,34.130001,33.740002,12.270000,37.450001,220.000000,21.696428,45.759998,,78.110001,90.089996,46.599998,964687
2015-12-31,5.260000,37.040001,37.279999,529.000000,18.209999,203.869995,69.750000,34.040001,33.490002,12.380000,37.520000,224.516129,21.584822,46.150002,,77.949997,89.959999,46.689999,965644
2016-01-04,5.370000,36.759998,37.220001,534.200012,20.700001,201.020004,69.180000,34.480000,34.610001,12.550000,38.779999,236.451614,21.741072,47.250000,,77.459999,88.849998,46.880001,1188641
2016-01-05,5.240000,35.970001,36.419998,525.000000,19.340000,201.360001,69.500000,34.400002,33.619999,12.150000,37.790001,214.193542,21.436012,45.919998,,78.120003,89.610001,47.400002,941415
2016-01-06,4.970000,33.970001,34.230000,501.200012,20.590000,198.820007,67.699997,33.419998,31.340000,11.520000,35.799999,193.225800,20.171131,43.650002,,77.470001,86.070000,45.349998,1084588
2016-01-07,4.780000,33.270000,33.750000,486.600006,24.990000,194.050003,66.190002,32.910000,30.740000,11.000000,34.360001,181.290329,19.962797,42.520000,,76.230003,83.019997,44.060001,2221128
2016-01-08,4.830000,33.160000,33.549999,476.200012,27.010000,191.919998,65.080002,32.459999,29.940001,10.750000,33.900002,190.645157,19.345238,41.580002,,74.690002,82.129997,43.290001,1801361
2016-01-11,4.680000,31.410000,31.549999,466.399994,24.299999,192.110001,64.830002,31.549999,29.950001,10.340000,33.209999,169.677414,18.928572,41.509998,,73.690002,80.769997,41.119999,807820
2016-01-12,4.420000,30.440001,30.860001,465.000000,22.469999,193.660004,64.739998,31.469999,30.430000,10.280000,33.240002,179.354843,18.787203,41.040001,,75.199997,82.150002,40.250000,847045
2016-01-13,4.070000,30.480000,30.309999,450.799988,25.219999,188.830002,63.950001,30.459999,29.080000,9.800000,32.090000,170.000000,18.415178,39.250000,,75.650002,81.330002,39.000000,982706
2016-01-14,4.150000,31.200001,31.030001,466.000000,23.950001,191.929993,64.680000,31.840000,30.510000,10.540000,32.790001,179.677414,18.988094,41.169998,,79.120003,85.470001,41.250000,2301261
2016-01-15,3.710000,29.420000,31.010000,449.200012,27.020000,187.809998,63.009998,30.850000,29.950001,9.860000,32.330002,177.096771,18.102678,39.889999,,77.580002,83.669998,39.360001,1281875
2016-01-19,3.180000,28.459999,28.760000,437.600006,26.049999,188.059998,62.820000,29.790001,29.530001,9.290000,32.299999,164.516129,17.767857,39.790001,,76.400002,81.510002,36.400002,1314040
2016-01-20,3.380000,26.549999,27.879999,427.000000,27.590000,185.649994,61.060001,28.480000,29.719999,9.080000,32.169998,173.548386,17.544643,38.880001,,73.180000,78.980003,34.750000,1718270
2016-01-21,3.500000,29.530001,29.250000,440.399994,26.690001,186.690002,61.450001,29.290001,30.670000,9.720000,33.259998,188.709671,17.693453,40.730000,,74.099998,81.050003,36.910000,2043501
2016-01-22,3.540000,32.189999,32.180000,454.799988,22.340000,190.520004,65.199997,30.190001,31.230000,9.770000,33.540001,177.419357,18.087797,42.040001,,76.570000,83.540001,37.669998,2737117
2016-01-25,3.280000,30.340000,30.500000,431.799988,24.150000,187.639999,63.299999,29.280001,29.690001,9.290000,31.120001,162.580643,17.395832,39.180000,,73.980003,80.889999,34.200001,1851232
2016-01-26,3.530000,31.450001,31.799999,444.399994,22.500000,190.199997,65.330002,28.940001,30.430000,9.700000,32.820000,165.806458,17.805059,39.970001,,76.699997,84.120003,35.349998,720001
2016-01-27,3.570000,32.299999,33.099998,448.399994,23.110001,188.130005,65.550003,29.059999,31.100000,9.840000,33.610001,172.903229,17.797619,40.830002,,75.290001,83.290001,36.209999,1448613
2016-01-28,3.560000,33.220001,33.889999,467.000000,22.420000,189.110001,69.510002,30.450001,31.059999,10.030000,33.139999,176.451614,18.095238,43.119999,,76.989998,85.919998,38.020000,1009412
2016-01-29,4.030000,33.619999,34.740002,485.600006,20.200001,193.720001,72.269997,31.790001,32.540001,10.420000,33.849998,171.290329,18.712797,43.509998,,77.849998,86.470001,39.080002,2225134
2016-02-01,3.970000,31.620001,34.689999,474.000000,19.980000,193.649994,71.459999,31.620001,31.990000,9.790000,32.000000,162.903229,18.437500,43.290001,,76.290001,85.290001,38.599998,775511
2016-02-02,3.650000,29.879999,32.720001,453.600006,21.980000,190.160004,68.839996,30.520000,30.670000,9.050000,30.760000,142.903229,17.581844,42.000000,,74.589996,81.239998,36.590000,792551
2016-02-03,3.780000,32.279999,35.040001,466.600006,21.650000,191.300003,70.830002,31.959999,28.000000,9.350000,30.030001,159.677414,17.909225,44.410000,,78.480003,84.620003,38.630001,1579900
2016-02-04,3.950000,31.719999,34.459999,480.799988,21.840000,191.600006,70.540001,32.430000,28.580000,10.190000,29.830000,190.000000,18.065475,44.240002,,79.830002,84.790001,35.320000,1477943
2016-02-05,3.840000,30.889999,34.060001,474.000000,23.379999,187.949997,68.809998,31.350000,28.469999,10.280000,29.799999,190.322586,17.715775,44.849998,,80.080002,82.879997,32.900002,980349
2016-02-08,3.450000,29.690001,32.880001,467.399994,26.000000,185.419998,69.779999,30.830000,28.400000,9.550000,29.330000,180.967743,17.574406,42.820000,,81.160004,85.989998,34.430000,1071110
2016-02-09,3.290000,27.940001,30.320000,447.200012,26.540001,185.429993,67.800003,29.590000,27.559999,8.910000,28.590000,167.419357,17.098213,41.750000,,80.080002,82.919998,33.580002,1206336
2016-02-10,3.000000,27.450001,30.840000,442.000000,26.290001,185.270004,67.730003,29.590000,26.690001,8.780000,28.059999,151.290329,17.232143,41.509998,,79.349998,83.040001,32.340000,734072
2016-02-11,2.650000,26.209999,30.059999,438.399994,28.139999,182.860001,68.830002,28.799999,26.340000,8.610000,26.780001,147.096771,16.941963,39.779999,,79.599998,82.989998,31.879999,1821974
2016-02-12,2.630000,29.440001,33.360001,450.399994,25.400000,186.630005,70.309998,29.110001,27.549999,8.860000,27.120001,150.645157,17.202381,39.900002,,81.029999,85.430000,32.900002,1481806
2016-02-16,3.020000,29.040001,32.180000,459.000000,24.110001,189.779999,71.750000,29.940001,28.059999,8.660000,26.549999,156.129028,17.470238,41.200001,,81.220001,84.809998,32.759998,1548416
2016-02-17,3.180000,30.660000,34.500000,478.399994,22.309999,192.880005,72.930000,31.400000,29.110001,9.130000,26.990000,179.032257,18.705357,42.490002,,82.000000,88.309998,33.910000,1089480
2016-02-18,3.170000,30.770000,34.279999,474.799988,21.639999,192.089996,72.680000,31.459999,29.350000,8.660000,27.900000,178.709671,18.474703,41.990002,,82.449997,86.730003,33.700001,1172309
2016-02-19,2.820000,29.639999,33.009998,472.200012,20.530001,192.000000,72.870003,31.370001,29.299999,8.330000,28.110001,164.516129,18.727678,42.139999,,82.500000,86.500000,32.869999,1319895
2016-02-22,2.960000,31.480000,34.689999,488.200012,19.379999,194.779999,74.370003,32.880001,29.400000,8.830000,28.430000,190.000000,18.839287,43.490002,,82.389999,88.820000,34.450001,1892663
2016-02-23,3.530000,31.870001,33.270000,470.600006,20.980000,192.320007,72.080002,32.090000,28.650000,8.540000,27.440001,173.548386,18.005953,42.490002,,81.230003,84.910004,32.919998,3531596
2016-02-24,3.610000,32.150002,34.410000,469.000000,20.719999,193.199997,72.209999,32.459999,28.240000,8.200000,26.750000,168.709671,18.214287,41.910000,,81.519997,85.269997,32.959999,2126133
2016-02-25,3.330000,33.070000,35.290001,468.200012,19.110001,195.539993,72.349998,32.500000,27.660000,8.230000,26.160000,163.870972,17.752975,43.250000,,82.010002,85.300003,33.060001,1418835
2016-02-26,3.580000,32.779999,35.099998,481.799988,19.809999,195.089996,72.470001,32.810001,28.809999,8.650000,27.250000,181.612900,18.251488,44.250000,,81.750000,84.349998,34.119999,1187053
2016-02-29,3.900000,33.750000,35.970001,481.600006,20.549999,193.559998,71.720001,32.279999,29.270000,8.650000,27.620001,185.483871,18.251488,42.869999,,80.150002,83.440002,33.830002,1746366
2016-03-01,4.280000,34.400002,35.959999,491.600006,17.700001,198.110001,74.010002,33.020000,29.510000,9.070000,27.469999,191.612900,18.898809,44.259998,,81.279999,86.129997,34.459999,2377897
2016-03-02,4.430000,34.660000,36.930000,507.399994,17.090000,199.000000,74.410004,33.660000,30.500000,9.840000,28.129999,211.612900,19.174107,45.410000,,82.699997,87.139999,36.490002,1201812
2016-03-03,4.720000,34.570000,37.070000,527.799988,16.700001,199.779999,74.849998,34.169998,31.760000,10.830000,29.320000,250.322586,19.680059,46.549999,,82.400002,87.529999,38.560001,1713659
2016-03-04,4.550000,35.919998,38.720001,545.599976,16.860001,200.429993,74.830002,34.880001,32.500000,12.710000,29.850000,319.354828,19.107143,46.200001,,82.290001,87.930000,41.119999,2972872
2016-03-07,5.400000,37.900002,40.840000,558.599976,17.350000,200.589996,76.160004,35.840000,34.930000,12.710000,31.219999,357.741943,19.821428,46.580002,,84.459999,90.669998,41.400002,3434242
2016-03-08,4.730000,36.500000,39.650002,523.599976,18.670000,198.399994,72.699997,34.480000,31.500000,11.410000,29.030001,306.774200,18.110119,44.049999,,82.629997,88.739998,38.619999,1999118
2016-03-09,4.820000,38.290001,41.070000,525.400024,18.340000,199.380005,72.750000,34.689999,31.379999,11.170000,28.680000,278.709686,18.802082,44.310001,,82.400002,92.820000,39.049999,1221781
2016-03-10,4.630000,37.840000,40.049999,524.799988,18.049999,199.539993,73.180000,34.509998,31.500000,10.960000,28.610001,239.354843,18.869047,43.529999,,82.180000,93.940002,39.029999,1343329
2016-03-11,5.080000,38.500000,40.389999,546.799988,16.500000,202.759995,75.000000,36.119999,33.389999,11.250000,32.410000,250.645157,20.491072,45.790001,,82.190002,94.580002,40.520000,1381934
2016-03-14,4.910000,37.180000,39.529999,536.400024,16.920000,202.500000,73.440002,35.500000,33.439999,11.260000,31.780001,240.967743,20.215775,43.880001,,82.410004,94.260002,40.009998,1276668
2016-03-15,4.590000,36.340000,38.740002,531.400024,16.840000,202.169998,73.230003,34.990002,33.110001,11.040000,31.360001,230.000000,19.925594,44.209999,,82.820000,94.269997,39.830002,921491
2016-03-16,4.600000,38.459999,40.330002,538.400024,14.990000,203.339996,73.349998,35.470001,33.060001,11.220000,31.760000,218.387100,20.141369,45.900002,,82.870003,95.400002,41.869999,1174606
2016-03-17,5.480000,40.200001,41.540001,553.400024,14.440000,204.630005,74.540001,36.380001,33.990002,11.710000,34.209999,231.935486,20.535713,46.810001,,84.099998,96.889999,43.009998,4250452
2016-03-18,5.620000,39.439999,41.200001,543.200012,14.020000,204.380005,73.519997,36.299999,32.580002,10.780000,33.840000,226.129028,20.491072,47.439999,,84.199997,97.690002,43.020000,4300336
2016-03-21,6.050000,39.910000,41.540001,547.400024,13.790000,204.669998,74.889999,36.380001,32.570000,10.530000,34.099998,232.580643,20.699406,47.040001,,83.620003,96.440002,42.580002,1972229
2016-03-22,5.660000,41.450001,41.790001,539.000000,14.170000,204.559998,73.610001,35.970001,32.020000,10.000000,33.599998,214.516129,20.424107,46.430000,,84.120003,95.500000,41.919998,1588110
2016-03-23,5.300000,39.790001,40.470001,524.400024,14.940000,203.210007,72.959999,35.029999,31.379999,9.270000,33.029999,201.612900,19.992559,44.959999,,83.750000,93.589996,39.849998,1160593
2016-03-24,5.340000,39.459999,40.439999,525.599976,14.740000,203.119995,72.580002,35.220001,31.150000,9.380000,33.369999,205.483871,20.074406,44.680000,,83.980003,94.849998,40.040001,1954362
2016-03-28,5.570000,39.389999,40.270000,525.200012,15.240000,203.240005,72.800003,35.090000,31.490000,9.310000,32.939999,202.258072,19.970238,43.869999,,84.220001,94.680000,39.680000,1534280
2016-03-29,5.460000,38.279999,39.139999,524.400024,13.820000,205.119995,73.000000,35.020000,31.320000,8.880000,33.209999,200.645157,19.977678,42.720001,,84.529999,95.320000,39.619999,1323381
2016-03-30,5.470000,38.320000,39.259998,531.400024,13.560000,206.020004,74.410004,36.020000,31.100000,8.890000,32.720001,203.225800,20.156250,43.369999,,84.519997,95.250000,40.080002,1350709
2016-03-31,5.600000,38.340000,39.599998,532.200012,13.950000,205.520004,73.750000,35.720001,31.100000,9.140000,33.240002,220.322586,20.357143,43.830002,,83.589996,95.400002,40.270000,1195846
2016-04-01,5.410000,36.790001,39.660000,518.200012,13.100000,206.919998,72.120003,35.090000,29.530001,8.580000,32.020000,200.645157,20.267857,42.950001,,82.959999,94.260002,39.779999,1069198
2016-04-04,5.090000,35.700001,37.689999,510.799988,14.120000,206.250000,72.639999,34.000000,29.590000,8.550000,31.500000,196.129028,20.156250,41.470001,,83.160004,93.430000,39.099998,1561712
2016-04-05,5.090000,35.889999,37.869999,509.000000,15.420000,204.190002,72.660004,34.400002,29.030001,8.640000,30.790001,189.677414,20.074406,39.360001,,82.209999,92.669998,39.040001,1319897
2016-04-06,5.150000,37.750000,39.840000,519.400024,14.090000,206.419998,73.160004,36.439999,29.219999,8.680000,30.870001,196.451614,20.498512,42.830002,,83.309998,94.839996,40.750000,1622796
2016-04-07,5.120000,37.259998,39.430000,510.200012,16.160000,203.949997,72.010002,36.250000,28.570000,8.410000,30.660000,188.709671,19.940475,41.930000,,82.370003,94.790001,40.310001,1944278
2016-04-08,5.870000,39.720001,41.939999,525.200012,15.360000,204.500000,73.849998,37.330002,29.110001,8.670000,31.620001,200.322586,20.505953,43.110001,,83.209999,96.330002,41.230000,2390180
2016-04-11,5.920000,40.360001,42.830002,525.400024,16.260000,204.020004,73.879997,37.220001,27.320000,8.870000,31.570000,211.612900,20.260418,41.740002,,83.320000,95.239998,41.189999,1635513
2016-04-12,6.290000,42.169998,44.689999,543.599976,14.850000,205.919998,75.900002,37.660000,27.830000,9.590000,33.029999,257.096771,20.892857,41.230000,,84.349998,97.510002,43.470001,3284792
2016-04-13,6.710000,41.759998,44.180000,551.799988,13.840000,208.000000,77.370003,38.310001,29.209999,9.890000,33.799999,251.290329,21.361607,41.299999,,84.830002,97.599998,43.580002,2277055
2016-04-14,6.370000,41.500000,43.840000,547.599976,13.720000,208.009995,77.160004,38.380001,28.809999,9.260000,32.970001,246.451614,21.004463,43.180000,,85.430000,97.980003,44.220001,1979943
2016-04-15,6.340000,40.360001,43.099998,542.599976,13.620000,207.779999,76.260002,38.270000,27.680000,9.720000,32.490002,243.225800,20.610119,43.799999,,84.970001,97.230003,43.700001,2324962
2016-04-18,6.760000,39.779999,42.910000,552.599976,13.350000,209.240005,77.449997,38.990002,28.260000,9.750000,32.919998,250.967743,21.406250,45.700001,,85.779999,98.699997,45.000000,1331768
2016-04-19,7.280000,41.080002,44.029999,575.400024,13.240000,209.899994,79.639999,40.040001,29.219999,10.680000,34.070000,275.806458,21.964287,46.500000,,86.209999,100.500000,47.060001,2033826
2016-04-20,7.910000,42.630001,45.799999,579.200012,13.280000,210.100006,81.099998,40.340000,28.700001,10.760000,33.810001,270.000000,21.793156,47.000000,,86.800003,101.690002,47.080002,3310003
2016-04-21,7.980000,43.180000,44.529999,576.200012,13.950000,208.970001,80.269997,40.330002,28.549999,10.530000,33.180000,261.290314,21.495537,46.689999,,86.790001,101.400002,46.230000,3100293
2016-04-22,8.380000,43.730000,45.110001,586.200012,13.220000,208.970001,79.930000,40.840000,29.270000,10.790000,35.150002,275.806458,21.971725,46.430000,,87.529999,102.010002,47.619999,1936672
2016-04-25,8.230000,42.639999,44.480000,571.200012,14.080000,208.610001,78.769997,40.040001,29.320000,10.260000,33.730000,260.322571,21.465775,45.040001,,87.330002,101.510002,46.270000,1974667
2016-04-26,8.320000,44.040001,45.740002,573.000000,13.960000,208.919998,79.199997,40.220001,29.370001,10.320000,32.509998,269.032257,21.205357,45.799999,,87.629997,102.290001,48.080002,1819868
2016-04-27,8.610000,45.330002,47.180000,592.799988,13.770000,209.350006,80.599998,41.040001,31.700001,11.160000,34.650002,285.483856,22.581844,46.939999,,88.459999,103.849998,48.110001,1858018
2016-04-28,8.630000,46.029999,48.139999,589.400024,15.220000,207.449997,79.779999,41.040001,33.099998,11.100000,35.230000,281.612915,22.485119,47.860001,,88.029999,102.400002,47.669998,2360726
2016-04-29,8.630000,45.919998,48.130001,600.799988,15.700000,206.330002,80.339996,41.310001,36.040001,11.080000,36.650002,282.580658,22.686012,48.360001,,88.400002,102.180000,47.790001,3002401
2016-05-02,8.200000,44.779999,48.099998,593.400024,14.680000,207.970001,79.400002,42.049999,34.770000,11.010000,36.369999,274.193542,22.291668,47.400002,,89.129997,103.309998,46.849998,2072395
2016-05-03,7.470000,43.650002,46.750000,572.400024,15.600000,206.160004,77.230003,40.439999,34.820000,10.430000,34.849998,255.161285,21.904762,45.540001,,88.110001,101.320000,45.080002,2629242
2016-05-04,7.320000,43.779999,44.619999,558.599976,16.049999,205.009995,75.730003,39.860001,33.470001,10.140000,33.720001,259.677429,21.227678,44.490002,,87.940002,100.589996,43.410000,1665103
2016-05-05,7.240000,44.320000,45.009998,551.200012,15.910000,204.970001,75.400002,39.939999,33.290001,10.070000,33.680000,251.290329,21.257441,45.049999,,88.040001,101.419998,43.209999,1813217
2016-05-06,7.290000,44.660000,45.369999,556.400024,14.720000,205.720001,75.120003,39.439999,33.459999,10.720000,34.230000,268.064514,21.316963,45.880001,,88.510002,101.860001,42.759998,1790077
2016-05-09,6.930000,43.439999,43.630001,533.200012,14.570000,205.889999,72.769997,38.689999,31.420000,9.960000,32.330002,240.967743,20.520832,44.250000,,88.570000,100.349998,41.650002,1976217
2016-05-10,7.170000,44.660000,45.520000,544.799988,13.630000,208.449997,74.260002,38.840000,31.760000,10.240000,32.970001,247.741928,20.796131,45.230000,,89.989998,101.269997,42.869999,1456286
2016-05-11,7.150000,46.230000,47.599998,545.599976,14.690000,206.500000,73.809998,39.540001,32.360001,9.980000,33.060001,239.677414,20.922619,44.820000,,88.809998,101.139999,43.680000,978970
2016-05-12,7.150000,46.700001,48.080002,546.400024,14.410000,206.559998,74.089996,40.049999,31.950001,9.680000,32.529999,237.096771,20.840775,45.470001,,89.669998,102.120003,43.730000,1536196
2016-05-13,6.930000,46.209999,47.830002,531.799988,15.040000,204.759995,72.430000,39.060001,31.160000,9.250000,31.510000,228.387100,20.513393,44.630001,,88.660004,100.739998,43.020000,1648259
2016-05-16,7.290000,47.720001,48.970001,547.200012,14.680000,206.779999,74.000000,40.180000,32.240002,9.480000,32.320000,236.451614,21.465775,45.880001,,89.570000,102.290001,44.080002,1622753
2016-05-17,7.490000,48.310001,49.279999,556.200012,15.570000,204.850006,74.879997,41.169998,32.820000,9.680000,32.980000,229.354843,21.808037,46.799999,,89.529999,100.750000,43.779999,1992376
2016-05-18,7.180000,48.189999,48.930000,539.000000,15.950000,204.910004,73.169998,40.279999,31.450001,9.570000,31.559999,206.129028,21.316963,45.950001,,89.349998,100.059998,43.340000,1215382
2016-05-19,7.100000,48.160000,48.810001,535.000000,16.330000,204.199997,74.199997,40.139999,31.090000,9.080000,32.060001,193.870972,20.312500,45.240002,,90.110001,99.849998,43.360001,1232303
2016-05-20,7.570000,47.750000,48.720001,544.000000,15.200000,205.490005,74.959999,40.910000,31.830000,9.320000,33.270000,201.612900,20.178572,45.330002,,89.739998,99.790001,43.580002,1165231
2016-05-23,7.480000,48.080002,48.349998,541.799988,15.820000,205.210007,75.010002,41.459999,31.559999,9.050000,33.040001,189.032257,20.126488,44.889999,,89.599998,99.379997,43.590000,1020439
2016-05-24,7.450000,48.619999,48.610001,543.200012,14.420000,207.869995,75.620003,41.419998,31.490000,9.220000,32.090000,182.903229,20.059525,43.959999,,89.669998,100.190002,43.459999,980475
2016-05-25,8.120000,49.560001,49.740002,564.599976,13.900000,209.279999,77.910004,42.450001,32.669998,10.110000,33.020000,197.096771,20.305059,45.549999,,90.260002,101.769997,44.900002,1505916
2016-05-26,7.920000,49.480000,49.590000,560.200012,13.430000,209.339996,77.879997,42.639999,32.580002,9.910000,33.040001,125.806450,19.895832,45.570000,,89.800003,101.500000,44.730000,2012203
2016-05-27,7.830000,49.330002,49.320000,562.599976,13.120000,210.240005,77.169998,42.580002,32.619999,9.850000,33.509998,136.774200,20.089287,46.040001,,90.010002,102.019997,44.330002,1675003
2016-05-31,8.010000,49.099998,49.689999,562.200012,14.190000,209.839996,76.300003,42.180000,32.950001,9.790000,33.060001,139.677414,20.260418,46.380001,,89.019997,101.000000,43.790001,1977917
2016-06-01,8.060000,49.009998,49.709999,556.799988,14.200000,210.270004,75.860001,42.150002,32.099998,9.830000,33.220001,148.709671,20.022322,46.330002,,89.239998,101.129997,44.060001,2153375
2016-06-02,7.850000,49.169998,50.040001,552.799988,13.630000,210.910004,75.449997,42.130001,32.000000,9.740000,32.439999,151.935486,19.784225,45.900002,,88.529999,100.529999,44.380001,1696920
2016-06-03,8.010000,48.619999,49.639999,557.799988,13.470000,210.279999,75.629997,42.849998,32.090000,9.740000,32.119999,153.225800,19.784225,46.240002,,88.370003,100.660004,44.180000,2673188
2016-06-06,8.500000,49.689999,50.549999,597.799988,13.650000,211.350006,79.089996,44.889999,34.869999,11.170000,34.419998,178.709671,20.684525,49.520000,,89.339996,101.169998,45.520000,1827235
2016-06-07,8.620000,50.360001,51.439999,612.799988,14.050000,211.679993,80.099998,46.080002,36.250000,11.390000,34.919998,172.903229,21.093750,48.900002,,90.709999,103.320000,47.540001,1699466
2016-06-08,8.800000,51.230000,52.509998,617.400024,14.080000,212.369995,80.809998,46.290001,36.980000,11.530000,35.060001,181.290329,21.622025,47.930000,,90.790001,103.089996,47.490002,1913205
2016-06-09,8.180000,50.560001,51.950001,609.000000,14.640000,212.080002,79.959999,45.500000,36.340000,11.470000,33.580002,179.032257,21.034225,47.549999,,90.669998,102.809998,46.570000,1678554
2016-06-10,7.650000,49.070000,50.540001,590.000000,17.030001,210.070007,78.529999,44.380001,35.029999,10.750000,32.669998,163.225800,20.438988,45.939999,,89.980003,101.980003,44.509998,2123465
2016-06-13,7.530000,48.880001,50.349998,585.400024,20.969999,208.449997,77.639999,44.279999,34.590000,10.970000,31.799999,161.935486,20.037203,45.500000,,90.589996,102.099998,43.880001,1386811
2016-06-14,7.460000,48.490002,49.830002,583.000000,20.500000,208.039993,77.459999,43.990002,34.139999,11.140000,31.650000,162.258072,19.888393,45.610001,,90.430000,101.279999,44.320000,1217226
2016-06-15,7.420000,48.009998,48.970001,581.200012,20.139999,207.750000,76.849998,43.980000,33.869999,10.880000,31.650000,157.419357,19.836309,45.990002,,90.160004,100.629997,43.709999,1315630
2016-06-16,6.870000,46.209999,47.189999,570.599976,19.370001,208.369995,76.339996,43.189999,33.849998,10.520000,31.070000,149.677414,19.427082,45.950001,,91.220001,101.070000,43.160000,2328347
2016-06-17,7.200000,47.980000,49.169998,586.400024,19.410000,206.520004,77.500000,44.110001,35.180000,11.310000,31.860001,157.741928,20.126488,46.810001,,90.720001,101.570000,44.150002,2608306
2016-06-20,7.380000,49.369999,50.650002,586.200012,18.370001,207.850006,77.589996,43.790001,35.160000,11.180000,31.580000,159.032257,20.409225,45.869999,,91.120003,102.610001,44.689999,2074106
2016-06-21,7.080000,48.849998,50.619999,593.799988,18.480000,208.440002,78.519997,44.619999,35.650002,11.390000,31.450001,152.580643,20.528275,46.599998,,91.529999,103.239998,44.799999,1576819
2016-06-22,6.860000,49.130001,49.880001,592.000000,21.170000,208.100006,78.269997,44.660000,35.540001,11.400000,31.370001,149.032257,20.535713,46.060001,,91.169998,102.290001,43.990002,1122008
2016-06-23,6.950000,50.110001,50.910000,608.400024,17.250000,210.809998,79.589996,45.840000,36.500000,12.030000,32.020000,157.741928,20.915178,47.169998,,91.800003,104.440002,45.630001,1377131
2016-06-24,6.590000,47.639999,48.410000,575.000000,25.760000,203.240005,76.660004,43.919998,34.060001,11.270000,30.320000,150.967743,19.270832,45.220001,,89.389999,101.900002,43.169998,2050324
2016-06-27,6.030000,46.330002,47.160000,544.599976,23.850000,199.600006,75.070000,41.880001,31.610001,10.600000,28.650000,137.741928,18.169643,42.060001,,88.860001,100.360001,40.779999,2497885
2016-06-28,6.400000,47.849998,48.580002,560.799988,18.750000,203.199997,76.629997,43.270000,31.990000,11.040000,28.620001,143.870972,18.608631,43.689999,,90.910004,101.629997,41.950001,1389698
2016-06-29,6.550000,49.880001,50.610001,576.599976,16.639999,206.660004,77.830002,44.590000,32.930000,11.620000,29.520000,146.451614,19.241072,45.110001,,92.459999,103.419998,43.910000,2471838
2016-06-30,6.760000,48.330002,49.680000,585.000000,15.630000,209.479996,79.080002,45.290001,33.650002,11.890000,29.860001,142.258072,19.843750,45.130001,,93.739998,104.830002,43.599998,1885688
2016-07-01,7.430000,48.990002,49.840000,599.400024,14.770000,209.919998,79.519997,45.560001,34.439999,12.750000,30.450001,154.516129,20.275297,45.830002,,93.839996,104.150002,43.509998,1622401
2016-07-05,6.940000,46.599998,47.959999,571.200012,15.580000,208.410004,77.629997,43.529999,32.139999,12.060000,29.200001,140.967743,19.449406,44.049999,,93.019997,103.570000,41.700001,1578987
2016-07-06,6.970000,47.430000,48.799999,570.000000,14.960000,209.660004,78.059998,43.650002,31.459999,11.900000,29.420000,138.387100,19.285713,44.209999,,94.089996,104.580002,41.900002,1108955
2016-07-07,7.110000,45.139999,46.400002,568.599976,14.760000,209.529999,77.699997,43.549999,31.690001,11.960000,29.350000,139.354843,19.203869,43.540001,,92.959999,103.050003,41.509998,1698637
2016-07-08,7.380000,45.410000,46.759998,581.000000,13.200000,212.649994,78.739998,45.029999,32.590000,12.140000,29.780001,146.774200,19.613094,43.689999,,93.540001,104.769997,42.299999,1859381
2016-07-11,7.290000,44.759998,46.250000,573.000000,13.540000,213.399994,78.019997,44.480000,32.189999,11.780000,29.440001,150.645157,19.501488,43.599998,,93.889999,105.389999,42.450001,888505
2016-07-12,7.920000,46.799999,48.470001,601.000000,13.550000,214.949997,79.650002,46.029999,34.020000,12.840000,31.219999,164.516129,20.171131,45.820000,,94.949997,106.779999,43.799999,1852781
2016-07-13,7.080000,44.750000,46.259998,586.000000,13.040000,214.919998,78.879997,45.209999,33.380001,12.460000,30.719999,156.774200,20.126488,45.259998,,94.879997,106.650002,42.869999,2859434
2016-07-14,6.900000,45.680000,47.369999,593.599976,12.820000,216.119995,79.099998,45.810001,33.740002,12.410000,31.020000,158.387100,20.342262,46.180000,,94.949997,106.699997,43.020000,1759825
2016-07-15,6.750000,45.950001,47.610001,589.200012,12.670000,215.830002,79.349998,45.459999,33.740002,12.150000,30.889999,153.870972,20.327381,45.919998,,95.120003,107.029999,42.939999,1828638
2016-07-18,6.840000,45.240002,46.959999,592.400024,12.440000,216.410004,79.699997,45.610001,33.279999,12.260000,30.590000,158.709671,20.610119,46.860001,,94.820000,106.089996,42.709999,1420544
2016-07-19,7.030000,44.650002,46.660000,584.200012,11.970000,216.190002,79.809998,44.990002,33.040001,12.090000,30.090000,151.612900,20.386906,45.740002,,94.470001,106.040001,41.910000,2446385
2016-07-20,7.820000,44.939999,47.169998,583.200012,11.770000,217.089996,80.599998,44.279999,32.950001,12.150000,30.370001,155.483871,20.639881,45.709999,,93.930000,105.589996,42.029999,3866483
2016-07-21,7.660000,44.750000,46.200001,574.200012,12.740000,216.270004,80.019997,43.540001,32.860001,12.130000,29.910000,152.580643,20.215775,44.490002,,93.849998,105.389999,41.040001,2544368
2016-07-22,7.930000,44.189999,45.689999,571.599976,12.020000,217.240005,81.610001,43.830002,32.250000,11.380000,28.959999,148.064514,19.375000,44.549999,,94.010002,105.660004,40.759998,2833882
2016-07-25,7.220000,43.130001,44.720001,558.400024,12.870000,216.649994,80.709999,42.540001,31.270000,11.090000,27.200001,140.645157,18.779762,43.709999,,92.199997,103.070000,40.240002,2988484
2016-07-26,7.510000,42.919998,44.869999,566.599976,13.050000,216.750000,80.599998,43.240002,31.860001,11.140000,27.750000,144.193542,18.876488,44.779999,,91.529999,102.680000,40.790001,2313675
2016-07-27,7.680000,41.919998,43.470001,558.400024,12.830000,216.520004,79.879997,42.919998,31.270000,10.680000,27.500000,141.935486,18.779762,44.529999,,90.910004,102.260002,40.070000,2023692
2016-07-28,7.660000,41.139999,42.700001,554.799988,12.720000,216.770004,79.050003,42.770000,32.040001,10.740000,27.660000,135.483871,18.891369,46.049999,,90.199997,101.790001,40.259998,1237110
2016-07-29,7.940000,41.599998,42.459999,563.799988,11.870000,217.119995,80.519997,43.660000,32.349998,10.990000,27.879999,137.741928,18.883928,47.830002,,88.949997,102.480003,40.820000,1318677
2016-08-01,7.780000,40.060001,42.450001,540.400024,12.440000,216.940002,78.459999,42.279999,31.440001,10.250000,26.920000,130.322586,18.005953,45.750000,,85.860001,99.110001,39.610001,1638654
2016-08-02,7.940000,39.509998,41.799999,541.799988,13.370000,215.550003,78.889999,42.060001,31.910000,10.050000,26.950001,123.548386,18.311012,46.680000,,87.040001,99.589996,39.790001,1629117
2016-08-03,7.940000,40.830002,43.099998,554.400024,12.860000,216.179993,79.620003,42.939999,32.660000,10.450000,27.590000,127.741936,18.578869,47.130001,,87.489998,100.610001,40.310001,1075635
2016-08-04,7.890000,41.930000,44.290001,558.000000,12.420000,216.410004,80.389999,42.990002,32.560001,10.830000,27.730000,127.419357,18.586309,47.080002,,87.480003,100.389999,40.099998,708788
2016-08-05,8.250000,41.799999,44.270000,566.400024,11.390000,218.179993,81.199997,43.709999,33.349998,11.020000,28.270000,127.419357,19.159225,47.060001,,87.559998,100.510002,40.599998,1171410
2016-08-08,8.440000,43.020000,45.389999,579.200012,11.500000,218.050003,82.500000,44.259998,34.400002,11.310000,28.830000,151.290329,19.360119,47.990002,,88.589996,101.199997,41.560001,1457596
2016-08-09,8.310000,42.770000,44.980000,573.799988,11.660000,218.179993,81.830002,44.049999,34.180000,11.010000,28.490000,150.322586,19.553572,47.849998,,88.699997,101.320000,41.240002,1068169
2016-08-10,8.210000,41.709999,44.049999,562.599976,12.050000,217.639999,80.849998,43.759998,33.320000,10.260000,27.730000,112.903229,19.345238,47.740002,,86.410004,100.139999,40.599998,908561
2016-08-11,8.390000,43.490002,46.040001,570.200012,11.680000,218.649994,81.500000,44.080002,33.669998,10.370000,28.600000,104.193550,19.754463,48.610001,,86.720001,101.400002,41.389999,596332
2016-08-12,7.820000,44.490002,46.970001,565.799988,11.550000,218.460007,81.199997,43.840000,33.810001,9.900000,28.410000,104.516129,19.918156,49.759998,,87.849998,102.160004,41.369999,1992046
2016-08-15,8.080000,45.740002,48.349998,578.000000,11.810000,219.089996,82.040001,44.450001,34.849998,10.430000,28.799999,104.516129,20.141369,50.639999,,87.809998,102.769997,42.180000,1192927
2016-08-16,8.060000,46.580002,49.230000,579.799988,12.640000,217.960007,81.919998,44.619999,34.970001,10.110000,28.350000,107.096771,20.223213,51.200001,,87.919998,102.620003,42.860001,1039514
2016-08-17,8.010000,46.790001,49.849998,579.200012,12.190000,218.369995,82.209999,45.099998,35.090000,10.110000,28.590000,106.774193,20.498512,50.720001,,88.110001,102.220001,43.200001,1643094
2016-08-18,8.440000,48.220001,50.889999,595.599976,11.430000,218.860001,83.860001,46.459999,36.090000,10.620000,29.290001,107.741936,21.242559,52.049999,,88.910004,103.550003,43.590000,1550641
2016-08-19,8.330000,48.520000,50.880001,592.799988,11.340000,218.539993,83.309998,46.849998,35.740002,10.490000,29.730000,105.806450,21.450893,52.700001,,87.800003,102.320000,43.320000,1431275
2016-08-22,8.000000,47.049999,49.160000,577.000000,12.270000,218.529999,82.050003,45.080002,35.180000,10.100000,28.209999,104.838707,21.049107,51.799999,,87.989998,101.940002,42.630001,913491
2016-08-23,8.130000,48.099998,49.959999,580.000000,12.380000,218.970001,81.750000,44.990002,35.389999,10.250000,28.160000,109.677422,21.183037,51.860001,,87.720001,101.680000,43.220001,1029650
2016-08-24,7.470000,46.770000,49.049999,571.200012,13.450000,217.850006,81.330002,44.349998,35.049999,10.010000,27.350000,102.580643,20.982143,51.230000,,88.019997,102.199997,42.959999,1717482
2016-08-25,7.600000,47.330002,49.669998,572.200012,13.630000,217.699997,81.339996,44.570000,35.200001,10.070000,26.959999,100.000000,21.227678,51.650002,,87.459999,101.889999,42.779999,1416950
2016-08-26,7.490000,47.639999,49.919998,568.200012,13.650000,217.289993,80.900002,44.560001,34.540001,10.090000,26.760000,100.967743,20.877975,50.860001,,87.269997,101.320000,42.299999,1774106
2016-08-29,7.600000,46.980000,49.259998,570.000000,12.940000,218.360001,81.139999,44.740002,34.450001,10.110000,27.040001,102.903229,20.855656,50.650002,,87.839996,102.050003,42.349998,1087689
2016-08-30,7.800000,46.349998,48.369999,564.000000,13.120000,218.000000,80.639999,44.070000,33.860001,9.970000,26.959999,102.580643,21.019344,50.000000,,87.519997,101.699997,42.230000,1452408
2016-08-31,7.500000,44.700001,47.040001,552.599976,13.420000,217.380005,79.000000,43.009998,33.540001,9.700000,26.520000,105.483871,20.982143,49.130001,,87.139999,100.580002,41.049999,1835494
2016-09-01,7.500000,43.160000,47.049999,550.400024,13.480000,217.389999,78.959999,43.209999,33.040001,9.550000,25.730000,99.677422,20.617559,49.830002,,86.839996,100.209999,40.599998,1783980
2016-09-02,7.520000,44.439999,46.830002,555.200012,11.980000,218.369995,78.550003,43.320000,33.490002,9.630000,25.910000,102.903229,20.714287,49.779999,,87.419998,100.930000,40.919998,1976979
2016-09-06,7.610000,44.830002,47.259998,563.000000,12.020000,219.029999,78.779999,43.730000,34.279999,9.920000,25.980000,102.580643,21.160713,49.959999,,88.570000,102.430000,41.000000,1256633
2016-09-07,7.490000,45.500000,47.980000,560.200012,11.940000,219.009995,78.610001,43.570000,34.029999,9.930000,25.430000,104.838707,20.989582,49.900002,,88.239998,102.879997,41.480000,1079312
2016-09-08,7.690000,47.619999,49.990002,574.200012,12.510000,218.509995,79.379997,44.119999,35.139999,10.470000,26.450001,116.129028,21.473213,51.290001,,89.050003,104.120003,43.279999,1485736
2016-09-09,7.020000,45.880001,48.009998,547.000000,17.500000,213.279999,77.559998,41.950001,33.150002,9.830000,25.490000,108.387100,20.691963,49.139999,,86.839996,101.269997,42.250000,2079470
2016-09-12,7.230000,46.290001,48.320000,555.000000,15.160000,216.339996,78.800003,42.400002,34.070000,9.810000,26.139999,109.677422,21.063988,49.700001,,87.290001,102.250000,42.669998,2069360
2016-09-13,6.870000,44.900002,47.099998,536.799988,17.850000,213.229996,77.080002,41.110001,33.090000,9.310000,25.520000,109.677422,20.729168,48.340000,,85.209999,99.430000,41.009998,1962385
2016-09-14,6.800000,43.580002,45.849998,533.799988,18.139999,213.149994,76.370003,41.259998,32.310001,9.120000,25.379999,105.806450,20.543156,48.419998,,84.599998,98.419998,39.990002,1224829
2016-09-15,6.870000,43.910000,46.590000,540.599976,16.299999,215.279999,76.800003,41.770000,32.889999,9.270000,25.420000,105.806450,20.706844,49.180000,,85.080002,99.500000,40.029999,1002825
2016-09-16,6.930000,43.029999,45.770000,534.000000,15.370000,213.369995,76.330002,41.040001,32.860001,9.160000,25.260000,104.838707,20.468750,48.400002,,84.029999,97.839996,39.869999,2455534
2016-09-19,7.060000,43.299999,45.950001,532.000000,15.530000,213.410004,75.959999,41.279999,32.360001,8.960000,25.139999,98.709679,20.468750,48.500000,,83.830002,98.040001,39.279999,1582805
2016-09-20,6.990000,43.439999,45.880001,526.400024,15.920000,213.419998,75.370003,41.259998,31.910000,8.840000,24.620001,87.741936,20.498512,48.480000,,82.540001,97.699997,39.009998,1346980
2016-09-21,7.370000,45.340000,46.830002,543.799988,13.300000,215.820007,76.559998,42.720001,33.689999,9.140000,25.309999,82.580643,20.781250,50.189999,,83.300003,99.629997,40.060001,1341059
2016-09-22,7.430000,46.320000,47.650002,550.400024,12.020000,217.179993,77.010002,42.650002,34.380001,9.650000,25.610001,86.451614,20.825893,50.150002,,83.540001,99.980003,41.020000,1071659
2016-09-23,7.220000,44.480000,45.889999,533.000000,12.290000,215.990005,75.919998,41.840000,33.889999,9.100000,25.190001,78.387100,20.424107,49.240002,,83.449997,99.220001,39.939999,927202
2016-09-26,7.400000,45.930000,47.349998,535.400024,14.500000,214.240005,75.580002,41.380001,33.889999,9.520000,25.100000,78.064514,20.483631,49.160000,,83.059998,98.779999,40.020000,1092237
2016-09-27,7.130000,44.669998,45.970001,530.400024,13.100000,215.570007,75.330002,40.950001,33.439999,9.420000,24.809999,78.387100,20.409225,48.060001,,83.239998,98.980003,39.430000,1578062
2016-09-28,7.750000,47.049999,48.689999,562.000000,12.390000,216.639999,78.010002,42.790001,36.270000,10.020000,26.580000,90.645164,21.227678,49.820000,,86.900002,102.150002,42.180000,3079544
2016-09-29,7.950000,47.830002,49.240002,576.799988,14.020000,214.679993,77.370003,44.180000,36.860001,10.630000,27.200001,90.967743,21.956844,50.209999,,86.459999,101.269997,43.660000,2198809
2016-09-30,8.130000,48.240002,49.060001,585.599976,13.290000,216.300003,78.639999,44.880001,36.740002,10.660000,27.510000,90.967743,22.075893,50.470001,,87.279999,102.919998,43.470001,1890499
2016-10-03,8.600000,48.810001,49.099998,580.400024,13.570000,215.779999,78.900002,44.900002,36.160000,9.850000,27.070000,90.000000,22.232143,50.029999,,87.050003,102.449997,43.430000,2785021
2016-10-04,8.280000,48.689999,50.869999,575.400024,13.630000,214.679993,78.540001,44.590000,35.680000,9.520000,26.850000,89.032257,22.284225,49.959999,,86.250000,101.269997,42.869999,2428561
2016-10-05,8.850000,49.830002,51.860001,593.200012,12.990000,215.630005,80.150002,45.720001,36.869999,10.080000,27.980000,104.516129,22.849703,51.220001,,87.000000,102.230003,43.910000,1826746
2016-10-06,8.980000,50.439999,52.509998,600.000000,12.840000,215.779999,81.419998,46.369999,37.009998,10.070000,27.770000,100.967743,23.028275,52.290001,,87.040001,102.180000,44.520000,2102018
2016-10-07,9.160000,49.810001,51.930000,598.000000,13.480000,215.039993,81.309998,46.259998,36.840000,10.120000,27.820000,98.064514,23.303572,52.840000,,86.739998,102.269997,44.220001,3172419
2016-10-10,9.590000,,,611.000000,13.380000,216.160004,82.330002,47.259998,37.599998,10.380000,28.360001,103.870972,23.921131,53.349998,,88.440002,103.980003,44.389999,1552149
2016-10-11,9.350000,50.790001,52.410000,602.799988,15.360000,213.429993,81.690002,46.639999,36.959999,10.230000,28.080000,101.290321,23.288691,52.520000,,87.739998,103.040001,43.330002,1783484
2016-10-12,9.330000,50.180000,51.810001,599.799988,15.910000,213.710007,81.440002,46.959999,36.080002,10.080000,27.610001,99.677422,23.385418,52.200001,,87.129997,102.150002,43.470001,1110465
2016-10-13,9.270000,50.439999,52.029999,602.799988,16.690001,213.009995,81.529999,47.020000,36.290001,9.910000,27.620001,100.322578,23.697918,52.500000,,86.559998,100.790001,42.150002,1389205
2016-10-14,9.460000,50.349998,51.950001,595.599976,16.120001,213.119995,81.320000,46.970001,36.139999,9.700000,27.440001,99.032257,23.608631,51.750000,,86.540001,101.080002,41.669998,1891892
2016-10-17,9.420000,49.939999,51.520000,590.000000,16.209999,212.380005,80.980003,46.320000,36.110001,9.780000,26.860001,92.580643,23.392857,51.349998,,86.540001,101.360001,41.099998,1263432
2016-10-18,9.530000,50.290001,51.680000,597.000000,15.280000,213.710007,81.389999,47.070000,36.660000,9.900000,26.639999,95.806450,23.177082,51.599998,,86.769997,101.790001,40.650002,1719890
2016-10-19,9.760000,51.599998,52.669998,612.799988,14.410000,214.279999,83.440002,49.070000,36.980000,10.460000,27.240000,99.032257,23.430059,52.830002,,87.169998,102.269997,41.720001,2907945
2016-10-20,9.920000,50.430000,51.380001,609.799988,13.750000,213.880005,82.989998,48.750000,37.189999,10.590000,27.030001,100.967743,24.449406,52.250000,,87.209999,101.870003,41.490002,4371316
2016-10-21,10.070000,50.849998,51.779999,604.799988,13.340000,213.979996,80.470001,48.430000,36.970001,10.500000,27.309999,96.451614,24.747025,52.349998,,86.620003,101.300003,41.540001,2462066
2016-10-24,10.080000,50.520000,51.459999,598.599976,13.020000,214.889999,80.309998,48.240002,36.759998,10.110000,26.650000,53.870968,24.114582,52.150002,,86.910004,100.660004,42.240002,2535420
2016-10-25,9.820000,49.959999,50.790001,591.400024,13.460000,214.169998,80.220001,47.770000,36.160000,10.030000,25.860001,54.838711,24.122025,54.389999,,86.720001,100.769997,41.810001,2010581
2016-10-26,9.750000,49.180000,49.980000,588.400024,14.240000,213.740005,80.019997,47.619999,36.560001,10.320000,25.530001,56.774193,23.906250,54.759998,,87.089996,101.190002,41.799999,1747425
2016-10-27,9.770000,49.720001,50.470001,580.799988,15.360000,213.169998,79.599998,47.549999,33.700001,10.380000,25.450001,54.193546,24.181547,54.549999,,86.919998,99.919998,44.000000,2506563
2016-10-28,9.000000,48.700001,49.709999,573.799988,16.190001,212.539993,79.199997,46.580002,32.930000,10.210000,24.010000,51.612904,24.174107,59.119999,,84.779999,103.820000,44.970001,6888009
2016-10-31,8.720000,46.860001,48.299999,561.400024,17.059999,212.550003,78.230003,46.000000,32.099998,9.610000,23.799999,55.806454,24.010418,55.400002,,83.320000,104.750000,43.450001,3936185
2016-11-01,8.610000,46.669998,48.330002,561.599976,18.559999,211.009995,78.699997,46.230000,31.930000,9.590000,24.180000,50.645161,24.181547,55.340000,,83.650002,106.480003,43.540001,2257294
2016-11-02,8.370000,45.340000,46.860001,549.799988,19.320000,209.740005,77.760002,45.930000,31.430000,9.290000,24.250000,50.645161,23.913691,54.459999,,83.449997,105.389999,43.230000,2504337
2016-11-03,8.590000,44.660000,46.349998,558.000000,22.080000,208.779999,78.459999,46.580002,32.369999,9.870000,24.080000,48.064514,24.285713,55.209999,,83.660004,105.389999,43.599998,2157635
2016-11-04,8.440000,44.070000,45.580002,554.000000,22.510000,208.550003,77.839996,46.380001,31.879999,9.670000,23.200001,50.000000,23.988094,58.110001,,83.570000,104.779999,42.759998,2325313
2016-11-07,8.860000,44.889999,46.150002,564.599976,18.709999,213.149994,79.750000,47.439999,32.240002,9.730000,23.250000,55.806454,24.523809,58.709999,,85.449997,106.849998,43.919998,1738773
2016-11-08,8.870000,44.980000,46.040001,563.599976,18.740000,214.110001,79.839996,47.119999,31.910000,9.850000,22.750000,48.064514,24.501488,58.860001,,85.309998,107.290001,44.330002,1263814
2016-11-09,9.090000,45.270000,46.360001,582.200012,14.380000,216.380005,79.940002,47.820000,32.950001,10.250000,23.400000,48.709679,24.940475,59.000000,,86.250000,107.639999,45.730000,1678287
2016-11-10,9.320000,44.660000,45.840000,590.200012,14.740000,216.919998,79.879997,48.810001,33.590000,10.500000,24.070000,56.451614,25.654762,59.369999,,87.050003,107.790001,44.779999,1390275
2016-11-11,9.460000,,,580.400024,14.170000,216.419998,78.660004,48.009998,33.340000,10.370000,23.400000,60.645161,25.119047,58.639999,,85.669998,106.639999,43.939999,1294262
2016-11-14,9.680000,43.320000,44.430000,590.400024,14.480000,216.589996,78.709999,48.139999,34.900002,10.630000,24.320000,61.290321,25.468750,58.990002,,85.279999,106.589996,44.130001,1233567
2016-11-15,9.820000,45.810001,46.950001,610.799988,13.370000,218.279999,81.160004,49.759998,36.040001,10.820000,25.400000,67.419357,26.339287,61.020000,,86.820000,108.959999,45.279999,1770508
2016-11-16,9.870000,45.570000,46.630001,604.599976,13.720000,217.869995,81.040001,48.759998,35.250000,10.830000,25.450001,74.838707,25.900297,61.169998,,85.750000,108.349998,44.380001,1326082
2016-11-17,9.730000,45.419998,46.490002,603.000000,13.350000,218.990005,80.099998,48.599998,35.310001,11.010000,25.219999,64.193550,25.982143,61.230000,,85.230003,108.120003,43.610001,800741
2016-11-18,9.880000,45.689999,46.860001,603.799988,12.850000,218.500000,80.000000,49.310001,35.209999,11.210000,25.080000,71.935486,25.491072,60.860001,,85.279999,109.199997,44.759998,965501
2016-11-21,9.950000,47.490002,48.900002,619.000000,12.420000,220.149994,81.709999,50.099998,36.439999,11.660000,26.020000,72.258064,26.138393,62.020000,,86.489998,110.180000,46.360001,2536316
2016-11-22,9.840000,48.029999,49.119999,615.599976,12.410000,220.580002,81.500000,49.840000,36.349998,11.530000,25.900000,73.225807,25.870537,61.570000,,86.680000,110.620003,46.070000,1957744
2016-11-23,10.230000,47.959999,48.950001,621.400024,12.430000,220.699997,81.400002,49.470001,36.349998,11.770000,25.980000,72.903229,25.825893,62.000000,,86.919998,111.000000,46.299999,1258968
2016-11-25,10.000000,46.060001,47.240002,615.599976,12.340000,221.520004,81.290001,49.509998,35.939999,11.660000,25.809999,72.903229,25.282738,61.880001,,87.120003,111.000000,45.750000,601021
2016-11-28,9.490000,47.080002,48.240002,604.000000,13.150000,220.479996,81.059998,48.799999,35.529999,11.400000,25.250000,65.161293,24.784225,61.270000,,86.470001,110.500000,45.500000,1047380
2016-11-29,9.150000,45.230000,46.380001,591.200012,12.900000,220.910004,79.919998,47.790001,34.599998,11.020000,25.110001,65.483871,24.553572,60.480000,,85.900002,109.339996,44.230000,1688800
2016-11-30,10.450000,49.439999,50.470001,654.000000,13.330000,220.380005,84.050003,53.090000,37.360001,12.900000,26.650000,73.870972,25.491072,64.330002,,87.300003,111.559998,48.520000,3713163
2016-12-01,11.090000,51.060001,50.459999,664.000000,14.070000,219.570007,84.610001,53.240002,37.590000,13.370000,27.290001,87.419357,25.818453,64.000000,,87.239998,113.290001,48.220001,2957093
2016-12-02,11.210000,51.680000,54.459999,668.799988,14.120000,219.679993,85.010002,54.169998,37.889999,13.350000,27.040001,84.838707,26.488094,65.300003,,87.040001,113.000000,48.119999,2579810
2016-12-05,11.540000,51.790001,54.939999,680.799988,12.140000,221.000000,84.430000,53.900002,38.799999,13.980000,27.450001,103.548386,27.016369,66.309998,,87.480003,113.250000,48.880001,1367373
2016-12-06,11.710000,50.930000,53.930000,683.599976,11.790000,221.699997,83.959999,54.020000,39.369999,14.250000,27.770000,108.064514,26.971725,66.889999,,87.559998,112.760002,49.900002,1428920
2016-12-07,11.130000,49.770000,53.000000,681.200012,12.220000,224.600006,84.349998,53.540001,39.380001,14.550000,27.780001,105.161293,26.711309,66.139999,,88.070000,114.440002,49.900002,2119375
2016-12-08,10.520000,50.840000,53.889999,690.799988,12.640000,225.149994,84.470001,54.430000,39.880001,14.840000,29.110001,110.967743,26.711309,65.809998,,88.320000,115.169998,49.779999,2507146
2016-12-09,10.700000,51.500000,54.330002,697.200012,11.750000,226.509995,84.779999,54.200001,39.779999,15.420000,30.030001,120.645164,26.309525,66.320000,,89.000000,115.809998,50.770000,1452533
2016-12-12,10.270000,52.830002,55.689999,700.599976,12.640000,226.250000,85.010002,54.490002,40.020000,15.540000,30.719999,126.451614,26.845238,66.339996,,90.980003,117.150002,51.380001,1800411
2016-12-13,10.310000,52.980000,55.720001,701.799988,12.720000,227.759995,86.129997,54.900002,40.320000,15.350000,31.530001,133.548386,26.569941,66.230003,,92.580002,117.419998,52.639999,1656569
2016-12-14,10.160000,51.040001,53.900002,681.200012,13.190000,225.880005,85.160004,53.509998,39.480000,14.580000,29.940001,118.709679,26.034225,64.739998,,90.580002,115.959999,51.490002,2040371
2016-12-15,10.440000,50.900002,54.020000,684.400024,12.790000,226.809998,85.279999,53.790001,39.700001,14.920000,30.809999,128.709671,26.153275,65.349998,,90.889999,117.050003,51.740002,1698037
2016-12-16,9.960000,51.900002,55.209999,684.799988,12.200000,225.039993,85.500000,53.990002,38.720001,15.010000,31.200001,132.580643,25.967262,66.389999,,91.180000,118.080002,51.939999,3776819
2016-12-19,10.010000,52.119999,54.919998,672.000000,11.710000,225.529999,85.120003,53.720001,38.490002,15.130000,30.950001,129.354843,25.766369,65.730003,,90.419998,117.650002,51.980000,1372437
2016-12-20,10.100000,52.230000,55.349998,674.200012,11.450000,226.399994,85.279999,53.330002,38.799999,15.130000,30.719999,139.677414,25.803572,65.150002,,90.430000,117.949997,51.549999,1517186
2016-12-21,9.550000,52.490002,54.459999,678.000000,11.270000,225.770004,86.160004,54.959999,38.849998,14.840000,30.410000,137.096771,26.011906,64.889999,,90.279999,117.910004,51.480000,1257034
2016-12-22,9.270000,52.950001,55.049999,677.400024,11.430000,225.380005,86.379997,55.070000,38.900002,14.740000,29.780001,119.354836,26.227678,65.610001,,90.870003,118.769997,51.540001,1188517
2016-12-23,9.330000,53.020000,55.160000,673.000000,11.440000,225.710007,85.510002,54.840000,38.380001,14.730000,28.969999,114.193550,26.056547,64.930000,,90.709999,118.419998,51.369999,1258299
2016-12-27,9.410000,53.900002,56.090000,680.400024,11.990000,226.270004,85.440002,54.910000,38.919998,15.220000,29.129999,116.451614,26.540178,65.550003,,90.750000,118.220001,51.599998,865092
2016-12-28,9.030000,54.060001,56.220001,668.799988,12.950000,224.399994,84.629997,54.299999,37.959999,14.910000,28.250000,107.741936,26.183037,64.709999,,90.300003,117.910004,50.770000,1099193
2016-12-29,8.670000,53.770000,56.139999,670.599976,13.370000,224.350006,84.199997,54.040001,37.830002,14.710000,28.230000,110.322578,26.450893,64.720001,,90.349998,117.820000,50.540001,1042377
2016-12-30,8.820000,53.720001,56.130001,667.000000,14.040000,223.529999,83.949997,54.090000,37.439999,14.740000,28.209999,110.000000,26.436012,64.970001,,90.260002,117.699997,50.139999,1948410
2017-01-03,9.360000,52.330002,55.470001,681.599976,12.850000,225.240005,84.800003,55.680000,37.810001,15.330000,28.730000,116.451614,27.075893,65.029999,,90.889999,117.849998,50.610001,1855824
2017-01-04,9.690000,53.259998,56.459999,689.799988,11.850000,226.580002,85.430000,55.889999,38.529999,15.450000,29.100000,121.935486,27.328869,64.750000,,89.889999,117.820000,51.080002,1270272
2017-01-05,9.300000,53.759998,56.889999,693.000000,11.670000,226.399994,85.300003,56.209999,38.669998,15.620000,28.900000,119.032257,27.239582,64.349998,,88.550003,117.309998,50.930000,27548135
2017-01-06,9.520000,53.990002,57.099998,700.200012,11.320000,227.210007,86.480003,56.660000,38.990002,15.770000,28.850000,117.096771,27.083332,63.959999,,88.500000,116.839996,50.740002,5925809
2017-01-09,9.340000,51.959999,54.939999,691.799988,11.560000,226.460007,85.769997,56.070000,38.070000,15.290000,28.400000,110.322578,26.703869,63.240002,,87.040001,115.839996,49.660000,5383038
2017-01-10,8.720000,50.820000,53.639999,684.000000,11.490000,226.460007,84.599998,54.639999,37.759998,15.140000,28.290001,115.806450,26.629463,62.380001,,85.930000,114.959999,49.660000,7312211
2017-01-11,8.660000,52.250000,55.099998,694.599976,11.260000,227.100006,85.660004,55.389999,38.529999,15.750000,28.520000,111.935486,27.284225,63.380001,,86.809998,115.930000,51.220001,3605470
2017-01-12,8.530000,53.009998,56.009998,688.599976,11.540000,226.529999,85.330002,55.180000,38.160000,15.840000,28.209999,90.967743,26.785713,62.419998,,86.339996,116.160004,50.150002,2120385
2017-01-13,8.480000,52.369999,55.450001,679.200012,11.230000,227.050003,84.820000,54.540001,37.400002,15.480000,27.709999,82.580643,26.674107,60.919998,,86.349998,116.379997,50.590000,3403639
2017-01-17,8.560000,52.480000,55.470001,686.400024,11.870000,226.250000,86.430000,55.009998,37.669998,15.590000,27.990000,73.225807,26.302082,61.900002,,87.360001,116.279999,50.150002,2517792
2017-01-18,8.500000,51.080002,53.919998,684.400024,12.480000,226.750000,87.480003,55.130001,37.419998,15.300000,27.730000,73.225807,25.982143,61.740002,,86.279999,115.940002,50.270000,1695807
2017-01-19,8.540000,51.369999,54.160000,683.200012,12.780000,225.910004,87.199997,55.340000,37.900002,15.090000,27.360001,68.064514,25.446428,61.959999,,84.730003,115.580002,49.860001,1265412
2017-01-20,8.580000,52.419998,55.490002,689.599976,11.540000,226.740005,86.489998,56.450001,39.080002,15.310000,27.540001,72.903229,25.401787,61.980000,,85.889999,115.599998,50.730000,2172537
2017-01-23,8.250000,52.750000,55.230000,672.799988,11.770000,226.149994,84.269997,54.799999,38.430000,14.760000,26.870001,68.064514,24.903275,61.419998,,84.970001,115.389999,49.939999,1953795
2017-01-24,8.020000,53.180000,55.439999,684.200012,11.070000,227.600006,84.580002,56.619999,39.040001,14.920000,27.690001,70.322578,25.453869,62.680000,,85.089996,116.370003,50.270000,2778908
2017-01-25,8.390000,52.750000,55.080002,697.200012,10.810000,229.570007,85.510002,57.410000,39.720001,15.300000,28.520000,79.032257,26.242559,63.599998,,85.339996,117.239998,50.689999,3222599
2017-01-26,8.640000,53.779999,56.240002,690.400024,10.630000,229.330002,84.879997,58.060001,39.250000,15.180000,28.540001,77.419357,26.227678,63.099998,,85.599998,116.550003,50.630001,2746725
2017-01-27,8.400000,53.169998,55.520000,682.799988,10.580000,228.970001,84.500000,58.209999,38.869999,14.900000,28.240000,79.354836,26.264881,63.090000,,85.510002,113.790001,49.430000,1118557
2017-01-30,8.190000,52.630001,55.230000,662.200012,11.880000,227.550003,83.610001,56.480000,37.549999,13.850000,27.350000,72.580643,24.776787,61.820000,,84.860001,111.820000,47.480000,2161867
2017-01-31,8.480000,52.810001,55.700001,667.200012,11.990000,227.529999,83.709999,56.570000,37.810001,13.970000,27.850000,70.967743,25.014881,63.080002,,83.889999,111.349998,48.759998,4511687
2017-02-01,8.240000,53.880001,55.660000,667.400024,11.810000,227.619995,83.169998,56.230000,38.549999,13.990000,27.459999,68.387100,25.081844,62.580002,,82.940002,111.000000,48.500000,2363239
2017-02-02,8.040000,53.540001,56.560001,662.400024,11.930000,227.770004,82.440002,56.290001,37.799999,13.740000,27.450001,66.129028,24.494047,62.410000,,83.449997,112.209999,48.689999,2175228
2017-02-03,8.260000,53.830002,56.810001,672.400024,10.970000,229.339996,82.500000,56.580002,38.570000,13.970000,27.680000,66.451614,24.858631,61.849998,,83.540001,113.570000,50.430000,2942069
2017-02-06,8.050000,53.009998,55.720001,658.400024,11.370000,228.929993,81.690002,56.099998,37.459999,13.540000,27.000000,65.483871,23.831844,61.680000,,83.309998,112.980003,50.090000,2064875
2017-02-07,7.660000,52.169998,55.049999,650.200012,11.290000,228.940002,81.070000,54.880001,39.290001,13.470000,26.730000,63.870968,23.415178,61.360001,,82.769997,111.389999,49.419998,3317962
2017-02-08,7.500000,52.340000,55.119999,649.000000,11.450000,229.240005,81.120003,55.439999,39.209999,13.360000,26.450001,53.870968,23.229168,61.160000,,81.480003,111.580002,49.599998,2995464
2017-02-09,7.620000,53.000000,55.630001,654.200012,10.880000,230.600006,81.209999,56.680000,38.990002,13.190000,26.660000,48.709679,23.251488,61.060001,,81.839996,112.260002,49.810001,3150609
2017-02-10,7.640000,53.860001,56.700001,661.400024,10.850000,231.509995,82.160004,56.130001,39.419998,13.350000,27.049999,46.774193,23.630953,61.150002,,82.519997,113.050003,50.139999,2430788
2017-02-13,7.490000,52.930000,55.590000,664.400024,11.070000,232.770004,81.820000,56.320000,39.599998,13.400000,27.219999,42.580647,23.697918,61.060001,,83.000000,113.910004,49.700001,3627293
2017-02-14,8.200000,53.200001,55.970001,674.799988,10.740000,233.699997,82.459999,56.540001,40.660000,13.610000,28.180000,45.161289,24.055059,61.500000,,82.820000,112.519997,50.139999,7350735
2017-02-15,7.970000,53.110001,55.750000,665.599976,11.970000,234.919998,81.750000,55.770000,40.419998,13.370000,27.790001,46.129032,24.315475,61.500000,,83.160004,112.570000,49.360001,1866542
2017-02-16,7.730000,53.360001,55.650002,655.400024,11.760000,234.720001,81.129997,54.310001,40.240002,13.170000,27.480000,43.548386,24.166668,61.200001,,82.300003,110.680000,48.340000,1926475
2017-02-17,7.410000,53.400002,55.810001,646.799988,11.490000,235.089996,80.650002,53.709999,39.310001,13.160000,27.200001,44.516129,23.883928,60.759998,,81.760002,110.330002,47.509998,2384093
2017-02-21,8.500000,54.060001,56.660000,653.599976,11.570000,236.490005,80.680000,53.840000,39.560001,13.470000,28.639999,42.903225,24.337797,60.549999,,81.889999,111.720001,48.130001,6651016
2017-02-22,8.280000,53.590000,55.840000,646.200012,11.740000,236.279999,79.699997,53.060001,38.860001,13.280000,27.600000,42.903225,24.322918,60.549999,,80.930000,110.379997,47.099998,2849215
2017-02-23,8.370000,54.450001,56.580002,649.400024,11.710000,236.440002,80.470001,53.189999,39.709999,14.310000,28.299999,43.870968,24.464287,59.970001,,81.779999,111.019997,47.299999,2760568
2017-02-24,8.090000,53.990002,55.990002,641.400024,11.470000,236.740005,80.150002,52.869999,39.790001,13.750000,28.570000,43.225807,24.032738,59.799999,,81.080002,110.120003,47.040001,2159873
2017-02-27,8.610000,54.049999,55.930000,653.799988,12.090000,237.110001,81.059998,53.200001,41.099998,14.160000,29.020000,44.193546,24.575893,60.250000,,81.540001,111.750000,47.360001,2800500
2017-02-28,8.260000,54.009998,55.590000,642.200012,12.920000,236.470001,80.360001,53.459999,40.419998,13.820000,28.320000,43.870968,24.047619,60.279999,,81.320000,112.500000,47.570000,2239968
2017-03-01,8.580000,53.830002,55.599998,658.599976,12.540000,239.779999,82.269997,54.700001,41.740002,14.050000,29.350000,44.516129,24.694941,61.830002,,83.019997,113.879997,49.049999,2551586
2017-03-02,8.190000,52.610001,55.080002,644.400024,11.810000,238.270004,80.949997,53.869999,40.290001,13.900000,28.340000,43.548386,24.657738,60.720001,,83.300003,113.360001,48.209999,840264
2017-03-03,8.010000,53.330002,55.900002,640.599976,10.960000,238.419998,80.699997,53.869999,40.380001,13.530000,27.799999,41.935486,24.196428,59.889999,,82.459999,113.550003,47.820000,1225761
2017-03-06,7.890000,53.200001,56.009998,638.799988,11.240000,237.710007,80.720001,53.799999,39.869999,13.050000,27.670000,43.870968,24.017857,59.970001,,82.830002,113.169998,48.320000,1357871
2017-03-07,7.580000,53.139999,55.919998,630.000000,11.450000,237.000000,79.949997,52.970001,39.299999,12.780000,26.610001,41.290321,23.735119,59.410000,,82.519997,111.809998,47.720001,1430342
2017-03-08,7.390000,50.279999,53.110001,610.000000,11.860000,236.559998,78.099998,51.290001,37.939999,12.400000,26.379999,38.387096,23.504463,57.709999,,81.029999,109.610001,45.910000,2159861
2017-03-09,7.260000,49.279999,52.189999,606.400024,12.300000,236.860001,78.699997,50.889999,37.689999,11.990000,26.150000,32.258064,23.437500,57.400002,,81.669998,110.040001,46.480000,2898186
2017-03-10,7.610000,48.490002,51.369999,608.400024,11.660000,237.690002,78.690002,50.910000,37.840000,12.260000,25.879999,31.612904,23.586309,56.279999,,81.610001,110.610001,45.669998,2503667
2017-03-13,7.560000,48.400002,51.349998,609.799988,11.350000,237.809998,78.589996,50.880001,38.099998,12.610000,25.920000,26.774195,23.653275,56.680000,,81.419998,109.349998,45.840000,2161479
2017-03-14,7.230000,47.720001,50.919998,599.200012,12.300000,236.899994,78.379997,49.799999,37.759998,12.410000,25.670000,27.419355,23.340775,56.470001,,80.989998,107.360001,44.939999,1455766
2017-03-15,7.580000,48.860001,51.810001,619.599976,11.630000,238.949997,80.250000,51.540001,39.130001,12.980000,26.450001,27.096773,23.839287,57.709999,,82.000000,108.879997,45.840000,2302620
2017-03-16,7.400000,48.750000,51.740002,614.200012,11.210000,238.479996,79.650002,50.919998,39.150002,12.530000,26.080000,27.096773,23.675594,58.240002,,82.070000,107.860001,45.840000,1291002
2017-03-17,7.360000,48.779999,51.759998,611.599976,11.280000,237.029999,79.550003,50.779999,39.310001,12.470000,25.930000,30.645161,23.578869,58.930000,,82.000000,107.680000,45.689999,3144923
2017-03-20,7.470000,48.220001,51.619999,609.000000,11.340000,236.770004,78.919998,50.639999,39.209999,12.220000,25.610001,29.032257,23.355656,60.410000,,82.000000,107.660004,45.860001,2210351
2017-03-21,7.170000,47.340000,50.959999,602.400024,12.470000,233.729996,78.690002,50.150002,38.919998,12.210000,25.809999,31.935484,23.705357,60.230000,,81.830002,108.040001,45.180000,1393766
2017-03-22,7.110000,48.040001,50.639999,600.599976,12.810000,234.279999,78.379997,49.830002,38.709999,12.280000,25.299999,30.645161,23.854168,60.540001,,81.760002,108.389999,44.650002,2031644
2017-03-23,7.130000,47.700001,50.560001,598.200012,13.120000,234.029999,77.669998,49.709999,38.410000,12.270000,25.340000,28.064516,23.370537,59.160000,,81.860001,107.870003,44.480000,1544554
2017-03-24,7.040000,47.970001,50.799999,593.799988,12.960000,233.860001,76.959999,49.410000,38.459999,12.260000,25.020000,26.774195,23.288691,58.990002,,81.230003,107.989998,44.099998,1294934
2017-03-27,6.940000,47.730000,50.750000,589.200012,12.500000,233.619995,77.019997,47.779999,38.419998,12.050000,24.889999,26.129032,23.370537,58.070000,,81.250000,106.279999,44.290001,1885103
2017-03-28,7.290000,48.369999,51.330002,603.799988,11.530000,235.320007,78.309998,48.020000,39.299999,12.230000,25.879999,29.354839,23.787203,59.070000,,81.839996,107.169998,45.380001,1713446
2017-03-29,7.560000,49.509998,52.419998,615.000000,11.420000,235.539993,78.669998,49.220001,40.340000,12.400000,26.530001,35.161289,24.538691,60.020000,,82.019997,108.070000,45.950001,1802435
2017-03-30,7.540000,50.349998,52.959999,612.400024,11.540000,236.289993,77.839996,49.020000,40.070000,12.350000,26.910000,32.903225,23.943453,59.310001,,83.699997,107.779999,50.000000,1844680
2017-03-31,7.770000,50.599998,52.830002,616.200012,12.370000,235.740005,78.099998,49.209999,40.090000,12.450000,27.080000,37.096775,24.181547,59.820000,,82.010002,107.370003,49.869999,1585162
2017-04-03,7.620000,50.240002,53.119999,611.799988,12.380000,235.330002,77.699997,49.279999,39.680000,12.460000,26.750000,34.838711,24.151787,59.689999,,82.070000,107.800003,49.450001,1789630
2017-04-04,7.760000,51.029999,54.169998,613.400024,11.790000,235.479996,78.209999,49.549999,39.509998,12.540000,26.740000,32.580647,24.278275,60.150002,,82.370003,108.660004,49.730000,1243917
2017-04-05,7.530000,51.150002,54.360001,610.000000,12.890000,234.779999,78.300003,49.849998,39.070000,12.440000,26.379999,28.064516,24.523809,60.360001,,82.529999,108.639999,49.110001,2577306
2017-04-06,7.790000,51.700001,54.889999,620.400024,12.390000,235.440002,78.620003,50.150002,39.400002,12.620000,27.160000,29.677420,25.022322,60.939999,,83.010002,109.290001,49.810001,2033885
2017-04-07,7.540000,52.240002,55.240002,614.799988,12.870000,235.199997,78.330002,49.680000,38.889999,12.430000,27.299999,28.064516,24.925594,61.279999,,82.760002,108.860001,49.540001,2264542
2017-04-10,7.830000,53.080002,55.980000,624.599976,14.050000,235.339996,78.709999,49.970001,39.160000,12.750000,27.799999,29.354839,25.029762,61.709999,,83.129997,109.430000,50.150002,1268552
2017-04-11,7.870000,53.400002,56.230000,624.000000,15.070000,235.059998,79.650002,50.009998,38.730000,12.530000,27.590000,29.354839,24.947918,60.869999,,82.839996,108.970001,50.150002,1382919
2017-04-12,7.490000,53.110001,55.860001,612.799988,15.770000,234.029999,79.570000,49.330002,37.779999,12.070000,27.870001,29.677420,24.799107,60.340000,,82.970001,108.970001,49.439999,2071819
2017-04-13,7.320000,53.180000,55.889999,596.000000,15.960000,232.509995,78.150002,48.380001,37.709999,11.720000,27.049999,28.709677,24.196428,59.459999,,81.690002,106.099998,48.619999,1854411
2017-04-17,7.580000,52.650002,55.360001,597.799988,14.660000,234.570007,78.239998,48.840000,37.560001,11.780000,27.219999,29.032257,24.233631,59.619999,,81.580002,106.169998,48.950001,3213338
2017-04-18,7.670000,52.410000,54.889999,594.599976,14.420000,233.869995,77.930000,48.529999,36.900002,11.640000,26.930000,28.387096,24.151787,60.009998,,81.050003,105.680000,48.689999,1651117
2017-04-19,7.290000,50.439999,52.930000,578.799988,14.930000,233.440002,76.480003,47.430000,35.830002,11.270000,26.209999,27.741936,23.839287,59.470001,,80.489998,104.230003,48.000000,2093361
2017-04-20,7.280000,50.270000,52.990002,580.599976,14.150000,235.339996,76.510002,47.689999,35.630001,11.380000,26.150000,27.741936,23.928572,59.500000,,81.010002,104.879997,47.950001,2688015
2017-04-21,7.090000,49.619999,51.959999,571.000000,14.630000,234.589996,74.839996,47.060001,34.650002,11.300000,25.959999,26.129032,23.593750,57.680000,,80.690002,104.889999,47.740002,2116290
2017-04-24,6.060000,49.230000,51.599998,571.799988,10.840000,237.169998,74.099998,46.750000,35.430000,11.370000,25.790001,25.806452,23.727678,58.650002,,81.110001,105.930000,47.910000,6877487
2017-04-25,6.240000,49.560001,52.099998,576.599976,10.760000,238.550003,74.089996,47.020000,35.820000,11.460000,26.420000,27.096773,23.898809,59.290001,,81.730003,106.730003,48.790001,4329955
2017-04-26,6.260000,49.619999,51.820000,578.200012,10.850000,238.399994,74.110001,46.990002,36.150002,11.450000,26.320000,29.354839,24.002975,59.459999,,81.400002,106.080002,48.340000,3306991
2017-04-27,6.140000,48.970001,51.439999,561.599976,10.360000,238.600006,72.839996,46.400002,34.980000,11.060000,26.469999,28.709677,22.470238,59.650002,,81.260002,105.470001,47.860001,2514150
2017-04-28,6.120000,49.330002,51.730000,557.400024,10.820000,238.080002,72.589996,45.880001,34.970001,11.030000,26.389999,28.387096,22.418156,59.369999,,81.650002,106.699997,47.910000,1291034
2017-05-01,6.250000,48.840000,51.520000,551.200012,10.110000,238.679993,72.300003,45.770000,34.259998,10.660000,26.049999,28.387096,22.366072,59.709999,,82.059998,105.919998,47.480000,2982975
2017-05-02,6.080000,47.660000,50.459999,545.799988,10.590000,238.770004,71.449997,45.299999,33.689999,10.420000,25.770000,27.741936,22.886906,59.570000,,82.050003,105.360001,46.700001,1485429
2017-05-03,6.060000,47.820000,50.790001,547.000000,10.680000,238.479996,71.529999,45.250000,33.860001,10.760000,26.010000,29.032257,23.191963,59.049999,,82.699997,106.720001,47.080002,1593144
2017-05-04,5.680000,45.520000,48.380001,533.000000,10.460000,238.759995,70.940002,44.599998,33.250000,10.340000,25.209999,26.451612,23.080357,57.410000,,81.639999,104.809998,45.919998,1925541
2017-05-05,5.830000,46.220001,49.099998,553.799988,10.570000,239.699997,71.970001,45.580002,34.349998,11.180000,26.030001,26.451612,23.757441,59.330002,,82.019997,105.790001,46.770000,2090263
2017-05-08,5.870000,46.430000,49.340000,550.200012,9.770000,239.660004,72.220001,45.360001,34.040001,11.140000,26.150000,26.129032,23.504463,59.480000,,82.889999,106.680000,47.130001,1752204
2017-05-09,5.860000,45.880001,48.730000,546.799988,9.960000,239.440002,72.279999,45.029999,33.759998,10.960000,25.980000,26.451612,23.526787,58.599998,,82.309998,105.080002,46.270000,1205047
2017-05-10,6.080000,47.330002,50.220001,556.200012,10.210000,239.869995,72.669998,45.810001,34.080002,11.170000,26.590000,29.354839,23.816963,60.070000,,81.910004,106.500000,47.610001,1644240
2017-05-11,6.000000,47.830002,50.770000,550.599976,10.600000,239.380005,71.779999,45.610001,33.799999,11.080000,26.620001,28.709677,23.459822,59.330002,,82.610001,106.209999,47.419998,864094
2017-05-12,5.690000,47.840000,50.840000,540.000000,10.400000,238.979996,71.019997,45.139999,33.790001,10.620000,25.620001,28.387096,23.005953,58.259998,,82.550003,105.959999,46.970001,872115
2017-05-15,5.940000,48.849998,51.820000,552.799988,10.420000,240.300003,72.000000,46.509998,33.910000,10.800000,25.799999,22.580645,23.400297,58.009998,,82.800003,106.849998,47.439999,1307977
2017-05-16,5.910000,48.660000,51.650002,551.599976,10.650000,240.080002,71.370003,46.779999,34.080002,10.690000,26.059999,26.451612,23.363094,57.500000,,82.550003,107.250000,47.130001,782574
2017-05-17,5.830000,49.070000,52.209999,542.000000,15.590000,235.820007,70.989998,46.340000,33.380001,10.390000,25.780001,27.741936,23.273809,57.430000,,81.989998,104.699997,46.410000,1703918
2017-05-18,5.650000,49.349998,52.509998,546.799988,14.660000,236.770004,71.430000,46.580002,34.020000,10.460000,25.820000,25.806452,23.467262,57.130001,,81.750000,105.169998,46.419998,2544165
2017-05-19,5.930000,50.330002,53.610001,559.799988,12.040000,238.309998,71.750000,47.779999,34.810001,10.520000,27.049999,24.193548,23.869047,58.220001,,81.930000,106.519997,47.480000,1574733
2017-05-22,5.870000,50.730000,53.869999,557.200012,10.930000,239.520004,71.889999,47.119999,34.950001,10.500000,26.850000,24.193548,23.883928,58.000000,,82.290001,106.120003,46.930000,1000478
2017-05-23,5.830000,51.470001,54.150002,556.000000,10.720000,240.050003,72.089996,47.599998,35.000000,10.610000,26.540001,24.516129,23.653275,57.669998,,82.580002,106.269997,46.759998,1164574
2017-05-24,5.690000,51.360001,53.959999,550.599976,10.020000,240.610001,71.360001,47.709999,34.459999,10.440000,26.219999,24.516129,23.288691,56.930000,,82.290001,106.220001,46.669998,1130039
2017-05-25,5.240000,48.900002,51.459999,523.599976,9.990000,241.759995,69.389999,45.410000,32.599998,9.650000,24.620001,24.193548,21.860119,54.840000,,81.750000,105.110001,45.049999,1667626
2017-05-26,5.170000,49.799999,52.150002,526.400024,9.810000,241.710007,70.089996,45.759998,32.770000,9.560000,24.799999,24.193548,21.629463,55.450001,,81.550003,104.720001,45.349998,1759566
2017-05-30,5.070000,49.660000,51.840000,517.000000,10.380000,241.500000,68.739998,45.150002,32.599998,9.260000,24.590000,23.870968,21.339287,55.070000,,81.099998,104.059998,44.790001,1685308
2017-05-31,4.980000,48.320000,50.310001,518.799988,10.410000,241.440002,69.589996,45.189999,32.669998,9.090000,24.379999,23.548388,21.540178,55.150002,,80.500000,103.480003,44.689999,2294535
2017-06-01,5.110000,48.360001,50.330002,523.599976,9.890000,243.360001,69.779999,45.490002,32.639999,9.230000,25.020000,24.838711,21.897322,55.529999,,80.699997,104.269997,44.860001,3042304
2017-06-02,4.900000,47.660000,49.950001,517.400024,9.750000,244.169998,68.959999,45.299999,32.889999,9.030000,24.840000,24.838711,21.577381,54.950001,,79.500000,103.110001,44.259998,1809849
2017-06-05,5.500000,47.400002,49.470001,519.599976,10.070000,243.990005,69.269997,45.320000,32.930000,9.070000,25.280001,24.193548,21.644344,54.730000,,80.120003,103.190002,44.020000,4188530
2017-06-06,5.750000,48.189999,50.119999,525.400024,10.450000,243.210007,69.970001,46.000000,33.110001,9.100000,25.440001,25.161289,21.599703,55.599998,,81.209999,104.169998,44.480000,2600573
2017-06-07,5.540000,45.720001,48.060001,503.399994,10.390000,243.660004,68.669998,44.400002,32.540001,8.590000,24.820000,25.806452,20.997025,54.279999,,80.910004,103.769997,43.560001,2343407
2017-06-08,5.420000,45.639999,47.860001,503.000000,10.160000,243.779999,68.309998,44.130001,32.590000,8.420000,24.610001,25.483871,20.892857,54.340000,,80.620003,104.000000,43.070000,1184126
2017-06-09,5.400000,45.830002,48.150002,518.400024,10.700000,243.410004,69.680000,44.849998,34.209999,8.810000,25.110001,25.806452,21.235119,55.529999,,82.129997,106.400002,44.820000,2844924
2017-06-12,5.680000,46.080002,48.290001,521.200012,11.460000,243.360001,69.309998,44.919998,34.310001,8.900000,25.040001,25.806452,21.354168,56.160000,,82.930000,108.040001,45.720001,1975241
2017-06-13,5.830000,46.459999,48.720001,530.400024,10.420000,244.550003,69.349998,45.840000,34.509998,9.160000,25.590000,27.741936,21.495537,57.070000,,82.959999,108.129997,46.430000,1999943
2017-06-14,5.460000,44.730000,47.000000,511.799988,10.640000,244.240005,68.180000,44.830002,32.770000,8.690000,24.760000,28.387096,21.116072,56.110001,,82.070000,106.599998,45.419998,1174968
2017-06-15,5.280000,44.459999,46.919998,503.200012,10.900000,243.770004,67.330002,44.080002,32.810001,8.560000,24.440001,27.096773,20.580357,56.320000,,82.260002,106.330002,45.389999,855040
2017-06-16,5.400000,44.740002,47.369999,510.200012,10.380000,242.639999,68.580002,44.270000,33.660000,8.620000,24.950001,30.967743,20.528275,57.290001,,83.489998,108.349998,46.529999,2164306
2017-06-19,5.400000,44.200001,46.910000,508.399994,10.370000,244.660004,68.099998,43.970001,33.580002,8.560000,25.030001,28.709677,20.260418,56.549999,,82.760002,107.459999,46.360001,1139104
2017-06-20,5.280000,43.230000,46.020000,497.600006,10.860000,243.009995,66.750000,43.400002,33.169998,8.200000,23.760000,26.129032,19.806547,55.470001,,82.309998,106.480003,45.820000,1050038
2017-06-21,4.980000,42.529999,44.820000,483.399994,10.750000,242.949997,65.470001,42.230000,32.130001,7.790000,22.459999,26.129032,19.709822,54.849998,,81.440002,104.489998,44.950001,1399387
2017-06-22,5.070000,42.740002,45.220001,482.600006,10.480000,242.839996,65.370003,41.900002,31.840000,7.870000,21.490000,29.354839,19.888393,54.520000,,81.080002,104.449997,44.810001,677268
2017-06-23,5.130000,43.009998,45.540001,486.200012,10.020000,243.130005,65.930000,41.500000,31.639999,8.090000,21.030001,26.129032,19.866072,53.990002,,81.610001,105.000000,44.830002,1589819
2017-06-26,5.160000,43.380001,45.830002,487.399994,9.900000,243.289993,65.889999,41.700001,31.790001,8.150000,21.420000,24.838711,20.000000,53.700001,,81.239998,104.139999,44.230000,1088341
2017-06-27,5.120000,44.240002,46.650002,485.399994,11.060000,241.330002,65.360001,41.529999,31.700001,8.070000,22.290001,24.516129,20.029762,53.369999,,81.110001,104.070000,43.970001,1288595
2017-06-28,5.350000,44.740002,47.310001,489.799988,10.030000,243.490005,65.250000,42.009998,31.770000,8.200000,22.540001,23.548388,20.267857,53.500000,,81.529999,104.279999,43.959999,1702426
2017-06-29,5.530000,44.930000,47.419998,494.200012,11.440000,241.350006,65.379997,42.419998,32.439999,8.310000,22.660000,23.870968,20.252975,53.520000,,80.699997,104.120003,44.080002,1930284
2017-06-30,5.640000,46.040001,47.919998,495.799988,11.180000,241.800003,65.839996,42.709999,32.939999,8.230000,22.840000,23.225805,20.238094,54.509998,,80.730003,104.330002,43.959999,2029951
2017-07-03,5.760000,47.070000,49.680000,512.000000,11.220000,242.210007,66.970001,43.720001,33.900002,8.670000,23.180000,23.548388,20.982143,57.680000,,82.099998,106.300003,45.660000,1165576
2017-07-05,5.440000,45.130001,47.790001,495.000000,11.070000,242.770004,65.739998,42.860001,32.730000,8.280000,22.090000,23.870968,20.416668,37.250000,,80.849998,104.620003,44.160000,1339212
2017-07-06,5.320000,45.520000,48.110001,485.399994,12.540000,240.550003,65.129997,42.020000,32.279999,8.040000,21.760000,23.225805,20.059525,37.009998,,80.120003,103.820000,43.310001,1376288
2017-07-07,5.170000,44.230000,46.709999,480.600006,11.190000,242.110001,65.080002,41.779999,32.009998,7.880000,22.020000,23.225805,19.895832,37.910000,,80.220001,103.489998,43.000000,1448239
2017-07-10,5.420000,44.400002,46.880001,486.799988,11.110000,242.369995,65.349998,42.320000,32.599998,8.040000,22.410000,23.225805,20.215775,37.230000,,80.160004,103.040001,43.240002,1403875
2017-07-11,5.420000,45.040001,47.520000,492.799988,10.890000,242.190002,65.790001,42.709999,33.189999,8.090000,22.660000,23.225805,20.520832,37.349998,,80.599998,103.120003,43.349998,1517304
2017-07-12,5.390000,45.490002,47.740002,492.600006,10.300000,244.009995,65.580002,42.779999,33.150002,8.070000,22.530001,27.741936,20.543156,37.369999,,80.959999,103.889999,43.240002,1046716
2017-07-13,5.540000,46.080002,48.419998,502.000000,9.900000,244.419998,66.489998,43.770000,33.419998,8.310000,22.850000,29.677420,20.483631,36.840000,,80.970001,104.129997,43.250000,874898
2017-07-14,5.700000,46.540001,48.910000,508.399994,9.510000,245.559998,66.849998,44.220001,33.790001,8.330000,23.840000,30.967743,20.892857,37.349998,,81.279999,104.440002,43.450001,970447
2017-07-17,5.710000,46.020000,48.419998,507.399994,9.820000,245.529999,66.830002,44.110001,33.980000,8.360000,24.040001,29.677420,20.691963,37.639999,,80.860001,104.209999,43.189999,976144
2017-07-18,5.710000,46.400002,48.840000,505.000000,9.890000,245.660004,66.180000,44.000000,33.880001,8.350000,23.709999,29.354839,20.691963,36.750000,,80.599998,103.720001,43.070000,1274372
2017-07-19,6.140000,47.119999,49.700001,524.400024,9.790000,246.990005,67.440002,45.580002,35.150002,8.890000,24.770000,30.000000,21.339287,36.540001,,80.849998,104.459999,43.660000,1364212
2017-07-20,5.980000,46.790001,49.299999,513.200012,9.580000,247.100006,67.019997,45.380001,34.000000,8.750000,24.680000,29.677420,21.145832,34.970001,,80.860001,104.629997,43.230000,1814048
2017-07-21,5.690000,45.770000,48.060001,500.399994,9.360000,246.880005,66.529999,44.380001,33.450001,8.510000,24.450001,29.354839,20.751488,34.119999,,80.120003,103.250000,42.650002,1650655
2017-07-24,5.910000,46.340000,48.599998,493.399994,9.430000,246.820007,66.419998,42.509998,33.180000,8.510000,24.639999,28.387096,20.863094,34.360001,,79.870003,103.199997,42.610001,2119024
2017-07-25,6.090000,47.889999,50.200001,499.600006,9.430000,247.419998,67.010002,42.689999,33.580002,8.770000,24.700001,29.677420,20.505953,35.250000,,80.269997,104.389999,43.650002,2249833
2017-07-26,6.040000,48.750000,50.970001,499.799988,9.600000,247.429993,66.989998,43.320000,33.340000,8.540000,24.860001,30.000000,20.639881,36.049999,,80.370003,105.120003,43.700001,2165251
2017-07-27,6.340000,49.040001,51.490002,501.600006,10.110000,247.199997,67.779999,43.090000,33.709999,8.670000,25.480000,29.032257,21.354168,36.160000,,80.830002,106.110001,44.660000,2583012
2017-07-28,6.420000,49.709999,52.520000,500.000000,10.290000,246.910004,68.459999,42.930000,33.110001,8.690000,25.660000,30.967743,21.495537,37.099998,,79.599998,108.120003,45.259998,1686839
2017-07-31,6.540000,50.169998,52.650002,496.600006,10.260000,246.770004,68.599998,42.439999,32.709999,8.650000,25.650000,30.000000,21.235119,36.889999,,80.040001,109.190002,45.369999,1313607
2017-08-01,6.440000,49.160000,52.630001,491.200012,10.090000,247.320007,69.010002,42.450001,31.879999,8.590000,25.340000,25.000000,21.019344,35.700001,,80.169998,110.779999,44.750000,1566841
2017-08-02,6.310000,49.590000,52.360001,491.600006,10.280000,247.440002,69.129997,42.849998,32.610001,8.630000,25.299999,27.100000,20.736607,35.349998,,80.599998,110.459999,45.610001,1290990
2017-08-03,6.140000,49.029999,52.009998,489.399994,10.440000,246.960007,68.220001,42.029999,32.619999,9.250000,25.610001,25.200001,20.483631,35.310001,,80.489998,109.430000,44.910000,1297650
2017-08-04,6.260000,49.580002,52.419998,489.399994,10.030000,247.410004,67.540001,41.990002,33.180000,9.070000,26.040001,25.230000,20.483631,35.230000,,80.209999,110.110001,45.560001,984378
2017-08-07,6.030000,49.389999,52.369999,477.799988,9.930000,247.869995,66.550003,41.450001,31.790001,8.750000,25.510000,25.139999,20.312500,34.560001,,80.160004,109.779999,45.169998,1047064
2017-08-08,6.000000,49.169998,52.139999,469.200012,10.960000,247.259995,65.489998,41.029999,31.290001,8.570000,24.559999,25.059999,20.200893,34.939999,,79.959999,110.349998,45.630001,1004359
2017-08-09,5.940000,49.560001,52.700001,466.000000,11.110000,247.250000,65.489998,41.290001,30.809999,8.320000,24.299999,24.540001,20.208332,35.020000,,80.209999,110.889999,45.650002,1117178
2017-08-10,5.850000,48.590000,51.900002,457.000000,16.040001,243.759995,64.400002,40.509998,30.350000,8.180000,23.350000,24.340000,19.992559,34.700001,,78.970001,110.110001,44.970001,922766
2017-08-11,5.840000,48.820000,52.099998,454.600006,15.510000,244.119995,63.830002,40.020000,30.290001,8.350000,23.190001,23.290001,19.657738,34.290001,,78.209999,109.230003,44.790001,1190488
2017-08-14,5.870000,47.590000,50.730000,452.600006,12.330000,246.539993,63.950001,39.910000,30.620001,8.390000,23.160000,23.830000,19.575893,34.259998,,78.230003,108.709999,44.540001,703545
2017-08-15,5.770000,47.549999,50.799999,447.000000,12.040000,246.509995,63.439999,39.549999,30.389999,7.910000,22.709999,24.490000,19.427082,34.310001,,78.040001,108.570000,44.500000,950696
2017-08-16,5.660000,46.779999,50.270000,440.799988,11.740000,246.940002,63.709999,39.320000,29.940001,7.580000,22.180000,23.900000,19.263393,33.830002,,77.470001,106.839996,43.689999,1286570
2017-08-17,5.740000,47.090000,51.029999,435.200012,15.550000,243.089996,63.029999,38.689999,30.090000,7.280000,22.240000,22.150000,19.025297,32.799999,,76.260002,105.919998,43.000000,1555832
2017-08-18,5.910000,48.509998,52.720001,440.000000,14.260000,242.710007,63.320000,38.990002,30.379999,7.480000,22.570000,24.150000,19.159225,32.770000,,76.639999,106.480003,43.110001,859304
2017-08-21,5.930000,47.369999,51.660000,435.200012,13.190000,242.899994,63.000000,38.740002,30.290001,7.320000,22.590000,23.059999,18.921131,32.540001,,76.379997,105.779999,42.500000,1088336
2017-08-22,6.080000,47.639999,51.869999,438.399994,11.350000,245.440002,63.349998,38.660000,30.200001,7.520000,22.520000,21.459999,18.831844,32.689999,,76.739998,106.360001,43.189999,1132661
2017-08-23,6.140000,48.410000,52.570000,441.399994,12.250000,244.559998,63.189999,39.029999,30.370001,7.630000,22.330000,22.590000,19.055059,33.040001,,76.610001,106.610001,43.689999,835234
2017-08-24,6.100000,47.430000,52.040001,437.799988,12.230000,243.990005,62.880001,38.790001,30.080000,7.700000,22.280001,24.490000,18.727678,32.820000,,76.330002,107.440002,43.299999,535523
2017-08-25,6.450000,47.869999,52.410000,444.799988,11.280000,244.559998,63.880001,39.009998,30.520000,7.970000,23.309999,24.750000,19.166668,33.259998,,76.720001,108.230003,43.580002,1136879
2017-08-28,6.300000,46.570000,51.889999,440.799988,11.320000,244.570007,63.450001,38.790001,30.340000,8.010000,22.360001,24.830000,18.973213,33.250000,,76.470001,107.760002,43.049999,1205990
2017-08-29,6.290000,46.439999,52.000000,443.399994,11.700000,244.850006,63.500000,38.720001,30.360001,8.230000,22.600000,24.709999,19.055059,33.750000,,76.449997,107.860001,42.849998,962447
2017-08-30,6.280000,45.959999,50.860001,442.399994,11.220000,246.009995,63.389999,38.669998,30.450001,8.100000,22.379999,24.410000,18.913691,33.509998,,76.099998,107.730003,43.410000,1212843
2017-08-31,6.270000,47.230000,52.380001,444.000000,10.590000,247.490005,63.509998,38.970001,30.670000,8.160000,22.549999,23.650000,19.218750,33.900002,,76.330002,107.620003,43.660000,1247571
2017-09-01,6.460000,47.290001,52.320000,450.000000,10.130000,247.839996,63.349998,38.900002,30.680000,8.560000,23.000000,23.600000,19.583332,34.299999,,76.570000,108.760002,44.240002,990821
2017-09-05,6.680000,48.660000,53.380001,462.200012,12.230000,246.059998,65.099998,39.830002,31.330000,8.790000,23.870001,27.309999,19.769344,34.970001,,77.180000,109.440002,44.389999,1132453
2017-09-06,6.800000,49.160000,54.200001,471.000000,11.630000,246.899994,65.720001,41.009998,31.830000,8.780000,24.209999,28.780001,19.523809,34.740002,,78.779999,111.790001,45.060001,945956
2017-09-07,6.780000,49.090000,54.490002,469.600006,11.550000,246.869995,65.870003,41.310001,31.879999,8.700000,24.430000,28.760000,19.590775,34.750000,,79.029999,111.800003,45.110001,897173
2017-09-08,6.440000,47.480000,53.779999,460.200012,12.120000,246.580002,64.860001,40.290001,31.750000,8.470000,24.320000,28.950001,18.973213,34.419998,,78.820000,110.779999,44.470001,1105950
2017-09-11,6.630000,48.070000,53.840000,467.000000,10.730000,249.210007,65.769997,40.630001,32.259998,8.490000,24.969999,28.590000,19.174107,35.480000,,79.250000,112.519997,44.930000,1021212
2017-09-12,7.020000,48.230000,54.270000,477.200012,10.580000,250.050003,66.430000,41.259998,33.380001,8.790000,25.360001,28.750000,19.308037,35.959999,,79.500000,112.489998,44.930000,1237983
2017-09-13,7.310000,49.299999,55.160000,486.600006,10.500000,250.169998,66.919998,41.799999,33.840000,9.210000,25.780001,28.889999,19.650297,36.090000,,79.769997,114.180000,45.560001,1754114
2017-09-14,7.350000,49.889999,55.470001,491.000000,10.440000,250.089996,67.699997,42.180000,33.950001,9.220000,26.020000,29.120001,19.866072,36.380001,,80.089996,114.449997,45.830002,959223
2017-09-15,7.360000,49.889999,55.619999,492.200012,10.170000,249.190002,67.239998,42.310001,34.450001,9.240000,25.799999,29.230000,20.133928,36.900002,,80.070000,114.629997,46.509998,2565465
2017-09-18,7.390000,49.910000,55.480000,496.799988,10.150000,249.720001,67.870003,42.619999,34.770000,9.290000,25.959999,29.129999,20.275297,37.360001,,80.089996,115.190002,47.090000,1255050
2017-09-19,7.410000,49.480000,55.139999,496.399994,10.180000,249.970001,67.889999,42.810001,35.180000,9.350000,26.100000,28.750000,20.543156,37.389999,,80.220001,116.339996,47.549999,1285423
2017-09-20,7.720000,50.410000,56.290001,503.799988,9.780000,250.059998,67.620003,43.610001,35.509998,9.770000,26.530001,28.490000,20.535713,37.500000,,80.550003,116.370003,48.330002,1238662
2017-09-21,7.540000,50.549999,56.430000,498.799988,9.670000,249.389999,68.089996,43.480000,35.200001,9.080000,25.799999,27.620001,20.245537,36.580002,,79.889999,116.470001,48.689999,815296
2017-09-22,7.460000,50.660000,56.860001,504.200012,9.590000,249.440002,68.800003,44.250000,35.540001,9.320000,25.940001,27.520000,19.962797,36.669998,,79.919998,117.290001,49.080002,1215226
2017-09-25,7.530000,52.220001,59.020000,515.799988,10.210000,248.929993,69.650002,44.689999,35.860001,10.030000,26.629999,27.920000,20.104168,37.520000,,80.980003,117.989998,49.980000,2076552
2017-09-26,7.520000,51.880001,58.439999,516.799988,10.170000,249.080002,68.820000,44.639999,36.299999,10.240000,26.410000,27.110001,19.933037,37.040001,,80.889999,117.519997,49.669998,1454941
2017-09-27,7.220000,52.139999,57.900002,519.400024,9.870000,250.050003,69.080002,45.580002,36.139999,10.430000,26.530001,27.450001,20.409225,36.930000,,81.430000,117.449997,50.220001,2879003
2017-09-28,7.370000,51.560001,57.410000,520.799988,9.550000,250.350006,69.160004,45.830002,35.529999,10.590000,26.549999,29.000000,20.714287,37.029999,,82.190002,117.620003,50.000000,2182550
2017-09-29,7.390000,51.669998,57.540001,521.400024,9.510000,251.229996,69.760002,46.029999,35.730000,10.760000,26.270000,29.080000,20.773809,36.619999,,81.980003,117.500000,50.049999,1692738
2017-10-02,7.010000,50.580002,56.119999,516.799988,9.450000,252.320007,69.320000,45.529999,35.349998,10.330000,25.840000,27.480000,20.580357,36.860001,,81.629997,117.430000,50.310001,2165020
2017-10-03,7.080000,50.419998,56.000000,514.200012,9.510000,252.860001,69.059998,44.930000,35.130001,10.280000,25.430000,27.059999,20.706844,36.669998,,81.760002,117.820000,49.240002,1601450
2017-10-04,6.870000,49.980000,55.799999,513.400024,9.630000,253.160004,68.820000,45.180000,35.230000,10.290000,25.450001,27.209999,20.498512,36.709999,,81.790001,117.580002,49.310001,1721231
2017-10-05,6.910000,50.790001,57.000000,516.799988,9.190000,254.660004,68.870003,45.090000,36.029999,10.540000,25.469999,27.000000,20.438988,36.480000,,82.019997,118.580002,49.700001,1731805
2017-10-06,6.630000,49.290001,55.619999,508.399994,9.650000,254.369995,68.339996,44.750000,35.029999,10.310000,25.260000,27.059999,20.401787,36.529999,,81.709999,117.029999,48.860001,1511731
2017-10-09,7.310000,49.580002,55.790001,510.200012,10.330000,253.949997,68.330002,44.930000,35.240002,10.510000,25.490000,27.030001,20.535713,35.840000,,82.029999,117.709999,48.910000,4778842
2017-10-10,7.640000,50.919998,56.610001,507.200012,10.080000,254.619995,68.330002,45.029999,34.930000,10.520000,25.320000,26.879999,20.290178,34.970001,,82.260002,118.800003,49.189999,3262310
2017-10-11,7.850000,51.299999,56.939999,508.000000,9.850000,255.020004,67.739998,45.509998,34.980000,10.610000,25.420000,26.790001,20.290178,34.389999,,82.599998,119.330002,49.599998,2768616
2017-10-12,7.770000,50.599998,56.250000,499.200012,9.910000,254.639999,67.290001,44.759998,34.380001,10.500000,25.340000,26.709999,19.806547,33.919998,,82.430000,119.139999,49.810001,2314764
2017-10-13,7.860000,51.450001,57.169998,501.399994,9.610000,254.949997,67.169998,44.720001,34.650002,10.860000,25.490000,26.530001,19.836309,33.730000,,82.410004,119.160004,49.400002,1055253
2017-10-16,7.880000,51.869999,57.820000,500.200012,9.910000,255.289993,66.800003,44.610001,34.990002,11.050000,25.469999,26.860001,19.754463,33.700001,,82.809998,120.129997,49.720001,1582160
2017-10-17,7.820000,51.880001,57.880001,496.200012,10.310000,255.470001,66.500000,44.459999,34.919998,10.790000,25.030001,26.920000,19.375000,33.790001,,82.959999,120.220001,49.720001,1518783
2017-10-18,7.900000,52.040001,58.150002,486.799988,10.070000,255.720001,65.910004,43.770000,34.520000,10.310000,24.870001,27.170000,18.965775,33.799999,,82.760002,118.150002,49.709999,1778078
2017-10-19,7.890000,51.290001,57.230000,480.200012,10.050000,255.789993,64.500000,43.419998,34.080002,10.170000,24.870001,26.900000,18.675594,33.150002,,82.739998,118.199997,49.709999,1574858
2017-10-20,7.760000,51.470001,57.750000,476.399994,9.970000,257.109985,63.150002,43.330002,34.090000,9.950000,24.809999,27.070000,18.571428,33.259998,,83.110001,118.639999,50.250000,1730498
2017-10-23,7.110000,51.900002,57.369999,467.600006,11.070000,256.109985,61.910000,42.240002,33.799999,9.930000,24.580000,27.219999,18.593750,31.469999,,83.239998,118.930000,50.259998,6536390
2017-10-24,7.040000,52.470001,58.330002,468.000000,11.160000,256.559998,62.439999,41.369999,33.810001,10.160000,24.370001,27.219999,18.869047,30.690001,,83.470001,119.230003,50.990002,2026297
2017-10-25,6.940000,52.180000,58.439999,467.000000,11.230000,255.289993,63.439999,41.459999,33.630001,10.130000,23.600000,27.510000,18.720238,30.070000,,83.169998,118.440002,49.959999,1753316
2017-10-26,6.970000,52.639999,59.299999,467.200012,11.300000,255.619995,63.369999,41.240002,33.860001,10.170000,19.340000,27.900000,19.776787,29.940001,,83.470001,118.440002,51.459999,2412325
2017-10-27,6.980000,53.900002,60.439999,473.399994,9.800000,257.709991,63.549999,42.430000,33.230000,10.330000,19.040001,27.490000,19.769344,31.299999,,83.709999,113.540001,51.209999,1428851
2017-10-30,6.730000,54.150002,60.900002,481.399994,10.500000,256.750000,64.110001,42.930000,34.279999,10.390000,19.709999,27.260000,20.119047,31.500000,,83.540001,114.389999,51.389999,1826471
2017-10-31,6.820000,54.380001,61.369999,484.799988,10.180000,257.149994,64.000000,42.740002,34.189999,10.500000,20.219999,27.250000,20.379463,31.430000,,83.349998,115.889999,51.150002,1773887
2017-11-01,6.910000,54.299999,61.290001,489.600006,10.200000,257.489990,64.279999,43.049999,34.060001,10.480000,20.150000,27.180000,20.654762,31.850000,,83.870003,115.900002,52.099998,1403497
2017-11-02,7.010000,54.540001,60.619999,490.200012,9.930000,257.589996,63.250000,42.689999,33.360001,10.620000,20.200001,27.370001,21.019344,31.280001,,83.529999,115.330002,52.480000,1374268
2017-11-03,7.150000,55.639999,62.070000,495.200012,9.140000,258.450012,63.580002,43.230000,33.419998,10.880000,20.799999,27.430000,21.264881,31.180000,,83.180000,114.989998,52.959999,1155602
2017-11-06,7.500000,57.349998,64.269997,518.599976,9.400000,258.850006,67.080002,45.080002,35.500000,11.240000,22.040001,27.410000,21.837797,33.919998,,83.750000,117.040001,53.669998,1701063
2017-11-07,7.360000,57.200001,63.689999,517.799988,9.890000,258.670013,66.430000,45.270000,35.099998,11.180000,21.600000,27.330000,21.793156,33.400002,,83.580002,117.239998,53.480000,1762379
2017-11-08,7.320000,56.810001,63.490002,517.400024,9.780000,259.109985,67.059998,45.119999,35.020000,11.450000,21.350000,26.879999,21.681547,32.840000,,83.470001,116.669998,53.520000,1699710
2017-11-09,7.460000,57.169998,63.930000,520.000000,10.500000,258.170013,66.889999,45.009998,34.549999,11.520000,21.340000,26.900000,21.845238,32.740002,,83.970001,117.239998,53.529999,1067737
2017-11-10,7.250000,56.740002,63.520000,515.599976,11.290000,258.089996,65.739998,44.580002,33.520000,11.580000,20.680000,26.570000,21.517857,32.950001,,82.940002,117.180000,52.990002,1217446
2017-11-13,6.870000,56.759998,63.160000,506.200012,11.500000,258.329987,65.040001,44.209999,33.060001,11.240000,20.200001,25.660000,21.130953,31.879999,,82.889999,117.230003,52.570000,1775838
2017-11-14,6.500000,55.700001,62.209999,486.399994,11.590000,257.730011,62.779999,42.939999,32.270000,10.710000,19.600000,24.910000,20.208332,30.510000,,82.239998,116.919998,51.230000,1428060
2017-11-15,6.360000,55.330002,61.869999,478.600006,13.130000,256.440002,61.549999,41.689999,31.940001,10.470000,19.440001,25.020000,19.717262,30.600000,,81.209999,116.449997,50.490002,1206358
2017-11-16,6.360000,55.139999,61.360001,475.600006,11.760000,258.619995,61.310001,41.509998,31.510000,10.230000,18.700001,25.040001,19.747025,30.150000,,80.559998,114.570000,50.220001,1387417
2017-11-17,6.740000,56.549999,62.720001,482.799988,11.430000,257.859985,61.959999,41.770000,32.020000,10.350000,19.080000,24.969999,19.806547,30.910000,,80.239998,114.709999,50.130001,1592938
2017-11-20,6.790000,56.090000,62.220001,480.200012,10.650000,258.299988,61.720001,41.570000,31.719999,10.170000,18.480000,25.030001,19.717262,30.440001,,80.550003,114.720001,50.080002,1263225
2017-11-21,6.850000,56.830002,62.570000,480.600006,9.730000,259.989990,61.880001,41.169998,31.799999,10.180000,18.520000,24.959999,19.791668,30.660000,,80.870003,115.169998,50.009998,1257591
2017-11-22,6.980000,58.020000,63.320000,485.799988,9.880000,259.760010,62.139999,41.430000,31.940001,10.240000,18.809999,24.680000,20.133928,30.709999,,81.099998,115.910004,50.220001,876932
2017-11-24,6.910000,58.950001,63.860001,484.600006,9.670000,260.359985,61.930000,41.580002,31.850000,10.070000,19.000000,24.420000,20.029762,30.799999,,81.419998,116.510002,50.470001,491958
2017-11-27,6.810000,58.110001,63.840000,477.399994,9.870000,260.230011,61.360001,41.070000,31.629999,9.870000,18.790001,25.000000,19.858631,30.309999,,81.110001,115.589996,49.160000,1493133
2017-11-28,6.760000,57.990002,63.610001,480.399994,10.030000,262.869995,62.290001,41.020000,32.130001,9.920000,18.910000,25.129999,20.461309,30.080000,,81.669998,116.449997,50.130001,1766569
2017-11-29,6.710000,57.299999,63.110001,482.399994,10.700000,262.709991,62.150002,41.299999,32.610001,9.920000,19.290001,25.500000,20.513393,29.980000,,82.269997,117.180000,50.730000,1031065
2017-11-30,6.650000,57.400002,63.570000,491.799988,11.280000,265.010010,62.849998,41.779999,33.549999,10.140000,19.540001,25.780001,21.309525,29.730000,,83.290001,118.989998,50.880001,1741451
2017-12-01,6.920000,58.360001,63.490002,508.000000,11.430000,264.459991,64.730003,43.060001,34.090000,10.830000,20.000000,26.680000,21.763393,30.700001,,83.459999,119.510002,51.740002,1873967
2017-12-04,6.790000,57.470001,62.450001,508.399994,11.680000,264.140015,64.599998,43.889999,33.980000,10.590000,20.139999,27.290001,21.510418,31.709999,,83.570000,120.839996,51.290001,849605
2017-12-05,6.650000,57.619999,62.860001,499.799988,11.330000,263.190002,63.450001,43.630001,33.169998,10.660000,19.270000,26.900000,21.011906,30.809999,,82.889999,120.389999,51.230000,1135864
2017-12-06,6.370000,55.959999,61.220001,487.799988,11.020000,263.239990,62.070000,43.380001,32.709999,10.110000,18.280001,26.480000,20.505953,30.510000,,82.279999,119.610001,50.380001,1422734
2017-12-07,6.350000,56.689999,62.200001,489.600006,10.160000,264.070007,62.070000,43.459999,32.400002,10.060000,18.430000,26.480000,20.223213,30.370001,,82.550003,119.629997,50.540001,2119878
2017-12-08,6.500000,57.360001,63.400002,495.200012,9.580000,265.510010,63.540001,43.990002,32.619999,9.910000,18.840000,26.910000,20.349703,30.260000,,82.660004,119.919998,51.570000,871898
2017-12-11,6.710000,57.990002,64.690002,504.200012,9.340000,266.309998,64.559998,45.160000,33.290001,9.980000,19.309999,25.049999,21.272322,30.590000,,83.029999,120.419998,51.689999,1450177
2017-12-12,6.840000,57.139999,63.340000,504.799988,9.920000,266.779999,64.180000,45.240002,33.139999,10.150000,19.260000,25.930000,21.406250,30.950001,,82.760002,119.680000,51.959999,1158176
2017-12-13,6.680000,56.599998,62.439999,497.799988,10.180000,266.750000,63.299999,44.759998,32.590000,9.820000,18.379999,25.070000,21.287203,30.330000,,83.120003,119.930000,51.680000,942986
2017-12-14,6.750000,57.040001,63.310001,490.000000,10.490000,265.660004,62.369999,44.410000,32.430000,9.510000,18.590000,24.660000,20.543156,30.590000,,82.900002,119.529999,52.310001,1050351
2017-12-15,6.630000,57.299999,63.230000,488.399994,9.420000,266.510010,62.090000,44.610001,33.060001,9.450000,18.420000,25.549999,20.409225,30.260000,,83.029999,119.730003,52.169998,3500373
2017-12-18,6.850000,57.160000,63.410000,486.600006,9.530000,268.200012,63.599998,45.480000,33.340000,9.490000,19.400000,25.340000,21.242559,31.030001,,82.940002,119.699997,52.340000,1749589
2017-12-19,6.870000,57.459999,63.799999,488.000000,10.030000,267.170013,64.389999,45.869999,33.619999,9.440000,19.370001,25.010000,21.346725,31.830000,,82.440002,119.839996,52.680000,2158370
2017-12-20,7.180000,58.090000,64.559998,500.000000,9.720000,267.029999,65.279999,47.419998,34.320000,9.700000,20.070000,24.990000,22.217262,32.740002,,82.870003,120.889999,54.250000,1135290
2017-12-21,7.640000,58.360001,64.900002,515.599976,9.620000,267.579987,67.860001,48.169998,35.549999,10.190000,20.549999,25.020000,22.916668,32.299999,,83.849998,124.820000,55.950001,1566978
2017-12-22,7.580000,58.470001,65.250000,514.400024,9.900000,267.510010,67.440002,48.009998,35.439999,10.360000,20.500000,24.660000,23.177082,32.230000,,83.970001,124.980003,55.500000,1027873
2017-12-26,7.660000,59.970001,67.019997,521.400024,10.250000,267.190002,67.610001,48.770000,35.619999,10.620000,20.850000,24.190001,23.348213,32.060001,,83.980003,125.980003,56.230000,773035
2017-12-27,7.550000,59.639999,66.440002,521.000000,10.470000,267.320007,67.919998,48.820000,35.279999,10.720000,20.610001,24.910000,23.422619,32.029999,,83.900002,125.550003,55.590000,699294
2017-12-28,7.540000,59.840000,66.720001,518.200012,10.180000,267.869995,67.459999,48.570000,35.490002,10.720000,20.830000,25.030001,23.363094,31.400000,,84.019997,125.580002,55.180000,714782
2017-12-29,7.540000,60.419998,66.599998,521.000000,11.040000,266.859985,67.389999,48.869999,36.020000,10.680000,21.139999,24.400000,23.296131,31.639999,,83.639999,125.190002,54.889999,810494
2018-01-02,7.640000,60.369999,66.570000,531.200012,9.770000,268.769989,69.519997,49.610001,36.799999,10.940000,21.680000,25.360001,23.705357,32.230000,,85.029999,127.580002,55.320000,1485005
2018-01-03,8.000000,61.630001,67.839996,544.400024,9.150000,270.470001,71.330002,50.500000,37.849998,11.170000,22.530001,26.180000,23.876488,33.529999,,86.699997,128.509995,56.340000,1234036
2018-01-04,8.180000,62.009998,68.070000,556.599976,9.220000,271.609985,73.099998,51.630001,38.430000,11.790000,23.040001,26.850000,24.099703,34.630001,,86.820000,128.110001,56.990002,921482
2018-01-05,8.120000,61.439999,67.620003,557.599976,9.220000,273.420013,73.599998,51.820000,38.220001,11.610000,23.150000,27.379999,24.174107,34.439999,,86.750000,127.900002,56.880001,1071219
2018-01-08,8.290000,61.730000,67.779999,567.599976,9.520000,273.920013,74.800003,52.290001,38.709999,11.860000,23.450001,28.400000,24.397322,34.509998,,87.139999,128.529999,57.459999,1653328
2018-01-09,8.190000,62.959999,68.820000,563.599976,10.080000,274.540009,74.900002,52.110001,38.240002,12.060000,22.969999,27.850000,24.092262,35.029999,,86.769997,127.839996,57.930000,1466975
2018-01-10,8.150000,63.570000,69.199997,565.599976,9.820000,274.119995,75.599998,52.470001,37.930000,11.830000,22.549999,28.450001,24.427082,35.470001,,86.080002,128.660004,57.650002,1094440
2018-01-11,8.340000,63.799999,69.260002,579.799988,9.880000,276.119995,77.050003,53.330002,38.840000,12.120000,23.059999,28.360001,25.305059,36.500000,,86.930000,132.570007,59.180000,1391749
2018-01-12,8.680000,64.300003,69.870003,583.400024,10.160000,277.920013,77.970001,53.139999,39.139999,12.200000,22.440001,28.799999,25.892857,37.200001,,87.519997,133.600006,60.049999,1587545
2018-01-16,8.220000,63.730000,69.150002,570.200012,11.660000,276.970001,77.169998,52.130001,38.470001,11.470000,22.129999,27.629999,24.843750,36.279999,,86.970001,132.009995,58.840000,2214426
2018-01-17,8.280000,63.970001,69.379997,573.799988,11.910000,279.609985,77.209999,52.849998,38.919998,11.610000,22.030001,27.660000,25.052082,36.290001,,88.000000,132.360001,59.860001,1137375
2018-01-18,8.030000,63.950001,69.309998,564.599976,12.220000,279.140015,76.370003,52.360001,37.910000,11.320000,21.820000,27.950001,24.665178,34.740002,,87.430000,131.589996,59.759998,1183475
2018-01-19,8.140000,63.369999,68.610001,569.799988,11.270000,280.410004,76.419998,53.009998,37.980000,11.600000,22.150000,27.990000,24.925594,34.740002,,87.150002,131.300003,59.750000,890880
2018-01-22,8.280000,63.490002,69.029999,587.400024,11.030000,282.690002,79.790001,56.400002,38.740002,11.930000,22.629999,28.000000,25.736607,35.549999,,88.250000,132.559998,60.669998,1043611
2018-01-23,8.400000,64.470001,69.959999,586.400024,11.100000,283.290009,79.209999,56.830002,38.730000,11.720000,22.680000,27.670000,25.632441,35.820000,,88.300003,131.020004,60.470001,910030
2018-01-24,8.270000,65.610001,70.529999,578.799988,11.470000,283.179993,78.180000,55.340000,38.290001,11.500000,22.290001,28.000000,25.781250,33.779999,,88.529999,131.389999,60.490002,1613811
2018-01-25,8.130000,65.510002,70.419998,573.400024,11.580000,283.299988,77.330002,55.200001,37.599998,11.320000,21.709999,27.530001,25.290178,32.310001,,88.370003,130.649994,59.480000,1608692
2018-01-26,8.080000,66.139999,70.519997,574.400024,11.080000,286.579987,77.610001,55.610001,37.709999,11.160000,21.830000,27.750000,25.372025,32.740002,,89.000000,131.190002,60.389999,783206
2018-01-29,7.800000,65.559998,69.459999,561.799988,13.840000,284.679993,76.379997,54.799999,36.730000,11.010000,21.030001,27.309999,24.613094,31.400000,,88.010002,128.479996,59.660000,856035
2018-01-30,7.650000,64.500000,69.019997,554.000000,14.790000,281.760010,74.540001,54.139999,36.590000,10.990000,20.700001,26.889999,24.151787,31.860001,,86.779999,125.230003,58.459999,708568
2018-01-31,7.530000,64.730003,69.050003,549.200012,13.540000,281.899994,73.580002,53.700001,36.680000,10.790000,20.680000,27.950001,24.151787,32.150002,,87.300003,125.349998,58.810001,904828
2018-02-01,7.550000,65.800003,69.080002,560.400024,13.470000,281.579987,75.510002,54.509998,37.430000,11.020000,20.889999,28.250000,24.813988,32.450001,,89.070000,125.570000,59.349998,3373564
2018-02-02,7.440000,65.449997,68.580002,536.599976,17.309999,275.450012,73.690002,52.189999,35.689999,10.320000,20.410000,27.150000,24.315475,31.049999,,84.529999,118.580002,57.720001,1591821
2018-02-05,7.070000,64.150002,67.620003,516.000000,37.320000,263.929993,71.349998,50.040001,33.849998,9.790000,19.719999,26.719999,23.683037,29.379999,,79.720001,112.620003,55.939999,1065012
2018-02-06,7.220000,63.389999,66.860001,523.799988,29.980000,269.130005,71.040001,50.630001,35.389999,10.000000,20.100000,26.450001,23.913691,29.219999,,78.349998,117.180000,55.939999,1691833
2018-02-07,6.980000,61.790001,65.510002,507.799988,27.730000,267.670013,69.750000,49.689999,34.049999,9.640000,19.320000,25.219999,22.678572,28.809999,,76.940002,115.290001,55.630001,915583
2018-02-08,6.670000,61.150002,64.809998,484.000000,33.459999,257.630005,67.400002,47.410000,32.639999,9.180000,18.459999,24.400000,21.651787,27.500000,,76.070000,112.300003,53.240002,1038965
2018-02-09,6.600000,59.200001,62.790001,476.799988,29.059999,261.500000,65.190002,46.700001,33.090000,9.360000,17.860001,25.510000,21.681547,26.500000,,75.779999,113.500000,52.020000,1411515
2018-02-12,6.820000,59.290001,62.590000,486.000000,25.610001,265.339996,66.839996,47.919998,33.709999,9.510000,18.350000,25.559999,22.090775,26.850000,,76.419998,113.980003,53.410000,1138425
2018-02-13,6.830000,59.189999,62.720001,479.600006,24.969999,266.000000,65.919998,47.389999,33.660000,9.220000,17.900000,25.360001,21.741072,25.940001,,76.300003,113.290001,53.320000,798823
2018-02-14,6.960000,60.599998,64.360001,486.799988,19.260000,269.589996,65.870003,47.869999,35.139999,9.300000,18.250000,25.150000,22.440475,26.420000,,76.459999,113.629997,55.509998,981271
2018-02-15,6.960000,61.340000,64.330002,484.000000,19.129999,273.029999,66.209999,46.889999,35.130001,9.230000,17.870001,25.100000,22.075893,26.139999,,76.209999,112.529999,54.540001,925201
2018-02-16,6.960000,61.680000,64.839996,487.600006,19.459999,273.109985,66.279999,47.500000,35.610001,9.090000,18.450001,25.240000,22.031250,26.530001,,76.540001,112.139999,54.650002,958687
2018-02-20,6.450000,61.900002,65.250000,484.399994,20.600000,271.399994,65.610001,47.160000,35.380001,9.090000,18.799999,25.120001,21.860119,26.440001,,75.750000,110.980003,54.840000,2162609
2018-02-21,6.300000,61.680000,65.419998,475.399994,20.020000,270.049988,64.400002,46.549999,34.959999,9.010000,18.709999,24.990000,21.644344,26.760000,,74.889999,109.059998,53.750000,1432236
2018-02-22,6.480000,62.770000,66.389999,486.399994,18.719999,270.399994,64.959999,47.130001,35.099998,9.360000,19.000000,25.770000,22.723213,28.040001,,75.860001,109.889999,54.910000,758276
2018-02-23,6.600000,63.549999,67.309998,498.399994,16.490000,274.709991,66.500000,48.450001,36.070000,9.700000,19.920000,25.990000,22.842262,28.030001,,77.529999,112.589996,57.049999,703908
2018-02-26,6.600000,63.910000,67.500000,499.200012,15.800000,277.899994,66.730003,48.230000,36.180000,9.670000,19.299999,25.469999,22.544643,27.629999,,78.839996,114.599998,56.590000,1843685
2018-02-27,6.360000,63.009998,66.629997,491.000000,18.590000,274.429993,66.910004,47.619999,36.259998,9.620000,18.709999,25.110001,22.127975,27.000000,,77.500000,113.610001,55.830002,940856
2018-02-28,5.960000,61.639999,65.779999,475.000000,19.850000,271.649994,65.639999,46.419998,35.090000,9.110000,18.379999,25.020000,21.443453,26.400000,,75.739998,111.919998,54.310001,1232968
2018-03-01,5.980000,60.990002,65.709999,476.799988,22.469999,267.700012,65.220001,46.029999,35.410000,9.360000,18.000000,24.980000,21.510418,27.129999,,75.199997,112.040001,53.880001,1139063
2018-03-02,6.090000,61.250000,64.370003,481.000000,19.590000,269.079987,65.470001,46.029999,36.080002,9.480000,18.160000,25.049999,21.436012,27.450001,,75.550003,111.639999,54.060001,762126
2018-03-05,6.300000,62.570000,65.540001,488.600006,18.730000,272.190002,66.160004,46.259998,36.369999,9.650000,18.820000,25.360001,22.172619,28.020000,,76.269997,113.150002,53.990002,639598
2018-03-06,6.250000,62.599998,65.790001,490.000000,18.360001,272.880005,66.629997,45.919998,36.700001,9.540000,18.780001,25.660000,22.306547,28.549999,,76.180000,113.650002,54.060001,728751
2018-03-07,6.180000,61.150002,64.339996,485.799988,17.760000,272.779999,66.230003,45.830002,36.509998,9.390000,18.330000,25.120001,22.061012,28.920000,,74.260002,113.839996,54.070000,761107
2018-03-08,6.230000,60.119999,63.610001,488.600006,16.540001,274.100006,66.739998,46.009998,36.639999,9.440000,18.780001,25.219999,22.172619,29.309999,,74.120003,113.349998,53.570000,662466
2018-03-09,6.450000,62.040001,65.489998,500.799988,14.640000,278.869995,68.779999,46.990002,37.720001,9.580000,19.100000,25.900000,22.901787,30.240000,,74.559998,117.220001,55.060001,1184412
2018-03-12,6.520000,61.360001,64.949997,501.399994,15.780000,278.519989,68.089996,46.919998,37.599998,9.900000,19.219999,25.879999,23.139881,30.790001,,75.239998,116.790001,54.740002,630835
2018-03-13,6.530000,60.709999,64.639999,494.000000,16.350000,276.720001,67.139999,46.099998,37.310001,9.790000,18.820000,25.850000,22.574406,30.350000,,74.529999,116.459999,53.959999,862453
2018-03-14,6.050000,60.959999,64.889999,493.000000,17.230000,275.299988,66.430000,46.240002,37.389999,9.780000,19.139999,25.830000,22.418156,30.600000,,73.599998,115.129997,53.959999,7235890
2018-03-15,6.020000,61.189999,65.120003,481.000000,16.590000,275.000000,65.349998,45.290001,36.259998,9.540000,18.240000,24.930000,21.711309,29.889999,,74.419998,115.580002,54.029999,2887201
2018-03-16,6.140000,62.340000,66.209999,490.600006,15.800000,274.200012,66.099998,45.910000,36.889999,9.880000,19.260000,26.020000,22.187500,30.920000,,75.120003,115.400002,54.930000,3108092
2018-03-19,5.950000,62.060001,66.050003,480.399994,19.020000,270.489990,64.699997,44.680000,36.369999,9.640000,18.770000,26.040001,21.815475,30.570000,,74.150002,113.889999,53.570000,1349004
2018-03-20,5.960000,63.400002,67.419998,483.600006,18.200001,270.950012,65.559998,45.490002,36.790001,9.690000,19.010000,26.940001,22.098213,29.850000,,73.989998,114.500000,54.700001,814760
2018-03-21,6.280000,65.169998,69.470001,505.399994,17.860001,270.429993,67.739998,47.110001,38.040001,10.410000,20.120001,27.540001,22.700893,30.959999,,75.040001,117.040001,57.040001,1550418
2018-03-22,6.070000,64.300003,68.910004,487.600006,23.340000,263.670013,65.519997,46.380001,37.180000,10.030000,19.170000,29.070000,21.860119,29.780001,,73.500000,113.699997,56.500000,2548504
2018-03-23,5.990000,65.879997,70.449997,482.799988,24.870001,258.049988,64.139999,46.439999,37.180000,10.180000,19.330000,28.570000,21.867559,29.200001,,72.889999,112.980003,57.740002,1716047
2018-03-26,6.030000,65.550003,70.120003,486.399994,21.030001,265.109985,64.459999,47.209999,37.900002,10.060000,19.580000,28.809999,22.299107,29.910000,,74.000000,115.349998,59.080002,2880825
2018-03-27,5.820000,65.250000,70.110001,476.600006,22.500000,260.600006,64.480003,46.880001,36.919998,9.850000,18.770000,28.840000,21.577381,29.200001,,73.699997,114.660004,59.139999,1869323
2018-03-28,5.730000,64.379997,69.529999,467.000000,22.870001,259.829987,63.209999,46.049999,35.930000,9.760000,17.920000,28.889999,21.346725,28.070000,,72.809998,112.099998,58.730000,1433445
2018-03-29,5.790000,64.940002,70.269997,477.399994,19.969999,263.149994,64.779999,46.939999,36.810001,9.900000,18.540001,28.610001,21.912203,27.770000,,74.610001,114.040001,59.290001,1800965
2018-04-02,5.520000,63.009998,67.639999,466.000000,23.620001,257.470001,63.480000,46.090000,35.880001,9.630000,17.950001,28.629999,21.436012,27.770000,,73.220001,112.239998,58.090000,1355308
2018-04-03,5.590000,63.509998,68.120003,475.799988,21.100000,260.769989,64.790001,46.799999,36.660000,9.810000,18.480000,29.510000,21.793156,28.920000,,75.019997,114.830002,60.029999,1364139
2018-04-04,5.860000,63.369999,68.019997,476.399994,20.059999,263.559998,64.809998,46.779999,36.560001,9.590000,18.600000,29.500000,21.465775,29.959999,,74.870003,114.480003,59.560001,1720074
2018-04-05,6.090000,63.540001,68.330002,488.799988,18.940001,265.640015,65.769997,47.680000,37.230000,9.980000,19.180000,30.500000,22.202381,29.709999,,76.019997,117.290001,60.459999,1474981
2018-04-06,5.910000,62.060001,67.110001,478.000000,21.490000,259.720001,64.360001,47.000000,36.990002,9.720000,18.570000,30.430000,21.465775,29.580000,,74.870003,114.760002,59.259998,1213549
2018-04-09,5.710000,63.419998,68.650002,476.399994,21.770000,261.000000,64.260002,46.560001,36.250000,9.900000,18.610001,30.500000,21.153275,29.400000,,74.870003,115.980003,60.619999,1204178
2018-04-10,6.100000,65.510002,71.040001,502.000000,20.469999,265.149994,66.709999,48.820000,38.080002,10.510000,19.540001,31.879999,22.641369,30.889999,,77.070000,118.849998,62.340000,1731155
2018-04-11,6.380000,66.820000,72.059998,516.000000,20.240000,263.760010,67.550003,49.590000,39.430000,11.180000,20.340000,32.430000,23.333332,31.219999,,77.430000,119.250000,63.230000,989187
2018-04-12,6.390000,67.070000,72.019997,521.599976,18.490000,265.929993,67.559998,50.209999,40.639999,11.100000,20.510000,32.290001,24.062500,32.130001,,77.220001,119.230003,63.240002,665197
2018-04-13,6.330000,67.389999,72.580002,525.799988,17.410000,265.149994,67.949997,50.779999,40.919998,11.590000,20.450001,32.549999,24.092262,32.570000,,77.839996,119.919998,64.900002,776347
2018-04-16,6.270000,66.220001,71.419998,525.599976,16.559999,267.329987,68.519997,50.759998,37.980000,11.820000,20.040001,31.580000,24.077381,32.840000,,78.540001,120.699997,65.730003,1316736
2018-04-17,6.240000,66.519997,71.580002,527.400024,15.250000,270.190002,68.660004,50.889999,37.590000,12.010000,19.620001,32.259998,24.181547,32.810001,,78.330002,121.459999,66.510002,992389
2018-04-18,6.490000,68.470001,73.480003,541.599976,15.600000,270.390015,70.339996,52.090000,38.320000,12.430000,20.170000,32.820000,24.724703,33.759998,,79.220001,123.820000,66.419998,2407456
2018-04-19,6.480000,68.290001,73.779999,540.599976,15.960000,268.890015,70.279999,52.009998,38.580002,12.540000,20.100000,32.570000,24.799107,33.709999,,79.419998,123.709999,66.309998,1139109
2018-04-20,6.490000,68.379997,74.059998,536.799988,16.879999,266.609985,69.230003,51.959999,38.250000,12.340000,20.080000,33.520000,24.464287,33.990002,,79.000000,122.309998,65.790001,1209113
2018-04-23,6.250000,68.639999,74.709999,540.599976,16.340000,266.570007,68.910004,52.049999,38.380001,12.480000,20.510000,34.259998,24.925594,34.950001,,79.570000,123.580002,65.480003,1553841
2018-04-24,7.050000,67.699997,73.860001,536.400024,18.020000,262.980011,68.279999,51.369999,37.970001,12.450000,20.600000,33.709999,24.843750,34.630001,,78.349998,122.540001,65.309998,4397885
2018-04-25,7.580000,68.050003,74.000000,541.000000,17.840000,263.630005,69.099998,51.750000,38.279999,12.550000,21.420000,33.930000,24.970238,35.110001,,79.500000,122.720001,65.059998,3809083
2018-04-26,7.920000,68.190002,74.739998,547.599976,16.240000,266.309998,69.470001,52.599998,38.630001,12.480000,20.990000,34.320000,24.977678,35.980000,,80.860001,124.220001,66.970001,4237603
2018-04-27,7.860000,68.099998,74.639999,544.400024,15.410000,266.559998,69.080002,52.830002,38.860001,12.420000,21.420000,35.060001,24.799107,36.000000,,77.790001,126.620003,64.949997,2682241
2018-04-30,7.720000,68.570000,75.169998,542.799988,15.930000,264.510010,68.559998,52.990002,38.669998,12.370000,21.240000,34.259998,24.523809,36.110001,,77.750000,125.110001,65.500000,1836434
2018-05-01,7.540000,67.250000,75.169998,538.200012,15.490000,264.980011,68.400002,52.439999,38.509998,12.030000,20.830000,33.740002,24.382441,35.639999,,76.949997,124.860001,65.709999,3541084
2018-05-02,7.780000,67.930000,73.360001,543.000000,15.970000,263.200012,68.660004,52.639999,38.419998,11.970000,21.160000,34.540001,24.642857,35.599998,,76.800003,125.489998,65.449997,1747606
2018-05-03,7.540000,68.430000,73.620003,537.400024,15.900000,262.619995,67.720001,52.310001,38.380001,11.680000,20.879999,33.439999,24.375000,35.599998,,76.540001,126.010002,65.989998,1168703
2018-05-04,7.650000,69.720001,74.870003,544.000000,14.770000,266.019989,68.790001,52.189999,38.500000,12.080000,21.680000,33.580002,24.732143,36.000000,,76.900002,125.529999,66.860001,842102
2018-05-07,7.690000,70.730003,76.169998,546.599976,14.750000,266.920013,69.209999,52.029999,38.599998,12.250000,21.639999,33.200001,24.404762,35.630001,,77.739998,124.940002,66.769997,1210258
2018-05-08,7.770000,69.059998,74.849998,551.799988,14.710000,266.920013,69.540001,51.869999,39.119999,12.410000,22.209999,33.840000,24.330357,36.029999,,78.089996,126.570000,67.739998,1037315
2018-05-09,8.080000,71.139999,77.209999,562.599976,13.420000,269.500000,70.879997,52.700001,40.369999,13.100000,23.400000,34.950001,24.933037,36.369999,,79.930000,128.720001,68.699997,1798830
2018-05-10,8.090000,71.360001,77.470001,563.400024,13.230000,272.019989,71.120003,52.709999,40.610001,13.420000,23.590000,35.090000,23.549107,36.180000,,81.720001,128.820007,69.339996,971763
2018-05-11,8.000000,70.699997,77.120003,560.799988,12.650000,272.850006,71.080002,52.279999,40.650002,13.020000,23.450001,34.250000,23.816963,35.759998,,81.279999,129.839996,69.440002,570827
2018-05-14,7.960000,70.959999,78.230003,564.000000,12.930000,272.980011,71.599998,52.500000,41.060001,13.350000,23.299999,33.900002,23.616072,35.680000,,81.830002,130.389999,69.589996,1600995
2018-05-15,8.000000,71.309998,78.430000,568.799988,14.630000,271.100006,71.599998,52.720001,41.389999,13.390000,23.770000,31.480000,23.787203,36.070000,,81.790001,129.740005,70.089996,631522
2018-05-16,8.070000,71.489998,79.279999,578.000000,13.420000,272.239990,73.110001,52.970001,42.169998,13.600000,23.870001,31.400000,24.687500,36.849998,,82.019997,129.559998,69.849998,908208
2018-05-17,8.300000,71.489998,79.300003,589.200012,13.430000,272.010010,74.430000,54.369999,42.930000,13.710000,24.260000,31.500000,25.260418,36.639999,,81.879997,129.460007,70.660004,1019092
2018-05-18,8.400000,71.279999,78.510002,585.599976,13.420000,271.329987,74.290001,54.320000,43.419998,13.630000,24.490000,31.270000,25.438988,35.869999,,81.300003,127.860001,69.550003,2451883
2018-05-21,8.210000,72.239998,79.220001,590.200012,13.080000,273.369995,75.029999,54.400002,44.110001,13.750000,24.629999,31.379999,25.305059,36.290001,,82.279999,129.369995,70.660004,1138911
2018-05-22,8.050000,72.129997,79.570000,579.400024,13.220000,272.609985,73.730003,53.240002,43.689999,13.550000,23.879999,31.440001,24.694941,36.400002,,81.639999,128.229996,70.129997,858095
2018-05-23,7.800000,71.839996,79.800003,573.599976,12.580000,273.359985,73.449997,52.919998,42.900002,13.380000,23.719999,31.360001,24.233631,36.040001,,82.150002,128.699997,69.120003,714266
2018-05-24,7.750000,70.709999,78.790001,563.400024,12.530000,272.799988,71.220001,52.270000,42.310001,13.060000,23.950001,30.059999,23.705357,35.669998,,80.269997,126.610001,68.449997,1016261
2018-05-25,7.550000,67.879997,76.440002,542.000000,13.220000,272.149994,68.599998,50.189999,41.259998,12.260000,22.910000,29.280001,23.236607,34.700001,,78.709999,122.190002,65.470001,927658
2018-05-29,7.480000,66.730003,75.389999,539.400024,17.020000,269.019989,68.070000,49.759998,41.310001,12.140000,23.200001,28.629999,22.849703,34.869999,,78.419998,121.389999,65.709999,1024386
2018-05-30,7.700000,68.209999,77.500000,552.799988,14.940000,272.609985,69.480003,50.410000,41.869999,12.570000,23.959999,29.260000,23.750000,35.689999,,81.500000,125.160004,68.050003,968439
2018-05-31,7.600000,67.040001,77.589996,543.000000,15.430000,270.940002,68.669998,49.740002,41.419998,12.650000,23.830000,28.969999,23.177082,34.590000,,81.239998,124.300003,67.389999,536761
2018-06-01,7.620000,65.809998,77.589996,541.200012,13.460000,273.600006,68.959999,49.080002,41.849998,12.860000,23.670000,29.559999,23.690475,34.930000,,81.830002,123.849998,68.290001,910623
2018-06-04,7.390000,64.750000,75.290001,533.200012,12.740000,274.899994,69.070000,47.950001,41.770000,12.510000,23.430000,31.100000,23.154762,32.669998,,80.970001,122.260002,67.900002,1216981
2018-06-05,7.590000,65.519997,75.379997,536.599976,12.400000,275.100006,68.459999,47.869999,42.049999,12.650000,23.680000,30.010000,23.273809,33.610001,,80.680000,122.730003,67.559998,1227833
2018-06-06,7.640000,64.730003,75.360001,540.000000,11.640000,277.399994,68.889999,48.299999,42.250000,12.930000,23.809999,30.370001,23.697918,34.639999,,82.059998,123.379997,67.879997,2407195
2018-06-07,8.130000,65.949997,77.320000,551.000000,12.130000,277.369995,69.599998,48.930000,42.869999,13.480000,24.520000,31.440001,24.650297,34.689999,,82.879997,126.959999,69.480003,2044270
2018-06-08,7.810000,65.739998,76.459999,541.400024,12.180000,278.190002,69.430000,48.099998,42.580002,12.960000,24.280001,31.600000,24.255953,34.700001,,83.599998,126.440002,69.430000,885546
2018-06-11,7.660000,66.099998,76.459999,540.000000,12.350000,278.559998,69.870003,47.860001,42.160000,12.860000,24.610001,30.530001,24.427082,34.150002,,83.099998,127.559998,70.489998,1063770
2018-06-12,7.650000,66.360001,75.879997,535.200012,12.340000,278.920013,68.599998,47.860001,42.270000,12.430000,24.530001,29.770000,24.382441,34.540001,,82.419998,127.080002,69.430000,973117
2018-06-13,7.560000,66.639999,76.739998,532.599976,12.940000,278.029999,67.970001,47.669998,42.299999,12.350000,24.100000,29.330000,23.921131,34.060001,,81.510002,127.070000,69.620003,1052986
2018-06-14,7.420000,66.889999,75.940002,529.799988,12.120000,278.730011,68.330002,47.730000,42.160000,12.310000,23.790001,29.280001,23.928572,33.680000,,81.889999,126.510002,68.129997,743635
2018-06-15,7.180000,65.059998,73.440002,515.799988,11.980000,277.130005,66.830002,46.599998,41.480000,11.920000,22.660000,28.240000,23.095238,32.570000,,80.660004,124.040001,65.360001,2700446
2018-06-18,7.330000,65.849998,75.339996,518.200012,12.310000,276.559998,67.040001,46.619999,42.220001,12.160000,23.610001,28.870001,23.430059,32.540001,,80.820000,125.970001,66.599998,1359448
2018-06-19,7.400000,65.070000,75.080002,516.000000,13.350000,275.500000,65.699997,46.110001,42.189999,12.280000,23.730000,28.730000,23.415178,32.750000,,80.699997,125.540001,66.260002,686081
2018-06-20,7.420000,66.220001,74.739998,517.200012,12.790000,275.970001,65.550003,45.709999,42.349998,12.500000,23.950001,28.900000,23.251488,33.070000,,80.449997,125.290001,67.470001,365103
2018-06-21,7.160000,65.540001,73.050003,506.000000,14.640000,274.239990,64.790001,44.919998,41.689999,11.940000,23.459999,27.459999,22.886906,32.320000,,79.690002,122.589996,65.110001,583040
2018-06-22,7.630000,68.580002,75.550003,523.599976,13.770000,274.739990,66.580002,46.220001,42.599998,12.700000,24.639999,28.520000,24.062500,32.720001,,81.379997,125.099998,67.779999,1675384
2018-06-25,7.520000,68.080002,74.730003,510.000000,17.330000,271.000000,65.430000,45.240002,41.330002,12.260000,23.490000,28.309999,23.444941,32.439999,,79.739998,122.610001,66.139999,1707179
2018-06-26,7.650000,70.529999,76.309998,515.799988,15.920000,271.600006,66.019997,45.340000,41.919998,12.490000,24.129999,29.700001,23.400297,33.130001,,80.639999,124.160004,67.339996,1853989
2018-06-27,8.260000,72.760002,77.620003,528.799988,17.910000,269.350006,66.809998,45.840000,42.790001,13.300000,24.900000,29.670000,23.891369,33.599998,,81.709999,126.000000,68.739998,2820825
2018-06-28,8.450000,73.449997,77.849998,527.000000,16.850000,270.890015,67.010002,45.630001,43.200001,13.400000,25.230000,29.170000,23.430059,32.950001,,81.970001,125.660004,68.410004,2781920
2018-06-29,8.330000,74.150002,79.440002,525.400024,16.090000,271.279999,67.029999,45.060001,43.400002,13.440000,25.459999,28.930000,23.616072,33.029999,,82.730003,126.430000,69.620003,5086392
2018-07-02,8.100000,73.940002,77.300003,511.000000,15.600000,271.859985,65.209999,44.470001,42.750000,13.030000,24.980000,29.200001,22.819941,32.939999,,81.760002,124.250000,68.589996,4091131
2018-07-03,8.060000,74.139999,77.760002,515.200012,16.139999,270.899994,65.839996,44.529999,43.150002,13.080000,25.590000,29.850000,23.125000,33.290001,,82.239998,124.730003,69.559998,456266
2018-07-05,7.970000,72.940002,77.389999,515.599976,14.970000,273.109985,66.430000,44.450001,43.580002,13.060000,25.870001,30.150000,22.626488,33.250000,,82.309998,123.980003,68.930000,702147
2018-07-06,8.010000,73.800003,77.110001,523.200012,13.370000,275.420013,67.029999,44.930000,44.259998,13.180000,26.340000,30.410000,22.797619,33.669998,,82.330002,124.139999,69.650002,752847
2018-07-09,8.380000,73.849998,78.070000,536.799988,12.690000,277.899994,68.339996,45.830002,45.000000,13.750000,26.730000,31.370001,23.318453,34.439999,,82.900002,125.989998,71.000000,1419269
2018-07-10,8.570000,74.110001,78.860001,542.000000,12.640000,278.899994,69.489998,46.259998,45.330002,14.080000,26.930000,31.900000,23.697918,34.270000,,83.660004,127.589996,71.739998,1095529
2018-07-11,8.440000,70.379997,73.400002,527.200012,13.630000,276.859985,68.339996,45.099998,44.490002,13.550000,25.900000,30.959999,22.819941,32.919998,,82.589996,123.519997,70.050003,1325001
2018-07-12,8.410000,70.330002,74.449997,524.000000,12.580000,279.369995,67.470001,44.919998,44.240002,13.520000,25.680000,30.290001,22.968750,32.770000,,82.690002,124.260002,71.449997,849394
2018-07-13,8.530000,71.010002,75.330002,526.200012,12.180000,279.589996,68.080002,45.349998,44.240002,13.470000,26.350000,30.620001,23.020832,32.630001,,83.309998,124.040001,72.000000,1228093
2018-07-16,8.560000,68.059998,71.839996,520.000000,12.830000,279.339996,67.419998,44.959999,43.849998,13.100000,26.309999,30.660000,22.752975,32.330002,,82.489998,122.980003,70.580002,811501
2018-07-17,8.650000,68.080002,72.160004,517.599976,12.060000,280.470001,66.739998,45.060001,43.700001,12.720000,26.600000,31.309999,22.812500,32.639999,,82.309998,121.910004,70.279999,884545
2018-07-18,8.630000,68.760002,72.900002,515.799988,12.100000,281.059998,67.059998,44.799999,43.250000,12.820000,26.430000,31.330000,23.028275,32.549999,,82.220001,121.529999,70.349998,945461
2018-07-19,8.610000,69.459999,72.580002,512.599976,12.870000,280.000000,66.919998,44.959999,43.189999,12.680000,26.850000,31.590000,22.395832,31.780001,,82.010002,121.669998,69.690002,804114
2018-07-20,8.710000,70.459999,73.070000,509.600006,12.860000,279.679993,66.089996,45.200001,43.099998,12.710000,26.480000,31.490000,22.455357,32.000000,,81.400002,122.269997,70.010002,1089854
2018-07-23,8.750000,67.889999,73.059998,498.000000,12.620000,280.200012,65.739998,41.540001,42.529999,12.640000,26.600000,31.690001,22.247025,32.500000,,81.400002,121.330002,69.980003,1268065
2018-07-24,8.990000,68.519997,73.440002,497.000000,12.410000,281.609985,65.519997,40.349998,42.299999,12.670000,26.610001,32.490002,22.276787,32.990002,,83.010002,123.849998,70.849998,2390198
2018-07-25,9.260000,69.300003,73.930000,497.600006,12.290000,284.010010,65.779999,39.820000,42.320000,12.850000,26.870001,32.820000,22.224703,33.270000,,83.589996,124.900002,71.510002,2558322
2018-07-26,9.850000,69.610001,74.540001,506.200012,12.140000,283.339996,66.860001,41.310001,42.520000,13.010000,26.070000,33.090000,23.184525,34.020000,,84.239998,123.949997,71.800003,3150499
2018-07-27,9.940000,68.690002,74.290001,513.000000,13.030000,281.420013,67.040001,41.799999,46.910000,12.910000,26.030001,33.439999,24.174107,34.730000,,81.919998,125.970001,71.449997,2504647
2018-07-30,10.270000,70.129997,74.970001,521.799988,14.260000,279.950012,67.580002,42.290001,48.099998,13.380000,27.290001,33.590000,24.799107,34.689999,,81.739998,127.830002,72.269997,3048588
2018-07-31,10.010000,68.760002,74.250000,519.799988,12.830000,281.329987,67.519997,42.419998,48.619999,12.870000,27.360001,34.330002,24.218750,34.580002,,81.510002,126.269997,72.169998,2173566
2018-08-01,9.990000,67.660004,74.250000,515.799988,13.150000,280.859985,66.660004,42.060001,47.419998,12.680000,26.809999,33.279999,24.002975,34.270000,,80.389999,125.389999,71.809998,1740547
2018-08-02,9.490000,68.959999,73.449997,511.799988,12.190000,282.390015,65.940002,41.910000,47.380001,12.810000,26.520000,31.980000,23.556547,33.939999,,79.910004,123.760002,71.559998,2218731
2018-08-03,9.290000,68.489998,73.209999,510.000000,11.640000,283.600006,65.889999,42.049999,47.029999,12.930000,26.280001,32.139999,23.221725,33.880001,,80.199997,124.050003,71.290001,1138200
2018-08-06,9.360000,69.010002,73.750000,509.799988,11.270000,284.640015,65.739998,41.959999,46.500000,12.960000,26.360001,32.259998,23.005953,34.900002,,80.180000,124.300003,71.730003,1862540
2018-08-07,9.290000,69.169998,74.650002,514.400024,10.930000,285.579987,66.680000,42.029999,46.630001,13.080000,26.469999,32.490002,23.244047,35.180000,,81.269997,125.180000,72.900002,2343606
2018-08-08,9.290000,66.940002,72.279999,513.400024,10.850000,285.459991,66.410004,42.029999,46.410000,12.930000,26.420000,33.070000,22.879463,35.049999,,80.730003,123.879997,71.389999,1045353
2018-08-09,9.340000,66.809998,72.070000,503.799988,11.270000,285.070007,65.400002,41.509998,45.650002,12.410000,26.129999,32.680000,22.313988,34.669998,,80.320000,122.529999,71.750000,961439
2018-08-10,9.430000,67.629997,72.809998,509.600006,13.160000,283.160004,66.040001,41.939999,45.840000,12.560000,26.379999,33.119999,22.321428,34.750000,,79.419998,123.339996,71.940002,1263021
2018-08-13,9.060000,67.199997,72.610001,496.399994,14.780000,282.100006,64.970001,40.849998,45.000000,11.510000,25.799999,31.570000,21.748512,34.119999,,78.559998,122.440002,71.070000,887794
2018-08-14,9.220000,67.040001,72.459999,496.000000,13.310000,283.899994,64.800003,40.669998,45.200001,11.560000,26.230000,32.360001,21.495537,33.930000,,78.309998,122.580002,72.150002,710627
2018-08-15,8.860000,65.010002,70.760002,474.000000,14.640000,281.779999,62.290001,39.700001,43.720001,10.700000,25.459999,30.219999,20.535713,31.809999,,76.940002,117.940002,67.820000,886272
2018-08-16,8.920000,65.459999,71.430000,476.200012,13.450000,284.059998,62.490002,39.770000,43.750000,10.650000,25.629999,29.870001,20.758928,31.580000,,78.000000,117.660004,69.410004,738604
2018-08-17,8.940000,65.910004,71.830002,480.399994,12.640000,285.059998,62.830002,39.970001,43.840000,10.760000,25.410000,30.230000,20.855656,31.010000,,78.260002,117.800003,69.769997,768605
2018-08-20,8.970000,66.430000,72.209999,486.600006,12.490000,285.670013,63.500000,40.400002,44.169998,11.190000,25.940001,30.879999,21.086309,32.009998,,78.809998,117.750000,70.519997,1513594
2018-08-21,9.060000,67.349998,72.629997,494.799988,12.860000,286.339996,64.760002,40.910000,44.630001,11.330000,26.830000,31.030001,21.778275,32.290001,,78.830002,117.940002,70.889999,1320968
2018-08-22,9.160000,67.860001,74.779999,502.200012,12.250000,286.170013,65.089996,41.200001,45.189999,11.630000,27.299999,31.389999,22.261906,32.520000,,79.959999,118.919998,72.000000,788503
2018-08-23,9.120000,67.830002,74.730003,498.600006,12.410000,285.790009,64.650002,40.830002,44.740002,11.740000,27.190001,31.360001,22.336309,32.310001,,79.080002,118.099998,72.050003,482304
2018-08-24,9.210000,68.720001,75.820000,502.200012,11.990000,287.510010,65.250000,40.810001,44.779999,11.780000,27.590000,31.520000,22.529762,32.779999,,79.620003,119.010002,72.610001,588697
2018-08-27,9.190000,68.870003,76.209999,505.399994,12.160000,289.779999,64.849998,41.009998,45.939999,11.880000,28.299999,31.200001,22.901787,33.279999,,80.400002,120.349998,72.839996,465149
2018-08-28,9.020000,68.529999,75.949997,501.000000,12.500000,289.920013,64.070000,40.669998,46.410000,11.790000,28.100000,31.010000,22.775297,33.410000,,80.279999,119.860001,72.050003,569572
2018-08-29,9.290000,69.510002,77.139999,505.000000,12.250000,291.480011,64.489998,40.720001,47.160000,12.200000,28.490000,32.480000,22.961309,34.000000,,80.860001,120.220001,73.540001,825791
2018-08-30,9.190000,70.250000,77.769997,499.000000,13.530000,290.299988,64.339996,40.220001,47.180000,12.180000,28.280001,32.189999,22.961309,33.980000,,80.510002,119.809998,73.559998,440796
2018-08-31,9.360000,69.800003,77.419998,494.200012,12.860000,290.309998,63.160000,39.889999,47.070000,12.110000,28.270000,32.000000,22.790178,32.970001,,80.169998,118.459999,73.430000,589617
2018-09-04,9.530000,69.870003,78.169998,487.000000,13.160000,289.809998,61.919998,39.480000,46.430000,11.300000,28.070000,31.990000,22.485119,32.380001,,80.290001,118.870003,73.110001,1070666
2018-09-05,9.290000,68.720001,77.269997,475.000000,13.910000,289.029999,61.020000,37.130001,46.259998,11.200000,27.350000,31.860001,21.867559,31.670000,,81.360001,118.919998,73.000000,689864
2018-09-06,8.820000,67.769997,76.500000,467.600006,14.650000,288.160004,60.209999,36.860001,45.060001,10.830000,26.510000,30.719999,21.212797,30.990000,,80.459999,115.230003,70.540001,876470
2018-09-07,8.870000,67.750000,76.830002,464.000000,14.880000,287.600006,59.700001,36.799999,44.240002,10.850000,26.400000,30.790001,21.361607,31.420000,,81.830002,114.599998,70.220001,854880
2018-09-10,9.100000,67.540001,77.370003,465.200012,14.160000,288.100006,59.980000,36.689999,43.650002,10.880000,26.370001,30.360001,21.436012,31.930000,,81.709999,114.480003,71.150002,788041
2018-09-11,9.100000,69.250000,79.059998,474.799988,13.220000,289.049988,60.320000,37.349998,44.380001,11.050000,26.500000,30.570000,21.912203,32.590000,,82.860001,115.019997,71.470001,690684
2018-09-12,9.150000,70.370003,79.739998,484.200012,13.140000,289.119995,60.820000,38.139999,44.750000,11.430000,26.770000,31.350000,22.321428,32.400002,,83.129997,115.790001,71.970001,984197
2018-09-13,8.890000,68.589996,78.180000,481.399994,12.370000,290.829987,61.020000,38.430000,44.259998,11.500000,26.100000,30.780001,22.090775,32.279999,,82.320000,116.300003,72.550003,714274
2018-09-14,9.010000,68.989998,78.089996,484.200012,12.070000,290.880005,61.230000,38.630001,44.299999,11.750000,25.760000,31.150000,22.418156,31.559999,,82.919998,117.379997,73.500000,1449172
2018-09-17,9.080000,68.910004,78.050003,479.799988,13.680000,289.339996,60.970001,38.709999,44.110001,11.590000,25.400000,31.180000,22.247025,31.610001,,83.410004,117.510002,74.239998,1497708
2018-09-18,9.300000,69.849998,79.029999,488.000000,12.790000,290.910004,60.990002,39.160000,44.549999,11.930000,25.120001,31.150000,22.991072,32.250000,,83.629997,118.129997,75.040001,1552682
2018-09-19,9.600000,71.120003,79.400002,494.399994,11.750000,291.220001,61.230000,40.060001,44.450001,12.360000,25.730000,31.070000,23.020832,32.869999,,84.629997,119.510002,75.529999,1269323
2018-09-20,9.790000,70.800003,78.699997,497.000000,11.800000,293.579987,61.570000,40.389999,42.900002,12.630000,26.450001,31.090000,23.214287,32.459999,,84.820000,119.419998,75.360001,1320480
2018-09-21,9.740000,70.779999,78.800003,500.799988,11.680000,291.989990,61.130001,40.709999,43.150002,13.540000,27.260000,31.100000,23.214287,32.900002,,85.169998,121.129997,76.279999,2473318
2018-09-24,9.730000,72.080002,81.199997,506.000000,12.200000,291.019989,61.599998,41.060001,43.500000,13.780000,27.730000,31.240000,23.630953,32.840000,,86.599998,122.620003,77.059998,981081
2018-09-25,9.610000,72.279999,81.870003,513.200012,12.420000,290.750000,62.529999,41.360001,43.439999,13.970000,28.270000,31.400000,24.211309,33.470001,,86.500000,123.370003,78.110001,653487
2018-09-26,9.490000,71.570000,81.339996,504.000000,12.890000,289.880005,60.880001,41.080002,42.980000,13.530000,27.410000,31.209999,23.973213,33.820000,,85.779999,121.949997,77.279999,630349
2018-09-27,9.550000,72.120003,81.720001,504.399994,12.410000,290.690002,61.169998,40.590000,43.040001,13.800000,27.889999,31.030001,23.266369,33.830002,,85.769997,122.470001,77.519997,539553
2018-09-28,9.880000,73.250000,82.720001,503.799988,12.120000,290.720001,60.919998,40.529999,43.080002,13.950000,27.600000,31.190001,23.251488,33.830002,,85.019997,122.279999,77.400002,1165680
2018-10-01,9.880000,75.300003,84.980003,509.200012,12.000000,291.730011,61.590000,41.049999,43.980000,14.110000,27.240000,31.500000,23.221725,32.980000,,85.809998,124.389999,79.889999,947544
2018-10-02,9.920000,75.230003,84.800003,510.000000,12.050000,291.559998,61.889999,41.709999,44.400002,13.980000,26.980000,31.510000,23.080357,32.250000,,86.459999,124.739998,78.279999,1664115
2018-10-03,10.120000,76.410004,86.290001,515.599976,11.610000,291.720001,62.619999,41.799999,44.610001,14.090000,27.400000,31.940001,23.206844,32.029999,,86.150002,125.309998,78.570000,1132747
2018-10-04,10.100000,74.330002,84.580002,511.799988,14.220000,289.440002,62.849998,41.889999,45.279999,13.730000,27.070000,31.969999,22.790178,32.349998,,85.580002,124.949997,78.279999,1412694
2018-10-05,10.210000,74.339996,84.160004,512.599976,14.820000,287.820007,63.000000,42.000000,44.619999,13.660000,26.690001,31.150000,22.425594,31.900000,,85.339996,125.330002,78.389999,1057112
2018-10-08,10.310000,74.290001,83.910004,514.400024,15.690000,287.820007,62.939999,42.009998,44.340000,13.970000,26.590000,31.629999,22.492559,31.889999,,86.129997,124.839996,78.279999,653686
2018-10-09,10.780000,74.959999,85.000000,520.400024,15.950000,287.399994,63.110001,42.139999,45.450001,14.180000,27.049999,34.889999,22.983631,32.630001,,86.510002,126.820000,79.400002,2062417
2018-10-10,10.180000,73.169998,83.089996,495.000000,22.959999,278.299988,60.820000,40.639999,42.869999,13.130000,25.389999,33.310001,22.596725,31.920000,,84.519997,122.599998,75.089996,2143556
2018-10-11,9.840000,70.970001,80.260002,482.600006,24.980000,272.170013,59.119999,39.750000,41.900002,12.810000,24.660000,33.340000,22.194941,30.660000,,81.599998,118.430000,72.790001,2006944
2018-10-12,10.020000,71.339996,80.430000,484.600006,21.309999,275.950012,59.330002,39.599998,41.910000,13.190000,25.260000,33.660000,22.395832,30.850000,,81.379997,117.769997,73.830002,1891942
2018-10-15,10.360000,71.779999,80.779999,487.799988,21.299999,274.399994,59.549999,39.799999,42.180000,13.160000,25.700001,32.700001,22.380953,30.690001,,80.820000,116.940002,73.269997,1559592
2018-10-16,10.530000,71.919998,81.410004,490.600006,17.620001,280.399994,59.680000,40.080002,42.650002,12.880000,26.260000,32.240002,22.514881,30.840000,,81.199997,117.510002,73.800003,1538120
2018-10-17,10.450000,69.750000,80.050003,483.600006,17.400000,280.450012,59.240002,39.560001,41.869999,12.610000,25.530001,31.209999,22.135418,30.790001,,81.500000,117.290001,72.480003,2334946
2018-10-18,10.180000,68.650002,79.290001,468.200012,20.059999,276.399994,58.430000,38.000000,40.750000,12.270000,23.809999,30.000000,21.897322,30.459999,,81.849998,117.470001,72.589996,1895145
2018-10-19,10.260000,69.120003,79.779999,465.000000,19.889999,276.250000,58.470001,37.540001,40.400002,12.190000,23.540001,29.129999,21.830357,29.940001,,81.970001,118.139999,72.489998,2091585
2018-10-22,10.260000,69.169998,79.830002,456.600006,19.639999,275.010010,56.810001,36.400002,40.270000,12.070000,23.250000,28.580000,21.376488,29.990000,,81.150002,117.209999,72.050003,1781426
2018-10-23,9.900000,66.430000,76.440002,439.600006,20.709999,273.609985,55.090000,35.599998,38.820000,11.420000,22.430000,27.750000,20.959822,28.879999,,79.839996,113.400002,69.220001,3654731
2018-10-24,8.950000,66.820000,76.169998,417.600006,25.230000,265.320007,53.009998,34.230000,36.849998,10.840000,21.180000,26.830000,20.267857,27.389999,,77.620003,110.209999,65.690002,2995551
2018-10-25,8.510000,67.330002,76.889999,423.399994,24.219999,270.079987,53.299999,34.740002,37.009998,11.140000,19.260000,26.879999,20.104168,27.549999,,78.309998,111.580002,68.019997,1918642
2018-10-26,8.440000,67.589996,77.620003,422.799988,24.160000,265.329987,52.900002,35.139999,35.889999,10.970000,18.799999,27.209999,19.605656,27.360001,,77.529999,111.529999,68.480003,1526116
2018-10-29,8.170000,67.040001,77.339996,409.399994,24.700001,263.859985,51.450001,34.419998,35.110001,10.400000,17.740000,25.770000,19.255953,26.590000,,77.050003,108.930000,67.349998,1826578
2018-10-30,8.400000,66.180000,75.910004,416.799988,23.350000,267.769989,52.320000,35.060001,37.130001,10.820000,18.860001,26.030001,19.464287,27.260000,,78.779999,110.849998,69.519997,961710
2018-10-31,8.520000,65.309998,75.470001,411.200012,21.230000,270.630005,51.310001,34.680000,36.799999,11.010000,18.940001,26.850000,19.568453,26.690001,,79.680000,111.650002,69.900002,2699001
2018-11-01,8.460000,63.689999,75.500000,414.399994,19.340000,273.510010,51.660000,34.770000,36.509998,11.010000,19.040001,26.870001,19.732143,25.889999,,80.669998,111.169998,69.580002,1014709
2018-11-02,8.250000,63.139999,72.830002,413.799988,19.510000,271.890015,51.400002,34.900002,36.110001,10.890000,18.959999,27.250000,19.717262,26.070000,,81.949997,114.730003,67.839996,1144694
2018-11-05,8.330000,63.099998,73.169998,422.200012,19.959999,273.390015,51.959999,35.750000,36.529999,11.030000,18.580000,27.490000,19.851191,26.850000,,81.639999,118.940002,69.029999,930841
2018-11-06,8.230000,62.209999,72.129997,423.000000,19.910000,275.119995,52.080002,35.770000,36.869999,11.110000,18.990000,27.430000,19.888393,27.160000,,81.989998,118.900002,69.500000,1163081
2018-11-07,8.500000,61.669998,72.070000,427.000000,16.360001,281.010010,52.320000,36.410000,36.209999,11.450000,18.969999,28.190001,19.903275,27.049999,,83.029999,120.870003,70.029999,1298118
2018-11-08,8.180000,60.669998,70.650002,413.399994,16.719999,280.500000,51.580002,35.369999,35.680000,10.490000,18.570000,27.570000,19.345238,26.750000,,81.709999,119.360001,66.910004,1561199
2018-11-09,8.190000,60.189999,70.180000,407.000000,17.360001,277.760010,50.400002,34.980000,35.259998,10.530000,18.490000,27.030001,19.084822,25.510000,,80.870003,119.510002,66.730003,2141534
2018-11-12,7.660000,59.930000,70.120003,391.600006,20.450001,272.570007,49.450001,34.160000,34.139999,9.750000,17.709999,26.990000,18.430059,23.639999,,79.830002,117.389999,65.139999,859588
2018-11-13,7.350000,55.689999,65.470001,375.000000,20.020000,272.059998,47.340000,32.270000,32.910000,9.430000,16.780001,24.139999,17.507441,23.799999,,78.000000,115.349998,63.720001,1050149
2018-11-14,7.400000,56.250000,66.120003,377.000000,21.250000,270.200012,47.810001,32.250000,32.660000,9.570000,16.920000,24.490000,17.812500,23.150000,,77.389999,115.720001,64.120003,1432679
2018-11-15,7.580000,56.459999,66.620003,383.399994,19.980000,273.019989,48.080002,32.450001,33.500000,9.710000,17.290001,25.740000,17.938988,23.280001,,78.190002,116.949997,65.209999,1122088
2018-11-16,7.770000,56.459999,66.760002,386.200012,18.139999,273.730011,48.220001,32.459999,33.650002,9.730000,17.410000,25.730000,18.050594,23.370001,,78.959999,119.059998,66.120003,1258245
2018-11-19,7.920000,56.759998,66.790001,388.200012,20.100000,269.100006,48.310001,32.990002,32.810001,9.750000,17.430000,26.350000,18.058037,23.000000,,79.220001,119.419998,66.440002,1563941
2018-11-20,7.640000,53.430000,62.529999,370.000000,22.480000,264.119995,46.900002,31.440001,31.820000,8.970000,16.930000,24.820000,17.202381,22.410000,,76.970001,116.099998,63.990002,1818559
2018-11-21,7.810000,54.630001,63.480000,376.399994,20.799999,265.019989,47.639999,31.930000,32.549999,9.260000,17.410000,24.950001,17.566963,22.520000,,77.559998,117.570000,65.480003,694003
2018-11-23,7.390000,50.419998,58.799999,363.799988,21.520000,263.250000,46.369999,30.700001,31.620001,9.010000,16.639999,24.690001,16.830357,22.459999,,75.489998,113.599998,63.799999,445576
2018-11-26,7.830000,51.630001,60.480000,370.399994,18.900000,267.500000,46.630001,31.799999,32.189999,9.200000,17.280001,24.299999,17.723213,22.660000,,76.980003,114.980003,64.699997,1375558
2018-11-27,7.930000,51.560001,60.209999,366.000000,19.020000,268.399994,46.200001,31.879999,31.980000,9.110000,17.020000,24.080000,17.269344,22.379999,,77.050003,115.209999,65.279999,1187942
2018-11-28,8.130000,50.290001,58.759998,371.399994,18.490000,274.579987,46.410000,32.169998,32.590000,9.590000,17.450001,24.700001,17.537203,22.940001,,78.449997,118.139999,66.349998,951431
2018-11-29,8.180000,51.450001,59.509998,370.600006,18.790001,273.980011,45.900002,31.889999,32.730000,9.820000,17.230000,24.049999,17.626488,23.110001,,79.059998,118.849998,66.870003,1249446
2018-11-30,8.200000,50.930000,58.709999,361.600006,18.070000,275.649994,45.099998,31.430000,32.110001,9.280000,16.790001,23.780001,17.180059,22.820000,,79.500000,118.940002,66.180000,1871164
2018-12-03,8.520000,52.950001,61.689999,374.399994,16.440001,279.299988,46.299999,32.660000,32.880001,9.920000,17.559999,25.209999,18.273809,23.250000,,81.220001,120.669998,69.110001,1344158
2018-12-04,8.350000,53.250000,62.080002,357.000000,20.740000,270.250000,44.119999,31.440001,31.680000,9.320000,16.490000,23.709999,17.492559,22.139999,,79.430000,117.239998,66.919998,2109287
2018-12-06,7.390000,51.490002,60.060001,340.200012,21.190001,269.839996,42.320000,29.790001,30.270000,8.740000,15.740000,23.030001,16.138393,21.469999,,78.389999,115.910004,66.610001,1603447
2018-12-07,7.230000,52.610001,61.669998,337.799988,23.230000,263.570007,43.040001,29.680000,29.809999,8.300000,15.590000,22.920000,15.625000,21.660000,,77.639999,115.489998,65.910004,1701535
2018-12-10,6.870000,51.000000,59.970001,329.200012,22.639999,264.070007,41.970001,29.280001,29.160000,8.070000,15.050000,22.090000,15.602679,21.270000,,76.540001,114.940002,65.199997,1134034
2018-12-11,6.820000,51.650002,60.200001,325.000000,21.760000,264.130005,41.240002,28.799999,28.070000,8.080000,14.650000,21.969999,15.319940,21.290001,,76.680000,115.470001,65.440002,966399
2018-12-12,7.090000,51.150002,60.150002,331.399994,21.459999,265.459991,41.439999,29.610001,28.360001,8.150000,15.220000,22.570000,15.803571,21.570000,,76.019997,115.620003,65.269997,1510183
2018-12-13,6.640000,52.580002,61.450001,326.600006,20.650000,265.369995,41.020000,29.910000,27.500000,8.080000,14.580000,22.030001,15.885417,22.030001,,76.980003,115.940002,66.129997,1625288
2018-12-14,6.510000,51.200001,60.279999,313.200012,21.629999,260.470001,39.099998,29.000000,26.680000,7.560000,14.310000,21.940001,14.985119,21.450001,,75.580002,113.830002,64.550003,1599116
2018-12-17,6.190000,49.880001,59.610001,310.200012,24.520000,255.360001,39.049999,29.090000,26.350000,7.310000,14.570000,21.820000,14.657738,21.620001,,74.040001,112.449997,63.119999,1407454
2018-12-18,6.250000,46.240002,56.259998,304.000000,25.580000,255.080002,37.840000,28.980000,26.450001,7.150000,14.210000,21.040001,14.255952,21.219999,,72.000000,109.739998,61.910000,1376054
2018-12-19,6.010000,47.200001,57.240002,295.200012,25.580000,251.259995,37.790001,27.639999,26.209999,6.960000,13.940000,21.110001,14.211310,21.040001,,70.779999,107.830002,61.279999,1604645
2018-12-20,5.780000,45.880001,54.349998,278.200012,28.379999,247.169998,36.200001,27.139999,25.650000,6.640000,11.660000,20.190001,14.196429,20.820000,,68.629997,104.980003,60.000000,1193752
2018-12-21,5.450000,45.590000,53.820000,273.000000,30.110001,240.699997,35.700001,25.850000,25.240000,6.490000,11.290000,19.110001,14.263393,20.870001,,68.120003,104.209999,59.799999,2892121
2018-12-24,5.210000,42.529999,50.470001,266.399994,36.070000,234.339996,35.189999,25.139999,24.430000,6.340000,10.960000,18.690001,13.794643,20.480000,,65.510002,100.989998,57.009998,1051548
2018-12-26,5.440000,46.220001,54.470001,283.399994,30.410000,246.179993,36.610001,26.430000,26.040001,6.980000,11.800000,19.480000,14.613095,21.520000,,68.639999,107.389999,61.500000,2419913
2018-12-27,5.490000,44.610001,52.160000,280.000000,29.959999,248.070007,36.330002,26.360001,26.090000,6.710000,11.910000,19.230000,14.575893,21.480000,,68.940002,109.320000,62.230000,1614490
2018-12-28,5.440000,45.330002,52.200001,282.399994,28.340000,247.750000,36.599998,26.459999,25.770000,7.010000,12.030000,19.440001,14.635417,21.440001,,68.169998,108.650002,61.669998,1476053
2018-12-31,5.410000,45.410000,53.799999,280.600006,25.420000,249.919998,36.080002,26.580000,25.700001,6.940000,12.100000,19.129999,14.568452,21.500000,,68.190002,108.790001,62.349998,1305263
2019-01-02,5.710000,46.540001,54.910000,287.399994,23.219999,250.179993,37.200001,27.299999,25.860001,7.140000,12.640000,20.549999,14.724702,21.049999,,69.690002,110.690002,63.380001,1857192
2019-01-03,5.700000,47.090000,55.950001,289.799988,25.450001,244.210007,37.599998,27.129999,25.700001,7.240000,12.800000,20.740000,14.754464,20.910000,,68.620003,108.570000,62.180000,1158822
2019-01-04,6.140000,47.959999,57.060001,303.799988,21.379999,252.389999,39.090000,28.420000,26.730000,7.620000,13.580000,21.780001,15.535714,21.959999,,71.150002,110.820000,63.750000,1658421
2019-01-07,6.540000,48.520000,57.330002,315.600006,21.400000,254.380005,40.169998,28.820000,27.730000,8.280000,14.470000,21.969999,16.145832,22.549999,,71.519997,112.260002,63.470001,1831837
2019-01-08,6.660000,49.779999,58.720001,318.799988,20.469999,256.769989,40.669998,29.200001,27.959999,8.420000,15.050000,21.770000,16.614582,23.209999,,72.040001,111.769997,64.320000,1914514
2019-01-09,6.640000,52.360001,61.439999,326.799988,19.980000,257.970001,41.240002,30.000000,28.370001,8.540000,15.430000,21.990000,17.053572,23.170000,,72.419998,113.269997,66.449997,574988
2019-01-10,6.760000,52.590000,61.680000,330.000000,19.500000,258.880005,41.650002,30.870001,28.760000,8.570000,15.470000,21.690001,16.875000,23.350000,,72.050003,113.449997,67.940002,681762
2019-01-11,6.850000,51.590000,60.480000,327.600006,18.190001,258.980011,41.740002,30.700001,29.110001,8.250000,15.760000,21.430000,16.815475,23.100000,,71.720001,112.540001,66.389999,1234793
2019-01-14,6.730000,50.509998,58.990002,327.000000,19.070000,257.399994,41.320000,30.370001,29.250000,8.420000,15.810000,21.670000,16.808037,23.240000,,71.629997,111.720001,65.610001,789406
2019-01-15,6.930000,52.110001,60.639999,329.200012,18.600000,260.350006,41.720001,30.350000,29.309999,8.480000,15.790000,21.930000,16.897322,23.020000,,71.669998,112.120003,66.029999,958991
2019-01-16,6.730000,52.310001,61.320000,327.799988,19.040001,260.980011,41.250000,30.360001,29.360001,8.450000,15.390000,21.900000,17.135418,23.150000,,71.639999,111.400002,65.660004,508326
2019-01-17,6.890000,52.070000,61.180000,331.000000,18.059999,262.959991,41.369999,30.900000,29.790001,8.590000,15.610000,21.650000,17.313988,23.650000,,72.129997,111.959999,67.059998,1160026
2019-01-18,7.120000,53.799999,62.700001,344.799988,17.799999,266.459991,44.730000,32.250000,30.450001,8.840000,15.900000,22.350000,17.916668,24.120001,,72.989998,114.370003,67.900002,1025464
2019-01-22,6.830000,52.570000,61.500000,333.600006,20.799999,262.859985,43.959999,31.260000,29.540001,8.230000,15.970000,22.160000,17.127975,23.770000,,71.889999,112.339996,65.750000,1370998
2019-01-23,6.880000,52.619999,61.139999,327.399994,19.520000,263.410004,43.310001,31.049999,28.740000,8.190000,15.050000,21.709999,16.800594,22.980000,,71.300003,111.389999,65.860001,2553611
2019-01-24,6.910000,53.130001,61.090000,333.399994,18.889999,263.549988,43.560001,31.209999,29.379999,8.680000,15.600000,22.360001,17.008928,23.040001,,71.400002,113.510002,66.120003,1402035
2019-01-25,7.060000,53.689999,61.639999,344.000000,17.420000,265.779999,45.000000,32.099998,30.440001,8.940000,16.180000,23.010000,17.336309,23.490000,,71.720001,113.220001,66.989998,547785
2019-01-28,6.910000,51.990002,59.930000,335.600006,18.870001,263.760010,44.240002,31.230000,29.950001,8.480000,15.400000,22.260000,17.001488,22.980000,,71.239998,112.169998,65.349998,912575
2019-01-29,7.020000,53.310001,61.320000,334.799988,19.129999,263.410004,44.000000,30.850000,29.780001,8.440000,15.490000,21.780001,17.127975,23.160000,,71.510002,111.830002,65.300003,685395
2019-01-30,7.060000,54.230000,61.650002,342.000000,17.660000,267.579987,45.000000,31.570000,29.889999,8.690000,15.800000,22.000000,17.217262,23.940001,,72.290001,113.010002,65.690002,737200
2019-01-31,6.830000,53.790001,61.889999,337.399994,16.570000,269.929993,44.209999,31.360001,29.480000,8.570000,15.690000,21.520000,17.083332,23.570000,,73.279999,114.650002,67.690002,667369
2019-02-01,6.940000,55.259998,61.869999,344.399994,16.139999,270.059998,44.560001,32.119999,29.910000,8.710000,15.880000,22.040001,17.239582,24.350000,,75.919998,118.370003,68.680000,499433
2019-02-04,7.000000,54.560001,62.509998,348.200012,15.730000,271.959991,44.599998,32.250000,30.150000,8.910000,16.010000,22.170000,17.500000,24.580000,,74.820000,119.739998,69.930000,1010985
2019-02-05,7.060000,53.660000,61.980000,349.200012,15.570000,273.100006,45.139999,32.299999,30.200001,8.840000,15.640000,22.020000,17.559525,25.030001,,75.589996,119.480003,69.260002,642158
2019-02-06,7.040000,54.009998,62.689999,349.000000,15.380000,272.739990,45.070000,32.029999,30.580000,8.830000,15.710000,21.980000,17.686012,24.879999,,75.260002,118.879997,69.110001,496377
2019-02-07,6.850000,52.639999,61.630001,335.000000,16.370001,270.140015,43.459999,30.500000,28.639999,8.350000,15.030000,20.780001,16.755953,24.389999,,74.680000,118.230003,67.480003,802288
2019-02-08,6.690000,52.720001,62.099998,329.799988,15.720000,270.470001,42.779999,29.700001,28.350000,8.280000,14.830000,20.900000,16.629463,24.610001,,73.980003,117.580002,66.260002,602149
2019-02-11,6.870000,52.410000,61.509998,335.200012,15.970000,270.619995,43.689999,30.200001,28.830000,8.210000,15.180000,21.219999,16.897322,24.820000,,74.099998,116.949997,66.739998,502685
2019-02-12,7.090000,53.099998,62.419998,340.399994,15.430000,274.100006,44.060001,30.840000,28.809999,8.300000,15.260000,21.440001,16.822918,24.740000,,75.400002,118.720001,67.449997,747872
2019-02-13,7.150000,53.900002,63.610001,341.000000,15.650000,274.989990,44.419998,31.400000,29.510000,8.350000,15.460000,21.840000,16.889881,25.129999,,76.250000,119.570000,67.779999,692687
2019-02-14,7.220000,54.410000,64.570000,342.799988,16.219999,274.380005,44.139999,31.600000,29.030001,8.540000,16.120001,22.160000,17.001488,25.639999,,76.269997,118.160004,69.099998,775068
2019-02-15,7.360000,55.590000,66.250000,351.200012,14.910000,277.369995,44.950001,31.850000,29.809999,8.930000,16.650000,23.049999,17.514881,25.830000,,77.709999,119.349998,70.180000,574115
2019-02-19,6.830000,56.090000,66.449997,354.000000,14.880000,277.850006,45.540001,31.700001,29.230000,8.730000,16.240000,23.480000,17.819941,26.090000,,78.230003,119.309998,69.489998,2123301
2019-02-20,7.250000,56.919998,67.080002,357.799988,14.020000,278.410004,45.900002,32.290001,29.809999,8.690000,16.610001,23.360001,18.296131,26.580000,,78.529999,120.279999,70.650002,2275913
2019-02-21,7.240000,56.959999,67.070000,348.200012,14.460000,277.420013,44.720001,31.379999,28.760000,8.500000,15.960000,23.139999,16.852678,26.270000,,77.820000,119.139999,70.239998,1325112
2019-02-22,7.360000,57.259998,67.120003,346.000000,13.510000,279.140015,44.360001,31.320000,28.480000,8.250000,15.800000,23.379999,16.897322,26.350000,,78.419998,119.389999,69.970001,1695280
2019-02-25,7.480000,55.480000,64.760002,348.799988,14.850000,279.519989,44.790001,31.750000,28.549999,8.320000,16.120001,23.150000,17.105656,26.750000,,78.500000,119.620003,69.250000,1036761
2019-02-26,7.560000,55.500000,65.209999,345.000000,15.170000,279.320007,44.310001,31.540001,28.490000,8.150000,15.990000,22.900000,16.956844,26.750000,,78.660004,119.940002,68.919998,1376592
2019-02-27,7.600000,56.939999,66.389999,346.799988,14.700000,279.200012,44.349998,31.250000,28.719999,8.240000,15.690000,23.000000,16.688988,26.670000,,79.470001,120.080002,69.220001,2389058
2019-02-28,7.400000,57.220001,66.029999,342.000000,14.780000,278.679993,44.060001,30.690001,28.139999,8.170000,15.450000,22.940001,16.584822,26.379999,,79.029999,119.580002,67.849998,1786925
2019-03-01,7.240000,55.799999,65.070000,348.399994,13.570000,280.420013,45.189999,30.930000,28.790001,8.360000,15.470000,23.510000,16.636906,27.100000,,80.000000,122.029999,68.930000,2906963
2019-03-04,7.400000,56.590000,65.669998,349.600006,14.630000,279.399994,45.240002,30.980000,28.360001,8.660000,15.280000,23.580000,16.733631,27.090000,,80.309998,122.120003,69.900002,1169365
2019-03-05,7.370000,56.560001,65.860001,346.600006,14.740000,279.019989,44.790001,30.290001,28.180000,8.680000,14.960000,23.750000,16.495537,27.110001,,80.190002,123.290001,69.010002,940794
2019-03-06,7.260000,56.220001,65.989998,335.600006,15.740000,277.329987,43.369999,28.840000,27.309999,8.370000,14.800000,22.730000,16.361607,26.309999,,79.279999,123.529999,68.290001,1243971
2019-03-07,7.400000,56.660000,66.300003,329.399994,16.590000,275.010010,42.490002,27.930000,26.580000,8.370000,14.360000,22.270000,16.011906,26.049999,,80.160004,121.940002,67.949997,1137613
2019-03-08,7.280000,56.070000,65.739998,321.399994,16.049999,274.459991,41.290001,27.469999,25.870001,8.100000,14.070000,21.280001,15.610119,25.730000,,79.010002,121.620003,65.430000,1284252
2019-03-11,7.550000,56.790001,66.580002,330.600006,14.330000,278.440002,42.080002,27.889999,26.500000,8.630000,14.440000,22.400000,16.056547,26.500000,,79.779999,123.620003,65.870003,1404188
2019-03-12,7.840000,56.869999,66.669998,336.000000,13.770000,279.489990,42.590000,28.090000,26.930000,9.010000,14.950000,23.049999,15.989583,26.820000,,80.000000,123.900002,65.629997,1559492
2019-03-13,7.740000,58.259998,67.550003,341.399994,13.410000,281.339996,43.150002,28.500000,27.100000,9.110000,15.220000,23.670000,16.294643,27.250000,,80.709999,124.669998,67.349998,1434846
2019-03-14,7.830000,58.610001,67.230003,342.399994,13.500000,281.160004,43.090000,28.469999,27.040001,9.040000,15.600000,23.770000,17.105656,27.709999,,80.440002,124.599998,67.019997,1087660
2019-03-15,7.400000,58.520000,67.160004,339.799988,12.880000,281.309998,42.389999,27.969999,26.480000,9.010000,15.810000,23.719999,17.046131,27.850000,,80.150002,125.309998,67.589996,6434817
2019-03-18,7.920000,59.090000,67.540001,350.600006,13.100000,282.329987,43.360001,28.870001,28.120001,9.490000,16.870001,24.350000,17.321428,28.180000,,81.080002,125.879997,67.610001,1487712
2019-03-19,7.820000,59.029999,67.610001,349.000000,13.560000,282.399994,43.250000,29.260000,28.160000,9.320000,16.490000,24.469999,17.336309,27.820000,,80.870003,125.279999,67.349998,756879
2019-03-20,7.980000,59.830002,68.500000,355.000000,13.910000,281.549988,44.290001,30.100000,28.370001,9.460000,16.670000,24.420000,17.663691,28.250000,,81.320000,124.690002,67.540001,1028395
2019-03-21,8.060000,59.980000,67.860001,355.000000,13.630000,284.730011,44.220001,30.040001,27.900000,9.490000,16.820000,23.540001,17.730656,28.459999,,81.790001,125.860001,68.139999,887052
2019-03-22,7.540000,59.040001,67.029999,339.000000,16.480000,279.250000,42.470001,28.730000,26.629999,8.940000,15.560000,22.120001,16.860119,27.160000,,80.480003,123.089996,66.070000,1795425
2019-03-25,7.550000,58.820000,67.209999,338.200012,16.330000,279.040009,42.470001,28.240000,26.629999,8.830000,15.740000,22.309999,17.336309,27.430000,,79.919998,122.889999,67.070000,753677
2019-03-26,7.720000,59.939999,67.970001,342.600006,14.680000,281.119995,43.049999,28.469999,26.780001,8.930000,15.990000,22.510000,17.433037,27.680000,,80.959999,124.129997,68.559998,836176
2019-03-27,7.600000,59.410000,67.830002,339.799988,15.150000,279.649994,42.680000,28.559999,26.309999,8.810000,15.630000,22.540001,17.276787,27.280001,,80.339996,122.790001,67.910004,689077
2019-03-28,7.710000,59.299999,67.820000,345.200012,14.430000,280.709991,43.619999,29.190001,26.500000,8.820000,15.990000,23.170000,17.581844,27.160000,,80.739998,123.019997,67.379997,956026
2019-03-29,7.910000,60.139999,68.389999,344.600006,13.710000,282.480011,43.570000,29.299999,26.639999,8.710000,15.770000,23.190001,17.500000,27.719999,,80.800003,123.180000,66.739998,1366395
2019-04-01,8.220000,61.590000,69.010002,355.000000,13.400000,285.829987,44.759998,30.139999,27.240000,9.260000,16.150000,23.680000,18.125000,27.840000,,81.730003,124.940002,67.690002,1294886
2019-04-02,8.010000,62.580002,69.370003,352.200012,13.360000,285.970001,44.490002,29.940001,27.160000,9.110000,15.770000,23.410000,17.827381,26.990000,,81.379997,124.930000,66.349998,851157
2019-04-03,7.910000,62.459999,69.309998,347.000000,13.740000,286.420013,43.590000,29.930000,27.260000,8.960000,15.250000,23.379999,17.760418,26.469999,,80.900002,123.889999,65.510002,707945
2019-04-04,8.020000,62.099998,69.400002,351.399994,13.580000,287.179993,44.099998,30.420000,27.379999,9.050000,15.390000,23.240000,17.983631,26.770000,,82.050003,124.800003,65.160004,1119424
2019-04-05,8.310000,63.080002,70.339996,359.799988,12.820000,288.570007,45.000000,30.969999,28.200001,9.140000,16.360001,24.010000,18.735119,26.780001,,82.489998,126.419998,66.120003,1344671
2019-04-08,8.300000,64.400002,71.099998,363.000000,13.180000,288.790009,46.169998,31.290001,28.320000,9.080000,16.920000,24.139999,18.809525,26.820000,,83.000000,126.680000,66.550003,1329012
2019-04-09,8.080000,63.980000,70.610001,358.000000,14.280000,287.309998,45.580002,30.809999,28.030001,9.000000,16.580000,23.540001,18.333332,26.680000,,81.930000,125.540001,65.699997,1052010
2019-04-10,8.150000,64.610001,71.730003,360.399994,13.300000,288.290009,45.549999,31.040001,28.680000,8.860000,16.950001,23.799999,18.474703,26.870001,,81.559998,125.489998,66.970001,1136597
2019-04-11,7.970000,63.580002,70.830002,359.399994,13.020000,288.209991,45.310001,31.200001,29.330000,8.840000,16.910000,23.809999,18.392857,26.660000,,81.949997,125.989998,66.370003,984403
2019-04-12,7.950000,63.889999,71.550003,359.200012,12.010000,290.160004,45.650002,31.330000,26.870001,8.820000,16.820000,24.549999,18.355656,26.379999,,80.919998,119.760002,67.370003,1278421
2019-04-15,8.010000,63.400002,71.180000,358.000000,12.320000,289.970001,46.400002,31.290001,27.530001,8.600000,16.700001,24.500000,18.169643,25.950001,,80.650002,120.139999,66.339996,779547
2019-04-16,8.070000,64.050003,71.720001,366.000000,12.180000,290.160004,47.340000,31.809999,27.180000,8.700000,17.059999,24.730000,18.303572,25.840000,,81.199997,121.169998,65.839996,1578421
2019-04-17,8.140000,63.759998,71.620003,365.000000,12.600000,289.450012,47.410000,31.590000,27.250000,8.690000,17.219999,24.160000,18.236607,25.780001,,81.430000,120.269997,65.779999,1689784
2019-04-18,8.380000,64.000000,71.970001,360.200012,12.090000,290.019989,45.560001,31.129999,26.969999,8.840000,17.250000,23.430000,18.191963,25.600000,,81.129997,119.860001,65.900002,978017
2019-04-22,8.590000,65.699997,74.040001,370.000000,12.420000,290.269989,45.849998,31.090000,27.740000,9.620000,17.850000,23.900000,18.571428,26.600000,,82.900002,121.900002,66.959999,1397510
2019-04-23,8.580000,66.300003,74.510002,371.200012,12.280000,292.880005,45.889999,31.150000,27.900000,9.650000,17.920000,24.400000,18.928572,25.969999,,83.379997,122.019997,66.449997,3349076
2019-04-24,8.380000,65.889999,74.570000,356.200012,13.140000,292.230011,44.240002,30.110001,26.490000,9.180000,17.450001,23.450001,18.437500,25.610001,,81.760002,118.279999,64.699997,1340747
2019-04-25,7.660000,65.209999,74.349998,347.399994,13.250000,292.049988,43.299999,29.219999,26.440001,8.930000,16.980000,23.160000,18.058037,25.570000,,82.220001,117.900002,63.970001,1881586
2019-04-26,7.890000,63.299999,72.150002,346.000000,12.730000,293.410004,43.299999,28.850000,27.400000,8.800000,17.240000,22.990000,18.593750,25.580000,,80.489998,117.099998,62.779999,1737225
2019-04-29,8.060000,63.500000,72.040001,344.200012,13.110000,293.869995,43.430000,28.770000,27.750000,8.800000,17.309999,23.200001,18.697918,25.969999,,79.970001,117.720001,62.650002,887249
2019-04-30,7.820000,63.910000,72.800003,333.399994,13.120000,294.019989,42.680000,28.330000,26.139999,7.860000,19.200001,22.500000,18.296131,24.020000,,80.279999,120.059998,63.119999,1196339
2019-05-01,7.970000,63.599998,72.180000,322.799988,14.800000,291.809998,41.369999,27.590000,24.920000,7.640000,19.459999,22.100000,17.686012,23.549999,,78.669998,117.809998,62.669998,2104912
2019-05-02,7.670000,61.810001,70.750000,320.600006,14.420000,291.179993,41.119999,27.740000,24.950001,7.480000,19.410000,21.510000,17.447918,23.520000,,77.290001,116.379997,61.290001,1030359
2019-05-03,7.860000,61.939999,70.849998,326.799988,12.870000,294.029999,41.279999,27.770000,25.410000,7.760000,19.150000,22.309999,17.485119,24.129999,,77.470001,117.269997,62.009998,803582
2019-05-06,7.740000,62.250000,71.239998,326.200012,15.440000,292.820007,41.240002,27.629999,25.700001,7.590000,19.610001,22.120001,17.276787,23.940001,,77.129997,118.400002,61.880001,823388
2019-05-07,7.480000,61.400002,69.879997,318.000000,19.320000,287.929993,40.599998,26.940001,25.350000,7.370000,19.200001,22.040001,16.971725,23.209999,,76.720001,118.269997,61.000000,907390
2019-05-08,7.480000,62.119999,70.370003,316.200012,19.400000,287.529999,40.270000,26.500000,24.820000,7.590000,19.350000,23.320000,16.994047,22.950001,,76.839996,117.500000,61.430000,1199740
2019-05-09,7.480000,61.700001,70.389999,314.399994,19.100000,286.660004,40.270000,25.990000,25.110001,7.630000,19.020000,23.090000,17.023809,22.610001,,76.769997,121.190002,61.540001,815401
2019-05-10,7.430000,61.660000,70.620003,309.799988,16.040001,288.100006,39.560001,25.360001,24.900000,7.460000,18.709999,23.040001,16.986607,22.320000,,76.559998,121.989998,61.919998,1235059
2019-05-13,7.380000,61.040001,70.230003,296.799988,20.549999,280.859985,38.160000,24.650000,23.730000,7.060000,17.650000,22.730000,16.398809,21.740000,,75.709999,120.440002,61.189999,1510537
2019-05-14,7.650000,61.779999,71.239998,306.799988,18.059999,283.399994,39.000000,25.430000,24.379999,7.390000,18.370001,23.480000,16.822918,22.280001,,75.809998,121.639999,62.320000,657290
2019-05-15,7.830000,62.020000,71.769997,309.399994,16.440001,285.059998,39.330002,25.590000,24.709999,7.410000,19.129999,23.660000,16.964287,22.740000,,76.370003,122.139999,62.040001,590224
2019-05-16,8.000000,62.869999,72.620003,311.799988,15.290000,287.700012,39.860001,25.879999,24.750000,7.540000,18.980000,24.190001,17.090775,22.980000,,76.360001,120.800003,62.570000,569854
2019-05-17,7.700000,62.759998,72.209999,301.799988,15.960000,285.839996,39.020000,25.180000,23.950001,7.410000,18.420000,24.139999,16.711309,22.910000,,75.910004,120.519997,62.099998,540836
2019-05-20,7.650000,63.099998,71.970001,301.399994,16.309999,283.950012,39.119999,25.080000,24.129999,7.390000,18.549999,24.459999,17.090775,23.290001,,75.900002,120.839996,62.450001,771039
2019-05-21,7.720000,62.990002,72.180000,305.399994,14.950000,286.510010,39.500000,25.590000,24.100000,7.630000,18.530001,24.820000,17.500000,23.610001,,76.250000,121.339996,63.619999,1067498
2019-05-22,7.300000,61.419998,70.989998,294.799988,14.750000,285.630005,38.340000,24.740000,23.129999,7.300000,17.700001,24.700001,17.098213,23.360001,,75.559998,120.570000,63.049999,906221
2019-05-23,6.970000,57.910000,67.760002,280.200012,16.920000,282.140015,37.490002,23.510000,22.110001,6.850000,16.920000,22.930000,16.473213,23.059999,,73.790001,117.870003,59.500000,791190
2019-05-24,7.070000,58.630001,68.690002,276.200012,15.850000,282.779999,37.000000,22.969999,22.389999,6.750000,16.790001,22.540001,16.376488,22.209999,,74.099998,118.709999,59.880001,611626
2019-05-28,7.050000,59.139999,70.110001,274.399994,17.500000,280.149994,36.500000,22.990000,21.900000,6.690000,16.670000,22.480000,16.376488,22.170000,,72.610001,118.309998,60.049999,593699
2019-05-29,7.180000,58.810001,69.449997,274.000000,17.900000,278.269989,36.180000,23.010000,21.660000,6.750000,16.920000,21.969999,16.272322,21.700001,,72.160004,116.769997,60.139999,750894
2019-05-30,7.050000,56.590000,66.870003,268.799988,17.299999,279.029999,35.180000,22.170000,21.070000,6.630000,16.570000,21.559999,15.967262,21.170000,,71.970001,115.379997,58.950001,1279520
2019-05-31,6.760000,53.500000,64.489998,261.600006,18.709999,275.269989,34.689999,21.290001,20.850000,6.200000,16.400000,21.309999,15.476190,21.410000,,70.769997,113.849998,58.959999,896840
2019-06-03,6.910000,53.250000,61.279999,268.000000,18.860001,274.570007,35.490002,21.600000,21.219999,6.300000,16.340000,21.770000,15.684524,21.840000,,71.879997,115.989998,59.419998,768164
2019-06-04,7.040000,53.480000,61.970001,272.799988,16.969999,280.529999,35.730000,21.959999,21.320000,6.260000,16.719999,21.930000,15.922619,22.040001,,73.589996,117.300003,59.099998,507247
2019-06-05,6.980000,51.680000,60.630001,266.200012,16.090000,282.959991,34.939999,21.190001,20.580000,6.030000,16.820000,21.680000,15.967262,22.230000,,72.980003,117.650002,57.080002,980878
2019-06-06,6.980000,52.590000,61.669998,268.600006,15.930000,284.799988,35.049999,21.549999,20.770000,6.120000,16.379999,21.809999,16.622025,22.950001,,74.309998,120.680000,58.200001,552328
2019-06-07,7.730000,53.990002,63.290001,271.399994,16.299999,287.649994,35.599998,21.629999,20.850000,6.090000,16.530001,22.030001,16.800594,23.320000,,74.580002,121.480003,58.959999,1241354
2019-06-10,7.790000,53.259998,62.290001,271.799988,15.940000,288.970001,35.470001,21.760000,20.980000,5.960000,17.150000,22.010000,16.904762,23.410000,,74.910004,122.290001,59.259998,895814
2019-06-11,7.910000,53.270000,62.290001,275.200012,15.990000,288.899994,36.689999,22.080000,21.299999,5.900000,17.170000,22.049999,16.994047,23.160000,,74.839996,121.169998,58.730000,814116
2019-06-12,7.430000,51.139999,59.970001,262.200012,15.910000,288.390015,35.580002,21.070000,20.540001,5.500000,16.280001,21.330000,16.450893,22.299999,,74.029999,120.190002,58.549999,894634
2019-06-13,7.620000,52.279999,61.310001,272.000000,15.820000,289.579987,36.790001,21.660000,20.719999,5.680000,17.209999,21.850000,17.031250,22.780001,,74.680000,120.910004,59.060001,754828
2019-06-14,7.290000,52.509998,62.009998,263.399994,15.280000,289.260010,35.930000,21.379999,20.000000,5.420000,16.629999,21.190001,16.919643,22.150000,,74.349998,120.809998,58.820000,861800
2019-06-17,7.620000,51.930000,60.939999,270.000000,15.350000,289.369995,36.660000,21.969999,20.340000,5.580000,17.639999,21.820000,17.165178,22.400000,,75.089996,121.389999,59.009998,531579
2019-06-18,7.810000,53.900002,62.139999,276.000000,15.150000,292.399994,36.930000,22.219999,20.639999,5.930000,18.370001,22.930000,17.678572,23.090000,,75.739998,122.930000,59.830002,590080
2019-06-19,7.870000,53.759998,61.820000,276.399994,14.330000,293.059998,36.509998,21.809999,20.809999,5.960000,19.410000,22.889999,17.834822,23.320000,,75.320000,122.889999,59.650002,881926
2019-06-20,8.270000,56.650002,64.449997,287.799988,14.750000,295.859985,38.250000,22.879999,21.719999,6.240000,19.299999,23.620001,18.422619,24.360001,,76.610001,124.279999,60.700001,966533
2019-06-21,8.220000,57.430000,65.199997,289.200012,15.400000,294.000000,38.880001,22.840000,21.320000,6.290000,19.120001,22.879999,18.489582,25.170000,,77.690002,124.930000,60.330002,1526492
2019-06-24,8.080000,57.900002,64.860001,284.600006,15.260000,293.640015,38.650002,22.510000,21.270000,6.170000,18.570000,22.440001,18.407738,24.719999,,76.949997,124.910004,60.520000,808610
2019-06-25,8.220000,57.830002,65.050003,284.799988,16.280001,290.760010,38.580002,22.500000,21.240000,6.190000,19.049999,22.510000,18.571428,24.620001,,76.269997,123.639999,59.770000,1075072
2019-06-26,8.330000,59.380001,66.489998,291.799988,16.209999,290.470001,39.020000,23.200001,21.580000,6.390000,19.690001,23.020000,18.787203,24.750000,,76.599998,123.930000,62.750000,1019463
2019-06-27,8.470000,59.430000,66.550003,290.399994,15.820000,291.500000,39.110001,22.730000,21.430000,6.320000,19.559999,23.080000,18.854168,24.690001,,75.820000,123.110001,61.270000,1207704
2019-06-28,8.630000,58.470001,66.550003,296.399994,15.080000,293.000000,39.740002,22.740000,22.230000,6.410000,20.389999,23.480000,19.300594,24.629999,,76.629997,124.440002,61.000000,2399857
2019-07-01,8.740000,59.090000,65.059998,298.399994,14.060000,295.660004,39.320000,22.950001,22.230000,6.450000,20.150000,23.969999,19.255953,25.180000,,76.559998,124.839996,62.250000,1117624
2019-07-02,8.610000,56.250000,62.400002,288.799988,12.930000,296.429993,39.180000,22.650000,21.770000,6.130000,19.740000,22.670000,18.735119,24.520000,,75.720001,122.930000,60.099998,789604
2019-07-03,8.610000,57.340000,63.820000,289.600006,12.570000,298.799988,39.490002,22.840000,21.780001,6.060000,19.760000,22.340000,18.705357,24.510000,,76.440002,123.349998,60.500000,337201
2019-07-05,8.650000,57.509998,64.230003,292.399994,13.280000,298.459991,39.570000,23.030001,21.940001,6.160000,19.850000,22.400000,18.712797,24.549999,,76.129997,123.540001,59.900002,491023
2019-07-08,8.450000,57.660000,64.110001,292.799988,13.960000,296.820007,39.889999,23.250000,21.830000,6.180000,19.420000,22.870001,18.578869,25.190001,,76.480003,123.599998,59.889999,597767
2019-07-09,8.350000,57.830002,64.160004,291.600006,14.090000,297.190002,40.200001,23.570000,21.520000,6.140000,19.600000,22.570000,18.273809,25.000000,,76.430000,123.349998,59.889999,669795
2019-07-10,8.390000,60.430000,67.010002,301.799988,13.030000,298.609985,40.619999,23.600000,22.090000,6.470000,20.320000,22.860001,18.794643,25.379999,,77.510002,125.440002,61.209999,1160230
2019-07-11,8.440000,60.200001,66.519997,300.000000,12.930000,299.309998,40.970001,23.850000,22.020000,6.270000,20.180000,23.180000,19.010418,25.240000,,77.570000,125.430000,61.459999,553953
2019-07-12,8.380000,60.209999,66.720001,299.600006,12.390000,300.649994,40.810001,23.750000,21.940001,6.460000,19.549999,23.469999,19.181547,25.010000,,77.629997,125.980003,61.759998,803792
2019-07-15,8.060000,59.580002,66.480003,292.799988,12.680000,300.750000,40.470001,23.459999,21.500000,6.330000,19.049999,23.150000,18.794643,24.690001,,77.080002,125.720001,60.650002,1071688
2019-07-16,8.080000,57.619999,64.349998,288.000000,12.860000,299.779999,40.070000,22.879999,21.330000,6.060000,18.879999,22.700001,18.690475,24.090000,,75.930000,124.760002,59.750000,1051172
2019-07-17,7.990000,56.779999,63.660000,279.200012,13.970000,297.739990,38.630001,21.780001,20.790001,5.820000,17.980000,21.770000,18.437500,23.190001,,75.480003,124.139999,59.779999,911751
2019-07-18,8.030000,55.299999,61.930000,277.600006,13.530000,298.829987,38.779999,21.680000,20.740000,5.630000,18.100000,21.379999,18.556547,23.309999,,74.839996,124.680000,60.320000,601818
2019-07-19,8.080000,55.630001,62.470001,281.200012,14.450000,297.170013,38.709999,21.750000,20.990000,5.800000,17.900000,21.469999,18.683037,23.559999,,74.989998,125.040001,60.330002,945037
2019-07-22,8.290000,56.220001,63.259998,287.799988,13.530000,297.899994,39.490002,23.740000,21.250000,5.850000,18.629999,21.840000,19.040178,23.959999,,75.070000,125.309998,60.439999,779003
2019-07-23,8.550000,56.770000,63.830002,291.600006,12.610000,300.029999,39.750000,23.840000,21.840000,5.940000,18.860001,22.219999,19.464287,24.309999,,75.370003,125.820000,60.279999,737364
2019-07-24,8.580000,55.880001,63.180000,293.000000,12.070000,301.440002,40.330002,23.790001,22.030001,5.960000,19.320000,22.840000,19.635418,24.860001,,75.360001,126.540001,60.080002,1413989
2019-07-25,8.470000,56.020000,63.389999,283.600006,12.740000,300.000000,39.950001,23.219999,21.450001,5.680000,15.640000,22.280001,20.818453,24.620001,,74.930000,125.629997,59.040001,2083039
2019-07-26,8.620000,56.200001,63.459999,283.600006,12.160000,302.010010,40.009998,23.030001,21.719999,5.590000,16.080000,22.740000,21.212797,24.840000,,74.809998,123.720001,58.750000,1670927
2019-07-29,8.590000,56.869999,63.709999,274.600006,12.830000,301.459991,39.209999,22.180000,20.680000,5.370000,14.980000,22.610001,20.967262,24.090000,,75.339996,124.230003,58.189999,1866628
2019-07-30,8.760000,58.049999,64.720001,286.000000,13.940000,300.720001,39.549999,23.200001,23.020000,5.980000,15.480000,22.780001,20.803572,24.510000,,75.349998,124.339996,59.509998,1393284
2019-07-31,8.760000,58.580002,65.169998,288.399994,16.120001,297.429993,39.970001,23.000000,23.820000,6.080000,15.450000,22.990000,20.491072,25.389999,,74.360001,123.110001,59.080002,1441186
2019-08-01,8.740000,53.950001,60.500000,271.000000,17.870001,294.839996,38.509998,21.660000,22.440001,5.740000,15.030000,21.799999,19.880953,25.270000,,72.459999,120.739998,58.799999,1329559
2019-08-02,8.050000,55.660000,61.889999,259.600006,17.610001,292.619995,37.419998,21.000000,22.090000,5.280000,14.390000,21.139999,19.092262,24.080000,,71.750000,120.730003,56.470001,1146671
2019-08-05,7.750000,54.689999,59.810001,251.000000,24.590000,283.820007,35.990002,20.309999,21.740000,4.950000,13.500000,19.940001,18.415178,23.809999,,70.279999,118.739998,54.680000,735083
2019-08-06,7.700000,53.630001,58.939999,247.199997,20.170000,287.799988,35.459999,19.950001,21.309999,4.840000,12.970000,19.780001,18.541668,23.690001,,70.959999,119.379997,54.230000,727162
2019-08-07,7.400000,51.090000,56.230000,242.800003,19.490000,287.970001,34.740002,19.650000,20.590000,4.650000,13.020000,18.990000,18.191963,23.360001,,70.500000,119.099998,53.320000,920074
2019-08-08,7.710000,52.540001,57.380001,245.600006,16.910000,293.619995,35.209999,19.930000,20.840000,4.580000,13.090000,19.000000,18.794643,24.139999,,72.379997,123.230003,55.070000,1093211
2019-08-09,7.410000,54.500000,58.529999,238.199997,17.969999,291.619995,34.529999,19.520000,20.080000,4.330000,12.350000,18.840000,18.229168,23.680000,,70.839996,122.419998,54.009998,836343
2019-08-12,7.175000,54.930000,58.570000,235.399994,21.090000,288.070007,34.270000,19.410000,20.180000,4.340000,12.380000,16.930000,17.879463,23.420000,,69.629997,121.550003,53.119999,858676
2019-08-13,7.480000,57.099998,61.299999,236.600006,17.520000,292.549988,34.630001,19.480000,20.379999,4.300000,12.590000,16.160000,18.139881,23.570000,,70.489998,122.389999,53.869999,841000
2019-08-14,7.090000,55.230000,59.480000,222.000000,22.100000,283.899994,32.340000,18.330000,18.740000,3.900000,11.930000,15.610000,17.313988,22.010000,,67.650002,117.739998,51.779999,869977
2019-08-15,6.870000,54.470001,58.230000,217.800003,21.180000,284.649994,31.650000,18.250000,18.280001,3.860000,11.580000,15.150000,17.127975,20.709999,,67.250000,116.949997,50.910000,863749
2019-08-16,7.170000,54.869999,58.639999,226.600006,18.469999,288.850006,32.720001,18.870001,18.639999,4.200000,12.070000,15.960000,17.678572,21.059999,,68.300003,115.809998,51.470001,616335
2019-08-19,7.370000,56.209999,59.740002,235.600006,16.879999,292.329987,34.099998,19.330000,19.309999,4.610000,12.720000,16.410000,18.087797,21.420000,,69.449997,117.309998,53.939999,551413
2019-08-20,7.340000,56.340000,60.029999,231.800003,17.500000,290.089996,33.900002,19.059999,18.879999,4.590000,13.010000,16.110001,17.849703,21.110001,,69.029999,116.129997,52.709999,523144
2019-08-21,7.540000,55.680000,60.299999,231.800003,15.800000,292.450012,33.689999,18.600000,19.080000,4.580000,13.280000,16.549999,17.849703,21.240000,,69.720001,117.879997,52.630001,546008
2019-08-22,7.340000,55.349998,59.919998,230.199997,16.680000,292.359985,33.709999,18.670000,19.320000,4.540000,13.280000,16.700001,17.872025,21.430000,,69.570000,117.730003,52.259998,594570
2019-08-23,6.930000,54.169998,59.340000,219.199997,19.870001,284.850006,32.029999,17.719999,18.709999,4.250000,12.550000,15.520000,17.187500,20.879999,,67.489998,115.180000,50.419998,624207
2019-08-26,6.980000,53.639999,58.700001,220.199997,19.320000,288.000000,31.590000,17.500000,18.680000,4.270000,12.440000,15.550000,17.864582,21.299999,,67.849998,115.739998,51.369999,922945
2019-08-27,6.860000,54.930000,59.509998,218.800003,20.309999,286.869995,31.250000,17.309999,18.459999,4.230000,12.290000,15.250000,18.392857,21.290001,,67.190002,115.830002,50.980000,550230
2019-08-28,7.090000,55.779999,60.490002,224.600006,19.350000,288.890015,31.620001,18.000000,19.170000,4.400000,12.640000,15.840000,18.400297,21.639999,,67.680000,116.830002,51.950001,507183
2019-08-29,7.310000,56.709999,61.080002,230.399994,17.879999,292.579987,32.259998,18.530001,20.100000,4.580000,13.180000,16.209999,18.370537,21.879999,,68.430000,117.519997,52.290001,466405
2019-08-30,7.240000,55.099998,60.430000,229.399994,18.980000,292.450012,32.430000,18.840000,20.430000,4.550000,12.960000,15.760000,18.482143,21.690001,,68.480003,117.720001,52.180000,862653
2019-09-03,7.120000,53.939999,58.259998,226.800003,19.660000,290.739990,31.719999,18.760000,20.620001,4.480000,12.390000,15.200000,18.199406,22.150000,,68.559998,116.269997,52.040001,506470
2019-09-04,7.340000,56.259998,60.700001,233.600006,17.330000,294.040009,32.980000,18.760000,20.690001,4.690000,12.940000,15.520000,18.891369,22.610001,,69.290001,117.250000,53.299999,338359
2019-09-05,7.780000,56.299999,60.950001,243.399994,16.270000,297.820007,34.060001,19.000000,22.000000,4.950000,13.500000,15.190000,19.151787,23.520000,,70.269997,117.639999,53.439999,1043100
2019-09-06,7.790000,56.520000,61.540001,243.800003,15.000000,298.049988,34.200001,19.090000,22.170000,5.040000,13.500000,15.180000,18.735119,23.530001,,70.930000,118.260002,53.630001,735001
2019-09-09,8.410000,57.849998,62.590000,259.200012,15.270000,298.200012,36.230000,19.950001,23.959999,5.480000,14.730000,16.400000,19.196428,24.180000,,71.489998,119.389999,54.970001,1069176
2019-09-10,8.750000,57.400002,62.380001,262.600006,15.200000,298.130005,37.459999,20.030001,23.740000,5.490000,15.050000,17.129999,19.129463,24.110001,,72.070000,121.849998,56.320000,1618759
2019-09-11,8.890000,55.750000,60.810001,263.000000,14.610000,300.250000,37.320000,20.049999,24.040001,5.800000,15.200000,17.219999,18.556547,22.290001,,71.930000,121.279999,57.200001,1003953
2019-09-12,8.750000,55.090000,60.380001,259.000000,14.220000,301.290009,36.900002,19.750000,23.100000,5.650000,14.760000,17.559999,18.697918,22.639999,,71.980003,121.419998,56.349998,819058
2019-09-13,8.880000,54.849998,60.220001,260.799988,13.740000,301.089996,37.330002,20.270000,22.809999,5.730000,14.770000,17.730000,18.973213,22.719999,,72.639999,121.500000,57.340000,623502
2019-09-16,9.700000,62.900002,69.019997,283.200012,14.670000,300.160004,39.310001,22.490000,23.389999,6.510000,15.580000,18.950001,19.166668,23.809999,,73.730003,124.120003,62.529999,1658769
2019-09-17,9.320000,59.340000,64.550003,268.600006,14.440000,300.920013,38.169998,21.030001,22.650000,6.020000,14.810000,18.080000,18.244047,23.379999,,73.169998,123.889999,61.220001,1041315
2019-09-18,8.910000,58.110001,63.599998,260.600006,13.950000,301.100006,38.029999,20.809999,22.940001,5.920000,14.460000,17.440001,18.110119,23.230000,,72.820000,124.180000,60.009998,940627
2019-09-19,8.420000,58.130001,64.400002,257.799988,14.050000,301.079987,37.759998,20.920000,22.889999,5.850000,13.920000,16.870001,17.857143,23.209999,,72.330002,123.660004,59.970001,1722596
2019-09-20,8.280000,58.090000,64.279999,256.399994,15.320000,298.279999,37.299999,20.440001,22.559999,5.820000,13.790000,16.570000,18.147322,23.590000,,72.080002,124.320000,60.820000,5872391
2019-09-23,8.390000,58.639999,64.769997,258.399994,14.910000,298.209991,37.330002,20.610001,22.690001,5.830000,14.210000,16.549999,18.251488,23.900000,,72.129997,124.900002,60.180000,1089121
2019-09-24,8.230000,57.290001,63.099998,245.199997,17.049999,295.869995,35.560001,19.490000,21.559999,5.410000,13.440000,15.790000,17.879463,23.650000,,71.139999,123.739998,59.299999,1723048
2019-09-25,8.640000,56.490002,62.389999,245.199997,15.960000,297.619995,35.240002,19.440001,22.280001,5.110000,13.950000,16.049999,18.125000,24.290001,,71.349998,123.510002,59.480000,1358971
2019-09-26,8.620000,56.410000,62.740002,239.800003,16.070000,297.000000,34.540001,19.270000,22.070000,4.730000,13.700000,15.820000,18.058037,23.930000,,70.970001,120.160004,57.680000,970397
2019-09-27,8.330000,55.910000,61.910000,237.000000,17.219999,295.399994,34.330002,18.730000,22.040001,4.530000,13.300000,15.330000,17.991072,24.040001,,71.480003,118.599998,57.900002,1100834
2019-09-30,8.060000,54.070000,60.779999,235.000000,16.240000,296.769989,34.169998,18.850000,21.200001,4.470000,13.550000,15.110000,17.961309,23.200001,,70.610001,118.599998,56.980000,1065959
2019-10-01,7.720000,53.619999,58.889999,226.000000,18.559999,293.239990,32.700001,18.580000,20.860001,4.280000,13.080000,14.700000,17.284225,22.670000,,68.949997,116.010002,55.150002,887158
2019-10-02,7.610000,52.639999,57.689999,221.600006,20.559999,288.059998,31.760000,18.170000,20.469999,4.150000,13.080000,14.600000,17.016369,22.139999,,67.150002,112.290001,53.070000,920257
2019-10-03,7.670000,52.450001,57.709999,225.399994,19.120001,290.420013,32.049999,18.639999,20.920000,4.240000,13.270000,14.570000,17.202381,22.690001,,67.980003,113.150002,53.660000,1313258
2019-10-04,7.660000,52.810001,58.369999,223.199997,17.040001,294.350006,31.879999,18.549999,21.040001,4.240000,13.040000,14.230000,17.209822,22.469999,,68.970001,113.849998,53.500000,740412
2019-10-07,7.650000,52.750000,58.349998,221.000000,17.860001,293.079987,31.799999,18.360001,20.690001,4.170000,12.840000,14.270000,16.986607,21.900000,,68.019997,113.260002,54.599998,1195583
2019-10-08,7.480000,52.630001,58.240002,216.399994,20.280001,288.529999,30.709999,18.250000,20.280001,4.090000,12.490000,13.840000,16.629463,21.379999,,66.699997,111.709999,53.900002,803538
2019-10-09,7.620000,52.590000,58.320000,216.800003,18.639999,291.269989,30.900000,18.270000,20.190001,4.120000,13.040000,13.880000,16.830357,21.610001,,67.440002,113.139999,54.939999,1381293
2019-10-10,7.840000,53.549999,59.099998,220.600006,17.570000,293.239990,31.070000,18.430000,20.680000,4.220000,13.480000,14.370000,17.053572,21.799999,,68.250000,114.589996,55.880001,1254186
2019-10-11,8.300000,54.700001,60.509998,230.399994,15.580000,296.279999,32.480000,18.950001,21.180000,4.570000,14.240000,15.230000,17.462797,22.230000,,68.980003,116.150002,56.430000,1467648
2019-10-14,8.180000,53.590000,59.349998,228.399994,14.570000,295.950012,32.570000,18.760000,21.090000,4.640000,14.200000,15.240000,17.306547,22.320000,,69.180000,116.180000,56.130001,1368765
2019-10-15,8.330000,52.810001,58.740002,229.399994,13.540000,298.880005,32.810001,18.700001,21.209999,4.720000,14.060000,15.390000,17.284225,22.299999,,69.419998,116.309998,55.950001,949611
2019-10-16,8.430000,53.360001,59.419998,226.600006,13.680000,298.399994,31.950001,18.299999,21.010000,4.760000,13.990000,15.530000,17.157738,21.990000,,68.230003,115.110001,54.610001,1156863
2019-10-17,8.400000,53.930000,59.910000,224.800003,13.790000,299.279999,31.889999,18.510000,20.540001,4.670000,13.760000,15.640000,17.113094,22.080000,,68.139999,115.349998,54.529999,1006987
2019-10-18,8.010000,53.779999,59.419998,222.000000,14.250000,297.970001,32.310001,18.430000,20.110001,4.540000,13.290000,15.660000,17.038691,22.080000,,67.610001,114.739998,53.950001,1220409
2019-10-21,8.310000,53.310001,58.959999,230.199997,14.000000,299.989990,33.590000,19.610001,20.760000,4.580000,13.620000,15.830000,17.299107,22.120001,,68.739998,116.610001,55.959999,1393363
2019-10-22,8.940000,54.160000,59.700001,235.600006,14.460000,299.010010,34.820000,19.900000,21.540001,4.770000,14.020000,16.110001,17.492559,22.629999,,69.089996,117.800003,56.540001,2444053
2019-10-23,9.160000,55.970001,61.169998,238.000000,14.010000,299.880005,35.330002,20.209999,21.639999,4.850000,14.200000,16.230000,17.440475,23.120001,,69.750000,117.980003,56.250000,2397691
2019-10-24,9.090000,56.230000,61.669998,232.800003,13.710000,300.369995,35.110001,19.910000,20.730000,4.620000,13.730000,15.900000,15.386905,22.330000,,69.089996,117.580002,56.160000,1014257
2019-10-25,8.970000,56.660000,62.020000,235.399994,12.650000,301.600006,35.090000,20.480000,20.850000,4.700000,13.870000,15.380000,15.892857,22.379999,,69.250000,118.669998,56.349998,996693
2019-10-28,8.930000,55.810001,61.570000,233.800003,13.110000,303.299988,35.020000,20.299999,20.959999,4.720000,13.710000,15.960000,15.572917,21.990000,,68.639999,118.480003,55.680000,954527
2019-10-29,9.170000,55.540001,61.590000,236.800003,13.200000,303.209991,34.790001,20.379999,23.830000,5.110000,13.990000,17.059999,15.081845,21.900000,,68.440002,118.129997,57.090000,945021
2019-10-30,8.820000,55.060001,60.610001,226.199997,12.330000,304.140015,33.099998,19.440001,22.660000,4.890000,13.580000,16.420000,14.680060,21.620001,,67.720001,116.360001,55.040001,1603388
2019-10-31,8.590000,54.180000,60.230000,222.600006,13.220000,303.329987,32.689999,19.250000,22.620001,4.750000,14.160000,16.230000,14.680060,21.400000,,67.570000,116.139999,55.200001,1272455
2019-11-01,8.770000,56.200001,61.689999,234.199997,12.300000,306.140015,34.439999,20.090000,23.150000,5.140000,14.650000,17.139999,15.260417,21.900000,,69.599998,116.209999,57.150002,1407734
2019-11-04,8.940000,56.540001,62.130001,246.000000,12.830000,307.369995,36.240002,21.070000,24.020000,5.590000,14.880000,17.510000,15.602679,22.350000,,71.669998,121.570000,58.000000,1102223
2019-11-05,8.630000,57.230000,62.959999,244.000000,13.100000,307.029999,36.720001,21.049999,24.150000,5.570000,14.570000,17.520000,15.691964,22.629999,,73.089996,121.940002,58.509998,1392938
2019-11-06,8.470000,56.349998,61.740002,237.000000,12.620000,307.100006,35.560001,20.600000,23.629999,5.350000,14.400000,17.129999,15.275298,21.950001,,71.489998,119.900002,57.630001,1036713
2019-11-07,8.420000,57.150002,62.290001,240.399994,12.730000,308.179993,36.080002,20.959999,23.330000,5.410000,14.430000,17.330000,15.260417,22.080000,,73.010002,121.889999,59.540001,634138
2019-11-08,8.510000,57.240002,62.509998,242.000000,12.070000,308.940002,36.340000,21.280001,23.379999,5.390000,14.290000,17.530001,15.327381,22.250000,,70.769997,120.930000,59.160000,765800
2019-11-11,8.550000,56.860001,62.180000,240.399994,12.690000,308.350006,36.410000,21.250000,23.080000,5.220000,14.010000,17.139999,15.297619,22.209999,,70.339996,120.809998,58.910000,617383
2019-11-12,8.580000,56.799999,62.060001,237.199997,12.680000,309.000000,36.209999,21.030001,22.680000,4.950000,14.060000,14.500000,15.052083,22.090000,,69.370003,120.959999,58.230000,825560
2019-11-13,8.420000,57.119999,62.369999,231.000000,13.000000,309.100006,35.029999,20.620001,22.350000,4.850000,13.460000,13.800000,14.747024,21.639999,,68.800003,122.279999,57.560001,731715
2019-11-14,8.320000,56.770000,62.279999,229.199997,13.050000,309.549988,34.709999,20.330000,22.090000,4.710000,13.440000,13.890000,14.635417,21.889999,,68.500000,121.959999,57.250000,572123
2019-11-15,8.440000,57.720001,63.299999,234.000000,12.050000,311.790009,35.360001,20.480000,22.280001,4.860000,13.720000,13.890000,15.096726,22.690001,,69.190002,120.639999,58.250000,931634
2019-11-18,8.150000,57.049999,62.439999,228.000000,12.460000,312.019989,34.689999,20.160000,21.620001,4.820000,13.410000,13.740000,14.523810,22.170000,,68.519997,118.550003,56.700001,934085
2019-11-19,8.200000,55.209999,60.910000,225.000000,12.860000,311.929993,34.310001,19.900000,21.110001,4.660000,13.340000,13.660000,14.345238,22.010000,,67.820000,116.449997,57.169998,1023941
2019-11-20,8.100000,57.110001,62.400002,228.600006,12.780000,310.769989,36.139999,20.530001,21.360001,4.460000,13.320000,13.960000,14.605655,22.420000,,68.029999,117.339996,59.360001,1034109
2019-11-21,8.310000,58.580002,63.970001,233.199997,13.130000,310.269989,36.619999,21.129999,21.780001,4.590000,13.550000,13.980000,14.620536,22.590000,,69.669998,118.769997,60.209999,711595
2019-11-22,8.510000,57.770000,63.389999,234.199997,12.340000,310.959991,36.610001,20.990000,21.799999,4.740000,13.480000,13.950000,14.308036,22.420000,,69.370003,118.629997,59.900002,629675
2019-11-25,8.850000,58.009998,63.650002,240.000000,11.870000,313.369995,37.080002,21.340000,22.600000,5.030000,13.990000,14.720000,14.508929,22.540001,,68.910004,118.379997,61.049999,1055537
2019-11-26,8.470000,58.410000,64.269997,233.399994,11.540000,314.079987,36.389999,20.830000,22.389999,4.830000,13.580000,14.880000,14.322917,22.610001,,68.739998,117.790001,60.110001,635179
2019-11-27,8.610000,58.110001,64.059998,238.399994,11.750000,315.480011,36.770000,21.410000,22.780001,5.020000,13.770000,15.430000,14.508929,22.549999,,68.699997,118.070000,60.340000,331131
2019-11-29,8.300000,55.169998,62.430000,233.800003,12.620000,314.309998,36.200001,20.990000,22.549999,4.980000,13.410000,15.300000,14.017857,22.420000,,68.129997,117.129997,59.939999,419012
2019-12-02,8.370000,55.959999,60.919998,234.800003,14.910000,311.640015,36.360001,21.290001,23.049999,4.920000,13.560000,15.350000,14.032738,22.139999,,68.419998,116.800003,60.369999,1185243
2019-12-03,8.220000,56.099998,60.820000,228.800003,15.960000,309.549988,34.990002,20.790001,22.110001,4.860000,13.190000,14.340000,13.809524,21.320000,,67.879997,115.889999,58.889999,684643
2019-12-04,8.700000,58.430000,63.000000,238.800003,14.800000,311.459991,36.189999,21.469999,22.750000,5.360000,13.410000,14.590000,14.248512,22.170000,,68.650002,116.940002,60.630001,942198
2019-12-05,8.660000,58.430000,63.389999,236.800003,14.520000,312.019989,35.849998,21.420000,22.570000,5.320000,13.240000,14.800000,14.062500,22.139999,,68.410004,116.330002,59.840000,693324
2019-12-06,9.120000,59.200001,64.389999,246.800003,13.620000,314.869995,36.889999,22.330000,23.360001,5.630000,13.690000,15.950000,14.136905,22.209999,,69.510002,118.010002,61.970001,1397901
2019-12-09,9.140000,59.020000,64.250000,247.000000,15.860000,313.880005,37.160000,22.570000,23.049999,5.710000,13.360000,16.200001,14.025298,22.250000,,69.660004,117.300003,61.830002,910756
2019-12-10,9.060000,59.240002,64.339996,247.600006,15.680000,313.529999,37.340000,22.790001,23.420000,5.650000,13.160000,16.180000,14.211310,22.340000,,69.059998,117.889999,61.759998,768611
2019-12-11,9.130000,58.759998,63.720001,252.000000,14.990000,314.420013,38.400002,23.379999,23.650000,5.650000,13.470000,16.530001,14.389881,22.680000,,68.959999,116.230003,61.680000,670584
2019-12-12,9.290000,59.180000,64.199997,260.000000,13.940000,317.130005,39.070000,24.299999,24.139999,5.940000,14.430000,17.000000,14.806548,23.760000,,70.339996,118.809998,62.590000,1453454
2019-12-13,9.340000,60.070000,65.220001,257.600006,12.630000,317.320007,39.000000,23.990000,23.799999,6.090000,14.190000,17.010000,14.880952,23.639999,,69.230003,117.959999,62.700001,794633
2019-12-16,9.160000,60.209999,65.339996,260.600006,12.140000,319.500000,39.400002,24.350000,23.850000,6.030000,14.310000,17.209999,14.843750,23.950001,,70.000000,119.360001,62.820000,1305286
2019-12-17,9.200000,60.939999,66.099998,262.600006,12.290000,319.570007,39.459999,24.690001,23.730000,6.050000,14.810000,17.340000,14.888393,24.370001,,69.680000,118.599998,63.520000,855270
2019-12-18,9.120000,60.930000,66.169998,265.000000,12.580000,319.589996,39.619999,24.540001,23.709999,6.040000,15.050000,17.860001,15.133929,24.730000,,69.870003,118.550003,63.200001,1295102
2019-12-19,9.320000,61.220001,66.540001,267.600006,12.500000,320.899994,39.610001,24.480000,24.340000,6.110000,15.080000,18.570000,15.238095,24.969999,,69.389999,118.129997,63.189999,1171360
2019-12-20,9.430000,60.439999,66.139999,265.600006,12.510000,320.730011,39.430000,24.490000,24.330000,5.890000,14.750000,18.690001,15.260417,25.090000,,69.940002,119.680000,63.720001,4798939
2019-12-23,9.740000,60.520000,66.389999,269.200012,12.610000,321.220001,40.790001,24.889999,25.080000,6.540000,15.090000,18.830000,15.788690,25.510000,,70.290001,120.330002,64.599998,765687
2019-12-24,9.910000,61.110001,67.199997,268.799988,12.670000,321.230011,40.650002,24.860001,24.940001,6.550000,15.140000,19.180000,15.729167,25.480000,,70.019997,120.339996,64.669998,512656
2019-12-26,9.820000,61.680000,67.919998,268.600006,12.650000,322.940002,40.070000,24.540001,25.030001,6.600000,15.090000,19.260000,15.729167,25.559999,,70.129997,120.599998,65.000000,428169
2019-12-27,9.460000,61.720001,68.160004,266.000000,13.430000,322.859985,40.000000,24.400000,24.940001,6.570000,14.880000,19.240000,15.580357,25.490000,,69.889999,120.300003,64.980003,887853
2019-12-30,9.660000,61.680000,68.440002,268.600006,14.820000,321.079987,40.400002,24.559999,25.219999,6.800000,14.900000,19.280001,15.863095,25.629999,,69.480003,119.849998,64.610001,690894
2019-12-31,9.630000,61.060001,66.000000,265.000000,13.780000,321.859985,40.200001,24.469999,25.049999,6.880000,14.910000,19.280001,15.952381,25.629999,,69.779999,120.510002,65.029999,988429
2020-01-02,9.660000,61.180000,66.250000,266.399994,12.470000,324.869995,40.169998,24.680000,25.260000,6.930000,14.780000,18.870001,15.870536,25.610001,,70.900002,121.430000,65.459999,817561
2020-01-03,9.630000,63.049999,68.599998,270.200012,14.020000,322.410004,40.560001,24.760000,25.350000,7.040000,15.110000,19.610001,16.056547,25.639999,,70.330002,121.010002,65.699997,1245501
2020-01-06,9.570000,63.270000,68.910004,275.200012,13.850000,323.640015,40.820000,25.389999,25.480000,7.170000,14.850000,20.219999,16.168156,25.520000,,70.870003,120.599998,66.480003,990223
2020-01-07,9.520000,62.700001,68.269997,269.200012,13.790000,322.730011,40.610001,24.670000,24.990000,6.890000,14.980000,19.379999,15.781250,25.090000,,70.290001,119.059998,66.480003,863632
2020-01-08,9.160000,59.610001,65.440002,260.399994,13.450000,324.450012,39.410000,24.049999,24.110001,6.420000,14.850000,18.270000,15.245536,24.770000,,69.230003,117.699997,64.940002,1174741
2020-01-09,9.370000,59.560001,65.370003,262.799988,12.540000,326.649994,39.860001,24.190001,24.129999,6.410000,15.560000,18.040001,15.513393,25.040001,,69.760002,117.510002,66.070000,1026019
2020-01-10,9.390000,59.040001,64.980003,261.000000,12.560000,325.709991,39.830002,24.080000,23.840000,6.230000,15.960000,17.590000,15.632440,24.860001,,69.139999,116.440002,65.419998,672828
2020-01-13,9.310000,58.080002,64.199997,258.600006,12.320000,327.950012,39.230000,23.750000,23.580000,6.240000,15.720000,17.540001,15.877976,24.410000,,69.800003,116.660004,65.129997,1033813
2020-01-14,9.300000,58.230000,64.489998,259.200012,12.390000,327.450012,39.529999,23.940001,23.639999,6.280000,15.440000,17.379999,15.602679,24.020000,,69.199997,116.300003,65.139999,837771
2020-01-15,8.940000,57.810001,64.000000,253.600006,12.420000,328.190002,38.330002,23.570000,23.320000,6.180000,14.850000,17.299999,15.014881,23.320000,,69.089996,116.129997,65.000000,1019710
2020-01-16,9.040000,58.520000,64.620003,256.000000,12.320000,330.920013,38.779999,23.809999,23.520000,6.150000,14.950000,17.570000,14.940476,23.510000,,68.820000,116.889999,65.070000,1443687
2020-01-17,8.910000,58.540001,64.849998,253.399994,12.100000,331.950012,38.369999,23.959999,23.500000,5.970000,14.770000,17.389999,14.724702,23.610001,,68.559998,115.580002,65.070000,876167
2020-01-21,8.750000,58.340000,64.589996,245.600006,12.850000,331.299988,36.950001,23.770000,23.270000,5.730000,14.400000,16.760000,14.434524,22.730000,,67.580002,113.309998,64.029999,1518633
2020-01-22,8.750000,56.740002,63.209999,242.600006,12.910000,331.339996,36.680000,23.930000,22.940001,5.570000,14.330000,16.129999,13.883929,22.680000,,67.190002,112.900002,63.009998,1028924
2020-01-23,8.850000,55.590000,62.040001,239.199997,12.980000,331.720001,36.430000,23.580000,22.719999,5.240000,14.250000,16.090000,13.712798,22.959999,,66.769997,113.099998,63.139999,1201083
2020-01-24,8.630000,54.189999,60.689999,232.800003,14.560000,328.769989,35.770000,23.100000,21.879999,5.100000,13.330000,16.120001,13.370536,22.860001,,66.320000,111.849998,62.619999,1101525
2020-01-27,8.320000,53.139999,59.320000,221.399994,18.230000,323.500000,33.959999,21.650000,20.900000,4.620000,12.670000,16.010000,12.872024,22.049999,,64.739998,110.389999,61.040001,1064552
2020-01-28,8.580000,53.480000,59.509998,224.000000,16.280001,326.890015,33.959999,22.080000,21.120001,4.770000,12.930000,16.100000,12.485119,21.900000,,64.650002,111.120003,61.180000,867734
2020-01-29,8.470000,53.330002,59.810001,221.199997,16.389999,326.619995,33.730000,21.629999,20.719999,4.730000,12.810000,15.950000,12.380952,21.480000,,64.110001,110.370003,60.490002,846896
2020-01-30,8.530000,52.139999,58.290001,223.000000,15.490000,327.679993,34.040001,21.950001,21.020000,4.740000,12.850000,15.810000,12.247024,22.350000,,64.790001,111.400002,60.889999,656946
2020-01-31,8.340000,51.560001,58.160000,218.000000,18.840000,321.730011,33.509998,21.809999,20.610001,4.560000,12.410000,15.180000,12.284226,21.660000,,62.119999,107.139999,59.430000,1020494
2020-02-03,8.420000,50.110001,54.450001,217.399994,17.969999,324.119995,33.459999,21.500000,20.870001,4.650000,12.750000,15.320000,12.641369,21.510000,,60.730000,106.279999,59.180000,1226329
2020-02-04,8.650000,49.610001,53.959999,221.600006,16.049999,329.059998,34.070000,21.670000,21.389999,4.810000,13.130000,15.670000,12.983631,21.309999,,59.970001,106.849998,56.490002,924268
2020-02-05,8.670000,50.750000,55.279999,230.800003,15.150000,332.859985,35.070000,22.580000,22.250000,5.200000,13.730000,16.010000,13.296131,21.850000,,62.730000,110.279999,58.779999,1305586
2020-02-06,8.620000,50.950001,54.930000,225.000000,14.960000,333.980011,34.509998,22.260000,21.889999,4.830000,13.750000,16.000000,13.013393,22.230000,,61.880001,109.489998,58.410000,1792094
2020-02-07,8.360000,50.320000,54.470001,222.800003,15.470000,332.200012,34.419998,21.799999,24.180000,4.750000,12.830000,15.740000,12.514881,22.450001,,61.470001,108.940002,57.990002,651287
2020-02-10,8.450000,49.570000,53.270000,219.399994,15.040000,334.679993,34.349998,21.400000,22.879999,4.500000,12.530000,15.730000,12.098214,22.150000,,59.959999,109.790001,57.869999,667776
2020-02-11,8.730000,49.939999,54.009998,223.399994,15.180000,335.260010,34.290001,21.730000,23.330000,4.480000,12.870000,16.170000,12.946429,22.139999,,60.529999,111.209999,58.709999,806762
2020-02-12,8.730000,51.169998,55.790001,228.199997,13.740000,337.420013,35.049999,22.350000,23.910000,4.670000,13.240000,16.139999,13.065476,22.160000,,61.270000,112.040001,59.759998,925424
2020-02-13,8.710000,51.419998,56.340000,225.199997,14.150000,337.059998,34.669998,22.190001,23.340000,4.660000,13.030000,16.030001,12.916667,22.080000,,60.930000,111.660004,58.820000,626310
2020-02-14,8.840000,52.049999,57.320000,225.000000,13.680000,337.600006,34.419998,22.120001,22.889999,4.520000,13.480000,16.190001,12.842262,21.980000,,60.650002,110.080002,58.619999,620536
2020-02-18,8.820000,52.049999,57.750000,220.600006,14.830000,336.730011,33.650002,21.860001,22.850000,4.410000,13.270000,16.080000,12.745536,20.910000,,59.880001,110.239998,58.299999,1308535
2020-02-19,8.950000,53.290001,59.119999,224.199997,14.380000,338.339996,34.290001,22.280001,23.379999,4.320000,13.390000,16.219999,12.797619,20.809999,,60.340000,110.739998,59.259998,419019
2020-02-20,8.890000,53.779999,59.310001,224.000000,15.560000,336.950012,33.830002,21.950001,23.620001,4.300000,13.570000,16.379999,12.827381,20.660000,,59.860001,109.809998,58.880001,694051
2020-02-21,8.250000,53.380001,58.500000,216.199997,17.080000,333.480011,33.389999,21.260000,23.209999,4.160000,12.970000,15.820000,12.611607,20.530001,,59.130001,109.010002,58.439999,1105487
2020-02-24,7.520000,51.430000,56.299999,200.399994,25.030001,322.420013,30.930000,19.830000,21.700001,3.790000,11.920000,14.620000,11.919643,19.480000,,56.360001,104.709999,56.380001,1503949
2020-02-25,7.140000,49.900002,54.950001,192.000000,27.850000,312.649994,29.340000,19.010000,20.230000,3.560000,11.110000,13.740000,11.361607,18.620001,,54.200001,100.709999,53.830002,2136381
2020-02-26,7.060000,48.730000,53.430000,186.199997,27.559999,311.500000,28.379999,18.400000,19.469999,3.430000,10.940000,13.530000,11.331845,17.760000,,53.009998,98.040001,51.169998,1842621
2020-02-27,6.430000,47.090000,52.180000,175.800003,39.160000,297.510010,26.840000,17.389999,18.820000,3.010000,10.230000,12.930000,11.383929,16.670000,,49.820000,94.129997,47.130001,2290575
2020-02-28,6.710000,44.759998,50.520000,179.600006,40.110001,296.260010,27.090000,16.959999,18.709999,3.350000,10.540000,13.890000,11.041667,16.090000,,51.439999,93.339996,48.419998,1904094
2020-03-02,6.850000,46.750000,51.900002,183.600006,33.419998,309.089996,27.790001,17.219999,19.820000,3.550000,10.730000,14.190000,11.220238,17.170000,,53.880001,96.589996,49.230000,1686264
2020-03-03,6.490000,47.180000,51.860001,175.399994,36.820000,300.239990,26.809999,15.950000,19.139999,3.170000,10.580000,14.020000,10.677083,16.530001,,51.299999,94.389999,48.119999,1717235
2020-03-04,6.600000,46.779999,51.130001,174.600006,31.990000,312.859985,27.080000,15.390000,18.990000,3.180000,10.380000,13.560000,10.543155,17.280001,,52.419998,98.529999,49.430000,1154430
2020-03-05,6.030000,45.900002,49.990002,165.199997,39.619999,302.459991,25.830000,14.740000,18.070000,3.000000,9.370000,12.890000,10.252976,16.959999,,50.110001,97.190002,47.700001,1277484
2020-03-06,5.190000,41.279999,45.270000,147.000000,41.939999,297.459991,23.850000,13.070000,15.680000,2.440000,8.170000,11.960000,9.375000,16.080000,,47.689999,95.320000,45.330002,1677439
2020-03-09,2.890000,31.129999,34.360001,99.599998,54.459999,274.230011,17.309999,8.150000,11.140000,1.510000,4.810000,9.320000,6.912202,12.500000,,41.860001,80.669998,34.070000,2127655
2020-03-10,2.760000,34.360001,37.220001,104.000000,47.299999,288.420013,18.190001,8.660000,12.090000,1.820000,4.570000,8.760000,7.090774,13.760000,,43.410000,84.980003,34.880001,3806455
2020-03-11,2.410000,32.980000,35.790001,93.800003,53.900002,274.359985,17.379999,7.830000,10.480000,1.360000,3.570000,7.460000,5.974702,12.710000,,41.980000,83.029999,32.560001,2284064
2020-03-12,1.650000,31.500000,33.220001,80.000000,75.470001,248.110001,14.420000,6.420000,8.700000,1.340000,3.150000,6.410000,4.940476,10.700000,,37.180000,76.260002,28.200001,4815074
2020-03-13,2.130000,31.730000,33.849998,89.199997,57.830002,269.320007,16.160000,7.150000,10.180000,1.550000,3.230000,6.680000,5.312500,12.730000,,38.119999,83.419998,31.379999,4298613
2020-03-16,1.940000,28.700001,30.049999,78.000000,82.690002,239.850006,14.410000,5.940000,8.860000,1.300000,2.330000,6.280000,4.263393,11.610000,,34.490002,69.699997,26.080000,2812463
2020-03-17,1.480000,26.950001,28.730000,78.400002,75.910004,252.800003,14.000000,6.140000,9.420000,1.340000,2.260000,6.090000,4.590774,11.250000,,36.810001,70.690002,26.250000,3422270
2020-03-18,1.330000,20.370001,24.879999,67.800003,76.449997,240.000000,12.050000,4.610000,8.470000,1.110000,2.080000,5.310000,3.727679,9.700000,,33.119999,55.049999,22.670000,2596111
2020-03-19,1.540000,25.219999,28.469999,76.199997,72.000000,240.509995,13.870000,4.800000,10.290000,1.130000,2.860000,5.490000,4.508929,10.140000,,34.430000,57.389999,25.590000,2596803
2020-03-20,1.560000,22.430000,26.980000,76.400002,66.040001,228.800003,14.280000,5.050000,10.190000,1.040000,2.890000,6.320000,4.687500,10.000000,,32.740002,59.389999,26.840000,3914780
2020-03-23,1.540000,23.360001,27.030001,74.000000,61.590000,222.949997,12.830000,5.240000,9.750000,1.160000,2.950000,6.090000,4.687500,9.330000,,31.450001,54.220001,24.549999,1235475
2020-03-24,1.800000,24.010000,27.150000,87.199997,61.669998,243.149994,14.650000,6.630000,11.140000,1.400000,4.180000,6.500000,5.275298,11.250000,,35.439999,66.550003,30.740000,1656454
2020-03-25,2.140000,24.490000,27.389999,87.000000,63.950001,246.789993,14.600000,6.770000,11.020000,1.320000,3.910000,6.180000,5.193452,11.620000,,37.290001,69.269997,30.940001,2411585
2020-03-26,1.910000,22.600000,26.340000,88.199997,61.000000,261.200012,15.520000,7.050000,11.250000,1.340000,3.850000,6.710000,5.267857,12.400000,,38.820000,76.379997,32.090000,2668526
2020-03-27,1.870000,21.510000,24.930000,81.800003,65.540001,253.419998,13.760000,6.390000,10.060000,1.170000,3.820000,6.230000,5.290179,11.880000,,36.950001,68.779999,29.250000,1540051
2020-03-30,1.740000,20.090000,22.760000,78.199997,57.080002,261.649994,13.280000,6.370000,9.400000,1.150000,3.470000,6.480000,5.245536,10.960000,,37.500000,71.949997,29.290001,1965762
2020-03-31,1.640000,20.480000,22.740000,80.400002,53.540001,257.750000,13.490000,6.850000,9.830000,1.160000,2.940000,7.080000,5.014881,10.500000,,37.970001,72.459999,30.799999,2207594
2020-04-01,1.250000,20.309999,24.740000,75.199997,57.060001,246.149994,12.590000,6.600000,9.350000,1.080000,2.740000,6.040000,4.880952,9.800000,,37.529999,68.559998,29.620001,3273300
2020-04-02,1.180000,25.320000,29.940001,82.199997,50.910000,251.830002,13.880000,7.520000,10.060000,1.100000,3.020000,6.450000,5.595238,10.360000,,40.400002,76.120003,33.860001,4974560
2020-04-03,1.000000,28.340000,34.110001,80.800003,46.799999,248.190002,14.290000,7.610000,9.850000,1.080000,2.840000,6.240000,5.334821,10.400000,,39.209999,75.110001,32.910000,5632079
2020-04-06,1.000000,26.080000,33.049999,87.000000,45.240002,264.859985,15.670000,7.910000,10.900000,1.120000,3.360000,6.530000,5.781250,11.750000,,40.470001,80.389999,32.799999,8009623
2020-04-07,1.010000,23.629999,31.870001,90.000000,46.700001,265.130005,16.469999,8.040000,10.870000,1.190000,3.720000,6.580000,5.855655,12.410000,,41.240002,80.919998,33.270000,7213780
2020-04-08,1.260000,25.090000,32.840000,97.599998,43.349998,274.029999,17.280001,8.750000,11.680000,1.280000,3.840000,6.700000,6.555060,12.900000,,43.849998,85.980003,35.680000,7584572
2020-04-09,1.650000,22.760000,31.480000,98.400002,41.669998,278.200012,16.469999,8.210000,11.600000,1.440000,4.110000,7.680000,6.250000,12.860000,,43.130001,84.309998,34.730000,12649168
2020-04-13,1.840000,22.410000,31.740000,97.800003,41.169998,275.660004,15.950000,7.850000,12.030000,1.460000,3.810000,7.190000,6.257440,13.290000,,42.759998,84.910004,34.299999,8179681
2020-04-14,1.750000,20.110001,29.600000,96.400002,37.759998,283.790009,15.540000,7.630000,12.060000,1.540000,3.770000,6.540000,6.287202,13.350000,,42.430000,84.610001,34.080002,6044418
2020-04-15,1.600000,19.870001,27.690001,89.419998,40.840000,277.760010,14.730000,6.950000,11.290000,1.320000,3.340000,5.810000,5.892857,12.910000,,40.480000,82.489998,32.200001,5360544
2020-04-16,1.460000,19.870001,27.820000,83.209999,40.110001,279.100006,14.050000,6.670000,10.850000,1.140000,2.910000,4.970000,5.520833,12.590000,,39.150002,79.989998,31.070000,3555149
2020-04-17,1.540000,18.270000,28.080000,90.040001,38.150002,286.640015,15.280000,7.580000,11.670000,1.190000,3.490000,5.320000,6.041667,13.030000,,43.220001,87.169998,35.259998,2980819
2020-04-20,1.400000,,25.570000,88.230003,43.830002,281.589996,15.210000,7.630000,11.500000,1.170000,3.200000,5.180000,5.691964,12.980000,,41.180000,83.570000,34.570000,5134549
2020-04-21,1.550000,10.010000,19.330000,86.510002,45.410000,273.040009,14.690000,7.460000,11.480000,1.100000,3.400000,5.070000,5.602679,12.750000,,40.959999,81.639999,33.189999,4006762
2020-04-22,1.590000,13.780000,20.370001,89.610001,41.980000,279.100006,15.340000,8.230000,11.800000,0.950000,3.630000,5.230000,6.145833,12.990000,,42.130001,84.440002,34.980000,4199637
2020-04-23,1.680000,16.500000,21.330000,98.300003,41.380001,279.079987,16.520000,8.920000,12.420000,1.000000,4.200000,5.730000,5.736607,13.570000,,43.450001,86.800003,36.180000,7117012
2020-04-24,1.580000,16.940001,21.440001,96.580002,35.930000,282.970001,16.110001,8.860000,12.020000,0.970000,4.460000,5.740000,5.967262,13.420000,,43.730000,87.010002,36.090000,4469804
2020-04-27,1.600000,12.780000,19.990000,95.879997,33.290001,287.049988,16.049999,8.910000,12.350000,0.840000,4.250000,5.800000,5.714286,13.600000,,43.939999,89.709999,37.150002,4402907
2020-04-28,1.690000,12.340000,20.459999,100.309998,33.570000,285.730011,16.150000,9.520000,11.770000,0.940000,4.590000,5.420000,5.922619,14.200000,,44.970001,89.910004,38.480000,5200551
2020-04-29,2.320000,15.060000,22.540001,113.919998,31.230000,293.209991,18.200001,11.020000,12.980000,1.120000,5.190000,6.070000,6.897321,14.810000,,47.459999,94.620003,42.209999,9953706
2020-04-30,2.540000,18.840000,25.270000,109.779999,34.150002,290.480011,16.820000,10.500000,12.640000,1.280000,5.140000,5.760000,6.629464,13.950000,,46.470001,92.000000,42.099998,14389841
2020-05-01,2.180000,19.780001,26.440001,100.949997,37.189999,282.790009,15.750000,9.760000,11.700000,1.150000,4.160000,5.240000,6.153274,13.700000,,43.139999,89.440002,39.139999,8193624
2020-05-04,2.280000,20.389999,27.200001,103.980003,35.970001,283.570007,16.230000,10.030000,12.330000,1.230000,4.580000,5.190000,5.922619,13.970000,,44.880001,91.440002,40.360001,4813637
2020-05-05,2.250000,24.559999,30.969999,102.050003,33.610001,286.190002,16.250000,9.860000,12.310000,1.200000,4.730000,5.110000,5.773810,13.600000,,44.830002,92.889999,40.919998,4907936
2020-05-06,2.150000,23.990000,29.719999,97.540001,34.119999,284.250000,15.820000,9.560000,11.800000,1.140000,4.230000,4.730000,5.543155,12.930000,,43.990002,90.050003,40.490002,5065374
2020-05-07,2.180000,23.549999,29.459999,101.330002,31.440001,287.679993,16.730000,10.010000,12.350000,1.260000,4.420000,4.790000,5.632440,14.020000,,44.240002,92.639999,42.419998,3975611
2020-05-08,2.350000,24.740000,30.969999,110.209999,27.980000,292.440002,18.049999,10.700000,13.190000,1.390000,4.720000,5.160000,5.892857,15.010000,,46.180000,95.470001,43.080002,4564975
2020-05-11,2.280000,24.139999,29.629999,108.110001,27.570000,292.500000,17.360001,10.580000,12.880000,1.480000,4.730000,4.920000,5.580357,14.620000,,45.740002,93.370003,42.270000,2571882
2020-05-12,2.340000,25.780001,29.980000,108.669998,33.040001,286.670013,17.080000,10.490000,12.890000,1.690000,4.880000,4.760000,5.602679,14.570000,,44.119999,91.099998,41.580002,4270455
2020-05-13,2.060000,25.290001,29.190001,99.389999,35.279999,281.600006,15.850000,9.540000,11.510000,1.340000,4.640000,4.710000,5.119048,13.610000,,41.930000,88.699997,39.889999,6653807
2020-05-14,2.140000,27.559999,31.129999,100.930000,32.610001,284.970001,16.100000,9.950000,11.670000,1.400000,4.770000,4.260000,4.947917,14.000000,,42.299999,90.050003,39.930000,4316418
2020-05-15,2.070000,29.430000,32.500000,101.230003,31.889999,286.279999,15.950000,9.820000,11.520000,1.400000,4.710000,4.130000,4.851190,13.760000,,42.000000,89.160004,40.869999,2286177
2020-05-18,2.350000,31.820000,34.810001,113.959999,29.299999,295.000000,17.950001,11.510000,12.780000,1.480000,5.760000,4.510000,5.572917,15.340000,,45.340000,92.550003,43.599998,5036358
2020-05-19,2.500000,32.500000,34.650002,108.150002,30.530001,291.970001,17.110001,11.150000,12.040000,1.410000,5.030000,4.670000,5.193452,14.510000,,43.939999,89.620003,42.669998,7845278
2020-05-20,2.620000,33.490002,35.750000,115.190002,27.990000,296.929993,18.209999,11.950000,13.000000,1.460000,5.360000,5.300000,5.572917,15.610000,,45.369999,93.000000,44.150002,4733687
2020-05-21,2.640000,33.919998,36.060001,114.669998,29.530001,294.880005,17.790001,11.980000,12.120000,1.470000,5.420000,5.180000,5.401786,15.420000,,44.560001,92.040001,43.720001,3587793
2020-05-22,2.580000,33.250000,35.130001,111.449997,28.160000,295.440002,17.580000,11.590000,12.090000,1.430000,5.270000,5.120000,5.364583,15.120000,,44.599998,90.279999,43.279999,2887143
2020-05-26,3.010000,34.349998,36.169998,117.680000,28.010000,299.079987,18.400000,11.870000,12.870000,1.410000,5.850000,5.250000,5.691964,16.010000,,45.910000,93.300003,43.669998,6660714
2020-05-27,3.320000,32.810001,34.740002,121.769997,27.620001,303.529999,19.049999,12.190000,13.260000,1.390000,6.020000,5.300000,5.863095,16.559999,,46.240002,93.900002,44.669998,7244694
2020-05-28,3.410000,33.709999,35.290001,121.989998,28.590000,302.970001,18.790001,12.110000,12.930000,1.360000,6.290000,5.230000,5.714286,16.389999,,45.040001,90.870003,43.009998,7373743
2020-05-29,3.360000,35.490002,35.330002,118.760002,27.510000,304.320007,18.469999,11.750000,12.470000,1.330000,6.420000,4.770000,5.505952,16.510000,,45.470001,91.699997,42.180000,5317539
2020-06-01,3.520000,35.439999,38.320000,119.680000,28.230000,305.549988,18.430000,12.040000,12.500000,1.390000,6.160000,4.940000,5.840774,16.330000,,46.279999,92.790001,43.389999,3580132
2020-06-02,3.780000,36.810001,39.570000,125.650002,26.840000,308.079987,18.860001,12.690000,12.690000,1.420000,6.430000,5.000000,6.034226,17.110001,,47.310001,94.690002,44.200001,5177481
2020-06-03,3.830000,37.290001,39.790001,129.440002,25.660000,312.179993,19.610001,13.080000,13.350000,1.500000,6.440000,5.430000,6.577381,17.330000,,49.240002,97.180000,45.119999,5912373
2020-06-04,4.270000,37.410000,39.990002,136.710007,25.809999,311.359985,20.330000,13.190000,13.760000,1.660000,6.950000,6.640000,6.406250,17.150000,,49.099998,96.279999,44.709999,5565453
2020-06-05,5.110000,39.549999,42.299999,154.350006,24.520000,319.339996,21.990000,14.520000,15.030000,2.500000,7.830000,7.850000,7.135417,17.750000,,53.080002,100.809998,48.590000,7828736
2020-06-08,5.400000,38.189999,40.799999,173.580002,25.809999,323.200012,23.650000,16.400000,16.520000,3.750000,8.840000,8.260000,7.529762,19.059999,,54.740002,103.239998,50.310001,6892880
2020-06-09,4.920000,38.939999,41.180000,160.300003,27.570000,320.790009,22.510000,15.430000,15.690000,2.860000,8.230000,7.480000,6.934524,18.670000,,53.520000,101.529999,48.630001,4060569
2020-06-10,4.750000,39.599998,41.730000,147.869995,27.570000,319.000000,20.959999,14.510000,14.740000,2.380000,7.540000,6.800000,6.391369,17.260000,,50.650002,97.580002,45.910000,5896179
2020-06-11,3.610000,36.340000,38.549999,126.599998,40.790001,300.609985,18.510000,12.280000,12.650000,2.020000,6.590000,6.060000,5.572917,15.630000,,46.180000,89.370003,42.119999,6527207
2020-06-12,4.130000,36.259998,38.730000,133.919998,36.090000,304.209991,19.000000,12.780000,12.770000,2.210000,6.990000,6.520000,5.915179,15.940000,,47.169998,92.389999,43.730000,4868702
2020-06-15,4.270000,37.119999,39.720001,134.639999,34.400002,307.049988,19.320000,13.030000,12.440000,2.250000,7.230000,6.250000,6.093750,16.350000,,47.139999,91.230003,43.349998,3613494
2020-06-16,4.140000,38.380001,40.959999,136.979996,33.669998,312.959991,19.549999,13.530000,12.980000,2.270000,7.340000,6.180000,6.316964,16.840000,,48.200001,94.029999,45.110001,3998658
2020-06-17,3.880000,37.959999,40.709999,130.830002,33.470001,311.660004,19.830000,12.960000,12.250000,2.200000,6.760000,5.720000,5.952381,16.100000,,46.630001,91.540001,44.020000,2669050
2020-06-18,3.860000,38.840000,41.509998,131.419998,32.939999,311.779999,20.180000,13.190000,12.270000,2.200000,6.870000,5.870000,5.825893,16.110001,,46.919998,91.940002,44.450001,2188716
2020-06-19,3.710000,39.750000,42.189999,128.509995,35.119999,308.640015,19.709999,13.040000,11.740000,2.100000,6.680000,5.940000,5.625000,15.490000,,45.980000,90.629997,43.700001,4666460
2020-06-22,3.760000,40.459999,43.080002,128.970001,31.770000,310.619995,19.820000,13.020000,11.810000,2.100000,6.710000,5.660000,5.610119,15.350000,,46.419998,91.589996,43.560001,2354565
2020-06-23,3.790000,40.369999,42.630001,129.139999,31.370001,312.049988,19.570000,13.000000,12.130000,2.090000,6.780000,5.830000,5.758929,15.540000,,46.700001,91.440002,43.810001,2067659
2020-06-24,3.230000,38.009998,40.310001,118.080002,33.840000,304.089996,17.860001,11.860000,11.190000,1.930000,6.060000,5.210000,5.275298,14.310000,,44.500000,87.639999,40.990002,3990210
2020-06-25,3.570000,38.720001,41.049999,122.709999,32.220001,307.350006,18.420000,12.430000,12.290000,1.930000,6.400000,5.560000,5.461310,14.950000,,45.169998,89.209999,42.060001,3586884
2020-06-26,3.300000,38.490002,41.020000,116.870003,34.730000,300.049988,17.440001,11.930000,12.190000,1.780000,6.020000,5.280000,5.238095,14.700000,,43.619999,86.459999,40.349998,3351878
2020-06-29,3.530000,39.700001,41.709999,119.010002,31.780001,304.459991,18.010000,12.420000,12.150000,1.780000,6.050000,5.420000,5.059524,14.850000,,44.320000,87.669998,41.299999,2221243
2020-06-30,3.470000,39.270000,41.150002,121.879997,30.430000,308.359985,18.389999,12.980000,12.250000,1.830000,6.390000,5.590000,5.089286,15.390000,,44.720001,89.230003,42.020000,3584218
2020-07-01,3.580000,39.820000,42.029999,118.440002,28.620001,310.519989,17.719999,12.470000,11.810000,1.840000,6.030000,5.320000,5.141369,15.410000,,43.709999,87.620003,40.740002,2850124
2020-07-02,3.480000,40.650002,43.139999,120.169998,27.680000,312.230011,17.980000,12.570000,12.100000,1.840000,6.030000,5.450000,5.416667,15.410000,,44.080002,88.309998,41.779999,3100821
2020-07-06,3.640000,40.630001,43.099998,124.449997,27.940001,317.049988,18.750000,13.030000,12.390000,1.950000,6.280000,5.610000,5.744048,15.510000,,44.389999,88.570000,41.630001,1876755
2020-07-07,3.430000,40.619999,43.080002,119.910004,29.430000,313.779999,18.180000,12.410000,11.610000,1.980000,5.990000,5.290000,5.290179,15.220000,,43.240002,86.309998,40.639999,2679772
2020-07-08,3.350000,40.900002,43.290001,120.629997,28.080000,316.179993,18.070000,12.470000,11.450000,2.020000,6.170000,5.290000,5.528274,15.520000,,43.139999,86.349998,41.040001,4399398
2020-07-09,3.180000,39.619999,42.349998,113.139999,29.260000,314.380005,17.129999,11.780000,10.830000,1.900000,5.680000,4.850000,5.066964,14.650000,,41.360001,82.739998,38.349998,2256131
2020-07-10,3.430000,40.549999,43.240002,116.360001,27.290001,317.589996,17.790001,12.060000,11.230000,1.880000,5.820000,5.010000,5.252976,15.050000,,42.650002,85.230003,39.689999,2457736
2020-07-13,3.260000,40.099998,42.720001,113.739998,32.189999,314.839996,17.379999,11.790000,11.060000,1.770000,5.390000,5.070000,5.453869,15.060000,,42.660000,85.400002,39.660000,1973379
2020-07-14,3.410000,40.290001,42.900002,119.650002,29.520000,318.920013,18.389999,12.480000,11.530000,1.940000,5.750000,5.370000,5.528274,15.560000,,44.070000,88.349998,41.310001,2236109
2020-07-15,3.560000,41.200001,43.790001,124.809998,27.760000,321.850006,18.900000,13.000000,11.720000,2.070000,6.090000,5.670000,5.855655,15.600000,,44.630001,88.889999,41.619999,3472531
2020-07-16,3.570000,40.750000,43.369999,123.459999,28.000000,320.790009,18.820000,13.090000,11.520000,2.110000,6.060000,5.610000,5.863095,15.390000,,44.279999,88.360001,41.590000,1421247
2020-07-17,3.410000,40.590000,43.139999,121.339996,25.680000,321.720001,18.620001,13.080000,11.360000,1.960000,5.800000,5.520000,5.736607,15.270000,,43.520000,87.190002,39.959999,1274222
2020-07-20,3.520000,40.810001,43.279999,121.129997,24.459999,324.320007,18.440001,13.410000,11.320000,1.970000,5.490000,5.400000,5.654762,15.050000,,42.500000,85.269997,39.330002,2655720
2020-07-21,3.920000,41.959999,44.320000,130.929993,24.840000,325.010010,19.559999,14.320000,12.270000,2.080000,6.210000,6.120000,5.982143,16.309999,,44.650002,91.389999,41.660000,3863878
2020-07-22,3.820000,41.900002,44.290001,128.059998,24.320000,326.859985,19.170000,14.180000,12.180000,2.010000,5.750000,5.950000,5.833333,16.459999,,43.610001,91.040001,40.889999,2505457
2020-07-23,4.850000,41.070000,43.310001,132.110001,26.080000,322.959991,19.299999,14.750000,12.510000,2.070000,5.810000,6.270000,5.885417,16.690001,,43.700001,91.010002,40.459999,17547799
2020-07-24,4.660000,41.290001,43.340000,132.089996,25.840000,320.880005,19.480000,14.710000,12.740000,2.190000,5.910000,6.410000,5.907738,16.370001,,43.430000,90.129997,40.279999,4428928
2020-07-27,4.450000,41.599998,43.410000,133.190002,24.740000,323.220001,19.680000,14.900000,12.990000,2.200000,5.980000,6.310000,5.811012,16.330000,,44.070000,91.040001,39.770000,3410777
2020-07-28,4.300000,41.040001,43.220001,128.289993,25.440001,321.170013,19.150000,14.650000,11.560000,2.040000,5.720000,6.250000,5.602679,15.870000,,43.549999,89.110001,38.959999,2275596
2020-07-29,4.420000,41.270000,43.750000,131.080002,24.100000,325.119995,19.430000,15.070000,11.690000,2.070000,6.200000,6.400000,5.736607,15.810000,,44.029999,90.070000,39.939999,1637213
2020-07-30,4.260000,39.919998,42.939999,127.029999,24.760000,323.959991,18.440001,14.670000,11.510000,2.080000,5.660000,6.180000,5.959821,15.330000,,41.869999,86.269997,37.639999,1480973
2020-07-31,4.190000,40.270000,43.299999,124.930000,24.459999,326.519989,18.139999,14.330000,11.510000,2.040000,5.620000,6.220000,5.974702,15.490000,,42.080002,83.940002,37.389999,1816449
2020-08-03,4.240000,41.009998,44.150002,128.309998,24.280001,328.790009,18.719999,14.530000,11.590000,2.130000,5.490000,6.340000,5.997024,15.630000,,42.250000,84.809998,36.709999,1533056
2020-08-04,4.350000,41.700001,44.430000,132.190002,23.760000,330.059998,19.230000,15.110000,11.750000,2.230000,5.600000,6.510000,6.145833,16.190001,,43.470001,86.489998,37.639999,1463547
2020-08-05,4.610000,42.189999,45.169998,137.110001,22.990000,332.109985,19.500000,15.320000,12.010000,2.480000,6.090000,6.930000,6.398810,16.760000,,43.849998,87.199997,38.020000,1663936
2020-08-06,4.460000,41.950001,45.090000,133.779999,22.650000,334.329987,19.320000,14.820000,11.980000,2.310000,5.660000,6.890000,6.235119,16.770000,,43.639999,87.470001,38.049999,1119759
2020-08-07,4.610000,41.220001,44.400002,134.279999,22.209999,334.570007,19.629999,14.890000,11.990000,2.240000,5.870000,6.920000,6.183036,16.570000,,43.439999,86.800003,38.299999,1413245
2020-08-10,4.920000,41.939999,44.990002,140.220001,22.129999,335.570007,20.219999,15.610000,12.420000,2.380000,6.140000,7.510000,6.413690,17.260000,,44.509998,89.730003,39.639999,1827807
2020-08-11,4.810000,41.610001,44.500000,140.839996,24.030001,332.799988,20.299999,16.139999,13.050000,2.330000,6.220000,7.930000,6.428571,17.180000,,44.970001,89.620003,39.709999,2648612
2020-08-12,4.370000,42.669998,45.430000,141.910004,22.280001,337.440002,20.360001,16.709999,13.200000,2.360000,6.140000,7.810000,6.540179,17.530001,,44.090000,90.720001,41.660000,9788983
2020-08-13,4.270000,42.240002,44.959999,138.389999,22.129999,336.829987,19.870001,16.650000,13.030000,2.180000,6.040000,7.520000,6.383929,17.120001,,43.009998,89.820000,40.630001,2346320
2020-08-14,4.260000,42.009998,44.799999,139.509995,22.049999,336.839996,20.070000,16.629999,13.120000,2.180000,6.070000,7.790000,6.428571,17.230000,,43.200001,90.349998,40.820000,1567730
2020-08-17,4.250000,42.889999,45.369999,137.789993,21.350000,337.910004,20.010000,16.650000,12.760000,2.070000,6.120000,7.710000,6.190476,16.670000,,42.639999,90.769997,40.700001,1681067
2020-08-18,4.190000,42.889999,45.459999,133.850006,21.510000,338.640015,19.770000,16.450001,12.570000,1.910000,5.910000,7.320000,5.997024,16.459999,,42.430000,87.629997,40.330002,2037782
2020-08-19,4.090000,42.930000,45.369999,133.300003,22.540001,337.230011,19.719999,16.490000,12.490000,1.920000,5.760000,7.290000,5.959821,16.330000,,41.959999,86.389999,39.650002,1340755
2020-08-20,3.930000,42.580002,44.900002,127.980003,22.719999,338.279999,18.770000,16.010000,12.030000,1.590000,5.340000,7.140000,5.744048,15.730000,,41.320000,84.809998,38.770000,2260197
2020-08-21,3.580000,42.340000,44.349998,123.099998,22.540001,339.480011,18.580000,15.740000,11.770000,1.140000,5.020000,6.750000,5.558036,15.450000,,41.009998,85.080002,38.160000,3088920
2020-08-24,3.830000,42.619999,45.130001,129.990005,22.370001,342.920013,19.549999,16.290001,12.140000,1.340000,5.400000,7.160000,5.892857,15.910000,,42.220001,87.199997,38.869999,4135860
2020-08-25,3.840000,43.349998,45.860001,128.820007,22.030001,344.119995,19.260000,16.150000,12.090000,1.290000,5.360000,7.310000,5.781250,15.650000,,40.880001,86.129997,38.849998,1746758
2020-08-26,3.660000,43.389999,45.639999,124.639999,23.270000,347.570007,18.670000,15.810000,11.910000,1.220000,5.180000,7.080000,5.595238,15.050000,,40.009998,84.779999,37.560001,1317929
2020-08-27,3.640000,43.040001,45.090000,125.629997,24.469999,348.329987,18.700001,16.020000,12.070000,1.250000,5.290000,6.890000,5.654762,14.730000,,39.740002,84.910004,38.150002,1585694
2020-08-28,3.780000,42.970001,45.049999,128.949997,22.959999,350.579987,19.420000,16.270000,12.320000,1.350000,5.420000,7.290000,5.803571,14.800000,,40.689999,85.629997,38.380001,1247633
2020-08-31,3.580000,42.610001,45.279999,125.320000,26.410000,349.309998,19.010000,16.180000,12.000000,1.220000,5.390000,6.870000,5.729167,14.280000,,39.939999,83.930000,37.889999,1407006
2020-09-01,3.610000,42.759998,45.580002,125.190002,26.120001,352.600006,18.629999,16.230000,11.940000,1.250000,5.350000,7.050000,5.721726,13.880000,,39.430000,83.080002,37.160000,955221
2020-09-02,3.450000,41.509998,44.430000,123.550003,26.570000,357.700012,18.770000,16.250000,11.840000,1.200000,5.200000,6.900000,5.625000,14.110000,,39.189999,83.190002,36.380001,1943999
2020-09-03,3.470000,41.369999,44.070000,124.529999,33.599998,345.390015,19.120001,16.120001,11.990000,1.210000,5.330000,6.940000,5.714286,14.550000,,39.110001,82.279999,35.990002,1619822
2020-09-04,3.520000,39.770000,42.660000,124.989998,30.750000,342.570007,19.309999,15.990000,12.150000,1.340000,5.320000,7.280000,5.811012,14.530000,,39.080002,81.930000,35.860001,1593053
2020-09-08,3.240000,36.759998,39.779999,117.000000,31.459999,333.209991,18.379999,14.810000,11.400000,1.020000,4.690000,6.990000,5.386905,13.990000,,38.180000,78.970001,34.060001,1798550
2020-09-09,3.210000,38.049999,40.790001,117.139999,28.809999,339.790009,18.610001,15.060000,11.500000,1.050000,4.440000,6.710000,5.319940,14.120000,,37.950001,80.029999,34.459999,2077499
2020-09-10,3.060000,37.299999,40.060001,111.690002,29.709999,333.890015,17.709999,14.280000,11.150000,1.020000,4.070000,6.720000,5.126488,13.870000,,37.000000,78.150002,32.919998,2452009
2020-09-11,3.020000,37.330002,39.830002,111.559998,26.870001,334.059998,17.870001,14.270000,11.210000,0.990000,3.990000,6.450000,5.052083,13.950000,,36.900002,77.690002,33.110001,1786967
2020-09-14,3.220000,37.259998,39.610001,112.239998,25.850000,338.459991,18.030001,14.330000,11.300000,1.010000,3.950000,6.320000,5.022321,14.630000,,36.660000,77.290001,33.520000,3677784
2020-09-15,3.190000,38.279999,40.529999,112.949997,25.590000,340.170013,18.200001,14.440000,11.320000,1.070000,4.190000,6.720000,5.074405,14.710000,,36.270000,76.349998,33.799999,3515824
2020-09-16,3.090000,40.160000,42.220001,118.370003,26.040001,338.820007,19.180000,15.070000,11.930000,1.080000,4.420000,7.100000,5.453869,15.010000,,37.810001,78.559998,35.080002,4621636
2020-09-17,3.090000,40.970001,43.299999,117.320000,26.459999,335.839996,19.080000,14.820000,11.850000,1.110000,4.250000,7.190000,5.505952,15.190000,,37.799999,78.790001,36.090000,3632127
2020-09-18,3.060000,41.110001,43.150002,115.440002,25.830000,330.649994,18.730000,14.450000,11.740000,1.060000,4.170000,7.520000,5.528274,15.170000,,37.189999,78.209999,35.869999,6309203
2020-09-21,2.790000,39.310001,41.439999,107.050003,27.780001,326.970001,17.270000,13.220000,10.840000,0.990000,3.920000,7.070000,4.985119,14.330000,,36.430000,76.300003,34.360001,3703865
2020-09-22,2.780000,39.599998,41.720001,106.800003,26.860001,330.299988,17.330000,13.330000,10.810000,0.980000,3.940000,7.100000,5.052083,14.400000,,35.529999,75.529999,34.299999,2040432
2020-09-23,2.510000,39.930000,41.770000,100.139999,28.580000,322.640015,16.610001,12.650000,10.400000,0.890000,3.590000,6.450000,4.739583,13.530000,,34.389999,71.949997,32.919998,3387538
2020-09-24,2.460000,40.310001,41.939999,99.470001,28.510000,323.500000,16.620001,12.520000,10.150000,0.890000,3.620000,6.600000,4.717262,13.320000,,34.320000,71.800003,33.599998,3098517
2020-09-25,2.370000,40.250000,41.919998,97.370003,26.379999,328.730011,15.920000,12.370000,9.510000,0.800000,3.550000,6.350000,4.508929,13.130000,,34.639999,71.830002,33.700001,2932798
2020-09-28,2.520000,40.599998,42.430000,101.160004,26.190001,334.190002,16.450001,12.760000,9.800000,0.880000,3.680000,6.870000,4.739583,13.470000,,35.310001,73.930000,33.709999,2669229
2020-09-29,2.430000,39.290001,41.029999,98.459999,26.270000,332.369995,15.600000,12.070000,9.210000,0.840000,3.530000,6.810000,4.620536,13.130000,,34.279999,71.900002,32.459999,2760822
2020-09-30,2.410000,40.220001,40.950001,97.709999,26.370001,334.890015,15.560000,12.050000,9.060000,0.810000,3.520000,6.710000,4.694940,13.290000,,34.330002,72.000000,32.840000,4055900
2020-10-01,2.350000,38.720001,40.930000,94.209999,26.700001,337.040009,15.010000,11.170000,8.660000,0.780000,3.480000,6.600000,4.665179,12.760000,,33.130001,70.419998,32.430000,2533635
2020-10-02,2.380000,37.049999,39.270000,96.750000,27.629999,333.839996,15.570000,11.310000,8.700000,0.800000,3.650000,6.410000,4.747024,12.650000,,32.980000,71.190002,33.070000,2242441
2020-10-05,2.560000,39.220001,41.290001,100.129997,27.959999,339.760010,16.070000,11.930000,8.960000,0.800000,3.750000,6.400000,5.000000,12.960000,,33.740002,72.699997,34.279999,2564311
2020-10-06,2.500000,40.669998,42.650002,98.639999,29.480000,334.929993,15.670000,11.850000,8.670000,0.790000,3.660000,6.200000,4.858631,12.760000,,33.389999,72.300003,33.299999,3696589
2020-10-07,2.580000,39.950001,41.990002,99.660004,28.059999,340.760010,15.950000,11.930000,8.770000,0.810000,3.750000,6.400000,4.962798,12.970000,,33.500000,73.779999,34.330002,2747743
2020-10-08,2.810000,41.189999,43.340000,104.449997,26.360001,343.779999,16.430000,12.810000,9.250000,0.900000,4.050000,6.580000,5.267857,13.380000,,35.259998,75.220001,35.529999,2594919
2020-10-09,2.750000,40.599998,42.849998,102.809998,25.000000,346.850006,16.230000,12.580000,9.050000,0.860000,4.030000,6.500000,5.260417,13.200000,,34.740002,74.000000,35.130001,3564248
2020-10-12,2.780000,39.430000,41.720001,102.400002,25.070000,352.429993,16.120001,12.730000,9.040000,0.840000,3.990000,6.450000,5.260417,13.130000,,34.630001,74.510002,35.590000,2018550
2020-10-13,2.680000,40.200001,42.450001,99.599998,26.070000,350.130005,15.730000,12.540000,8.630000,0.800000,3.920000,6.250000,5.059524,12.860000,,34.220001,73.400002,34.880001,1923278
2020-10-14,2.840000,41.040001,43.320000,101.139999,26.400000,347.929993,15.950000,12.720000,8.800000,0.830000,4.040000,6.200000,5.133929,13.150000,,34.150002,72.949997,34.529999,2724840
2020-10-15,2.820000,40.959999,43.160000,102.339996,26.969999,347.500000,16.420000,13.070000,8.970000,0.810000,4.090000,6.230000,5.260417,13.450000,,34.450001,73.510002,35.400002,2093043
2020-10-16,2.610000,40.880001,42.930000,97.099998,27.410000,347.290009,14.970000,12.250000,8.600000,0.790000,3.840000,6.120000,5.119048,13.140000,,34.099998,72.889999,33.770000,2724659
2020-10-19,2.580000,40.830002,42.619999,96.989998,29.180000,342.010010,15.010000,12.170000,8.700000,0.790000,3.870000,5.970000,5.178571,13.110000,,33.419998,71.279999,32.700001,2105459
2020-10-20,2.660000,41.459999,43.160000,100.260002,29.350000,343.380005,15.490000,12.740000,9.140000,0.820000,3.960000,6.150000,5.416667,13.630000,,33.700001,71.680000,32.580002,2257642
2020-10-21,2.610000,40.029999,41.730000,99.000000,28.650000,342.730011,15.010000,12.670000,9.010000,0.820000,3.870000,6.050000,5.364583,14.040000,,33.160000,70.870003,30.639999,1861417
2020-10-22,2.710000,40.639999,42.459999,101.379997,28.110001,344.609985,15.300000,13.040000,9.310000,0.820000,4.070000,6.150000,5.104167,14.460000,,34.860001,73.400002,31.910000,4715403
2020-10-23,2.770000,39.849998,41.770000,102.110001,27.549999,345.779999,15.400000,13.310000,9.190000,0.840000,4.110000,6.210000,4.813988,14.290000,,34.160000,72.570000,32.540001,4232239
2020-10-26,2.540000,38.560001,40.459999,98.230003,32.459999,339.390015,15.170000,12.790000,8.930000,0.810000,3.900000,6.200000,4.538690,13.900000,,33.349998,70.940002,30.320000,2237752
2020-10-27,2.530000,39.570000,41.200001,96.860001,33.349998,338.220001,15.090000,12.510000,8.590000,0.760000,3.860000,6.040000,4.241071,14.170000,,32.820000,69.510002,30.260000,1879059
2020-10-28,2.350000,37.389999,39.119999,90.720001,40.279999,326.660004,14.180000,11.420000,8.010000,0.730000,3.560000,5.650000,3.973214,13.700000,,31.570000,66.879997,28.790001,2250238
2020-10-29,2.410000,36.169998,37.650002,92.639999,37.590000,329.980011,14.450000,11.620000,8.100000,0.690000,3.850000,5.610000,3.995536,14.350000,,32.970001,68.800003,29.160000,2196858
2020-10-30,2.480000,35.790001,37.459999,95.669998,38.020000,326.540009,14.940000,12.060000,8.400000,0.670000,4.080000,5.860000,4.114583,14.770000,,32.619999,69.500000,28.620001,3301648
2020-11-02,2.650000,36.810001,38.970001,101.040001,37.130001,330.200012,15.580000,12.800000,9.110000,0.720000,4.230000,6.080000,4.434524,15.710000,,33.990002,72.150002,30.230000,1873012
2020-11-03,2.640000,37.660000,39.709999,102.330002,35.549999,336.029999,15.760000,12.990000,9.070000,0.870000,4.420000,6.470000,4.486607,15.880000,,33.410000,71.739998,29.309999,1924066
2020-11-04,2.600000,39.150002,41.230000,101.449997,29.570000,343.540009,15.970000,12.710000,9.050000,0.970000,4.360000,6.190000,4.464286,15.660000,,33.230000,71.769997,30.379999,1651120
2020-11-05,2.660000,38.790001,40.930000,102.730003,27.580000,350.239990,15.520000,12.570000,9.300000,1.000000,4.400000,6.020000,4.494048,15.730000,,33.169998,72.139999,30.120001,2181171
2020-11-06,2.560000,37.139999,39.450001,100.500000,24.860001,350.160004,15.220000,12.280000,9.000000,1.000000,4.260000,5.950000,4.322917,15.570000,,32.779999,71.150002,29.190001,1378464
2020-11-09,3.140000,40.290001,42.400002,119.529999,25.750000,354.559998,18.250000,14.380000,11.460000,1.070000,5.650000,7.000000,5.394345,17.670000,,36.930000,79.400002,33.380001,6159271
2020-11-10,3.220000,41.360001,43.610001,119.489998,24.799999,354.040009,18.309999,14.380000,11.010000,1.100000,5.550000,7.900000,5.416667,17.600000,,36.860001,83.070000,35.529999,3343105
2020-11-11,2.990000,41.450001,43.799999,117.169998,23.450001,356.670013,17.709999,14.180000,10.710000,1.060000,5.390000,7.980000,5.223214,17.559999,,36.480000,82.459999,35.279999,2938992
2020-11-12,2.850000,41.119999,43.529999,114.540001,25.350000,353.209991,17.299999,13.920000,10.500000,1.010000,5.080000,7.590000,5.119048,17.250000,,35.230000,80.669998,34.009998,2063748
2020-11-13,2.980000,40.130001,42.779999,119.190002,23.100000,358.100006,18.000000,14.330000,10.980000,1.080000,5.340000,7.900000,5.438988,17.870001,,36.080002,83.029999,35.360001,3313969
2020-11-16,3.200000,41.340000,43.820000,130.729996,22.450001,362.570007,20.040001,15.460000,12.040000,1.180000,5.940000,9.020000,6.101190,18.790001,,38.160000,88.959999,38.080002,5192167
2020-11-17,3.380000,41.430000,43.750000,132.490005,22.709999,360.619995,20.090000,15.810000,12.200000,1.180000,6.230000,9.320000,6.004464,19.260000,,38.669998,87.040001,38.849998,2780407
2020-11-18,3.420000,41.820000,44.340000,131.520004,23.840000,356.279999,19.969999,15.390000,11.940000,1.230000,6.330000,9.620000,6.160714,18.580000,,37.209999,84.279999,39.180000,3378291
2020-11-19,3.380000,41.740002,44.200001,134.210007,23.110001,357.779999,20.459999,16.000000,12.310000,1.330000,6.710000,9.530000,6.309524,18.309999,,37.400002,85.730003,39.470001,2104485
2020-11-20,3.290000,42.150002,44.959999,132.160004,23.700001,355.329987,20.209999,15.900000,12.310000,1.380000,6.370000,9.520000,6.145833,18.209999,,36.939999,85.790001,39.650002,2228946
2020-11-23,3.770000,43.060001,46.060001,144.889999,22.660000,357.459991,21.610001,17.320000,13.280000,1.800000,6.890000,11.170000,6.592262,19.260000,,39.360001,91.029999,42.709999,6077650
2020-11-24,4.070000,44.910000,47.860001,152.729996,21.639999,363.220001,22.230000,17.910000,14.000000,2.040000,7.480000,11.070000,7.194940,20.260000,,41.980000,95.620003,44.410000,5790925
2020-11-25,4.090000,45.709999,48.610001,150.630005,21.250000,362.660004,22.100000,17.860001,13.600000,2.170000,7.130000,10.520000,6.741071,19.780001,,40.810001,92.139999,43.630001,3040077
2020-11-27,4.130000,45.529999,48.180000,147.729996,20.840000,363.670013,21.879999,17.559999,13.150000,2.080000,6.720000,10.150000,6.674107,19.780001,,40.189999,91.309998,42.779999,1896742
2020-11-30,3.760000,45.340000,47.590000,137.899994,20.570000,362.059998,20.790001,16.590000,12.260000,1.850000,6.070000,9.510000,6.183036,18.719999,,38.130001,87.180000,39.560001,3807957
2020-12-01,3.860000,44.549999,47.419998,143.899994,20.770000,366.019989,21.070000,17.080000,12.700000,2.020000,6.480000,9.550000,6.413690,19.230000,,38.500000,87.449997,39.270000,2233952
2020-12-02,4.030000,45.279999,48.250000,148.190002,21.170000,366.790009,21.639999,17.610001,13.120000,2.090000,6.700000,9.590000,6.733631,19.670000,,39.939999,89.870003,39.970001,4577436
2020-12-03,3.950000,45.639999,48.709999,150.660004,21.280001,366.690002,22.070000,18.020000,13.430000,2.030000,6.740000,9.500000,6.971726,20.420000,,40.209999,89.800003,41.200001,1956771
2020-12-04,4.290000,46.259998,49.250000,161.759995,20.790001,369.850006,23.450001,19.430000,14.550000,2.170000,7.610000,10.100000,7.641369,21.790001,,41.680000,93.279999,44.270000,3232592
2020-12-07,4.320000,45.759998,48.790001,157.789993,21.299999,369.089996,22.830000,18.969999,14.020000,2.140000,7.290000,9.730000,7.276786,22.020000,,40.900002,90.760002,42.820000,3501873
2020-12-08,4.190000,45.599998,48.840000,162.119995,20.680000,370.170013,23.230000,19.760000,14.350000,2.270000,7.630000,9.630000,7.343750,22.420000,,42.240002,91.540001,42.680000,2817120
2020-12-09,4.080000,45.520000,48.860001,161.089996,22.270000,366.850006,23.370001,19.510000,14.440000,2.250000,7.650000,9.330000,7.276786,22.730000,,42.799999,90.440002,42.700001,3284237
2020-12-10,4.400000,46.779999,50.250000,167.320007,22.520000,366.730011,23.379999,19.990000,14.660000,2.540000,8.310000,9.540000,7.462798,23.120001,,44.009998,93.349998,44.000000,3199035
2020-12-11,4.190000,46.570000,49.970001,164.009995,23.309999,366.299988,22.940001,19.830000,14.320000,2.520000,8.200000,9.480000,7.194940,22.670000,,43.799999,92.449997,43.480000,2238548
2020-12-14,4.180000,46.990002,50.290001,159.309998,24.719999,364.660004,22.180000,18.959999,13.710000,2.440000,8.250000,9.500000,7.075893,21.680000,,42.220001,89.440002,42.320000,2643000
2020-12-15,4.370000,47.619999,50.759998,165.119995,22.889999,369.589996,22.969999,20.070000,14.110000,2.490000,8.650000,9.540000,7.410714,22.010000,,43.040001,89.370003,42.799999,2442429
2020-12-16,4.290000,47.820000,51.080002,163.759995,22.500000,370.170013,22.840000,20.139999,13.940000,2.420000,8.850000,9.410000,7.321429,21.500000,,43.700001,88.690002,42.320000,1838743
2020-12-17,4.300000,48.360001,51.500000,163.169998,21.930000,372.239990,22.930000,20.080000,13.930000,2.570000,8.710000,9.550000,7.209821,21.500000,,43.480000,88.410004,41.970001,1659500
2020-12-18,4.230000,49.099998,52.259998,159.020004,21.570000,369.179993,22.309999,19.680000,13.700000,2.480000,8.260000,9.110000,7.053571,21.170000,,42.730000,87.190002,40.980000,7806962
2020-12-21,4.080000,47.740002,50.910000,153.360001,25.160000,367.859985,21.780001,19.350000,13.300000,2.320000,8.160000,8.730000,6.808036,21.250000,,41.950001,86.089996,40.240002,2252879
2020-12-22,4.030000,47.020000,50.080002,151.619995,24.230000,367.239990,21.360001,19.120001,13.090000,2.250000,7.890000,8.360000,6.666667,21.190001,,41.240002,84.360001,39.029999,1857736
2020-12-23,4.200000,48.119999,51.200001,156.589996,23.309999,367.570007,21.920000,19.480000,13.630000,2.300000,8.260000,8.810000,7.046131,21.129999,,41.770000,85.690002,40.080002,1737522
2020-12-24,4.130000,48.230000,51.290001,154.110001,21.530001,369.000000,21.639999,19.209999,13.500000,2.200000,8.150000,8.710000,6.994048,21.010000,,41.599998,85.330002,39.490002,818640
2020-12-28,4.120000,47.619999,50.860001,152.850006,21.700001,372.170013,21.570000,18.889999,13.560000,2.160000,7.970000,8.810000,7.001488,20.879999,,41.740002,84.900002,39.299999,1829916
2020-12-29,4.120000,48.000000,51.090000,151.600006,23.080000,371.459991,21.379999,18.639999,13.480000,2.180000,8.000000,8.790000,7.075893,20.750000,,41.270000,84.610001,39.070000,1710039
2020-12-30,4.180000,48.400002,51.340000,154.690002,22.770000,371.989990,21.879999,19.120001,13.820000,2.280000,7.960000,8.860000,7.157738,21.209999,,41.599998,85.330002,40.009998,1316881
2020-12-31,4.200000,48.520000,51.799999,154.000000,22.750000,373.880005,21.830000,18.900000,13.730000,2.310000,7.950000,8.640000,6.994048,20.850000,,41.220001,84.449997,39.990002,1908559
2021-01-04,4.240000,47.619999,51.090000,156.789993,26.969999,368.790009,21.950001,18.830000,13.890000,2.320000,8.230000,8.850000,7.321429,21.020000,5.740000,41.500000,84.709999,39.570000,2032580
2021-01-05,4.570000,49.930000,53.599998,168.110001,25.340000,371.329987,23.129999,20.410000,14.660000,2.650000,9.150000,9.330000,7.723214,21.260000,5.900000,43.500000,87.000000,41.840000,4195953
2021-01-06,4.770000,50.630001,54.299999,174.850006,25.070000,373.549988,24.410000,20.820000,15.020000,2.670000,10.140000,10.050000,8.095238,22.160000,6.125000,44.610001,89.800003,43.509998,3110569
2021-01-07,4.730000,50.830002,54.380001,176.940002,22.370001,379.100006,24.879999,20.350000,15.120000,2.770000,10.430000,10.090000,8.467262,22.670000,6.380000,44.959999,90.220001,44.700001,2069779
2021-01-08,4.790000,52.240002,55.990002,175.649994,21.559999,381.260010,24.840000,20.120001,15.010000,2.780000,10.420000,10.560000,8.705357,22.469999,6.670000,45.459999,91.080002,44.700001,1993026
2021-01-11,4.660000,52.250000,55.660000,175.820007,24.080000,378.690002,24.990000,20.570000,15.360000,2.760000,10.030000,10.720000,8.913690,22.650000,6.500000,46.840000,91.599998,45.360001,1604966
2021-01-12,5.000000,53.209999,56.580002,186.020004,23.330000,378.769989,26.139999,22.129999,16.000000,3.270000,11.260000,11.750000,9.546131,23.040001,6.770000,47.880001,93.339996,47.419998,3154397
2021-01-13,4.770000,52.910000,56.060001,180.149994,22.209999,379.790009,25.459999,21.570000,15.350000,3.250000,10.930000,11.540000,8.802083,23.000000,6.690000,48.419998,93.250000,47.029999,2260777
2021-01-14,4.960000,53.570000,56.419998,187.220001,23.250000,378.459991,25.959999,21.760000,15.570000,3.490000,11.740000,12.270000,9.181548,23.709999,7.053000,50.310001,95.489998,47.869999,3132431
2021-01-15,4.670000,52.360001,55.099998,178.990005,24.340000,375.700012,24.910000,20.740000,14.750000,3.280000,11.580000,11.510000,8.816964,22.870001,6.850000,47.889999,92.089996,45.119999,2396497
2021-01-19,4.800000,52.980000,55.900002,179.250000,23.240000,378.649994,25.420000,20.540001,13.880000,3.240000,11.660000,11.690000,8.720238,22.870001,7.450000,48.840000,94.510002,46.000000,1769447
2021-01-20,4.710000,53.240002,56.080002,176.949997,21.580000,383.890015,25.350000,20.080000,13.660000,2.980000,11.200000,11.680000,8.407738,22.889999,7.310000,49.529999,95.379997,45.360001,1343166
2021-01-21,4.400000,53.130001,56.099998,168.960007,21.320000,384.239990,24.190001,19.410000,13.390000,2.680000,10.350000,10.930000,8.377976,22.549999,7.490000,48.110001,92.010002,43.189999,1938106
2021-01-22,4.510000,52.270000,55.410000,172.009995,21.910000,382.880005,24.410000,19.240000,13.410000,2.740000,10.540000,10.980000,8.340774,22.170000,6.917000,47.430000,91.730003,42.689999,2412704
2021-01-25,4.340000,52.770000,55.880001,166.720001,23.190001,384.390015,23.740000,18.629999,12.700000,2.800000,9.720000,10.670000,7.849702,21.049999,6.500000,46.900002,90.900002,42.580002,2261583
2021-01-26,4.350000,52.610001,55.910000,163.550003,23.020000,383.790009,22.740000,18.200001,12.620000,2.780000,9.500000,10.410000,7.953869,20.610001,6.390000,45.869999,89.360001,41.680000,2913784
2021-01-27,4.170000,52.849998,55.810001,162.259995,37.209999,374.410004,21.809999,17.280001,12.220000,3.730000,8.720000,10.040000,8.415179,20.410000,6.400000,45.349998,88.199997,40.650002,2745137
2021-01-28,4.250000,52.340000,55.529999,165.190002,30.209999,377.630005,22.639999,18.270000,12.620000,3.210000,8.940000,10.060000,8.147321,20.600000,6.440000,46.060001,89.019997,41.110001,1971191
2021-01-29,4.120000,52.200001,55.880001,162.589996,33.090000,370.070007,22.209999,17.629999,12.380000,3.360000,8.450000,9.490000,7.953869,20.090000,6.800000,44.840000,85.199997,40.029999,2075478
2021-02-01,4.240000,53.549999,56.349998,164.419998,30.240000,376.230011,22.160000,17.860001,12.660000,3.330000,8.660000,9.800000,7.976190,20.309999,6.500000,44.919998,86.410004,40.709999,1625192
2021-02-02,4.210000,54.759998,57.459999,165.580002,25.559999,381.549988,22.510000,18.020000,12.900000,3.100000,8.670000,10.980000,7.938988,20.389999,6.970000,45.630001,87.059998,40.970001,1785837
2021-02-03,4.500000,55.689999,58.459999,173.580002,22.910000,381.850006,24.180000,18.809999,13.620000,3.330000,9.260000,11.250000,8.318452,21.400000,7.190000,47.419998,88.959999,43.209999,2069336
2021-02-04,4.650000,56.230000,58.840000,177.389999,21.770000,386.190002,24.809999,19.110001,13.780000,3.510000,9.560000,11.560000,8.519345,22.360001,6.800000,48.330002,89.000000,44.009998,1599754
2021-02-05,4.600000,56.849998,59.340000,176.809998,20.870001,387.709991,25.010000,18.980000,13.370000,3.510000,9.610000,11.520000,8.005952,22.080000,7.550000,49.950001,89.260002,44.419998,1066457
2021-02-08,4.790000,57.970001,60.560001,183.070007,21.240000,390.510010,25.990000,20.040001,13.650000,3.640000,9.960000,12.170000,7.901786,22.549999,8.250000,52.099998,91.480003,46.779999,1690576
2021-02-09,4.730000,58.360001,61.090000,179.669998,21.629999,390.250000,26.000000,19.790001,13.470000,3.580000,9.610000,11.570000,7.373512,22.270000,8.250000,50.630001,90.959999,46.880001,1514829
2021-02-10,4.810000,58.680000,61.470001,183.580002,21.990000,390.079987,26.620001,20.260000,13.850000,3.650000,9.930000,11.740000,7.708333,23.010000,9.000000,51.119999,92.519997,47.250000,1475627
2021-02-11,4.680000,58.240002,61.139999,178.529999,21.250000,390.709991,26.370001,19.430000,13.640000,3.460000,9.420000,11.240000,7.700893,22.530001,9.230000,49.840000,92.019997,46.439999,2376507
2021-02-12,4.610000,59.470001,62.430000,181.199997,19.969999,392.640015,26.770000,20.170000,13.940000,3.540000,9.430000,11.850000,7.671131,22.700001,10.000000,50.520000,92.550003,47.160000,1380332
2021-02-16,4.930000,60.049999,63.349998,186.850006,21.459999,392.299988,26.809999,20.600000,14.520000,3.680000,9.890000,13.280000,8.090000,23.230000,11.250000,52.040001,93.129997,48.849998,2340687
2021-02-17,4.970000,61.139999,64.339996,187.220001,21.500000,392.390015,26.870001,20.549999,14.410000,3.670000,10.010000,13.250000,7.800000,23.549999,10.900000,52.849998,95.919998,49.360001,2021481
2021-02-18,4.800000,60.520000,63.930000,179.529999,22.490000,390.720001,25.580000,19.570000,13.700000,3.420000,9.660000,12.710000,7.020000,23.080000,10.720000,52.020000,95.000000,47.689999,1660929
2021-02-19,4.950000,59.240002,62.910000,182.970001,22.049999,390.029999,26.120001,20.200001,14.030000,3.490000,9.950000,12.970000,7.280000,23.400000,11.450000,52.369999,95.800003,48.419998,1447306
2021-02-22,5.330000,61.490002,65.239998,191.279999,23.450001,387.029999,27.540001,21.129999,15.000000,3.520000,10.500000,12.870000,7.220000,24.129999,12.050000,54.299999,98.389999,50.880001,4872917
2021-02-23,4.760000,61.669998,65.370003,190.380005,23.110001,387.500000,27.740000,20.940001,15.060000,3.280000,10.160000,12.700000,7.140000,23.910000,11.770000,55.049999,99.629997,52.099998,4131904
2021-02-24,4.970000,63.220001,67.040001,202.410004,21.340000,391.769989,29.410000,22.270000,15.870000,3.460000,10.900000,13.200000,7.590000,25.150000,13.150000,56.700001,103.309998,54.669998,2811067
2021-02-25,4.860000,63.529999,66.879997,202.949997,28.889999,382.329987,28.510000,22.030001,15.500000,3.530000,11.550000,12.680000,8.500000,24.730000,11.550000,55.759998,102.349998,53.029999,3630138
2021-02-26,4.900000,61.500000,66.129997,200.679993,27.950001,380.359985,27.910000,21.830000,15.100000,3.470000,11.800000,12.460000,8.220000,24.480000,11.700000,54.369999,100.000000,52.009998,2432604
2021-03-01,5.270000,60.639999,63.689999,210.729996,23.350000,389.579987,28.719999,23.010000,15.640000,3.810000,12.830000,12.840000,8.420000,24.980000,11.950000,56.400002,102.050003,52.610001,2557531
2021-03-02,4.990000,59.750000,62.700001,203.970001,24.100000,386.540009,28.139999,22.280001,15.000000,3.790000,12.340000,13.190000,8.450000,24.370001,11.670000,56.070000,102.440002,52.279999,1807352
2021-03-03,5.060000,61.279999,64.070000,205.770004,26.670000,381.420013,28.370001,22.280001,15.020000,3.860000,12.390000,14.050000,8.680000,24.459999,11.970000,56.520000,103.589996,53.660000,1955857
2021-03-04,5.330000,63.830002,66.739998,208.740005,28.570000,376.700012,28.580000,22.080000,15.420000,4.100000,12.530000,14.580000,8.690000,24.030001,12.900000,58.709999,104.500000,55.619999,3684134
2021-03-05,5.850000,66.089996,69.360001,222.000000,24.660000,383.630005,29.070000,23.840000,17.290001,4.260000,14.150000,14.640000,9.260000,24.350000,12.870000,60.930000,109.000000,58.340000,6863749
2021-03-08,6.180000,65.050003,68.239998,225.779999,25.469999,381.720001,29.709999,24.360001,17.030001,4.000000,15.310000,15.530000,9.080000,24.330000,12.800000,60.869999,109.750000,58.779999,4496119
2021-03-09,6.210000,64.010002,67.519997,216.380005,24.030001,387.170013,29.350000,23.469999,16.120001,3.950000,14.070000,14.470000,8.670000,23.950001,12.290000,59.930000,109.500000,57.900002,2414345
2021-03-10,6.680000,64.440002,67.900002,226.600006,22.559999,389.579987,29.950001,24.139999,16.760000,4.680000,14.870000,14.380000,9.090000,24.379999,11.750000,61.770000,111.370003,59.419998,3174964
2021-03-11,6.460000,66.019997,69.629997,222.919998,21.910000,393.529999,29.400000,23.840000,16.600000,4.550000,14.670000,14.240000,8.890000,24.160000,12.090000,61.310001,111.190002,59.830002,2748383
2021-03-12,6.160000,65.610001,69.220001,220.729996,20.690001,394.059998,29.010000,24.020000,16.700001,4.590000,14.340000,14.160000,8.760000,24.370001,11.350000,61.970001,111.559998,59.189999,2643270
2021-03-15,6.280000,65.389999,68.879997,218.539993,20.030001,396.410004,29.120001,23.969999,16.930000,4.410000,14.210000,13.830000,8.720000,24.219999,11.550000,60.389999,110.250000,58.160000,2527130
2021-03-16,5.730000,64.800003,68.389999,209.110001,19.790001,395.910004,28.059999,22.870001,15.180000,4.110000,13.430000,12.980000,8.270000,23.020000,12.120000,59.110001,107.639999,56.580002,2033989
2021-03-17,5.860000,64.599998,68.000000,211.490005,19.230000,397.260010,28.309999,23.350000,15.730000,4.220000,13.490000,13.290000,8.420000,23.980000,11.400000,59.369999,108.029999,56.830002,1726054
2021-03-18,5.360000,60.000000,63.279999,199.119995,21.580000,391.480011,27.250000,22.170000,15.150000,3.800000,12.410000,12.630000,7.880000,22.980000,11.500000,56.810001,104.120003,53.380001,2043607
2021-03-19,5.450000,61.419998,64.529999,198.169998,20.950001,389.480011,27.049999,21.790001,14.640000,3.790000,12.790000,12.290000,7.830000,22.620001,11.500000,56.490002,103.379997,52.599998,4895554
2021-03-22,5.320000,61.549999,64.620003,195.860001,18.879999,392.589996,27.650000,21.540001,14.350000,3.630000,12.240000,12.720000,7.730000,22.309999,11.750000,55.910000,102.540001,52.240002,1518679
2021-03-23,4.880000,57.759998,60.790001,185.639999,20.299999,389.500000,26.670000,20.809999,13.630000,3.280000,10.980000,11.910000,7.470000,21.690001,11.350000,55.220001,101.970001,51.709999,2209838
2021-03-24,4.930000,61.180000,64.410004,188.610001,21.200001,387.519989,27.420000,21.299999,13.580000,3.280000,11.170000,12.410000,7.620000,22.070000,10.990000,56.340000,104.699997,53.209999,1551795
2021-03-25,4.960000,58.560001,61.950001,190.419998,19.809999,389.700012,27.400000,21.200001,13.530000,3.380000,11.390000,12.610000,7.670000,21.530001,10.750000,56.180000,105.070000,53.570000,1937602
2021-03-26,5.080000,60.970001,64.570000,196.160004,18.860001,395.980011,28.309999,21.790001,14.030000,3.380000,11.730000,13.000000,8.040000,22.340000,10.280000,57.709999,107.480003,55.040001,1776110
2021-03-29,4.850000,61.560001,64.980003,190.619995,20.740000,395.779999,27.700001,21.240000,13.850000,3.260000,11.260000,12.490000,7.740000,22.160000,11.000000,57.400002,106.919998,53.840000,1897612
2021-03-30,4.840000,60.549999,64.139999,189.899994,19.610001,394.730011,27.219999,21.500000,13.660000,3.430000,11.060000,12.420000,7.710000,21.730000,11.300000,56.689999,105.930000,53.430000,1113633
2021-03-31,5.050000,59.160000,63.540001,191.139999,19.400000,396.329987,27.190001,21.459999,13.720000,3.550000,11.420000,12.530000,7.720000,21.610001,12.740000,55.830002,104.790001,52.970001,3084918
2021-04-01,5.280000,61.450001,64.860001,196.800003,17.330000,400.609985,28.100000,21.920000,14.190000,3.640000,12.360000,13.000000,7.980000,21.730000,12.350000,57.389999,105.750000,54.020000,1345734
2021-04-05,4.980000,58.650002,62.150002,191.729996,17.910000,406.359985,27.549999,21.320000,13.830000,3.470000,11.920000,12.850000,7.850000,21.410000,12.800000,56.500000,104.510002,52.209999,1493491
2021-04-06,5.040000,59.330002,62.740002,189.990005,18.120001,406.119995,27.440001,21.260000,13.580000,3.450000,11.620000,12.910000,7.650000,21.250000,12.735000,56.340000,103.580002,52.580002,1004604
2021-04-07,5.040000,59.770000,63.160000,190.710007,17.160000,406.589996,27.350000,21.420000,13.610000,3.430000,11.570000,12.660000,7.880000,21.430000,12.500000,56.590000,104.190002,52.380001,1487017
2021-04-08,4.920000,59.599998,63.200001,188.320007,16.950001,408.519989,27.059999,21.350000,13.390000,3.430000,11.090000,12.400000,7.720000,20.709999,12.450000,56.000000,103.019997,51.240002,1647236
2021-04-09,4.840000,59.320000,62.950001,184.509995,16.690001,411.489990,26.760000,21.070000,13.090000,3.270000,10.860000,12.030000,7.550000,20.110001,11.942000,55.869999,102.919998,51.230000,1163473
2021-04-12,4.780000,59.700001,63.279999,183.419998,16.910000,411.640015,26.540001,21.020000,13.150000,3.130000,10.700000,12.030000,7.280000,20.090000,11.930000,55.500000,101.779999,50.860001,1304938
2021-04-13,4.680000,60.180000,63.669998,181.029999,16.650000,412.859985,26.040001,20.680000,13.030000,3.150000,10.490000,11.550000,7.260000,19.879999,11.550000,55.709999,102.239998,50.790001,1297928
2021-04-14,4.970000,63.150002,66.580002,190.589996,16.990000,411.450012,27.309999,21.660000,13.800000,3.560000,11.290000,12.400000,7.510000,20.350000,11.345000,57.320000,104.269997,52.689999,2277514
2021-04-15,4.850000,63.459999,66.940002,186.130005,16.570000,415.869995,26.660000,21.080000,13.440000,3.410000,11.090000,12.350000,7.320000,19.900000,10.510000,56.980000,103.419998,51.900002,1262657
2021-04-16,4.770000,63.130001,66.769997,183.460007,16.250000,417.260010,26.290001,20.690001,13.240000,3.420000,10.700000,12.670000,7.270000,20.100000,10.750000,56.660000,102.959999,51.090000,997186
2021-04-19,4.750000,63.380001,67.050003,183.050003,17.290001,415.209991,26.530001,20.670000,13.320000,3.390000,10.830000,12.430000,7.280000,20.030001,10.620000,56.480000,103.260002,50.889999,900396
2021-04-20,4.360000,62.439999,66.570000,174.259995,18.680000,412.170013,25.250000,19.809999,12.760000,3.200000,9.940000,11.930000,6.940000,19.510000,10.520000,55.290001,101.330002,48.650002,2675131
2021-04-21,4.490000,61.349998,65.320000,175.990005,17.500000,416.070007,25.730000,19.100000,13.070000,3.270000,10.130000,12.260000,7.170000,19.549999,10.520000,56.000000,102.730003,50.040001,1283261
2021-04-22,4.390000,61.430000,65.400002,174.220001,18.709999,412.269989,25.250000,19.219999,13.050000,3.210000,10.160000,12.210000,6.930000,19.820000,10.220000,55.270000,100.949997,49.459999,1204255
2021-04-23,4.470000,62.139999,66.110001,176.110001,17.330000,416.739990,25.709999,19.059999,13.290000,3.140000,10.440000,12.700000,6.950000,20.010000,10.240000,55.570000,101.550003,49.720001,1113777
2021-04-26,4.520000,61.910000,65.650002,179.729996,17.639999,417.609985,26.370001,19.430000,13.480000,3.230000,10.770000,12.720000,7.050000,20.139999,10.220000,55.680000,101.519997,50.250000,1357240
2021-04-27,4.190000,62.939999,66.419998,178.759995,17.559999,417.519989,26.180000,19.320000,13.580000,3.200000,10.570000,12.340000,7.250000,19.920000,10.250000,56.410000,102.699997,51.299999,3432328
2021-04-28,4.430000,63.860001,67.269997,189.039993,17.280001,417.399994,27.360001,20.139999,14.880000,3.410000,11.510000,12.890000,7.910000,20.250000,10.420000,58.110001,105.220001,53.040001,2563905
2021-04-29,4.440000,65.010002,68.559998,189.710007,17.610001,420.059998,27.820000,20.360001,15.240000,3.380000,11.140000,12.990000,7.650000,20.540001,10.550000,58.939999,106.900002,53.130001,1766770
2021-04-30,4.290000,63.580002,67.250000,182.630005,18.610001,417.299988,27.049999,19.559999,14.950000,3.220000,10.750000,12.260000,7.400000,20.080000,10.600000,57.240002,103.070000,51.139999,1862509
2021-05-03,4.440000,64.489998,67.559998,191.479996,18.309999,418.200012,28.219999,20.660000,15.900000,3.340000,11.210000,12.840000,7.820000,21.690001,10.600000,58.820000,105.529999,52.740002,1716226
2021-05-04,4.490000,65.690002,68.879997,193.289993,19.480000,415.619995,28.389999,20.959999,15.560000,3.420000,11.770000,12.900000,7.800000,21.570000,10.500000,59.189999,106.110001,52.570000,1245871
2021-05-05,4.760000,65.629997,68.959999,204.710007,19.150000,415.750000,30.340000,22.000000,16.400000,3.550000,13.910000,13.440000,8.160000,22.600000,10.800000,60.970001,108.959999,55.439999,1335601
2021-05-06,4.870000,64.709999,68.089996,207.080002,18.389999,419.070007,30.730000,22.170000,16.639999,3.590000,14.270000,13.820000,8.180000,23.070000,11.250000,61.549999,109.019997,55.700001,1597138
2021-05-07,5.080000,64.900002,68.279999,217.289993,16.690001,422.119995,31.889999,22.950001,17.250000,4.000000,15.400000,14.000000,8.580000,24.629999,11.485000,62.430000,110.019997,57.099998,1786422
2021-05-10,4.850000,64.919998,68.320000,212.240005,19.660000,417.940002,31.629999,22.740000,17.160000,3.800000,14.040000,13.340000,8.310000,24.629999,11.700000,62.580002,109.570000,57.000000,1859689
2021-05-11,4.950000,65.279999,68.550003,211.429993,21.840000,414.209991,31.260000,22.610001,16.959999,3.890000,14.410000,13.320000,8.220000,24.809999,11.350000,60.590000,106.699997,55.720001,1527537
2021-05-12,4.790000,66.080002,69.320000,212.119995,27.590000,405.410004,32.099998,22.629999,16.950001,3.850000,14.240000,13.730000,8.060000,23.969999,11.200000,60.040001,107.370003,55.689999,2049008
2021-05-13,4.970000,63.820000,67.050003,210.210007,23.129999,410.279999,31.760000,22.370001,16.670000,3.740000,14.560000,13.960000,7.920000,24.350000,11.780000,59.299999,106.680000,54.240002,2079524
2021-05-14,5.130000,65.370003,68.709999,217.929993,18.809999,416.579987,32.810001,23.059999,17.510000,4.020000,15.020000,14.070000,8.210000,25.100000,11.750000,60.770000,109.470001,56.520000,1373468
2021-05-17,5.290000,66.269997,69.459999,225.080002,19.719999,415.519989,34.049999,23.780001,17.950001,4.190000,15.240000,14.700000,8.370000,26.309999,11.650000,62.189999,110.809998,58.299999,1389117
2021-05-18,5.100000,65.489998,68.709999,218.690002,21.340000,411.940002,33.070000,23.290001,17.430000,4.030000,14.460000,14.300000,8.320000,25.809999,11.400000,60.430000,106.180000,57.290001,1322528
2021-05-19,5.010000,63.360001,66.660004,212.199997,22.180000,410.859985,32.000000,22.540001,16.500000,3.820000,13.810000,13.440000,8.220000,25.230000,11.230000,58.980000,103.199997,55.580002,1347678
2021-05-20,4.930000,62.049999,65.110001,210.850006,20.670000,415.279999,31.770000,22.379999,16.219999,3.720000,13.990000,13.440000,8.160000,25.389999,11.300000,58.840000,103.559998,55.389999,1206682
2021-05-21,5.070000,63.580002,66.440002,212.759995,20.150000,414.940002,31.950001,22.459999,16.170000,3.820000,14.100000,13.790000,8.210000,25.540001,11.410000,58.919998,104.120003,55.650002,1086322
2021-05-24,5.080000,66.050003,68.459999,212.699997,18.400000,419.170013,31.700001,22.510000,16.290001,3.850000,14.350000,13.700000,8.110000,25.150000,11.400000,59.610001,105.599998,56.099998,968509
2021-05-25,4.810000,66.070000,68.650002,207.399994,18.840000,418.239990,31.240000,21.940001,15.990000,3.630000,13.790000,13.410000,8.040000,24.139999,11.250000,58.259998,103.870003,54.880001,1250356
2021-05-26,4.970000,66.209999,68.870003,210.740005,17.360001,419.070007,31.549999,22.280001,16.070000,3.770000,14.080000,13.480000,8.200000,24.170000,11.300000,58.939999,104.120003,55.419998,894087
2021-05-27,5.200000,66.849998,69.459999,214.110001,16.740000,419.290009,31.340000,22.520000,16.240000,3.870000,14.380000,13.790000,8.670000,24.340000,11.218000,58.560001,103.010002,55.529999,1635563
2021-05-28,5.230000,66.320000,69.629997,212.880005,16.760000,420.040009,31.330000,22.450001,16.120001,3.780000,14.270000,13.760000,8.590000,24.400000,11.600000,58.369999,103.790001,55.740002,2542770
2021-06-01,5.500000,67.720001,70.250000,223.190002,17.900000,419.670013,32.930000,23.340000,16.959999,4.050000,15.230000,14.490000,8.970000,25.520000,12.400000,60.459999,106.650002,58.270000,2431868
2021-06-02,6.050000,68.830002,71.349998,240.250000,17.480000,420.329987,35.459999,24.350000,17.440001,4.430000,18.200001,14.970000,9.890000,26.270000,12.810000,60.939999,108.080002,58.990002,3277538
2021-06-03,6.160000,68.809998,71.309998,243.139999,18.040001,418.769989,36.520000,24.700001,17.680000,4.520000,17.440001,14.960000,10.310000,25.860001,14.050000,61.180000,107.589996,59.470001,4179730
2021-06-04,6.460000,69.620003,71.889999,244.639999,16.420000,422.600006,36.419998,24.719999,17.660000,4.420000,17.690001,14.710000,10.410000,26.020000,14.810000,61.450001,108.449997,59.849998,2632430
2021-06-07,6.190000,69.230003,71.489998,238.889999,16.420000,422.190002,35.830002,24.299999,17.389999,4.030000,17.270000,14.340000,10.300000,25.940001,16.400000,61.049999,107.750000,59.810001,2331100
2021-06-08,6.300000,70.050003,72.220001,239.199997,17.070000,422.279999,35.900002,24.410000,17.530001,4.150000,17.320000,14.870000,10.600000,25.950001,15.600000,62.130001,108.730003,60.470001,1564713
2021-06-09,6.080000,69.959999,72.220001,236.889999,17.889999,421.649994,35.759998,24.260000,17.190001,4.160000,16.889999,14.390000,10.480000,25.809999,14.750000,62.650002,107.779999,59.680000,1369080
2021-06-10,6.020000,70.290001,72.519997,234.059998,16.100000,423.609985,34.939999,23.910000,16.910000,4.020000,16.650000,14.150000,10.100000,25.510000,15.260000,62.750000,108.410004,60.169998,1466180
2021-06-11,6.040000,70.910004,72.690002,235.350006,15.650000,424.309998,34.889999,24.030001,16.930000,4.060000,16.879999,14.180000,10.130000,25.910000,15.740000,62.169998,107.910004,59.970001,1933099
2021-06-14,6.020000,70.879997,72.860001,231.059998,16.389999,425.260010,34.049999,23.600000,16.809999,4.040000,16.160000,13.930000,9.840000,24.740000,17.500000,62.070000,107.970001,60.310001,1994198
2021-06-15,6.240000,72.120003,73.989998,236.520004,17.020000,424.480011,34.189999,24.190001,17.510000,4.210000,16.889999,14.350000,9.960000,24.950001,18.990000,64.330002,110.300003,61.169998,2826594
2021-06-16,6.250000,72.150002,74.389999,236.449997,18.150000,422.109985,34.040001,24.100000,17.209999,4.190000,17.000000,14.390000,9.740000,24.700001,18.719999,64.099998,109.669998,61.130001,2584107
2021-06-17,5.930000,71.040001,73.080002,223.119995,17.750000,421.970001,32.470001,22.719999,16.030001,3.870000,16.040001,13.520000,9.200000,23.980000,18.290001,61.990002,107.070000,59.009998,3346284
2021-06-18,5.900000,71.639999,73.510002,216.889999,20.700001,414.920013,31.290001,21.990000,15.610000,3.880000,15.800000,13.130000,8.740000,22.670000,17.889999,60.400002,103.029999,57.529999,3651367
2021-06-21,6.120000,73.660004,74.900002,229.009995,17.889999,420.859985,33.119999,23.350000,16.280001,4.210000,16.840000,13.430000,9.360000,23.840000,18.750000,62.590000,106.050003,60.450001,2232726
2021-06-22,6.260000,73.059998,74.809998,228.529999,16.660000,423.109985,33.020000,23.490000,16.260000,4.200000,16.740000,13.150000,9.170000,23.889999,18.400000,63.790001,106.400002,60.790001,2228418
2021-06-23,6.360000,73.080002,75.190002,227.610001,16.320000,422.600006,32.880001,23.510000,15.060000,4.310000,16.840000,13.150000,9.230000,23.330000,18.719999,64.260002,106.269997,60.759998,2976706
2021-06-24,6.520000,73.300003,75.559998,231.690002,15.970000,425.100006,33.259998,23.799999,15.360000,4.630000,17.650000,13.170000,9.290000,23.549999,18.959999,64.519997,107.139999,61.389999,1956235
2021-06-25,6.100000,74.050003,76.180000,229.039993,15.620000,426.609985,33.349998,23.940001,15.660000,4.440000,16.719999,12.870000,9.510000,23.549999,19.000000,64.660004,107.300003,61.310001,5104011
2021-06-28,5.790000,72.910004,74.680000,217.830002,15.760000,427.470001,32.020000,22.709999,14.720000,4.320000,15.590000,12.040000,9.020000,22.650000,18.379999,63.009998,103.989998,59.590000,2377861
2021-06-29,5.690000,72.980003,74.760002,217.830002,16.020000,427.700012,31.879999,22.670000,14.800000,4.650000,15.720000,12.010000,8.920000,22.680000,18.070000,62.619999,103.760002,59.049999,1799611
2021-06-30,5.710000,73.470001,75.129997,218.929993,15.830000,428.059998,32.009998,23.120001,15.320000,4.520000,15.570000,12.050000,9.050000,22.870001,18.200001,63.080002,104.739998,60.900002,3451486
2021-07-01,5.860000,75.230003,75.839996,227.850006,15.480000,430.429993,33.070000,23.799999,15.640000,4.950000,16.559999,12.830000,9.360000,23.540001,18.990000,63.259998,106.209999,62.880001,1621119
2021-07-02,5.670000,75.160004,76.169998,226.050003,15.070000,433.720001,32.790001,23.780001,15.520000,5.080000,16.209999,12.390000,9.290000,23.549999,18.680000,63.169998,106.070000,62.750000,1106712
2021-07-06,5.410000,73.370003,74.529999,212.539993,16.440001,432.929993,31.170000,22.230000,14.540000,4.690000,15.190000,11.920000,8.710000,22.410000,18.340000,61.369999,103.989998,60.279999,2156382
2021-07-07,5.220000,72.199997,73.430000,207.880005,16.200001,434.459991,30.680000,21.620001,14.260000,4.500000,15.020000,11.800000,8.560000,22.260000,17.900000,60.410000,102.930000,59.009998,1478234
2021-07-08,5.160000,72.940002,74.120003,207.320007,19.000000,430.920013,30.530001,21.610001,14.180000,4.530000,14.800000,12.130000,8.490000,21.969999,17.860001,60.139999,102.599998,59.209999,1519322
2021-07-09,5.220000,74.559998,75.550003,213.619995,16.180000,435.519989,31.190001,22.379999,15.030000,4.490000,15.350000,12.080000,8.640000,22.730000,18.190001,61.230000,104.070000,60.130001,1745893
2021-07-12,5.220000,74.099998,75.160004,214.000000,16.170000,437.079987,31.219999,22.420000,15.070000,4.470000,15.290000,12.040000,8.430000,23.020000,18.240000,61.169998,104.279999,59.799999,1016906
2021-07-13,5.080000,75.250000,76.489998,209.699997,17.120001,435.589996,30.610001,22.090000,14.910000,4.260000,14.850000,11.830000,8.320000,22.370001,18.270000,60.880001,103.930000,59.459999,1140094
2021-07-14,4.840000,73.129997,74.760002,202.080002,16.330000,436.239990,29.549999,21.450001,14.390000,3.930000,14.020000,11.740000,8.060000,21.670000,17.730000,59.529999,101.970001,57.669998,2061808
2021-07-15,4.670000,71.650002,73.470001,194.589996,17.010000,434.750000,28.730000,20.690001,13.860000,3.650000,13.380000,11.650000,7.740000,21.219999,16.820000,58.950001,101.300003,57.080002,2200061
2021-07-16,4.450000,71.809998,73.589996,189.350006,18.450001,431.339996,27.870001,20.059999,13.620000,3.500000,13.060000,11.200000,7.580000,20.600000,16.290001,57.320000,98.620003,55.500000,3380328
2021-07-19,4.170000,66.419998,68.620003,181.600006,22.500000,424.970001,26.650000,19.360001,13.240000,3.350000,12.190000,10.890000,7.220000,19.650000,15.230000,55.349998,95.959999,53.700001,2997995
2021-07-20,4.300000,67.419998,69.349998,185.770004,19.730000,431.059998,27.240000,20.070000,13.550000,3.430000,12.610000,11.140000,7.460000,20.040001,15.630000,55.959999,96.529999,54.470001,2582028
2021-07-21,4.650000,70.300003,72.230003,194.220001,17.910000,434.549988,28.430000,20.770000,14.020000,3.870000,13.580000,11.630000,7.850000,20.230000,16.309999,57.759998,99.820000,57.020000,2710684
2021-07-22,4.540000,71.910004,73.790001,190.630005,17.690001,435.459991,27.980000,20.549999,13.740000,3.750000,13.270000,11.310000,7.240000,19.879999,16.260000,57.110001,98.820000,56.669998,1891353
2021-07-23,4.410000,72.070000,74.099998,188.250000,17.200001,439.940002,28.410000,20.110001,13.570000,3.580000,13.010000,11.120000,6.940000,20.209999,16.440001,57.040001,98.860001,55.340000,1072905
2021-07-26,4.610000,71.910004,74.500000,195.059998,17.580000,441.019989,29.459999,20.690001,14.250000,3.770000,13.390000,11.650000,7.390000,20.889999,17.299999,58.480000,100.949997,56.869999,1876331
2021-07-27,4.150000,71.650002,74.480003,192.110001,19.360001,439.010010,29.180000,20.639999,14.060000,3.600000,13.000000,11.260000,7.360000,20.670000,16.290001,57.830002,100.610001,56.330002,4077321
2021-07-28,4.110000,72.389999,74.739998,193.610001,18.309999,438.829987,29.320000,21.090000,13.770000,3.620000,13.490000,11.420000,7.410000,21.000000,16.809999,58.220001,101.180000,56.720001,4196389
2021-07-29,4.290000,73.620003,76.050003,196.119995,17.700001,440.649994,29.639999,21.250000,14.370000,3.670000,13.840000,11.360000,7.420000,21.180000,17.790001,58.930000,102.570000,57.080002,2331839
2021-07-30,4.150000,73.949997,76.330002,190.869995,18.240000,438.510010,28.830000,20.680000,13.810000,3.610000,13.260000,11.320000,7.220000,21.240000,17.440001,57.570000,101.809998,56.060001,1460696
2021-08-02,4.090000,71.260002,72.889999,188.559998,19.459999,437.589996,28.500000,20.160000,13.660000,3.610000,12.980000,11.140000,7.160000,20.860001,17.000000,57.580002,101.629997,55.380001,2004320
2021-08-03,4.220000,70.559998,72.410004,191.039993,18.040001,441.149994,28.900000,20.370001,13.710000,3.500000,13.340000,11.340000,7.280000,21.309999,17.200001,58.200001,102.599998,56.639999,1645939
2021-08-04,4.010000,68.150002,70.379997,179.029999,17.969999,438.980011,27.629999,19.200001,12.920000,3.210000,11.950000,10.650000,6.860000,20.629999,16.160000,56.840000,100.300003,54.930000,3280806
2021-08-05,4.060000,69.089996,71.290001,181.880005,17.280001,441.760010,27.920000,19.480000,13.160000,3.380000,12.050000,11.220000,6.880000,20.860001,15.690000,57.200001,101.230003,55.950001,1270673
2021-08-06,4.080000,68.279999,70.699997,185.910004,16.150000,442.489990,28.420000,20.000000,13.450000,3.460000,12.520000,11.430000,7.010000,21.190001,15.680000,57.860001,101.949997,56.500000,915769
2021-08-09,3.990000,66.480003,69.040001,183.020004,16.719999,442.130005,27.990000,19.690001,13.170000,3.370000,12.280000,11.270000,6.860000,21.090000,15.370000,57.200001,100.250000,55.450001,1101103
2021-08-10,4.110000,68.290001,70.629997,187.990005,16.790001,442.679993,28.420000,20.209999,13.480000,3.530000,12.760000,11.870000,7.080000,21.360001,15.670000,58.180000,102.080002,56.480000,1436442
2021-08-11,4.130000,69.250000,71.440002,190.600006,16.170000,443.779999,28.980000,20.629999,13.810000,3.530000,12.720000,11.890000,7.160000,21.510000,15.330000,58.349998,102.849998,57.189999,1211166
2021-08-12,3.970000,69.089996,71.309998,187.800003,15.590000,445.109985,28.549999,20.440001,13.580000,3.490000,12.560000,11.490000,7.070000,21.350000,15.000000,57.349998,102.639999,57.040001,1138311
2021-08-13,3.870000,68.440002,70.589996,184.029999,15.450000,445.920013,28.350000,20.129999,13.220000,3.300000,12.270000,11.260000,6.890000,21.660000,15.060000,56.770000,101.959999,55.970001,1034748
2021-08-16,3.700000,67.290001,69.510002,179.389999,16.120001,446.970001,27.780001,19.650000,12.870000,3.180000,11.930000,10.830000,6.610000,21.280001,14.640000,55.939999,100.919998,54.810001,1433960
2021-08-17,3.630000,66.589996,69.029999,175.729996,17.910000,444.040009,27.190001,19.170000,12.610000,3.100000,11.660000,10.850000,6.540000,21.389999,14.480000,55.560001,100.730003,54.520000,950716
2021-08-18,3.480000,65.459999,68.230003,173.550003,21.570000,439.179993,26.809999,18.900000,12.380000,3.040000,11.680000,10.530000,6.420000,21.180000,14.540000,54.389999,96.699997,53.529999,1905893
2021-08-19,3.410000,63.689999,66.449997,167.669998,21.670000,439.859985,26.440001,18.150000,12.080000,2.880000,10.980000,10.290000,6.100000,20.190001,14.600000,52.730000,94.290001,52.439999,2012755
2021-08-20,3.390000,62.320000,65.180000,168.500000,18.559999,443.359985,26.459999,18.209999,12.190000,2.960000,11.060000,10.290000,6.190000,20.430000,14.530000,52.740002,94.300003,52.770000,1090860
2021-08-23,3.650000,65.639999,68.750000,176.690002,17.150000,447.260010,27.490000,19.209999,12.580000,3.200000,11.900000,10.790000,6.330000,21.520000,15.080000,54.910000,96.730003,54.790001,1095082
2021-08-24,3.760000,67.540001,71.050003,182.589996,17.219999,447.970001,28.219999,20.049999,13.130000,3.340000,12.260000,10.570000,6.600000,22.190001,15.280000,55.360001,97.839996,55.410000,942091
2021-08-25,3.790000,68.360001,72.250000,183.789993,16.790001,448.910004,28.450001,20.170000,13.260000,3.380000,12.330000,10.680000,6.630000,22.360001,15.240000,55.459999,98.510002,56.020000,731459
2021-08-26,3.660000,67.419998,71.070000,181.399994,18.840000,446.260010,28.129999,19.770000,13.050000,3.330000,11.990000,11.000000,6.580000,22.299999,15.270000,54.709999,97.220001,55.130001,1295186
2021-08-27,3.920000,68.739998,72.699997,191.289993,16.389999,450.250000,29.080000,20.549999,13.690000,3.680000,12.730000,11.620000,6.800000,23.070000,15.790000,55.770000,98.639999,56.740002,1191546
2021-08-30,3.810000,69.209999,73.410004,186.169998,16.190001,452.230011,28.280001,20.160000,13.280000,3.550000,12.290000,11.280000,6.610000,22.799999,15.930000,55.160000,98.389999,56.200001,949590
2021-08-31,3.760000,68.500000,72.989998,185.779999,16.480000,451.559998,28.040001,19.980000,13.170000,3.560000,12.300000,11.500000,6.630000,22.780001,15.760000,54.520000,96.769997,55.529999,1468234
2021-09-01,3.770000,68.589996,71.589996,184.830002,16.110001,451.799988,27.980000,19.690001,12.960000,3.480000,12.400000,11.470000,6.580000,22.500000,15.510000,53.770000,95.709999,54.650002,1112839
2021-09-02,3.820000,69.989998,73.029999,189.830002,16.410000,453.190002,28.610001,20.459999,13.320000,3.770000,12.810000,11.710000,6.790000,23.350000,15.540000,55.080002,97.709999,56.599998,1140345
2021-09-03,3.770000,69.290001,72.610001,186.759995,16.410000,453.079987,28.090000,20.170000,12.950000,3.710000,13.020000,11.420000,6.630000,23.160000,15.400000,54.869999,97.489998,56.240002,861551
2021-09-07,3.830000,68.349998,71.690002,186.339996,18.139999,451.459991,27.830000,19.910000,13.070000,3.770000,13.160000,11.530000,6.610000,23.020000,16.100000,54.549999,97.059998,55.980000,2425822
2021-09-08,3.540000,69.300003,72.599998,179.940002,17.959999,450.910004,26.660000,19.350000,12.670000,3.530000,12.310000,10.970000,6.290000,22.709999,16.129999,54.049999,96.389999,55.279999,1413697
2021-09-09,3.570000,68.139999,71.449997,181.160004,18.799999,448.980011,26.620001,19.320000,12.720000,3.570000,12.350000,11.060000,6.320000,23.510000,16.809999,54.090000,96.000000,55.580002,1746183
2021-09-10,3.550000,69.720001,72.919998,181.929993,20.950001,445.440002,26.780001,19.530001,13.090000,3.490000,12.410000,11.150000,6.580000,23.860001,17.000000,53.980000,96.070000,55.730000,934704
2021-09-13,3.940000,70.449997,73.510002,190.990005,19.370001,446.579987,28.110001,20.440001,13.490000,3.630000,13.190000,11.260000,6.860000,24.389999,16.870001,55.369999,97.970001,57.590000,3305125
2021-09-14,3.770000,70.459999,73.599998,186.940002,19.459999,444.170013,27.670000,20.070000,13.530000,3.530000,13.020000,10.940000,6.860000,24.340000,17.000000,54.580002,96.199997,56.939999,1223836
2021-09-15,3.920000,72.610001,75.459999,194.779999,18.180000,447.880005,29.240000,20.799999,13.920000,3.640000,13.540000,11.170000,7.260000,25.129999,17.620001,56.419998,98.239998,59.320000,1256837
2021-09-16,3.770000,72.610001,75.669998,190.509995,18.690001,447.170013,28.860001,20.590000,13.810000,3.470000,12.990000,11.000000,7.120000,24.389999,18.040001,55.820000,97.320000,59.230000,1280735
2021-09-17,3.730000,71.970001,75.339996,185.550003,20.809999,441.399994,28.309999,20.270000,13.390000,3.350000,12.640000,10.820000,7.050000,23.940001,16.980000,55.160000,96.760002,58.919998,3093835
2021-09-20,3.520000,70.290001,73.919998,178.960007,25.709999,434.040009,27.250000,19.600000,12.900000,3.200000,12.010000,10.860000,6.670000,22.879999,16.090000,53.689999,94.779999,57.070000,1530742
2021-09-21,3.510000,70.559998,74.360001,178.020004,24.360001,433.630005,26.930000,19.480000,12.420000,3.190000,11.990000,10.830000,6.670000,23.240000,16.330000,53.639999,94.849998,59.330002,1041128
2021-09-22,3.570000,72.230003,76.190002,180.130005,20.870001,437.859985,27.150000,19.750000,12.380000,3.260000,12.300000,11.100000,6.830000,23.440001,17.000000,55.209999,97.639999,62.259998,1391102
2021-09-23,3.840000,73.300003,77.250000,189.690002,18.629999,443.179993,28.879999,20.809999,12.900000,3.480000,13.030000,11.500000,7.120000,24.040001,17.450001,57.080002,100.059998,63.709999,2093483
2021-09-24,3.800000,73.980003,78.089996,190.410004,17.750000,443.910004,29.010000,21.000000,12.960000,3.420000,12.950000,11.410000,7.210000,24.219999,18.000000,57.590000,100.599998,65.019997,1232250
2021-09-27,4.020000,75.449997,79.529999,200.990005,18.760000,442.640015,30.190001,22.139999,13.450000,3.890000,13.750000,12.170000,7.580000,24.920000,19.250000,59.299999,102.970001,66.709999,3351105
2021-09-28,4.030000,75.290001,79.089996,201.419998,23.250000,433.720001,30.910000,22.389999,13.440000,3.970000,13.730000,12.320000,7.450000,24.920000,20.219999,59.919998,103.360001,67.800003,2014517
2021-09-29,3.910000,74.830002,78.639999,199.250000,22.559999,434.450012,30.330000,22.160000,13.370000,3.790000,13.490000,12.160000,7.430000,25.049999,19.719999,59.880001,103.330002,68.040001,1003925
2021-09-30,3.880000,75.029999,78.519997,197.009995,23.139999,429.140015,29.639999,21.620001,13.110000,3.790000,13.320000,12.060000,7.530000,24.730000,19.670000,58.820000,101.449997,67.769997,1206353
2021-10-01,4.190000,75.879997,79.279999,204.490005,21.100000,434.239990,30.360001,22.280001,13.480000,3.820000,14.090000,12.440000,7.820000,25.180000,20.620001,60.930000,104.330002,70.099998,1914764
2021-10-04,4.350000,77.620003,81.260002,210.289993,22.959999,428.640015,30.879999,23.020000,13.690000,3.970000,14.840000,12.640000,7.910000,25.450001,20.420000,61.720001,104.720001,71.489998,2613583
2021-10-05,4.370000,78.930000,82.559998,210.690002,21.299999,433.100006,30.590000,23.410000,14.190000,3.940000,14.940000,12.480000,7.920000,25.340000,20.090000,61.619999,105.860001,71.730003,1595907
2021-10-06,4.120000,77.430000,81.080002,202.470001,21.000000,434.899994,29.940001,22.990000,13.710000,3.730000,13.400000,12.400000,7.660000,24.780001,19.559999,60.490002,104.930000,71.809998,1613378
2021-10-07,4.200000,78.300003,81.949997,208.119995,19.540001,438.660004,31.020000,23.379999,14.070000,3.840000,14.020000,12.750000,7.790000,24.790001,19.870001,60.660000,105.680000,71.510002,1361443
2021-10-08,4.350000,79.349998,82.389999,214.039993,18.770000,437.859985,31.660000,23.940001,14.620000,3.920000,14.620000,12.950000,8.140000,25.240000,20.139999,62.180000,108.050003,74.919998,1343296
2021-10-11,4.290000,80.519997,83.650002,215.520004,20.000000,434.690002,32.459999,24.680000,14.530000,3.970000,14.500000,12.910000,7.890000,25.450001,20.379999,61.560001,107.129997,73.970001,968225
2021-10-12,4.260000,80.639999,83.419998,216.020004,19.850000,433.619995,32.880001,24.490000,14.550000,3.780000,14.530000,12.960000,7.660000,25.750000,23.580000,61.240002,107.150002,73.410004,1306287
2021-10-13,4.300000,80.440002,83.180000,217.300003,18.639999,435.179993,32.759998,24.490000,14.420000,3.920000,15.120000,12.760000,7.710000,26.250000,24.059999,61.070000,107.790001,73.230003,954201
2021-10-14,4.290000,81.309998,84.000000,220.179993,16.860001,442.500000,33.520000,24.799999,14.620000,3.900000,15.020000,12.560000,7.800000,26.830000,25.850000,62.000000,108.809998,73.849998,1227539
2021-10-15,4.340000,82.279999,84.860001,223.960007,16.299999,445.869995,34.000000,26.010000,14.990000,4.010000,15.290000,12.490000,7.900000,26.889999,26.730000,62.590000,109.610001,74.139999,1452237
2021-10-18,4.320000,82.440002,84.330002,225.279999,16.309999,447.190002,34.160000,26.010000,14.930000,3.910000,15.660000,12.700000,7.720000,26.959999,26.219999,62.560001,109.559998,74.500000,1551109
2021-10-19,4.240000,82.959999,85.080002,226.130005,15.700000,450.640015,34.540001,26.100000,15.350000,4.050000,15.160000,12.660000,7.780000,26.870001,28.000000,63.500000,111.699997,75.320000,1193774
2021-10-20,4.260000,83.870003,85.820000,227.369995,15.490000,452.410004,34.740002,26.459999,15.500000,4.100000,15.540000,12.730000,8.090000,25.350000,27.730000,63.849998,113.160004,76.019997,1017436
2021-10-21,4.100000,82.500000,84.610001,221.399994,15.010000,453.589996,34.299999,25.350000,14.750000,3.910000,14.900000,12.630000,7.430000,24.270000,27.010000,62.689999,111.739998,74.589996,1968958
2021-10-22,4.130000,83.760002,85.529999,221.830002,15.430000,453.119995,33.910000,25.889999,14.890000,3.900000,15.400000,12.490000,7.710000,24.639999,28.700001,63.119999,112.800003,75.720001,1120883
2021-10-25,4.140000,83.760002,85.989998,224.880005,15.240000,455.549988,34.360001,26.219999,14.660000,3.980000,15.550000,12.840000,7.750000,25.160000,28.900000,64.349998,113.849998,76.519997,1089970
2021-10-26,4.120000,84.650002,86.400002,225.330002,15.980000,455.959991,34.259998,26.160000,14.600000,3.980000,15.560000,13.320000,7.850000,25.690001,28.600000,65.839996,114.099998,77.029999,959821
2021-10-27,3.900000,82.660004,84.580002,213.960007,16.980000,453.940002,32.540001,25.120001,14.650000,3.680000,14.440000,12.790000,7.500000,25.010000,27.260000,64.129997,112.070000,74.430000,1377765
2021-10-28,3.930000,82.809998,84.320000,217.009995,16.530001,458.320007,33.299999,25.610001,14.740000,3.700000,14.070000,12.630000,7.580000,25.370001,29.139999,64.309998,113.120003,75.150002,755411
2021-10-29,3.780000,83.570000,84.379997,210.240005,16.260000,459.250000,32.259998,24.990000,14.020000,3.530000,13.600000,12.130000,7.370000,25.080000,29.059999,64.470001,114.489998,74.489998,1514103
2021-11-01,4.030000,84.050003,84.709999,216.809998,16.410000,460.040009,33.299999,25.580000,14.380000,3.760000,13.840000,12.300000,7.710000,25.809999,29.670000,65.629997,114.529999,74.589996,1523748
2021-11-02,3.940000,83.910004,84.720001,215.490005,16.030001,461.899994,33.200001,25.379999,14.450000,3.690000,13.720000,11.870000,7.570000,25.900000,28.330000,64.820000,113.830002,73.029999,1393213
2021-11-03,3.930000,80.860001,81.989998,214.619995,15.100000,464.720001,32.980000,24.719999,14.560000,3.660000,13.690000,12.020000,7.340000,25.330000,32.889999,63.930000,113.010002,72.739998,1026215
2021-11-04,3.860000,78.809998,80.540001,213.919998,15.440000,466.910004,33.150002,24.520000,14.710000,3.650000,13.610000,12.040000,7.380000,24.940001,31.780001,64.410004,113.510002,73.309998,1176927
2021-11-05,4.020000,81.269997,82.739998,216.330002,16.480000,468.529999,33.509998,24.690001,14.660000,3.580000,14.050000,12.500000,7.410000,24.799999,32.419998,65.019997,114.739998,75.449997,955481
2021-11-08,4.030000,81.930000,83.430000,220.050003,17.219999,468.929993,34.299999,25.120001,14.890000,3.720000,14.210000,12.910000,7.520000,24.900000,32.130001,65.720001,115.150002,75.930000,1092320
2021-11-09,4.110000,84.150002,84.779999,221.449997,17.780001,467.380005,34.139999,25.080000,14.950000,3.680000,14.430000,13.110000,7.410000,25.280001,32.900002,66.360001,116.000000,75.750000,1023347
2021-11-10,3.830000,81.339996,82.639999,209.820007,18.730000,463.619995,32.730000,23.830000,14.150000,3.450000,13.350000,12.140000,7.020000,24.080000,30.170000,64.190002,114.150002,73.000000,1132954
2021-11-11,3.800000,81.589996,82.870003,209.339996,17.660000,463.769989,32.779999,23.719999,13.980000,3.450000,13.290000,11.800000,7.050000,24.340000,29.670000,64.309998,114.160004,72.139999,770603
2021-11-12,3.800000,80.790001,82.169998,206.380005,16.290001,467.269989,32.759998,23.570000,13.760000,3.410000,12.840000,11.880000,6.890000,24.360001,31.620001,63.820000,114.230003,72.360001,1278414
2021-11-15,3.760000,80.879997,82.050003,204.410004,16.490000,467.429993,32.720001,23.400000,13.380000,3.310000,12.790000,12.160000,6.880000,24.730000,30.570000,64.370003,116.820000,72.720001,1163260
2021-11-16,3.750000,80.760002,82.430000,206.639999,16.370001,469.279999,32.889999,23.610001,13.510000,3.350000,12.790000,12.190000,7.250000,25.219999,31.440001,65.019997,117.279999,72.639999,1569810
2021-11-17,3.600000,78.360001,80.279999,198.970001,17.110001,468.140015,32.060001,22.969999,12.820000,3.200000,12.220000,12.460000,6.720000,24.340000,29.770000,64.309998,115.419998,71.970001,1450905
2021-11-18,3.510000,79.010002,81.239998,194.139999,17.590000,469.730011,31.860001,22.760000,12.570000,3.130000,11.890000,11.960000,6.550000,23.930000,30.070000,63.610001,114.449997,72.720001,1386141
2021-11-19,3.260000,76.099998,78.889999,183.770004,17.910000,468.890015,30.049999,22.040001,12.030000,2.980000,11.120000,11.300000,6.230000,22.549999,29.190001,60.669998,111.910004,69.610001,1742512
2021-11-22,3.330000,76.750000,79.699997,185.789993,19.170000,467.570007,30.340000,22.290001,12.090000,3.060000,11.400000,11.570000,6.250000,22.650000,29.459999,61.509998,113.910004,71.889999,3095723
2021-11-23,3.480000,78.500000,82.309998,192.309998,19.379999,468.190002,31.180000,22.969999,12.920000,3.270000,12.020000,11.740000,6.370000,23.760000,29.700001,63.130001,116.300003,73.779999,1693045
2021-11-24,3.380000,78.389999,82.250000,192.399994,18.580000,469.440002,31.410000,23.219999,12.870000,3.220000,11.790000,11.610000,6.350000,24.120001,30.030001,63.480000,117.190002,74.830002,904490
2021-11-26,3.240000,68.150002,72.720001,181.729996,28.620001,458.970001,29.700001,21.650000,12.490000,3.020000,11.060000,10.800000,5.930000,23.059999,29.000000,61.250000,114.510002,71.480003,1489692
2021-11-29,3.260000,69.949997,73.440002,183.619995,22.959999,464.600006,29.650000,22.250000,12.450000,3.050000,11.020000,10.540000,5.820000,23.530001,29.059999,61.590000,114.849998,72.150002,1677116
2021-11-30,3.040000,66.180000,70.570000,178.360001,27.190001,455.559998,28.680000,21.590000,11.920000,3.020000,10.690000,10.430000,5.670000,23.340000,28.750000,59.840000,112.870003,70.129997,3023021
2021-12-01,3.020000,65.570000,68.870003,174.929993,31.120001,450.500000,28.379999,21.150000,11.730000,2.920000,10.630000,10.690000,5.580000,23.420000,26.770000,59.790001,112.099998,69.199997,2499118
2021-12-02,3.150000,66.500000,69.669998,181.339996,27.950001,457.399994,29.320000,22.020000,12.190000,2.920000,11.390000,10.660000,5.890000,24.000000,28.120001,61.279999,115.139999,71.260002,2480741
2021-12-03,3.110000,66.260002,69.879997,180.110001,30.670000,453.420013,29.240000,22.000000,11.860000,2.840000,11.170000,10.670000,5.930000,23.940001,27.370001,60.889999,114.410004,71.110001,1447126
2021-12-06,3.210000,69.489998,73.080002,186.190002,27.180000,458.790009,30.010000,22.580000,12.400000,2.920000,11.840000,10.770000,6.170000,24.420000,28.940001,61.580002,116.199997,72.809998,1706137
2021-12-07,3.250000,72.050003,75.440002,192.110001,21.889999,468.279999,30.760000,23.400000,13.030000,3.050000,12.220000,11.120000,6.360000,24.879999,29.290001,62.270000,117.919998,74.570000,1424854
2021-12-08,3.290000,72.360001,75.820000,195.089996,19.900000,469.519989,31.059999,23.790001,13.360000,3.100000,12.340000,11.310000,6.610000,24.950001,27.930000,62.450001,118.449997,74.110001,1027997
2021-12-09,3.260000,70.940002,74.419998,193.490005,21.580000,466.350006,30.620001,23.490000,13.520000,3.060000,11.950000,11.140000,6.490000,24.870001,26.660000,62.610001,118.139999,72.550003,1362522
2021-12-10,3.250000,71.669998,75.150002,197.240005,18.690001,470.739990,30.990000,23.930000,13.670000,3.140000,12.190000,11.130000,6.550000,25.440001,28.480000,63.009998,118.339996,73.489998,1659738
2021-12-13,3.030000,71.290001,74.389999,188.770004,20.309999,466.570007,29.830000,22.709999,13.070000,2.950000,11.490000,10.820000,6.110000,24.559999,26.889999,61.630001,115.879997,71.019997,1916441
2021-12-14,2.950000,70.730003,73.699997,185.440002,21.889999,463.359985,29.670000,22.480000,13.370000,2.880000,11.120000,10.460000,5.900000,24.080000,25.309999,61.540001,116.220001,70.680000,1822288
2021-12-15,3.260000,70.870003,73.879997,185.149994,19.290001,470.600006,29.309999,22.270000,13.180000,2.930000,11.300000,10.600000,5.900000,23.830000,25.809999,61.270000,115.559998,70.709999,4045318
2021-12-16,3.290000,72.379997,75.019997,185.949997,20.570000,466.450012,29.700001,22.559999,13.200000,2.920000,11.180000,10.360000,5.890000,24.270000,24.400000,61.369999,116.639999,71.699997,3439353
2021-12-17,3.310000,70.860001,73.519997,182.809998,21.570000,459.869995,28.969999,22.110001,13.260000,2.910000,10.940000,10.430000,5.900000,23.680000,25.799999,60.029999,113.599998,68.610001,6110969
2021-12-20,3.250000,68.230003,71.519997,176.850006,22.870001,454.980011,28.469999,21.799999,12.810000,2.770000,10.930000,10.590000,5.800000,23.070000,23.610001,59.160000,113.650002,68.599998,2649509
2021-12-21,3.510000,71.120003,73.980003,186.130005,21.010000,463.059998,29.450001,22.660000,13.410000,3.060000,11.650000,10.740000,6.060000,23.790001,26.840000,60.500000,115.470001,70.680000,2474971
2021-12-22,3.500000,72.760002,75.290001,186.970001,18.629999,467.690002,29.500000,22.730000,13.540000,3.080000,11.710000,10.710000,6.070000,23.920000,27.260000,60.990002,116.129997,71.080002,1385582
2021-12-23,3.380000,73.790001,76.849998,187.050003,17.959999,470.600006,29.570000,22.709999,13.520000,3.050000,11.600000,10.730000,6.040000,24.219999,27.620001,61.020000,116.410004,71.190002,1368764
2021-12-27,3.320000,75.570000,78.599998,189.610001,17.680000,477.260010,29.840000,23.170000,13.610000,3.070000,11.750000,10.870000,6.120000,24.620001,27.950001,61.889999,118.790001,73.209999,1376697
2021-12-28,3.280000,75.980003,78.940002,188.679993,17.540001,476.869995,30.110001,23.049999,13.660000,3.020000,11.640000,10.670000,6.090000,24.580000,27.730000,61.689999,118.559998,73.120003,1300573
2021-12-29,3.180000,76.559998,79.230003,185.449997,16.950001,477.480011,29.650000,22.940001,13.660000,2.860000,11.500000,10.580000,5.930000,24.270000,27.320000,61.150002,117.949997,72.919998,852950
2021-12-30,3.140000,76.989998,79.320000,184.449997,17.330000,476.160004,29.820000,22.760000,13.510000,2.840000,11.280000,10.620000,5.840000,23.950001,26.299999,60.790001,117.430000,72.279999,832161
2021-12-31,3.120000,75.209999,77.779999,184.839996,17.219999,474.959991,29.950001,22.870001,13.550000,2.760000,11.310000,10.710000,5.920000,24.059999,27.719999,61.189999,117.349998,72.180000,1184133
2022-01-03,3.380000,76.080002,78.980003,197.289993,16.600000,477.709991,31.719999,23.990000,14.390000,3.120000,12.170000,11.250000,6.370000,25.040001,28.980000,63.540001,119.260002,73.769997,1249449
2022-01-04,3.500000,76.989998,80.000000,205.899994,16.910000,477.549988,33.259998,25.430000,14.770000,3.270000,12.380000,11.630000,6.550000,25.590000,27.900000,65.930000,121.430000,76.970001,1303545
2022-01-05,3.370000,77.849998,80.800003,202.990005,19.730000,468.380005,33.259998,25.180000,14.610000,3.180000,11.990000,11.310000,6.460000,25.680000,27.299999,66.750000,122.220001,75.650002,1012988
2022-01-06,3.450000,79.459999,81.989998,209.059998,19.610001,467.940002,34.049999,25.610001,14.770000,3.260000,12.540000,11.660000,6.670000,25.950001,28.250000,68.320000,123.260002,78.489998,968755
2022-01-07,3.630000,78.900002,81.750000,211.880005,18.760000,466.089996,35.029999,26.020000,15.080000,3.310000,12.840000,12.030000,6.850000,26.120001,27.420000,68.879997,125.029999,80.639999,1705511
2022-01-10,3.560000,78.230003,80.870003,211.899994,19.400000,465.510010,35.119999,25.850000,15.210000,3.330000,12.800000,11.930000,6.780000,26.070000,28.170000,68.470001,125.110001,81.029999,891241
2022-01-11,3.600000,81.220001,83.720001,220.639999,18.410000,469.750000,36.480000,27.240000,15.970000,3.550000,13.510000,11.830000,6.870000,26.959999,29.940001,71.349998,127.970001,83.589996,1137799
2022-01-12,3.550000,82.639999,84.669998,219.559998,17.620001,471.019989,36.450001,27.440001,15.840000,3.480000,13.280000,12.050000,6.950000,26.730000,30.910000,71.139999,127.330002,84.400002,1160298
2022-01-13,3.670000,82.120003,84.470001,218.610001,20.309999,464.529999,36.169998,27.930000,16.209999,3.400000,13.360000,12.280000,6.860000,26.270000,29.719999,70.629997,126.800003,83.620003,1382631
2022-01-14,3.810000,83.820000,86.059998,228.210007,19.190001,464.720001,37.810001,28.740000,16.520000,3.520000,13.800000,12.220000,7.050000,27.459999,32.610001,71.870003,128.960007,86.739998,1246549
2022-01-18,3.630000,85.430000,87.510002,225.100006,22.790001,456.489990,37.540001,28.600000,16.299999,3.490000,13.420000,12.430000,6.960000,26.799999,30.959999,73.080002,129.380005,87.510002,1150837
2022-01-19,3.530000,86.959999,88.440002,221.449997,23.850000,451.750000,37.099998,28.379999,16.209999,3.410000,13.120000,12.720000,6.850000,26.290001,30.450001,73.110001,128.910004,87.279999,874528
2022-01-20,3.400000,86.900002,88.379997,218.570007,25.590000,446.750000,37.049999,28.139999,16.070000,3.360000,12.860000,12.390000,6.590000,26.719999,29.900000,73.269997,128.449997,85.629997,891071
2022-01-21,3.320000,85.139999,87.889999,213.460007,28.850000,437.980011,36.360001,27.540001,15.430000,3.120000,12.350000,12.460000,6.480000,27.240000,29.320000,72.169998,126.910004,82.720001,1357025
2022-01-24,3.440000,83.309998,86.269997,217.570007,29.900000,439.839996,36.599998,28.590000,15.580000,3.200000,12.850000,13.460000,6.440000,27.070000,28.660000,72.790001,127.180000,83.019997,1466746
2022-01-25,3.650000,85.599998,88.199997,229.440002,31.160000,434.470001,38.790001,30.590000,16.549999,3.400000,13.760000,14.880000,6.810000,27.930000,29.610001,74.930000,132.589996,87.110001,1082260
2022-01-26,3.610000,87.349998,89.959999,230.419998,31.959999,433.380005,39.799999,30.799999,16.530001,3.350000,13.780000,14.930000,6.900000,27.520000,29.180000,74.169998,132.690002,87.059998,1425840
2022-01-27,3.550000,86.610001,89.339996,226.320007,30.490000,431.239990,38.860001,30.830000,16.600000,3.270000,13.340000,15.380000,6.630000,27.299999,30.350000,75.120003,135.369995,89.660004,1330897
2022-01-28,3.510000,86.820000,90.029999,227.350006,27.660000,441.950012,39.680000,31.360001,16.770000,3.260000,13.240000,15.510000,6.470000,27.160000,30.549999,75.279999,130.610001,89.220001,1038252
2022-01-31,3.530000,88.150002,91.209999,225.830002,24.830000,449.910004,39.070000,30.740000,16.420000,3.150000,13.030000,14.190000,6.490000,27.440001,30.000000,75.959999,131.330002,88.620003,1171311
2022-02-01,3.860000,88.199997,89.160004,235.160004,21.959999,452.950012,39.520000,31.370001,17.209999,3.530000,14.300000,14.960000,6.860000,27.500000,31.719999,80.830002,134.789993,91.540001,5627874
2022-02-02,3.850000,88.260002,89.470001,232.649994,22.090000,457.350006,39.250000,31.410000,17.500000,3.500000,14.060000,14.280000,6.770000,26.870001,32.330002,80.620003,135.410004,92.209999,2002232
2022-02-03,3.870000,90.269997,91.110001,229.720001,24.350000,446.600006,38.580002,31.219999,17.660000,3.460000,13.820000,14.250000,6.620000,26.360001,31.559999,79.680000,134.199997,90.870003,1759565
2022-02-04,3.930000,92.309998,93.269997,234.399994,23.219999,448.700012,38.509998,31.940001,16.209999,3.780000,14.120000,14.310000,6.790000,26.590000,32.730000,81.410004,135.880005,91.870003,2263356
2022-02-07,3.880000,91.320000,92.690002,236.600006,22.860001,447.260010,40.270000,32.509998,15.910000,3.700000,14.090000,14.310000,6.760000,27.530001,32.299999,82.389999,138.550003,92.940002,1268459
2022-02-08,3.650000,89.360001,90.779999,231.500000,21.440001,450.940002,38.900002,31.760000,15.720000,3.460000,13.690000,13.810000,6.540000,27.360001,31.540001,80.260002,136.440002,91.330002,1376462
2022-02-09,3.680000,89.660004,91.550003,235.259995,19.959999,457.540009,39.400002,32.650002,16.270000,3.580000,13.920000,13.850000,6.710000,27.650000,33.730000,79.000000,137.789993,92.949997,1046488
2022-02-10,3.740000,89.879997,91.410004,235.000000,23.910000,449.320007,39.169998,32.410000,16.350000,3.600000,13.930000,13.970000,6.620000,27.440001,33.029999,78.239998,136.039993,91.910004,1824203
2022-02-11,3.970000,93.099998,94.440002,245.509995,27.360001,440.459991,40.619999,33.520000,17.250000,3.730000,14.600000,14.850000,6.870000,29.139999,34.549999,80.209999,138.809998,93.519997,1818745
2022-02-14,3.910000,95.459999,96.480003,239.350006,28.330000,439.019989,39.299999,32.360001,16.709999,3.620000,14.280000,14.240000,6.650000,28.540001,33.820000,78.980003,136.669998,91.550003,1365448
2022-02-15,3.960000,92.070000,93.279999,242.919998,25.700001,446.100006,40.090000,32.520000,16.730000,3.630000,14.360000,14.390000,6.710000,28.790001,34.099998,77.989998,134.259995,89.680000,1517927
2022-02-16,4.190000,93.660004,94.809998,248.539993,24.290001,446.600006,41.689999,33.570000,17.170000,3.700000,14.840000,14.400000,6.810000,29.709999,34.680000,78.349998,134.300003,90.209999,1994707
2022-02-17,4.180000,91.760002,92.970001,245.630005,28.110001,437.059998,41.110001,32.970001,17.110001,3.580000,14.910000,14.050000,6.700000,29.430000,34.610001,78.230003,133.610001,91.160004,2038093
2022-02-18,4.050000,91.070000,93.540001,240.009995,27.750000,434.230011,40.209999,32.259998,17.240000,3.350000,14.530000,14.010000,6.470000,29.110001,33.869999,77.360001,133.419998,89.629997,1690743
2022-02-22,3.900000,92.349998,96.839996,236.729996,28.809999,429.570007,39.549999,31.459999,17.420000,3.320000,14.660000,14.280000,6.460000,28.600000,30.980000,76.459999,132.399994,87.830002,2077679
2022-02-23,3.930000,92.099998,96.839996,237.809998,31.020000,421.950012,39.740002,31.680000,17.160000,3.480000,14.630000,15.010000,6.360000,29.049999,30.100000,76.769997,135.550003,88.230003,2242558
2022-02-24,3.980000,92.809998,99.080002,236.949997,30.320000,428.299988,38.320000,31.469999,16.780001,3.360000,14.770000,14.770000,6.660000,28.719999,28.980000,75.800003,134.850006,87.730003,2945716
2022-02-25,3.880000,91.589996,97.930000,242.449997,27.590000,437.750000,39.450001,32.529999,16.930000,3.330000,14.140000,15.160000,6.800000,29.500000,27.750000,77.839996,140.380005,91.269997,1272619
2022-02-28,4.050000,95.720001,100.989998,248.149994,30.150000,436.630005,39.240002,33.529999,17.150000,3.540000,14.640000,14.810000,6.850000,29.379999,28.400000,78.419998,144.000000,94.860001,1852533
2022-03-01,3.980000,103.410004,104.970001,241.300003,33.320000,429.980011,37.669998,32.110001,16.219999,3.620000,14.030000,14.400000,6.490000,28.340000,28.090000,79.169998,149.720001,96.959999,2345491
2022-03-02,4.180000,110.599998,112.930000,252.789993,30.740000,437.890015,39.240002,32.930000,16.990000,3.760000,14.860000,14.820000,7.090000,30.389999,28.870001,80.529999,154.139999,98.040001,1711849
2022-03-03,4.240000,107.669998,110.459999,253.250000,30.480000,435.709991,38.520000,33.349998,17.040001,3.770000,15.000000,15.440000,7.210000,31.209999,30.650000,81.040001,156.220001,97.410004,1755178
2022-03-04,4.440000,115.680000,118.110001,261.369995,31.980000,432.170013,38.939999,34.130001,18.320000,4.240000,15.170000,16.500000,7.450000,33.220001,31.969999,84.089996,158.649994,100.269997,1922997
2022-03-07,4.950000,119.400002,123.209999,282.500000,36.450001,419.429993,42.099998,36.240002,21.190001,4.950000,16.700001,17.730000,7.660000,34.779999,33.130001,87.120003,162.039993,101.269997,4820750
2022-03-08,5.340000,123.699997,127.980003,291.179993,35.130001,416.250000,45.080002,36.759998,21.959999,5.020000,17.370001,18.240000,7.880000,34.799999,33.439999,87.779999,170.529999,98.800003,6404287
2022-03-09,5.180000,108.699997,111.139999,278.950012,32.450001,427.410004,42.560001,34.840000,21.139999,4.920000,16.059999,17.760000,7.460000,33.810001,33.779999,82.790001,166.270004,96.209999,3129154
2022-03-10,5.310000,106.019997,109.330002,291.630005,30.230000,425.480011,43.400002,37.950001,21.910000,4.960000,16.920000,18.840000,7.790000,36.740002,35.810001,85.360001,170.820007,99.720001,2354515
2022-03-11,5.070000,109.330002,112.669998,287.299988,30.750000,420.070007,42.900002,37.410000,21.150000,4.730000,16.469999,20.570000,7.470000,37.639999,35.669998,84.919998,170.899994,98.410004,2725305
2022-03-14,4.820000,103.010002,106.900002,274.160004,31.770000,417.000000,41.549999,36.360001,19.790001,4.140000,15.180000,21.160000,7.400000,36.980000,33.439999,81.879997,166.720001,96.550003,2647170
2022-03-15,4.620000,96.440002,99.910004,262.470001,29.830000,426.170013,39.259998,34.799999,19.320000,3.960000,14.700000,19.370001,7.080000,34.869999,31.830000,77.220001,158.279999,95.050003,1813670
2022-03-16,4.460000,95.040001,98.019997,257.299988,26.670000,435.619995,37.880001,34.000000,18.750000,3.880000,14.860000,19.370001,7.020000,33.650002,30.809999,76.930000,157.710007,94.820000,2259374
2022-03-17,4.680000,102.980003,106.639999,269.489990,25.670000,441.070007,39.509998,35.889999,19.360001,4.290000,15.750000,21.180000,7.390000,34.980000,30.500000,78.980003,160.440002,98.830002,1730955
2022-03-18,4.650000,104.699997,107.930000,269.380005,23.870001,444.519989,39.730000,36.040001,19.330000,4.260000,15.600000,20.480000,7.300000,35.290001,31.219999,78.669998,161.729996,99.599998,2559253
2022-03-21,4.780000,112.120003,115.620003,278.720001,23.530001,444.390015,41.189999,37.580002,19.770000,4.450000,16.219999,21.520000,7.650000,36.220001,32.599998,82.199997,164.639999,102.760002,1621556
2022-03-22,4.760000,111.760002,115.480003,277.399994,22.940001,449.589996,41.200001,37.090000,19.530001,4.430000,15.780000,20.600000,7.640000,36.540001,31.430000,81.839996,164.089996,101.769997,846183
2022-03-23,4.720000,114.930000,121.599998,282.089996,23.570000,443.799988,42.410000,38.070000,19.580000,4.520000,15.640000,21.809999,7.490000,37.590000,31.490000,83.129997,165.860001,104.370003,1182432
2022-03-24,4.750000,112.339996,119.029999,283.309998,21.670000,450.489990,42.639999,37.680000,19.540001,4.430000,15.630000,21.910000,7.650000,38.290001,32.380001,83.379997,166.300003,104.540001,971261
2022-03-25,5.020000,113.900002,120.650002,293.519989,20.809999,452.690002,43.680000,38.900002,19.950001,5.030000,16.219999,22.809999,7.870000,38.720001,33.310001,85.199997,169.309998,107.500000,1886067
2022-03-28,4.740000,105.959999,112.480003,281.089996,19.629999,455.910004,41.730000,37.320000,19.160000,4.670000,15.350000,21.040001,7.850000,37.000000,32.369999,82.809998,166.350006,103.500000,1838288
2022-03-29,4.880000,104.239998,110.230003,284.790009,18.900000,461.549988,42.630001,37.849998,19.660000,4.810000,15.300000,21.299999,7.900000,36.669998,32.580002,82.370003,164.320007,100.690002,2033595
2022-03-30,4.850000,107.820000,113.449997,285.769989,19.330000,458.700012,42.209999,38.520000,19.840000,4.770000,15.420000,21.870001,7.750000,37.349998,32.150002,83.779999,165.479996,101.099998,1535350
2022-03-31,4.780000,100.279999,107.910004,282.549988,20.559999,451.640015,41.310001,37.869999,19.610001,4.570000,15.160000,21.740000,7.750000,36.410000,33.299999,82.589996,162.830002,100.000000,2341055
2022-04-01,5.180000,99.269997,104.389999,288.609985,19.629999,452.920013,41.689999,38.580002,20.219999,4.640000,15.550000,22.200001,7.850000,36.419998,34.389999,83.120003,164.220001,100.580002,2619397
2022-04-04,5.150000,103.279999,107.529999,288.899994,18.570000,456.799988,41.549999,38.770000,20.139999,4.710000,15.540000,21.760000,7.710000,36.430000,35.049999,83.160004,164.369995,100.550003,1627651
2022-04-05,4.980000,101.959999,106.639999,279.619995,21.030001,451.029999,40.459999,37.529999,19.370001,4.560000,14.940000,21.750000,7.570000,35.520000,33.610001,82.730003,163.360001,98.050003,2162053
2022-04-06,4.920000,96.230003,101.070000,278.809998,22.100000,446.519989,40.779999,37.349998,19.270000,4.390000,14.810000,21.690001,7.540000,35.720001,34.340000,83.650002,164.809998,97.540001,1484886
2022-04-07,4.880000,96.029999,100.580002,280.720001,21.549999,448.769989,40.970001,37.750000,19.370001,4.320000,14.790000,21.420000,7.530000,36.119999,34.110001,85.050003,167.100006,99.959999,1230805
2022-04-08,5.000000,98.260002,102.779999,292.149994,21.160000,447.570007,42.549999,39.939999,20.370001,4.450000,15.180000,21.900000,7.860000,37.520000,34.639999,86.839996,169.929993,103.050003,1974178
2022-04-11,4.700000,94.290001,98.480003,284.070007,24.370001,439.920013,41.330002,39.060001,19.410000,4.220000,14.470000,20.559999,7.710000,36.470001,34.330002,83.849998,165.559998,97.980003,1593688
2022-04-12,4.910000,100.599998,104.639999,290.859985,24.260000,438.290009,41.529999,39.529999,19.600000,4.340000,14.930000,21.110001,7.960000,36.320000,36.919998,85.599998,169.009995,100.000000,1270312
2022-04-13,4.980000,104.250000,108.779999,297.679993,21.820000,443.309998,42.570000,40.189999,19.940001,4.520000,15.020000,22.040001,7.890000,37.220001,36.910000,86.809998,171.669998,100.230003,1404166
2022-04-14,5.160000,106.949997,111.699997,302.079987,22.700001,437.790009,43.250000,40.759998,20.559999,4.580000,15.110000,22.879999,8.000000,37.290001,38.400002,87.830002,171.589996,101.370003,1672430
2022-04-18,5.410000,108.209999,113.160004,308.480011,22.170000,437.970001,43.680000,41.639999,21.209999,4.710000,15.520000,23.660000,8.730000,37.430000,38.980000,88.550003,173.889999,103.470001,2482866
2022-04-19,5.260000,102.559998,107.250000,304.880005,21.370001,445.040009,43.430000,41.310001,20.360001,4.590000,15.350000,22.740000,8.750000,36.740002,38.770000,87.760002,171.830002,101.559998,1696321
2022-04-20,5.260000,102.750000,106.800003,300.640015,20.320000,444.709991,42.680000,39.599998,20.129999,4.480000,15.060000,23.070000,8.880000,35.330002,38.139999,87.959999,172.529999,102.669998,1242870
2022-04-21,5.010000,103.790001,108.330002,286.910004,22.680000,438.059998,40.650002,38.950001,19.450001,4.190000,14.050000,21.250000,8.320000,32.910000,36.740002,87.029999,164.580002,98.669998,1674577
2022-04-22,4.820000,102.070000,106.650002,280.339996,28.209999,426.040009,41.650002,37.689999,19.020000,4.000000,13.490000,20.080000,8.190000,32.200001,36.130001,85.129997,160.949997,96.010002,1412433
2022-04-25,4.590000,98.540001,102.320000,264.589996,27.020000,428.510010,38.689999,35.330002,18.379999,3.860000,12.810000,19.430000,7.730000,30.740000,35.119999,82.260002,157.490005,91.660004,2135042
2022-04-26,4.260000,101.699997,104.989998,264.670013,33.520000,416.100006,39.540001,35.119999,18.510000,3.830000,12.610000,19.600000,7.560000,31.350000,33.619999,82.290001,156.529999,91.320000,4136008
2022-04-27,4.240000,102.019997,105.320000,266.739990,31.600000,417.269989,39.950001,35.939999,18.530001,3.850000,12.630000,19.730000,7.590000,31.280001,33.240002,84.639999,156.240005,93.059998,1998920
2022-04-28,4.270000,105.360001,107.589996,273.130005,29.990000,427.809998,40.110001,36.720001,18.620001,4.000000,11.570000,20.520000,7.550000,31.969999,34.889999,87.199997,161.789993,97.550003,1415150
2022-04-29,4.110000,104.690002,109.339996,263.760010,33.400002,412.000000,39.009998,35.619999,18.129999,3.760000,11.330000,19.959999,6.920000,31.020000,32.279999,85.250000,156.669998,95.519997,1264444
2022-05-02,4.120000,105.169998,107.580002,263.809998,32.340000,414.480011,39.110001,35.959999,18.620001,3.720000,11.180000,20.010000,7.050000,30.910000,31.969999,86.410004,159.750000,95.919998,2162620
2022-05-03,4.200000,102.410004,104.970001,271.209991,29.250000,416.380005,40.150002,36.669998,18.639999,3.990000,11.360000,21.059999,7.340000,31.500000,33.119999,88.190002,162.490005,98.930000,1143698
2022-05-04,4.430000,107.809998,110.139999,283.850006,25.420000,429.059998,42.599998,38.080002,19.330000,4.310000,12.440000,21.990000,7.860000,32.840000,33.000000,91.699997,167.589996,103.860001,1445587
2022-05-05,4.360000,108.260002,110.900002,273.570007,31.200001,413.809998,42.080002,36.689999,18.790001,4.210000,12.300000,21.389999,7.600000,32.020000,32.790001,90.309998,166.259995,102.860001,1520366
2022-05-06,4.340000,109.769997,112.389999,276.799988,30.190001,411.339996,43.029999,37.349998,18.980000,4.120000,11.970000,21.549999,7.770000,32.130001,33.560001,91.690002,170.690002,107.690002,997941
2022-05-09,3.850000,103.089996,105.940002,247.190002,34.750000,398.170013,38.040001,33.360001,17.129999,3.520000,10.800000,19.770000,6.850000,30.049999,27.620001,84.459999,159.250000,97.199997,1644022
2022-05-10,3.860000,99.760002,102.459999,248.089996,32.990002,399.089996,37.889999,34.299999,17.049999,3.490000,10.610000,20.100000,6.900000,30.820000,27.500000,85.019997,160.779999,98.000000,1749325
2022-05-11,3.940000,105.709999,107.510002,251.550003,32.560001,392.750000,38.369999,34.689999,17.139999,3.530000,10.550000,20.340000,6.910000,32.490002,28.930000,86.790001,163.160004,99.040001,1464904
2022-05-12,3.910000,106.129997,107.449997,250.770004,31.770000,392.339996,39.029999,34.560001,17.070000,3.420000,10.350000,20.360001,6.990000,31.910000,29.219999,86.300003,164.710007,99.599998,1680690
2022-05-13,4.020000,110.489998,111.550003,262.420013,28.870001,401.720001,40.740002,36.099998,17.660000,3.760000,10.740000,21.280001,7.370000,34.110001,30.139999,88.860001,167.869995,102.910004,1163366
2022-05-16,4.170000,114.199997,114.239998,271.890015,27.469999,400.089996,42.139999,37.570000,18.350000,4.020000,10.940000,24.959999,7.600000,34.930000,31.110001,90.949997,173.009995,105.500000,1721260
2022-05-17,4.350000,112.400002,111.930000,276.690002,26.100000,408.320007,42.950001,37.880001,18.920000,4.100000,11.210000,26.650000,7.850000,35.160000,31.459999,92.110001,174.029999,107.019997,2420432
2022-05-18,4.250000,109.589996,109.110001,266.869995,30.959999,391.859985,41.130001,36.000000,18.420000,3.970000,10.900000,25.530001,7.500000,34.639999,29.760000,90.650002,168.059998,104.480003,1671211
2022-05-19,4.200000,112.209999,112.040001,266.540009,29.350000,389.459991,40.849998,36.060001,17.920000,3.990000,11.400000,26.170000,7.680000,34.970001,29.790001,91.139999,166.860001,104.610001,1444212
2022-05-20,4.220000,113.230003,112.550003,266.890015,29.430000,389.630005,41.119999,36.700001,18.030001,3.900000,11.290000,25.059999,7.580000,34.549999,29.760000,91.860001,167.820007,105.019997,1166521
2022-05-23,4.480000,110.290001,113.419998,280.440002,28.480000,396.920013,43.810001,38.330002,18.809999,4.100000,11.770000,25.850000,7.990000,35.709999,30.889999,93.889999,171.720001,109.019997,1628872
2022-05-24,4.490000,109.769997,113.559998,281.700012,29.450001,393.890015,43.900002,38.480000,19.120001,4.090000,11.700000,26.440001,8.020000,36.279999,31.559999,94.400002,172.639999,109.480003,1333860
2022-05-25,4.550000,110.330002,114.029999,286.920013,28.370001,397.369995,45.049999,38.779999,19.180000,4.140000,12.130000,26.809999,8.250000,35.720001,32.240002,96.300003,175.410004,111.199997,1006399
2022-05-26,4.530000,114.089996,117.400002,295.570007,27.500000,405.309998,46.689999,40.160000,19.780001,4.200000,12.470000,26.990000,8.640000,37.099998,33.540001,96.639999,176.589996,113.150002,976591
2022-05-27,4.640000,115.070000,119.430000,300.829987,25.719999,415.260010,48.209999,41.360001,20.120001,4.180000,12.570000,27.700001,8.560000,37.180000,34.889999,97.589996,178.279999,114.599998,1142605
2022-05-31,4.640000,114.669998,122.839996,293.459991,26.190001,412.929993,45.959999,40.500000,20.000000,4.120000,12.720000,25.450001,8.240000,35.980000,33.840000,96.000000,174.660004,112.360001,5186176
2022-06-01,4.820000,115.260002,116.290001,299.309998,25.690001,409.589996,46.680000,41.400002,20.280001,4.130000,12.990000,27.010000,8.490000,37.410000,34.200001,97.839996,176.320007,115.750000,1890779
2022-06-02,4.750000,116.870003,117.610001,296.329987,24.719999,417.390015,46.299999,41.040001,20.180000,4.130000,12.640000,27.200001,8.140000,36.910000,33.520000,97.669998,176.000000,114.959999,1742280
2022-06-03,4.510000,118.870003,119.720001,302.760010,24.790001,410.540009,47.470001,41.950001,21.010000,4.210000,12.720000,26.990000,8.150000,37.820000,33.599998,99.089996,177.600006,118.120003,1447106
2022-06-06,4.580000,118.500000,119.510002,303.869995,25.070000,411.790009,47.220001,41.320000,21.049999,4.230000,13.330000,26.580000,8.260000,37.680000,32.820000,98.839996,176.830002,117.379997,1076677
2022-06-07,4.750000,119.410004,120.570000,312.589996,24.020000,415.739990,48.930000,42.529999,21.620001,4.810000,13.280000,26.760000,8.440000,37.660000,34.180000,103.370003,180.199997,122.709999,1194995
2022-06-08,4.670000,122.110001,123.580002,310.869995,23.959999,411.220001,49.570000,42.970001,21.260000,4.810000,12.990000,26.600000,8.340000,37.490002,36.500000,104.589996,181.130005,121.860001,1367244
2022-06-09,4.500000,121.510002,123.070000,300.079987,26.090000,401.440002,48.139999,42.209999,20.570000,4.590000,12.400000,25.889999,8.120000,36.080002,35.419998,102.330002,177.520004,118.559998,960192
2022-06-10,4.300000,120.669998,122.010002,290.950012,27.750000,389.799988,47.209999,40.490002,20.000000,4.400000,12.010000,26.510000,7.810000,35.230000,34.230000,100.459999,175.399994,116.830002,2051424
2022-06-13,4.070000,120.930000,122.269997,271.070007,34.020000,375.000000,44.320000,37.529999,18.320000,4.060000,11.170000,24.139999,7.270000,33.299999,30.490000,95.849998,167.330002,111.760002,1823146
2022-06-14,3.840000,118.930000,121.169998,265.380005,32.689999,373.869995,43.220001,36.669998,18.100000,3.870000,10.890000,24.129999,7.070000,32.930000,30.150000,96.099998,167.550003,111.489998,2269723
2022-06-15,3.800000,115.309998,118.510002,259.940002,29.620001,379.200012,41.520000,35.610001,17.760000,3.900000,10.910000,23.990000,7.050000,31.740000,29.639999,94.889999,164.259995,109.330002,1777424
2022-06-16,3.600000,117.589996,119.809998,245.639999,32.950001,366.649994,38.480000,33.470001,17.270000,3.620000,10.330000,23.049999,6.900000,29.889999,27.820000,91.389999,155.479996,102.419998,2501920
2022-06-17,3.450000,109.559998,113.120003,235.160004,31.129999,365.859985,36.639999,31.690001,16.469999,3.520000,9.790000,21.700001,6.590000,29.969999,27.950001,86.120003,148.380005,93.739998,7788539
2022-06-21,3.490000,110.650002,114.650002,246.419998,30.190001,375.070007,38.820000,33.549999,17.110001,3.710000,10.190000,22.340000,6.980000,30.480000,26.559999,91.480003,154.589996,99.279999,2475384
2022-06-22,3.300000,106.190002,111.739998,233.809998,28.950001,374.390015,37.520000,32.090000,16.459999,3.470000,9.450000,20.750000,6.680000,29.520000,23.830000,87.860001,147.869995,93.059998,2690604
2022-06-23,3.080000,104.269997,110.050003,221.339996,29.049999,378.059998,34.980000,30.040001,15.600000,3.280000,8.830000,19.950001,6.420000,28.660000,22.360001,85.209999,142.429993,87.889999,4241941
2022-06-24,3.070000,107.620003,113.120003,228.800003,27.230000,390.079987,35.060001,30.950001,16.230000,3.490000,9.900000,21.830000,6.320000,28.469999,22.350000,86.900002,144.770004,90.910004,3229760
2022-06-27,3.420000,109.570000,115.089996,237.520004,26.950001,388.589996,35.889999,32.230000,16.690001,3.640000,10.510000,22.440001,6.650000,29.440001,23.280001,89.029999,147.570007,92.230003,3279613
2022-06-28,3.300000,111.760002,117.980003,242.619995,28.360001,380.649994,36.970001,33.189999,17.320000,3.660000,10.750000,22.879999,6.910000,30.070000,23.450001,91.500000,149.940002,95.220001,1898088
2022-06-29,3.140000,109.779999,116.260002,238.289993,28.160000,380.339996,36.180000,32.180000,17.049999,3.480000,10.680000,21.809999,7.000000,29.629999,23.090000,88.120003,146.979996,91.459999,2473860
2022-06-30,3.100000,105.760002,114.809998,232.600006,28.709999,377.250000,35.759998,31.360001,16.910000,3.330000,10.680000,21.090000,6.730000,28.870001,21.170000,85.639999,144.779999,89.809998,3457887
2022-07-01,3.140000,108.430000,111.629997,231.630005,26.700001,381.239990,35.650002,31.430000,16.900000,3.330000,10.770000,20.980000,6.640000,29.090000,21.450001,87.550003,146.509995,90.980003,1524120
2022-07-05,2.810000,99.500000,102.769997,214.289993,27.540001,381.959991,33.330002,28.889999,15.990000,3.160000,10.210000,19.250000,6.140000,28.200001,19.070000,84.809998,142.660004,84.639999,3236119
2022-07-06,2.750000,98.529999,100.690002,210.110001,26.730000,383.250000,32.730000,28.410000,15.960000,3.060000,10.160000,18.850000,6.070000,27.500000,18.360001,83.279999,140.779999,83.339996,5649680
2022-07-07,2.960000,102.730003,104.650002,221.589996,26.080000,388.989990,34.380001,29.889999,16.500000,3.220000,10.670000,20.010000,6.300000,28.469999,19.580000,85.940002,143.520004,86.349998,2656922
2022-07-08,2.950000,104.790001,107.019997,222.679993,24.639999,388.670013,34.320000,29.840000,16.590000,3.140000,10.740000,19.500000,6.360000,28.469999,19.740000,86.080002,142.770004,86.459999,1980997
2022-07-11,2.860000,104.089996,107.099998,217.449997,26.170000,384.230011,33.369999,29.360001,15.970000,2.930000,10.500000,19.219999,6.170000,28.200001,18.940001,85.639999,141.509995,85.550003,982552
2022-07-12,2.710000,95.839996,99.489998,209.639999,27.290001,380.829987,32.730000,28.600000,15.020000,2.750000,9.850000,18.730000,5.890000,27.490000,18.590000,84.500000,138.919998,83.449997,1474805
2022-07-13,2.700000,96.300003,99.570000,207.949997,26.820000,378.829987,32.290001,28.299999,14.740000,2.700000,10.000000,18.639999,5.820000,26.760000,18.139999,84.839996,137.990005,83.110001,1323906
2022-07-14,2.500000,95.779999,99.099998,201.039993,26.400000,377.910004,31.330000,27.340000,14.100000,2.410000,9.510000,18.030001,5.620000,26.340000,17.450001,83.139999,135.940002,81.610001,4176064
2022-07-15,2.570000,97.589996,101.160004,205.410004,24.230000,385.130005,32.299999,27.860001,14.200000,2.540000,9.570000,18.709999,5.940000,26.680000,17.920000,84.540001,137.649994,82.889999,2101755
2022-07-18,2.710000,102.599998,106.269997,213.789993,25.299999,381.950012,33.130001,28.850000,14.570000,2.670000,9.840000,18.830000,6.130000,27.160000,18.420000,86.099998,139.580002,85.070000,1699453
2022-07-19,2.880000,104.220001,107.349998,221.639999,24.500000,392.269989,34.220001,29.459999,15.100000,2.880000,10.220000,19.049999,6.430000,28.219999,19.350000,88.269997,144.610001,88.480003,2177106
2022-07-20,2.880000,102.260002,106.919998,219.889999,23.879999,394.769989,34.139999,29.260000,15.140000,2.900000,10.240000,19.040001,6.330000,25.889999,19.240000,89.239998,146.520004,90.709999,1745144
2022-07-21,2.650000,96.349998,103.860001,211.250000,23.110001,398.790009,33.630001,28.139999,14.880000,2.680000,9.790000,18.870001,6.120000,24.920000,18.225000,87.750000,145.399994,88.930000,2066802
2022-07-22,2.610000,94.699997,103.199997,211.050003,23.030001,395.089996,35.070000,27.459999,14.780000,2.590000,9.810000,18.600000,6.220000,24.080000,17.780001,87.080002,144.190002,88.129997,1760534
2022-07-25,2.850000,96.699997,105.150002,221.669998,23.360001,395.570007,36.169998,28.420000,15.470000,2.800000,10.580000,20.990000,6.480000,24.400000,18.870001,89.980003,148.479996,92.050003,2702338
2022-07-26,3.180000,94.980003,104.400002,219.970001,24.690001,390.890015,35.599998,28.040001,15.230000,2.770000,10.480000,20.320000,6.370000,24.299999,18.910000,89.629997,147.320007,91.089996,5034873
2022-07-27,3.610000,97.260002,106.620003,230.800003,23.240000,401.040009,36.330002,28.889999,15.680000,3.040000,11.270000,21.040001,6.660000,25.059999,20.200001,91.570000,149.259995,93.269997,6848539
2022-07-28,3.860000,96.419998,107.139999,230.679993,22.330000,406.070007,35.709999,28.639999,16.920000,3.010000,10.030000,21.309999,7.330000,24.980000,21.750000,92.639999,150.389999,94.059998,4834147
2022-07-29,4.040000,98.620003,110.010002,241.720001,21.330000,411.989990,37.029999,29.299999,18.610001,3.380000,10.620000,22.030001,8.090000,25.690001,23.129999,96.930000,163.779999,97.430000,2674258
2022-08-01,3.940000,93.889999,100.029999,235.190002,22.840000,410.769989,36.400002,28.190001,18.030001,3.220000,10.250000,22.250000,8.100000,24.660000,23.250000,94.480003,160.509995,95.099998,2918818
2022-08-02,4.060000,94.419998,100.540001,237.990005,23.930000,408.059998,36.689999,28.600000,18.080000,3.740000,9.810000,22.389999,8.250000,25.420000,23.559999,94.070000,159.139999,94.709999,2173289
2022-08-03,3.970000,90.660004,96.779999,231.889999,21.950001,414.450012,35.540001,28.430000,17.940001,3.580000,9.170000,21.770000,8.200000,25.230000,23.020000,91.019997,155.360001,91.320000,1744176
2022-08-04,3.800000,88.540001,94.120003,219.570007,21.440001,414.170013,33.950001,27.270000,17.309999,3.350000,8.650000,20.889999,7.970000,23.709999,21.840000,87.190002,151.139999,89.879997,2474928
2022-08-05,3.990000,89.010002,94.919998,225.199997,21.150000,413.470001,34.660000,27.790001,17.290001,3.440000,8.740000,20.730000,8.310000,24.059999,22.000000,88.449997,153.639999,92.849998,1923051
2022-08-08,3.960000,90.760002,96.650002,226.259995,21.290001,412.989990,34.650002,28.000000,17.370001,3.450000,9.050000,20.459999,8.290000,24.270000,21.879999,88.949997,153.410004,93.629997,1475509
2022-08-09,3.980000,90.500000,96.309998,228.710007,21.770000,411.350006,34.990002,28.309999,17.580000,3.480000,9.140000,20.430000,8.340000,23.850000,22.219999,90.589996,155.410004,95.510002,1250408
2022-08-10,4.010000,91.930000,97.400002,230.089996,19.740000,419.989990,34.919998,28.410000,17.770000,3.540000,9.170000,19.209999,8.510000,24.350000,22.520000,91.449997,155.820007,95.980003,1576404
2022-08-11,4.110000,94.339996,99.599998,239.440002,20.200001,419.989990,36.889999,29.570000,18.430000,3.580000,9.330000,20.280001,8.760000,25.280001,23.540001,93.190002,159.619995,100.360001,1236014
2022-08-12,4.230000,92.089996,98.150002,242.820007,19.530001,427.100006,37.139999,29.549999,18.620001,3.620000,9.640000,20.580000,9.080000,26.010000,24.680000,94.000000,159.850006,102.750000,928375
2022-08-15,4.110000,89.410004,95.099998,233.039993,19.950001,428.859985,35.759998,28.469999,17.920000,3.460000,9.210000,20.010000,8.690000,25.299999,23.070000,92.320000,156.809998,100.769997,1194252
2022-08-16,3.950000,86.529999,92.339996,229.619995,19.690001,429.700012,35.580002,28.209999,17.510000,3.410000,8.980000,19.910000,8.420000,25.059999,23.340000,91.459999,156.410004,100.099998,2408157
2022-08-17,3.940000,88.110001,93.650002,230.389999,19.900000,426.649994,35.400002,28.200001,17.549999,3.510000,8.970000,20.370001,8.380000,24.750000,24.200001,92.199997,157.699997,101.360001,792569
2022-08-18,4.180000,90.500000,96.589996,241.149994,19.559999,427.890015,37.130001,29.830000,17.860001,3.820000,9.350000,21.570000,8.510000,24.990000,26.170000,94.379997,159.020004,104.879997,967647
2022-08-19,4.100000,90.769997,96.720001,237.649994,20.600000,422.140015,37.119999,29.389999,17.910000,3.640000,9.160000,21.100000,8.470000,25.160000,25.059999,94.080002,157.690002,105.139999,922320
2022-08-22,4.050000,90.230003,96.480003,236.229996,23.799999,413.350006,36.919998,29.190001,17.580000,3.590000,8.960000,21.059999,8.250000,25.270000,25.120001,94.010002,156.899994,105.239998,1282875
2022-08-23,4.270000,93.739998,100.220001,248.130005,24.110001,412.350006,39.360001,31.219999,18.350000,3.660000,9.400000,21.990000,8.550000,26.100000,26.559999,98.000000,161.990005,108.449997,1553138
2022-08-24,4.370000,94.889999,101.220001,253.539993,22.820000,413.670013,39.910000,31.660000,18.809999,3.710000,9.710000,22.030001,8.670000,26.469999,27.290001,98.580002,163.190002,110.519997,1269573
2022-08-25,4.490000,92.519997,99.339996,255.970001,21.780001,419.510010,40.169998,31.870001,18.969999,3.750000,9.860000,22.209999,8.720000,26.650000,27.480000,99.089996,164.619995,112.080002,1503166
2022-08-26,4.390000,93.059998,100.989998,249.839996,25.559999,405.309998,39.419998,31.100000,18.660000,3.710000,9.320000,21.820000,8.580000,26.129999,27.600000,97.870003,163.410004,112.120003,1432474
2022-08-29,4.580000,97.010002,105.089996,254.100006,26.209999,402.630005,40.380001,31.900000,18.830000,3.750000,9.450000,22.389999,8.660000,26.230000,28.690001,100.120003,164.630005,113.419998,1382324
2022-08-30,4.370000,91.639999,99.309998,242.220001,26.209999,398.209991,38.680000,30.350000,17.990000,3.630000,8.950000,21.260000,8.330000,25.049999,27.580000,96.309998,160.619995,110.500000,2423143
2022-08-31,4.320000,89.550003,96.489998,239.669998,25.870001,395.179993,38.150002,30.129999,17.670000,3.620000,8.850000,22.160000,8.180000,25.260000,28.139999,95.589996,158.059998,109.449997,4727777
2022-09-01,4.160000,86.610001,92.360001,230.750000,25.559999,396.420013,36.849998,28.940001,17.059999,3.400000,8.830000,22.309999,8.030000,24.600000,27.330000,93.870003,155.539993,107.529999,1821712
2022-09-02,4.440000,86.870003,93.019997,240.899994,25.469999,392.239990,38.070000,30.010000,17.719999,3.560000,9.380000,23.379999,8.330000,25.280001,29.500000,95.589996,157.850006,110.260002,1416157
2022-09-06,4.250000,86.879997,92.830002,237.539993,26.910000,390.760010,37.360001,29.520000,17.290001,3.560000,9.170000,23.660000,8.390000,24.889999,28.340000,94.949997,157.119995,108.629997,1448281
2022-09-07,4.240000,81.940002,88.000000,234.250000,24.639999,397.779999,37.060001,28.680000,17.280001,3.560000,8.980000,23.750000,8.490000,24.350000,28.410000,94.139999,155.110001,106.760002,1693449
2022-09-08,4.160000,83.540001,89.150002,235.240005,23.610001,400.380005,38.169998,28.410000,17.010000,3.600000,8.860000,23.670000,8.620000,23.889999,29.590000,94.910004,155.949997,108.320000,1437580
2022-09-09,4.400000,86.790001,92.839996,246.610001,22.790001,406.600006,39.650002,29.660000,17.520000,3.750000,9.860000,24.430000,9.040000,25.250000,31.040001,96.500000,159.970001,111.970001,1493255
2022-09-12,4.410000,87.779999,94.000000,250.240005,23.870001,410.970001,40.150002,30.280001,17.790001,3.910000,9.830000,24.430000,9.070000,25.459999,31.950001,97.610001,162.500000,114.389999,1590188
2022-09-13,4.320000,87.309998,93.169998,239.880005,27.270000,393.100006,38.470001,29.150000,17.110001,3.650000,9.200000,24.490000,8.820000,24.540001,32.570000,95.330002,159.410004,112.330002,1964482
2022-09-14,4.610000,88.480003,94.099998,248.570007,26.160000,394.600006,40.240002,30.400000,17.950001,3.410000,9.770000,25.680000,9.230000,25.389999,33.029999,97.669998,163.270004,117.709999,1587940
2022-09-15,4.540000,85.099998,90.839996,242.059998,26.270000,390.119995,39.630001,29.400000,17.590000,3.230000,9.520000,25.590000,9.280000,24.330000,33.740002,94.830002,160.619995,115.559998,2242174
2022-09-16,4.500000,85.110001,91.349998,233.880005,26.299999,385.559998,38.369999,28.190001,17.120001,3.030000,9.340000,23.559999,9.040000,23.799999,32.230000,93.209999,156.449997,113.129997,3981900
2022-09-19,4.480000,85.730003,92.000000,235.649994,25.760000,388.549988,38.970001,28.370001,17.150000,2.940000,9.190000,24.260000,9.320000,24.180000,32.020000,93.199997,156.899994,112.870003,1301575
2022-09-20,4.380000,84.449997,90.620003,229.179993,27.160000,384.089996,38.500000,27.620001,16.650000,2.730000,8.650000,22.980000,9.160000,23.000000,31.610001,92.440002,156.279999,112.070000,1325533
2022-09-21,4.260000,82.940002,89.830002,224.740005,27.990000,377.390015,37.580002,27.080000,16.440001,2.680000,8.390000,22.480000,9.040000,23.020000,30.150000,90.949997,155.009995,111.089996,1613379
2022-09-22,4.220000,83.489998,90.459999,223.410004,27.350000,374.220001,38.230000,26.920000,16.600000,2.550000,8.310000,22.480000,8.960000,22.969999,31.379999,90.570000,154.889999,110.059998,1568725
2022-09-23,3.730000,78.739998,86.150002,203.970001,29.920000,367.950012,35.000000,24.580000,15.180000,2.360000,7.630000,21.410000,8.350000,21.730000,28.850000,85.750000,144.770004,100.589996,2491056
2022-09-26,3.720000,76.709999,84.059998,198.759995,32.259998,364.309998,33.860001,23.309999,14.680000,2.390000,7.300000,20.049999,8.060000,20.450001,28.410000,83.980003,140.960007,99.199997,2078198
2022-09-27,3.660000,78.500000,86.269997,202.820007,32.599998,363.380005,33.980000,23.760000,14.850000,2.480000,7.710000,21.299999,8.430000,20.760000,29.510000,85.739998,141.020004,98.760002,1861379
2022-09-28,3.990000,82.150002,89.320000,212.240005,30.180000,370.529999,35.439999,24.740000,15.210000,2.730000,7.880000,21.850000,8.480000,21.280001,30.930000,88.860001,145.779999,103.000000,2340558
2022-09-29,3.930000,81.230003,88.489998,212.119995,31.840000,362.790009,35.970001,24.639999,15.740000,2.480000,8.100000,22.000000,8.430000,21.120001,31.910000,88.680000,144.770004,103.660004,1324880
2022-09-30,3.860000,79.489998,87.959999,211.210007,31.620001,357.179993,35.900002,24.620001,16.180000,2.470000,7.960000,21.700001,8.460000,20.959999,32.290001,87.309998,143.669998,102.339996,1123330
2022-10-03,4.120000,83.629997,88.860001,226.279999,30.100000,366.609985,38.299999,26.379999,17.150000,2.670000,8.990000,22.879999,8.930000,22.280001,33.720001,91.919998,151.729996,109.970001,1524679
2022-10-04,4.350000,86.519997,91.800003,235.000000,29.070000,377.970001,39.119999,28.120001,17.559999,2.900000,9.440000,23.990000,9.090000,23.190001,34.029999,95.269997,157.630005,115.620003,1589633
2022-10-05,4.390000,87.760002,93.370003,245.380005,28.549999,377.089996,41.570000,29.240000,18.440001,3.000000,9.590000,24.240000,9.260000,23.709999,34.529999,99.120003,158.529999,115.930000,1646369
2022-10-06,4.500000,88.449997,94.419998,248.720001,30.520000,373.200012,42.490002,29.809999,18.969999,3.200000,9.580000,24.670000,9.670000,23.740000,34.990002,102.059998,161.419998,117.650002,1200881
2022-10-07,4.500000,92.639999,97.919998,247.289993,31.360001,362.790009,42.590000,30.410000,18.480000,3.090000,9.330000,24.860001,9.420000,22.879999,34.680000,101.029999,160.029999,118.510002,959983
2022-10-10,4.350000,91.129997,96.190002,241.289993,32.450001,360.019989,42.130001,29.549999,18.000000,3.000000,8.900000,23.709999,9.200000,22.370001,33.590000,98.839996,157.139999,116.800003,1449616
2022-10-11,4.310000,89.349998,94.290001,239.220001,33.630001,357.739990,41.759998,29.559999,17.889999,2.940000,8.730000,23.360001,9.330000,22.250000,33.360001,98.000000,157.169998,115.580002,1737598
2022-10-12,4.390000,87.269997,92.449997,238.759995,33.570000,356.559998,42.020000,29.799999,17.889999,2.860000,8.570000,23.309999,9.250000,22.639999,33.070000,98.430000,157.639999,116.300003,2235973
2022-10-13,4.460000,89.110001,94.570000,251.580002,31.940001,365.970001,44.189999,31.110001,18.740000,2.950000,9.000000,24.200001,9.890000,23.879999,33.439999,101.870003,165.279999,122.739998,1306707
2022-10-14,4.300000,85.610001,91.629997,239.990005,32.020000,357.630005,42.160000,29.410000,17.879999,2.910000,8.800000,24.080000,9.360000,22.910000,32.709999,99.190002,160.139999,117.959999,1321683
2022-10-17,4.370000,85.459999,91.620003,246.380005,31.370001,366.820007,42.860001,29.990000,18.030001,3.090000,9.000000,25.570000,9.460000,23.930000,32.689999,100.620003,161.309998,118.360001,1247844
2022-10-18,4.440000,82.820000,90.029999,250.070007,30.500000,371.130005,43.360001,30.459999,18.080000,3.120000,9.030000,25.309999,9.500000,24.180000,33.209999,100.800003,162.720001,117.889999,757944
2022-10-19,4.570000,85.550003,92.410004,261.670013,30.760000,368.500000,45.470001,31.959999,19.580000,3.370000,9.640000,26.799999,9.930000,25.650000,34.099998,103.790001,168.000000,121.110001,1507825
2022-10-20,4.680000,85.980003,92.379997,264.000000,29.980000,365.410004,45.689999,31.660000,19.990000,3.400000,9.620000,27.799999,10.370000,25.950001,33.730000,103.930000,168.960007,121.809998,1741747
2022-10-21,4.740000,85.050003,93.500000,277.279999,29.690001,374.290009,50.410000,33.880001,21.660000,3.590000,10.150000,29.370001,10.800000,26.670000,36.349998,105.860001,173.190002,124.489998,1590857
2022-10-24,4.800000,84.580002,93.260002,281.880005,29.850000,378.869995,52.150002,34.580002,22.049999,3.510000,10.470000,30.120001,10.610000,26.129999,37.750000,106.599998,173.130005,125.139999,1755502
2022-10-25,5.180000,85.320000,93.519997,283.059998,28.459999,384.920013,52.470001,34.980000,22.290001,3.560000,10.680000,31.010000,10.680000,26.100000,37.349998,105.879997,174.929993,123.940002,3605738
2022-10-26,6.160000,87.910004,95.690002,293.660004,27.280001,382.019989,52.180000,36.480000,22.440001,3.710000,11.230000,32.520000,10.920000,26.430000,40.430000,107.139999,177.089996,126.570000,9268554
2022-10-27,6.330000,89.080002,96.959999,292.489990,27.389999,379.980011,51.680000,36.270000,22.620001,3.640000,13.080000,33.029999,10.410000,27.030001,39.990002,107.550003,177.899994,126.639999,5028617
2022-10-28,6.500000,87.900002,95.769997,289.970001,25.750000,389.019989,50.450001,35.950001,21.580000,3.620000,13.300000,32.820000,10.180000,27.240000,41.200001,110.699997,179.979996,127.169998,3557265
2022-10-31,7.000000,86.529999,94.830002,298.700012,25.879999,386.209991,52.029999,36.419998,22.400000,3.680000,13.990000,33.900002,10.590000,27.660000,41.680000,110.809998,180.899994,126.089996,5062767
2022-11-01,6.940000,88.370003,94.650002,298.119995,25.809999,384.519989,51.549999,36.500000,22.500000,3.660000,13.600000,31.900000,10.680000,28.500000,41.529999,111.910004,182.220001,127.779999,2894339
2022-11-02,6.770000,90.000000,96.160004,291.920013,25.860001,374.869995,51.139999,35.790001,21.840000,3.610000,13.000000,32.189999,10.510000,27.590000,40.610001,109.610001,178.500000,126.510002,2209014
2022-11-03,6.750000,88.169998,94.669998,300.630005,25.299999,371.010010,51.799999,36.860001,22.820000,4.160000,13.410000,33.099998,11.440000,28.290001,42.240002,111.099998,181.130005,133.820007,1635442
2022-11-04,6.840000,92.610001,98.570000,307.149994,24.549999,376.350006,53.099998,38.480000,23.219999,4.060000,13.700000,33.439999,11.660000,29.110001,42.750000,112.309998,183.419998,132.320007,1573506
2022-11-07,7.000000,91.790001,97.919998,317.799988,24.350000,379.950012,54.810001,39.540001,23.940001,4.260000,14.220000,34.779999,12.150000,30.620001,43.980000,113.639999,185.610001,134.940002,2636344
2022-11-08,6.850000,88.910004,95.360001,317.760010,25.540001,382.000000,54.689999,39.369999,23.719999,4.190000,14.660000,33.320000,12.210000,30.940001,43.360001,114.000000,185.339996,134.440002,2044046
2022-11-09,6.580000,85.830002,92.650002,301.480011,26.090000,374.130005,53.070000,36.810001,22.530001,3.850000,13.830000,31.040001,11.540000,29.510000,40.950001,108.900002,177.929993,125.260002,1664538
2022-11-10,6.740000,86.470001,93.669998,308.279999,23.530001,394.690002,53.099998,37.810001,22.889999,3.990000,14.140000,31.709999,11.630000,30.580000,42.230000,110.500000,181.300003,129.460007,1362460
2022-11-11,6.860000,88.959999,95.989998,318.450012,22.520000,398.510010,54.820000,38.740002,23.570000,4.420000,14.830000,32.669998,11.820000,31.020000,42.169998,113.949997,186.460007,133.960007,1287773
2022-11-14,6.730000,85.870003,93.139999,312.679993,23.730000,395.119995,54.070000,38.049999,23.200001,4.430000,14.310000,32.320000,11.700000,30.250000,42.119999,113.370003,186.550003,133.029999,1728983
2022-11-15,6.810000,86.919998,93.860001,319.019989,24.540001,398.489990,54.669998,38.910000,23.670000,4.450000,14.770000,32.380001,12.350000,30.889999,43.040001,114.129997,188.050003,134.089996,1342947
2022-11-16,6.670000,85.589996,92.860001,312.279999,24.110001,395.450012,52.990002,37.849998,23.129999,4.280000,14.820000,31.840000,12.330000,30.230000,42.650002,112.910004,184.990005,129.240005,1241012
2022-11-17,6.790000,81.639999,89.779999,311.000000,23.930000,394.239990,52.830002,37.470001,22.980000,4.220000,15.280000,31.400000,12.390000,29.830000,43.060001,113.059998,184.089996,131.190002,1391178
2022-11-18,6.660000,80.080002,87.620003,308.410004,23.120001,396.029999,53.439999,36.709999,22.650000,4.140000,15.060000,30.320000,11.960000,29.129999,43.000000,112.080002,182.990005,128.589996,812938
2022-11-21,6.380000,79.730003,87.449997,300.600006,22.360001,394.589996,52.270000,36.130001,22.270000,4.000000,14.610000,29.850000,11.800000,28.719999,41.840000,110.970001,181.240005,125.489998,2677353
2022-11-22,6.530000,80.949997,88.360001,309.970001,21.290001,399.899994,53.639999,37.450001,22.950001,4.090000,14.860000,30.790001,12.270000,29.490000,43.040001,114.180000,185.889999,129.979996,1095630
2022-11-23,6.290000,77.940002,85.410004,302.130005,20.350000,402.420013,51.419998,36.560001,22.459999,4.070000,14.730000,30.200001,12.130000,28.830000,42.549999,113.610001,184.240005,126.739998,1355015
2022-11-25,6.260000,76.279999,83.629997,299.059998,20.500000,402.329987,50.830002,36.360001,22.219999,4.060000,14.850000,30.240000,12.100000,28.500000,43.169998,113.209999,183.699997,126.809998,793782
2022-11-28,6.120000,77.239998,83.190002,292.380005,22.209999,395.910004,49.880001,35.880001,21.780001,3.880000,14.400000,29.070000,12.080000,28.190001,42.820000,109.809998,178.360001,123.839996,1409050
2022-11-29,6.300000,78.199997,83.029999,299.179993,21.889999,395.230011,51.049999,37.160000,22.139999,4.060000,14.700000,30.670000,12.070000,28.650000,43.250000,110.540001,181.029999,124.250000,2254106
2022-11-30,6.380000,80.550003,85.430000,304.149994,20.580000,407.679993,51.549999,37.889999,22.459999,4.250000,15.190000,30.400000,12.400000,29.020000,43.400002,111.339996,183.309998,123.510002,1723730
2022-12-01,6.420000,81.220001,86.879997,302.799988,19.840000,407.380005,51.759998,37.889999,22.250000,4.070000,15.280000,30.780001,12.450000,29.260000,43.490002,110.800003,182.490005,123.059998,950361
2022-12-02,6.540000,79.980003,85.570000,308.269989,19.059999,406.910004,52.790001,38.869999,22.549999,4.190000,15.450000,32.380001,12.890000,29.510000,42.990002,109.860001,181.029999,122.180000,843203
2022-12-05,6.180000,76.930000,82.680000,293.309998,20.750000,399.589996,51.380001,36.820000,21.290001,3.970000,14.950000,31.809999,12.030000,28.719999,41.500000,106.849998,176.559998,119.370003,1402283
2022-12-06,6.200000,74.250000,79.349998,289.980011,22.170000,393.829987,50.880001,36.200001,20.980000,3.860000,14.710000,31.580000,11.910000,28.379999,41.680000,103.879997,172.009995,115.610001,1450140
2022-12-07,5.970000,72.010002,77.169998,282.529999,22.680000,393.160004,49.799999,35.049999,20.330000,3.670000,14.400000,30.790001,11.430000,27.879999,41.950001,103.650002,172.520004,114.879997,1206131
2022-12-08,6.020000,71.459999,76.150002,283.429993,22.290001,396.239990,49.919998,34.869999,20.309999,3.840000,14.240000,30.790001,11.650000,28.080000,42.990002,104.419998,173.539993,112.599998,1165504
2022-12-09,5.790000,71.019997,76.099998,270.880005,22.830000,393.279999,46.970001,33.009998,19.260000,3.730000,13.430000,29.400000,11.150000,27.110001,41.320000,103.540001,168.000000,110.019997,1455696
2022-12-12,6.040000,73.169998,77.989998,282.579987,25.000000,398.950012,49.099998,34.299999,19.990000,3.910000,13.800000,31.059999,11.440000,28.150000,41.360001,106.089996,169.750000,111.779999,1639056
2022-12-13,6.220000,75.389999,80.680000,294.410004,22.549999,401.970001,51.049999,37.000000,20.650000,4.120000,14.830000,32.150002,11.730000,29.260000,43.290001,107.250000,173.529999,113.410004,1565119
2022-12-14,6.370000,77.279999,82.699997,292.700012,21.139999,399.399994,50.430000,36.549999,20.250000,4.370000,14.860000,32.610001,11.590000,28.980000,43.580002,106.459999,172.330002,112.870003,1508374
2022-12-15,6.200000,76.110001,81.209999,290.619995,22.830000,389.630005,50.110001,36.689999,20.299999,4.240000,14.830000,32.270000,11.610000,29.040001,44.000000,105.440002,171.039993,112.550003,1295555
2022-12-16,6.240000,74.290001,79.040001,285.929993,22.620001,383.269989,49.380001,35.849998,19.850000,4.280000,14.480000,31.059999,11.490000,28.370001,45.099998,104.699997,168.720001,110.440002,3726969
2022-12-19,6.170000,75.190002,79.800003,283.190002,22.420000,380.019989,49.830002,36.060001,19.590000,4.170000,14.640000,32.369999,11.520000,28.260000,46.180000,105.169998,169.880005,110.440002,1329723
2022-12-20,6.680000,76.089996,79.989998,293.329987,21.480000,380.540009,51.759998,37.419998,20.110001,4.450000,15.300000,33.840000,11.790000,28.920000,47.500000,106.690002,172.669998,112.650002,2026299
2022-12-21,6.780000,78.290001,82.199997,299.799988,20.070000,386.230011,53.310001,38.630001,20.480000,4.590000,16.219999,33.939999,12.060000,29.350000,49.230000,108.059998,174.699997,116.279999,1695405
2022-12-22,6.660000,77.489998,80.980003,291.029999,21.969999,380.720001,51.389999,37.540001,19.980000,4.470000,15.950000,32.720001,11.840000,28.360001,48.520000,105.879997,172.080002,112.900002,1152267
2022-12-23,7.080000,79.559998,83.919998,302.029999,20.870001,382.910004,52.990002,39.090000,20.719999,4.670000,16.809999,34.889999,12.120000,29.100000,50.150002,108.680000,177.399994,117.050003,1487624
2022-12-27,7.410000,79.529999,84.330002,303.809998,21.650000,381.399994,53.500000,39.270000,20.830000,4.730000,17.410000,33.639999,12.070000,29.370001,50.790001,110.190002,179.630005,118.470001,2556318
2022-12-28,6.970000,78.959999,83.260002,294.190002,22.139999,376.660004,52.599998,38.080002,20.129999,4.550000,16.580000,34.330002,11.880000,28.549999,49.660000,108.379997,176.979996,115.309998,1653454
2022-12-29,7.320000,78.400002,82.260002,301.880005,21.440001,383.440002,52.910000,38.869999,20.690001,4.560000,17.450001,36.150002,12.060000,29.180000,49.950001,109.199997,178.320007,116.389999,1616363
2022-12-30,7.380000,80.260002,85.910004,304.049988,21.670000,382.429993,53.459999,39.349998,20.889999,4.560000,17.490000,36.849998,12.190000,29.530001,50.919998,110.300003,179.490005,118.000000,2496743
2023-01-03,7.010000,76.930000,82.099998,289.589996,22.900000,380.820007,51.500000,37.660000,19.850000,4.320000,16.900000,34.360001,11.550000,28.750000,48.400002,106.510002,173.990005,113.120003,1623679
2023-01-04,6.950000,72.839996,77.839996,290.660004,22.010000,383.760010,51.700001,38.430000,20.160000,4.270000,16.870001,34.020000,11.590000,27.889999,47.389999,106.820000,172.139999,113.339996,2113391
2023-01-05,7.160000,73.669998,78.690002,296.140015,22.459999,379.380005,52.669998,38.950001,20.490000,4.600000,17.230000,34.160000,11.820000,28.799999,49.270000,109.209999,175.240005,116.769997,1455069
2023-01-06,7.260000,73.769997,78.570000,305.579987,21.129999,388.079987,54.500000,40.209999,21.750000,4.900000,17.309999,35.799999,12.440000,29.959999,49.889999,110.529999,176.559998,118.230003,1483717
2023-01-09,7.450000,74.629997,79.650002,312.230011,21.969999,387.859985,55.639999,40.439999,22.870001,5.240000,17.160000,37.279999,12.380000,30.540001,51.110001,108.470001,175.179993,117.360001,1533821
2023-01-10,7.690000,75.120003,80.099998,318.059998,20.580000,390.579987,55.959999,40.939999,22.840000,5.390000,18.190001,37.950001,12.440000,30.870001,51.939999,110.089996,176.039993,118.080002,3196018
2023-01-11,7.670000,77.410004,82.669998,317.739990,21.090000,395.519989,56.320000,40.990002,22.730000,5.420000,18.420000,37.520000,12.470000,30.830000,52.500000,111.370003,175.199997,118.239998,1343010
2023-01-12,7.900000,78.389999,84.029999,325.619995,18.830000,396.959991,58.000000,42.169998,23.020000,5.450000,19.129999,38.169998,12.860000,31.500000,54.639999,113.220001,177.080002,120.160004,2328939
2023-01-13,7.930000,79.860001,85.279999,327.940002,18.350000,398.500000,58.279999,42.660000,23.280001,5.660000,19.080000,39.049999,12.880000,31.629999,54.410000,113.150002,177.559998,121.470001,1556320
2023-01-17,8.040000,80.180000,85.919998,330.089996,19.360001,397.769989,58.459999,42.529999,23.570000,6.070000,20.010000,41.000000,12.930000,31.480000,55.040001,112.930000,180.490005,120.239998,1772866
2023-01-18,7.580000,79.480003,84.980003,316.640015,20.340000,391.489990,57.130001,40.599998,22.799999,5.730000,18.350000,40.509998,12.420000,30.690001,53.590000,110.610001,177.229996,118.550003,1449071
2023-01-19,7.670000,80.330002,86.160004,315.899994,20.520000,388.640015,57.380001,40.189999,22.510000,5.710000,18.570000,41.000000,12.580000,30.490000,55.189999,111.320000,179.000000,119.639999,1013386
2023-01-20,7.700000,81.309998,87.629997,320.510010,19.850000,395.880005,57.349998,40.689999,23.110001,6.010000,18.799999,42.520000,13.030000,31.070000,56.040001,113.349998,180.899994,121.800003,1105969
2023-01-23,7.660000,81.620003,88.190002,318.579987,19.809999,400.630005,55.860001,40.570000,22.809999,6.230000,19.080000,42.599998,13.130000,30.590000,55.939999,112.760002,180.660004,120.129997,1071852
2023-01-24,7.580000,80.129997,86.129997,316.769989,19.200001,400.200012,55.470001,39.840000,23.400000,6.240000,19.040001,42.490002,13.180000,30.150000,55.310001,113.809998,180.830002,118.809998,905077
2023-01-25,7.890000,80.150002,86.120003,324.850006,19.080000,400.350006,56.250000,40.029999,24.340000,6.420000,19.799999,43.330002,13.610000,31.000000,57.119999,113.209999,179.080002,120.370003,1583948
2023-01-26,8.020000,81.010002,87.470001,329.489990,18.730000,404.750000,57.470001,41.000000,24.799999,6.660000,20.490000,43.000000,13.910000,31.799999,57.110001,117.760002,187.789993,124.650002,1839155
2023-01-27,7.780000,79.680000,86.660004,325.940002,18.510000,405.679993,56.970001,40.520000,23.950001,6.630000,20.930000,43.250000,13.750000,31.299999,55.730000,115.610001,179.449997,123.610001,1631025
2023-01-30,7.810000,77.900002,84.900002,323.170013,19.940001,400.589996,56.340000,40.340000,23.740000,6.490000,20.740000,42.419998,13.630000,31.020000,55.060001,113.559998,174.199997,120.529999,958870
2023-01-31,7.930000,78.870003,84.489998,330.049988,19.400000,406.480011,56.980000,41.220001,24.440001,6.740000,21.350000,43.400002,13.890000,31.740000,56.880001,116.010002,174.020004,121.870003,1642973
2023-02-01,7.770000,76.410004,82.839996,327.359985,17.870001,410.799988,55.700001,40.840000,24.270000,7.140000,20.959999,44.389999,13.930000,31.990000,56.299999,114.739998,171.360001,117.699997,1921670
2023-02-02,7.630000,75.879997,82.169998,313.869995,18.730000,416.779999,52.290001,38.560001,22.959999,6.970000,20.139999,42.029999,13.010000,31.389999,55.400002,111.150002,169.009995,111.300003,2128658
2023-02-03,7.710000,73.389999,79.940002,315.679993,18.330000,412.350006,52.639999,38.570000,23.270000,6.960000,20.700001,43.700001,13.140000,31.370001,56.139999,111.919998,169.449997,108.110001,1736371
2023-02-06,7.760000,74.110001,80.989998,316.559998,19.430000,409.829987,53.090000,38.310001,23.370001,6.940000,20.690001,43.700001,13.100000,31.660000,55.599998,111.730003,169.639999,107.489998,2422555
2023-02-07,7.790000,77.139999,83.690002,323.859985,18.660000,415.190002,53.889999,39.029999,23.270000,7.370000,21.180000,45.110001,13.510000,32.520000,57.279999,114.919998,174.089996,112.019997,994695
2023-02-08,7.910000,78.470001,85.089996,329.010010,19.629999,410.649994,54.709999,39.279999,23.370001,7.520000,21.639999,45.820000,13.920000,32.570000,64.480003,113.919998,170.000000,110.790001,1104783
2023-02-09,7.700000,78.059998,84.500000,317.690002,20.709999,407.089996,53.840000,37.660000,23.030001,7.370000,20.790001,44.470001,13.650000,32.180000,64.849998,114.349998,168.440002,109.930000,2345791
2023-02-10,8.230000,79.720001,86.389999,329.239990,20.530001,408.040009,56.360001,39.020000,24.040001,7.350000,21.350000,45.279999,14.090000,32.919998,66.879997,119.169998,171.970001,115.059998,2222951
2023-02-13,8.130000,80.139999,86.610001,331.440002,20.340000,412.829987,57.310001,39.270000,23.959999,7.340000,21.540001,45.070000,14.120000,32.779999,67.849998,117.800003,171.009995,112.309998,2646600
2023-02-14,8.080000,79.059998,85.580002,330.720001,18.910000,412.640015,56.820000,38.959999,23.559999,7.530000,21.330000,46.009998,14.070000,32.459999,66.239998,116.419998,172.320007,113.550003,2096223
2023-02-15,7.990000,78.589996,85.379997,326.130005,18.230000,413.980011,55.990002,37.950001,23.049999,7.610000,21.100000,45.959999,14.150000,32.150002,66.680000,116.070000,169.009995,111.650002,1630590
2023-02-16,7.980000,78.489998,85.139999,327.450012,20.170000,408.279999,55.779999,38.580002,22.840000,7.490000,21.070000,45.060001,14.010000,32.259998,65.699997,115.730003,166.570007,108.360001,1555635
2023-02-17,7.620000,76.339996,83.000000,312.480011,20.020000,407.260010,53.340000,36.500000,21.670000,7.010000,19.950001,44.009998,14.010000,30.590000,62.869999,111.279999,162.850006,104.120003,1576041
2023-02-21,8.540000,76.160004,83.050003,306.570007,22.870001,399.089996,53.400002,36.400002,21.500000,6.840000,19.639999,42.869999,13.750000,30.129999,62.419998,111.169998,161.000000,105.309998,6964111
2023-02-22,7.970000,73.949997,80.599998,297.750000,22.290001,398.540009,52.410000,35.709999,21.299999,6.100000,18.510000,41.490002,13.220000,30.049999,60.259998,109.730003,160.350006,104.080002,3304191
2023-02-23,8.120000,75.389999,82.209999,303.619995,21.139999,400.660004,53.320000,36.230000,21.760000,6.520000,19.139999,43.389999,14.060000,30.469999,62.549999,110.739998,161.929993,105.430000,1833526
2023-02-24,8.210000,76.320000,83.160004,309.950012,21.670000,396.380005,53.919998,36.990002,21.650000,6.750000,19.790001,43.810001,15.220000,30.379999,64.870003,110.750000,162.410004,105.250000,1666641
2023-02-27,8.370000,75.680000,82.449997,314.730011,20.950001,397.730011,54.400002,37.180000,22.139999,6.850000,21.490000,45.250000,15.670000,31.040001,67.430000,110.550003,162.820007,105.860001,1678871
2023-02-28,8.280000,77.050003,83.889999,310.899994,20.700001,396.260010,53.209999,36.230000,21.879999,6.990000,20.889999,48.840000,15.290000,30.600000,66.620003,109.910004,160.770004,103.349998,3156194
2023-03-01,8.470000,77.690002,84.309998,319.390015,20.580000,394.739990,54.889999,37.509998,22.219999,7.080000,21.340000,48.880001,15.420000,31.090000,68.349998,110.889999,162.050003,106.250000,1247498
2023-03-02,8.410000,78.160004,84.750000,326.059998,19.590000,397.809998,55.299999,38.389999,22.610001,7.360000,21.780001,48.040001,15.360000,31.709999,68.199997,111.400002,162.559998,108.330002,2792351
2023-03-03,8.730000,79.680000,85.830002,330.410004,18.490000,404.190002,55.990002,38.889999,23.180000,7.510000,22.110001,49.500000,15.340000,32.279999,68.949997,112.809998,164.960007,108.639999,2502179
2023-03-06,8.700000,80.459999,86.180000,329.440002,18.610001,404.470001,55.349998,38.860001,23.070000,7.590000,21.700001,48.939999,15.190000,32.270000,69.010002,113.809998,166.169998,109.559998,1721831
2023-03-07,8.470000,77.580002,83.290001,322.309998,19.590000,398.269989,54.040001,37.849998,22.790001,7.290000,21.260000,51.779999,15.170000,31.750000,67.129997,111.610001,164.029999,107.650002,1791338
2023-03-08,8.480000,76.660004,82.660004,317.059998,19.110001,398.920013,53.540001,37.160000,22.570000,7.100000,21.020000,50.439999,15.170000,31.430000,66.739998,109.980003,162.990005,107.230003,1352225
2023-03-09,7.990000,75.720001,81.589996,301.980011,22.610001,391.559998,52.189999,35.570000,21.059999,6.660000,19.490000,47.110001,14.730000,30.059999,62.810001,109.129997,160.509995,105.809998,1600752
2023-03-10,7.870000,76.680000,82.779999,294.390015,24.799999,385.910004,51.000000,34.529999,20.200001,6.680000,19.040001,45.840000,14.540000,29.070000,59.770000,107.779999,159.669998,104.220001,1868778
2023-03-13,7.610000,74.800003,80.769997,281.529999,26.520000,385.359985,48.840000,33.380001,19.240000,6.300000,17.840000,42.709999,13.720000,28.139999,56.650002,106.540001,158.710007,100.680000,2673744
2023-03-14,7.760000,71.330002,77.449997,283.459991,23.730000,391.730011,49.360001,33.419998,19.230000,6.390000,18.090000,43.400002,13.690000,28.360001,58.250000,106.940002,160.759995,101.360001,2920635
2023-03-15,7.340000,67.610001,73.690002,262.709991,26.139999,389.279999,45.320000,30.410000,18.040001,5.820000,16.870001,39.270000,12.670000,26.850000,54.240002,101.620003,153.800003,95.239998,3753006
2023-03-16,7.390000,68.349998,74.699997,265.480011,22.990000,396.109985,46.180000,31.000000,18.160000,5.770000,17.160000,39.810001,12.670000,27.299999,54.560001,101.029999,154.289993,96.400002,2025699
2023-03-17,7.210000,66.739998,72.970001,257.589996,25.510000,389.989990,44.680000,29.950001,17.410000,5.630000,16.549999,39.709999,12.350000,26.920000,51.830002,99.839996,152.339996,94.389999,4744701
2023-03-20,7.300000,67.639999,73.790001,265.450012,24.150000,393.739990,46.220001,30.690001,17.790001,5.900000,17.070000,40.930000,12.720000,26.950001,54.290001,102.449997,154.580002,96.160004,1580003
2023-03-21,7.630000,69.330002,75.320000,275.250000,21.379999,398.910004,48.279999,31.940001,18.350000,6.120000,17.790001,43.220001,13.540000,28.040001,56.080002,107.040001,159.309998,99.709999,1622225
2023-03-22,7.420000,70.900002,76.690002,265.760010,22.260000,392.109985,47.400002,30.459999,17.620001,6.030000,16.940001,41.740002,13.030000,27.040001,54.520000,104.589996,156.070007,98.370003,1542089
2023-03-23,7.340000,69.959999,75.910004,258.640015,22.610001,393.170013,45.480000,29.420000,17.270000,5.910000,16.430000,41.119999,12.560000,26.730000,54.299999,103.410004,154.520004,96.419998,1661706
2023-03-24,7.190000,69.260002,74.989998,257.380005,21.740000,395.750000,44.570000,29.600000,17.250000,5.690000,16.190001,40.500000,12.510000,27.020000,53.470001,103.529999,156.059998,95.430000,1785308
2023-03-27,7.600000,72.809998,78.120003,268.619995,20.600000,396.489990,46.770000,30.580000,17.799999,6.200000,17.020000,42.509998,13.070000,27.260000,56.380001,105.800003,157.649994,97.480003,1532758
2023-03-28,7.740000,73.199997,78.650002,275.070007,19.969999,395.600006,47.639999,31.290001,18.260000,6.680000,17.480000,44.290001,13.280000,27.580000,56.919998,107.120003,159.490005,97.930000,1107648
2023-03-29,7.820000,72.970001,78.279999,277.380005,19.120001,401.350006,48.700001,31.350000,18.430000,6.740000,17.540001,45.799999,13.580000,28.170000,58.020000,108.959999,160.860001,99.750000,1208220
2023-03-30,7.690000,74.370003,79.269997,274.299988,19.020000,403.700012,48.740002,31.059999,18.139999,6.450000,17.450001,44.610001,13.570000,28.750000,58.320000,109.489998,162.389999,99.250000,805481
2023-03-31,7.740000,75.669998,79.769997,277.130005,18.700001,409.390015,49.099998,31.639999,18.510000,6.360000,17.629999,44.080002,13.650000,28.860001,59.349998,109.660004,163.160004,99.209999,1515902
2023-04-03,8.060000,80.419998,84.930000,293.500000,18.549999,410.950012,52.330002,34.099998,19.040001,7.040000,18.309999,46.290001,14.100000,29.910000,62.330002,116.129997,169.949997,108.419998,2546427
2023-04-04,7.870000,80.709999,84.940002,284.109985,19.000000,408.670013,50.459999,33.230000,18.430000,6.620000,17.450001,44.000000,13.690000,29.250000,59.160000,115.019997,169.039993,106.300003,1576279
2023-04-05,7.810000,80.610001,84.989998,282.670013,19.080000,407.600006,50.700001,33.060001,18.219999,6.430000,17.450001,43.459999,13.540000,29.040001,59.759998,116.989998,169.880005,107.750000,1060747
2023-04-06,7.580000,80.699997,85.120003,278.329987,18.400000,409.190002,49.619999,32.709999,18.010000,6.360000,17.190001,43.320000,13.430000,28.510000,59.529999,115.050003,167.649994,106.260002,971142
2023-04-10,7.750000,79.739998,84.180000,282.040009,18.969999,409.609985,50.040001,33.090000,18.340000,6.410000,17.590000,43.860001,13.510000,28.830000,59.889999,114.540001,168.289993,105.949997,2812074
2023-04-11,7.840000,81.529999,85.610001,286.190002,19.100000,409.720001,51.139999,33.730000,18.500000,6.550000,17.770000,43.790001,13.480000,29.150000,60.709999,115.349998,169.220001,106.750000,827923
2023-04-12,7.790000,83.260002,87.330002,287.850006,19.090000,408.049988,51.980000,33.590000,18.719999,6.720000,18.180000,45.680000,13.590000,29.250000,62.709999,115.230003,169.820007,107.529999,705327
2023-04-13,7.780000,82.160004,86.089996,288.720001,17.799999,413.470001,51.889999,33.810001,18.830000,6.680000,18.049999,46.299999,13.550000,29.450001,64.000000,115.769997,172.089996,109.040001,1225200
2023-04-14,7.710000,82.519997,86.309998,288.079987,17.070000,412.459991,52.480000,33.630001,18.820000,6.550000,18.139999,45.970001,13.560000,29.150000,65.209999,116.050003,172.440002,108.500000,985882
2023-04-17,7.680000,80.830002,84.760002,286.679993,16.950001,413.940002,52.060001,33.439999,18.680000,6.550000,18.190001,46.919998,13.360000,29.150000,64.040001,114.699997,170.919998,105.610001,1143603
2023-04-18,7.640000,80.860001,84.769997,286.769989,16.830000,414.209991,52.169998,33.880001,18.490000,6.620000,18.190001,46.680000,13.320000,29.500000,64.769997,116.940002,170.520004,104.949997,1075912
2023-04-19,7.650000,79.160004,83.120003,287.209991,16.459999,414.140015,52.630001,34.110001,18.670000,6.330000,17.850000,47.049999,13.530000,30.559999,64.370003,116.570000,170.679993,105.260002,2044295
2023-04-20,7.650000,77.290001,81.099998,282.820007,17.170000,411.880005,51.970001,33.869999,18.459999,6.220000,17.570000,45.720001,13.170000,30.090000,63.000000,115.639999,169.850006,103.779999,2094398
2023-04-21,7.660000,77.870003,81.660004,277.820007,16.770000,412.200012,49.799999,33.400002,18.280001,6.060000,17.040001,44.490002,13.020000,29.660000,62.310001,116.010002,169.119995,102.260002,1914864
2023-04-24,7.860000,78.760002,82.730003,286.179993,16.889999,412.630005,50.220001,34.470001,18.799999,6.280000,17.770000,46.040001,13.610000,30.190001,62.770000,118.199997,171.479996,103.650002,1538016
2023-04-25,7.210000,77.070000,80.769997,274.459991,18.760000,406.079987,48.959999,33.250000,18.190001,5.870000,17.059999,43.750000,12.830000,29.290001,59.430000,116.519997,168.990005,102.089996,6804560
2023-04-26,7.130000,74.300003,77.690002,268.799988,18.840000,404.359985,47.779999,31.719999,18.020000,5.750000,16.809999,42.880001,12.810000,28.760000,61.759998,115.449997,165.979996,100.470001,3132828
2023-04-27,7.010000,74.760002,78.370003,268.079987,17.030001,412.410004,47.959999,32.000000,16.559999,5.790000,17.219999,44.240002,13.420000,28.840000,63.720001,116.830002,166.949997,101.230003,2354461
2023-04-28,7.250000,76.779999,79.540001,274.130005,15.780000,415.929993,49.349998,32.750000,16.750000,5.900000,17.730000,45.029999,13.690000,29.240000,64.629997,118.339996,168.580002,102.889999,2292186
2023-05-01,7.130000,75.660004,79.309998,273.290009,16.080000,415.510010,49.150002,32.549999,16.719999,5.950000,17.190001,44.779999,13.560000,28.879999,64.629997,114.669998,167.240005,102.529999,1778607
2023-05-02,6.790000,71.660004,75.320000,256.750000,17.780001,410.839996,46.180000,29.860001,15.570000,5.730000,16.340000,40.400002,12.850000,27.350000,59.380001,110.099998,160.039993,98.639999,3959092
2023-05-03,6.620000,68.599998,72.330002,253.529999,18.340000,408.019989,45.270000,29.150000,15.310000,5.650000,16.389999,39.599998,12.820000,27.459999,59.029999,107.930000,156.830002,96.089996,2609228
2023-05-04,6.870000,68.559998,72.500000,254.580002,20.090000,405.130005,45.070000,29.020000,15.350000,5.910000,16.520000,41.299999,13.310000,27.219999,58.900002,106.040001,156.220001,97.360001,1707040
2023-05-05,7.010000,71.339996,75.300003,261.579987,17.190001,412.630005,45.750000,29.879999,15.560000,6.160000,17.040001,43.189999,14.250000,28.219999,60.790001,108.680000,160.210007,100.370003,1507989
2023-05-08,6.920000,73.160004,77.010002,262.100006,16.980000,412.739990,46.610001,29.950001,15.720000,6.010000,16.940001,42.810001,13.980000,28.110001,60.099998,109.110001,159.580002,100.900002,1098808
2023-05-09,7.000000,73.709999,77.440002,263.130005,17.709999,410.929993,47.169998,30.100000,15.840000,5.940000,16.940001,45.320000,14.130000,28.190001,60.450001,109.139999,159.119995,101.529999,1148604
2023-05-10,6.990000,72.559998,76.410004,259.829987,16.940001,412.850006,45.860001,29.559999,15.660000,5.950000,16.980000,46.830002,14.150000,27.889999,60.689999,107.739998,157.089996,100.470001,1144354
2023-05-11,6.720000,70.870003,74.980003,252.369995,16.930000,412.130005,44.139999,28.490000,15.120000,5.670000,16.170000,44.439999,14.080000,27.360001,58.919998,105.790001,156.220001,99.889999,1275639
2023-05-12,6.730000,70.040001,74.169998,253.000000,17.030001,411.589996,44.070000,28.610001,14.830000,5.840000,16.200001,44.419998,14.080000,27.660000,58.779999,105.779999,156.619995,99.430000,1497525
2023-05-15,6.710000,71.110001,75.230003,255.919998,17.120001,413.010010,44.599998,29.100000,15.100000,5.860000,16.459999,44.720001,13.850000,27.889999,59.110001,105.070000,157.199997,100.290001,1422260
2023-05-16,6.600000,70.860001,74.910004,249.070007,17.990000,410.250000,43.250000,27.879999,14.570000,5.790000,16.219999,43.849998,13.470000,27.440001,56.639999,102.519997,153.509995,98.070000,1022669
2023-05-17,6.690000,72.830002,76.959999,255.710007,16.870001,415.230011,44.500000,28.940001,15.000000,5.890000,16.400000,44.669998,13.420000,27.480000,57.830002,104.820000,155.710007,100.709999,1355214
2023-05-18,6.720000,71.860001,75.860001,259.260010,16.049999,419.230011,44.849998,29.870001,15.190000,5.800000,16.250000,44.779999,13.520000,28.180000,58.660000,105.769997,154.009995,100.739998,1325663
2023-05-19,6.690000,71.550003,75.580002,260.010010,16.809999,418.619995,45.270000,30.170000,15.110000,5.930000,16.280001,45.049999,13.880000,28.170000,60.139999,106.260002,155.229996,102.599998,1175514
2023-05-22,6.760000,71.989998,75.989998,264.869995,17.209999,418.790009,46.000000,30.219999,15.290000,6.330000,16.510000,47.919998,14.250000,28.370001,60.650002,104.970001,152.440002,103.730003,836076
2023-05-23,6.820000,72.910004,76.839996,265.649994,18.530001,414.089996,46.060001,30.580000,15.520000,6.260000,16.670000,48.009998,14.070000,28.400000,59.459999,106.400002,156.850006,104.389999,1150385
2023-05-24,6.820000,74.339996,78.360001,267.920013,20.030001,411.089996,46.230000,30.820000,15.630000,6.470000,16.889999,49.000000,14.350000,28.719999,60.599998,107.589996,157.270004,103.980003,826079
2023-05-25,6.580000,71.830002,76.260002,261.119995,19.139999,414.649994,45.160000,30.320000,15.220000,6.290000,16.100000,47.310001,13.880000,28.000000,59.270000,105.660004,154.559998,101.690002,1340128
2023-05-26,6.610000,72.669998,76.949997,259.799988,17.950001,420.019989,44.480000,30.200001,15.050000,6.200000,16.309999,47.009998,13.930000,27.889999,59.070000,104.970001,154.080002,101.849998,983438
2023-05-30,6.450000,69.459999,73.540001,256.029999,17.459999,420.179993,44.310001,29.730000,14.610000,6.110000,15.810000,45.980000,13.910000,27.799999,58.990002,104.040001,153.119995,101.199997,1424314
2023-05-31,6.280000,68.089996,72.660004,246.779999,17.940001,417.850006,42.830002,28.650000,14.070000,5.720000,15.310000,44.810001,13.140000,27.250000,56.439999,102.180000,150.619995,99.300003,2311108
2023-06-01,6.630000,70.099998,74.279999,259.179993,15.650000,421.820007,44.980000,30.000000,14.810000,6.130000,16.170000,47.580002,14.020000,28.610001,59.310001,103.360001,152.160004,99.529999,1743489
2023-06-02,7.030000,71.739998,76.129997,272.450012,14.600000,427.920013,46.770000,31.639999,15.810000,6.580000,17.309999,49.939999,14.860000,29.580000,62.680000,105.760002,156.259995,102.349998,1906619
2023-06-05,7.010000,72.150002,76.709999,267.750000,14.730000,427.100006,46.220001,31.160000,15.490000,6.320000,17.010000,49.590000,14.460000,29.670000,63.209999,105.290001,155.509995,102.070000,1090912
2023-06-06,7.070000,71.739998,76.290001,271.059998,13.960000,428.029999,46.950001,31.230000,15.500000,6.310000,17.309999,48.480000,14.260000,30.590000,62.470001,106.150002,155.789993,101.940002,1323428
2023-06-07,7.280000,72.529999,76.949997,279.209991,13.940000,426.549988,48.130001,32.549999,15.840000,6.340000,17.930000,48.700001,14.820000,30.639999,64.769997,108.529999,159.830002,104.809998,2133719
2023-06-08,7.350000,71.290001,75.959999,278.190002,13.650000,429.130005,47.450001,32.150002,15.830000,6.300000,18.150000,48.650002,14.860000,30.290001,65.169998,108.190002,159.240005,104.540001,1737958
2023-06-09,7.290000,70.169998,74.790001,276.399994,13.830000,429.899994,47.529999,32.340000,15.480000,6.240000,17.809999,47.700001,14.920000,30.010000,65.290001,107.389999,158.860001,103.889999,931082
2023-06-12,6.880000,67.120003,71.839996,269.470001,15.010000,433.799988,47.020000,31.730000,15.340000,5.710000,17.549999,44.830002,14.570000,29.790001,63.099998,106.419998,157.330002,102.820000,1552882
2023-06-13,6.960000,69.419998,74.290001,275.350006,14.610000,436.660004,47.959999,32.700001,15.150000,5.860000,17.670000,43.740002,14.690000,30.170000,62.830002,106.440002,158.509995,103.410004,1220005
2023-06-14,6.790000,68.269997,73.199997,273.260010,13.880000,437.179993,47.270000,32.049999,15.430000,6.160000,17.420000,43.820000,14.840000,29.940001,61.630001,105.160004,157.089996,102.669998,1431394
2023-06-15,6.870000,70.620003,75.669998,278.450012,14.500000,442.600006,47.900002,32.709999,15.850000,6.220000,17.799999,43.990002,14.710000,30.240000,61.669998,105.889999,158.279999,104.150002,1315257
2023-06-16,6.750000,71.779999,76.610001,276.309998,13.540000,439.459991,47.779999,32.580002,15.590000,6.230000,17.969999,43.509998,14.720000,30.570000,60.669998,105.129997,157.259995,104.919998,2872312
2023-06-20,6.800000,70.500000,75.900002,272.100006,13.880000,437.179993,47.259998,31.480000,15.420000,6.240000,17.700001,45.630001,15.210000,29.799999,59.689999,102.720001,153.679993,102.029999,1357081
2023-06-21,6.970000,72.529999,77.120003,275.619995,13.200000,434.940002,47.759998,31.920000,15.650000,6.290000,18.110001,47.840000,15.160000,30.490000,61.520000,103.870003,154.880005,103.699997,1434721
2023-06-22,6.870000,69.510002,74.139999,270.540009,12.910000,436.510010,46.840000,31.270000,15.400000,6.170000,17.400000,48.130001,15.030000,30.150000,61.619999,103.300003,152.639999,101.430000,1177552
2023-06-23,6.930000,69.160004,73.849998,267.399994,13.440000,433.209991,46.590000,30.889999,15.200000,5.990000,17.129999,46.720001,14.770000,29.770000,62.639999,102.400002,151.350006,100.459999,2174204
2023-06-26,7.070000,69.370003,74.180000,273.459991,14.250000,431.440002,47.360001,31.670000,15.270000,6.280000,17.809999,47.029999,15.410000,30.530001,65.220001,104.290001,154.009995,101.309998,1536734
2023-06-27,7.110000,67.699997,72.260002,277.059998,13.740000,436.170013,48.139999,32.419998,15.820000,6.200000,17.889999,47.340000,15.870000,30.969999,65.769997,104.550003,153.529999,100.790001,912931
2023-06-28,7.100000,69.559998,74.029999,277.359985,13.430000,436.390015,48.590000,32.560001,15.800000,6.070000,17.900000,47.889999,15.900000,31.129999,64.029999,105.400002,154.919998,102.510002,957831
2023-06-29,7.230000,69.860001,74.339996,282.690002,13.540000,438.109985,48.470001,33.189999,15.960000,6.420000,18.200001,50.340000,16.320000,31.360001,65.410004,106.699997,156.240005,103.059998,1282735
2023-06-30,7.380000,70.639999,74.900002,287.600006,13.590000,443.279999,49.119999,32.990002,16.040001,7.010000,18.700001,55.439999,16.620001,31.610001,66.419998,107.250000,157.350006,103.610001,1948020
2023-07-03,7.490000,69.790001,74.650002,290.670013,13.570000,443.790009,49.470001,33.630001,16.250000,6.970000,19.280001,54.090000,16.780001,31.600000,67.160004,107.459999,157.210007,104.230003,674211
2023-07-05,7.490000,71.790001,76.650002,290.329987,14.180000,443.130005,49.299999,33.200001,16.100000,7.350000,19.209999,54.320000,16.420000,31.540001,66.970001,106.910004,156.309998,104.019997,1488937
2023-07-06,7.450000,71.800003,76.519997,288.019989,15.440000,439.660004,49.119999,33.009998,16.090000,7.300000,19.030001,54.360001,16.250000,31.600000,65.889999,102.919998,152.880005,100.339996,1192281
2023-07-07,7.930000,73.860001,78.470001,307.700012,14.830000,438.549988,53.349998,35.580002,17.389999,7.730000,21.530001,58.610001,17.139999,33.110001,69.620003,103.160004,154.220001,103.230003,2336048
2023-07-10,8.000000,72.989998,77.690002,310.489990,15.070000,439.660004,53.619999,36.000000,17.110001,7.990000,21.990000,58.740002,17.379999,33.230000,71.739998,104.690002,155.250000,104.349998,1612626
2023-07-11,8.200000,74.830002,79.400002,321.250000,14.840000,442.459991,56.049999,37.520000,17.950001,8.220000,22.440001,59.250000,18.090000,34.029999,74.629997,105.970001,158.119995,107.440002,1454870
2023-07-12,8.110000,75.750000,80.110001,323.790009,13.540000,446.019989,56.680000,37.919998,18.370001,8.020000,22.280001,58.689999,17.790001,34.439999,74.110001,106.489998,159.639999,109.309998,1274110
2023-07-13,8.210000,76.889999,81.360001,325.920013,13.610000,449.559998,57.419998,37.750000,18.480000,8.050000,22.330000,59.650002,17.450001,34.680000,76.419998,104.540001,157.509995,110.550003,1091785
2023-07-14,8.140000,75.419998,79.870003,320.670013,13.340000,449.279999,57.130001,36.889999,17.889999,7.810000,22.049999,59.799999,17.309999,34.349998,75.839996,100.940002,153.580002,107.089996,876413
2023-07-17,8.280000,74.150002,78.500000,323.529999,13.480000,450.839996,56.509998,37.360001,18.160000,7.930000,22.280001,59.439999,17.520000,34.650002,74.930000,101.379997,153.440002,106.440002,1489065
2023-07-18,8.430000,75.750000,79.629997,331.489990,13.300000,454.190002,56.980000,38.110001,18.650000,8.470000,23.180000,60.700001,18.020000,35.040001,76.250000,100.919998,153.750000,108.750000,1819561
2023-07-19,8.350000,75.349998,79.459999,330.820007,13.760000,455.200012,57.360001,37.009998,18.450001,8.250000,23.160000,58.869999,17.990000,35.200001,73.889999,101.620003,154.690002,109.480003,1271974
2023-07-20,8.380000,75.629997,79.639999,329.100006,13.990000,452.179993,57.259998,36.450001,18.389999,8.190000,23.309999,58.430000,17.469999,34.660000,74.000000,103.410004,156.399994,111.690002,910923
2023-07-21,8.370000,77.070000,81.070000,329.059998,13.600000,452.179993,56.009998,36.939999,18.440001,8.100000,23.120001,58.459999,17.400000,35.430000,75.040001,103.889999,158.690002,112.889999,969535
2023-07-24,8.490000,78.739998,82.739998,336.500000,13.910000,454.200012,57.020000,38.259998,18.799999,8.600000,23.559999,58.480000,17.809999,35.840000,76.940002,105.519997,161.820007,114.720001,1448921
2023-07-25,8.530000,79.629997,83.639999,338.739990,13.860000,455.440002,57.880001,38.419998,18.870001,8.540000,23.660000,59.299999,18.370001,35.740002,77.830002,105.680000,162.559998,116.180000,850987
2023-07-26,8.640000,78.779999,82.919998,337.630005,13.190000,455.510010,57.669998,38.209999,18.850000,8.450000,23.639999,60.090000,18.750000,35.529999,80.809998,105.089996,161.339996,116.830002,2104735
2023-07-27,9.400000,80.089996,84.239998,332.619995,14.410000,452.489990,57.020000,37.930000,18.530001,8.200000,21.080000,58.480000,17.559999,34.660000,79.000000,105.419998,159.660004,115.779999,6376354
2023-07-28,9.560000,80.580002,84.989998,337.500000,13.330000,456.920013,57.150002,38.160000,19.350000,8.550000,22.209999,61.959999,18.520000,35.419998,83.040001,104.160004,158.869995,115.930000,2114279
2023-07-31,9.600000,81.800003,85.559998,343.739990,13.630000,457.790009,58.340000,39.080002,20.080000,8.800000,22.450001,63.110001,18.340000,35.790001,83.099998,107.239998,163.660004,117.720001,4514201
2023-08-01,9.550000,81.370003,84.910004,341.700012,13.930000,456.480011,57.610001,39.270000,20.400000,8.370000,21.850000,62.349998,17.900000,35.770000,84.099998,106.620003,162.300003,117.379997,1853758
2023-08-02,9.380000,79.489998,83.199997,339.250000,16.090000,450.130005,57.470001,39.029999,20.020000,8.400000,21.500000,62.730000,18.000000,35.560001,82.879997,105.290001,159.729996,115.589996,2158710
2023-08-03,9.520000,81.550003,85.139999,342.260010,15.920000,448.839996,57.980000,39.689999,20.280001,8.500000,21.440001,64.750000,18.250000,35.650002,83.089996,107.120003,159.669998,114.989998,1871240
2023-08-04,9.570000,82.820000,86.239998,341.829987,17.100000,446.809998,57.669998,39.549999,20.410000,8.490000,21.420000,64.139999,18.309999,35.520000,83.339996,107.419998,159.309998,113.709999,1035425
2023-08-07,9.560000,81.940002,85.339996,339.399994,15.770000,450.709991,57.970001,39.590000,20.290001,8.130000,20.850000,62.480000,18.200001,35.590000,83.139999,107.199997,159.889999,114.480003,1925793
2023-08-08,9.570000,82.919998,86.169998,341.420013,15.990000,448.750000,58.509998,39.779999,20.270000,8.270000,21.120001,63.419998,18.100000,35.650002,85.440002,107.730003,159.649994,115.589996,1136740
2023-08-09,9.730000,84.400002,87.550003,345.579987,15.960000,445.750000,59.509998,40.459999,20.490000,8.380000,21.100000,64.470001,18.290001,36.110001,86.169998,109.559998,159.860001,116.440002,2512161
2023-08-10,9.690000,82.820000,86.400002,343.559998,15.850000,445.910004,58.919998,40.360001,20.639999,8.440000,21.299999,62.990002,18.469999,35.330002,86.099998,110.120003,160.830002,115.830002,1400644
2023-08-11,9.680000,83.190002,86.809998,347.260010,14.840000,445.649994,59.650002,40.700001,20.870001,8.600000,21.969999,63.290001,18.820000,35.480000,87.150002,111.830002,164.149994,117.809998,1063665
2023-08-14,9.460000,82.510002,86.209999,344.029999,14.820000,448.109985,59.520000,40.310001,20.790001,8.350000,21.520000,62.720001,18.530001,35.330002,86.769997,111.919998,164.029999,117.690002,1362724
2023-08-15,9.240000,80.989998,84.889999,337.940002,16.459999,442.890015,58.330002,39.490002,20.370001,8.150000,21.280001,62.270000,18.230000,35.110001,85.540001,108.160004,159.240005,115.510002,2198453
2023-08-16,9.310000,79.379997,83.449997,336.700012,16.780001,439.640015,57.770000,39.290001,20.340000,8.150000,21.350000,61.090000,18.340000,34.970001,84.750000,106.339996,158.630005,114.639999,1696226
2023-08-17,9.300000,80.389999,84.120003,335.519989,17.889999,436.290009,57.889999,39.270000,20.100000,8.050000,21.059999,59.490002,18.000000,34.869999,83.940002,108.400002,159.750000,116.730003,1247173
2023-08-18,9.520000,81.250000,84.800003,338.709991,17.299999,436.500000,58.029999,39.400002,20.620001,8.220000,21.440001,61.419998,18.270000,35.259998,85.500000,110.040001,160.899994,117.290001,1072170
2023-08-21,9.490000,80.720001,84.459999,336.390015,17.129999,439.339996,57.439999,39.000000,20.549999,8.100000,21.320000,61.169998,18.320000,35.049999,84.959999,108.709999,160.360001,117.209999,1113977
2023-08-22,9.380000,80.349998,84.029999,332.230011,16.969999,438.149994,56.410000,38.580002,20.240000,7.820000,21.370001,61.520000,18.160000,35.180000,84.500000,108.099998,159.039993,116.150002,877051
2023-08-23,9.450000,78.889999,83.209999,335.350006,15.980000,443.029999,57.889999,38.720001,20.389999,7.870000,22.049999,63.049999,18.400000,35.459999,84.629997,107.150002,159.250000,115.809998,999514
2023-08-24,9.450000,79.050003,83.360001,331.440002,17.200001,436.890015,56.790001,38.240002,20.180000,7.610000,21.799999,61.779999,18.030001,35.230000,83.919998,106.349998,157.940002,114.800003,1436694
2023-08-25,9.400000,79.830002,84.480003,331.140015,15.680000,439.970001,56.459999,38.150002,20.120001,7.720000,21.469999,61.130001,18.120001,35.389999,84.709999,108.250000,159.119995,116.519997,1212673
2023-08-28,9.720000,80.099998,84.419998,336.390015,15.080000,442.760010,57.830002,38.709999,20.680000,7.720000,21.700001,60.759998,18.590000,36.000000,86.220001,109.160004,160.210007,117.519997,1675536
2023-08-29,10.120000,81.160004,85.489998,339.440002,14.450000,449.160004,58.220001,38.750000,20.930000,7.940000,22.209999,61.439999,18.820000,36.099998,86.440002,109.809998,159.960007,117.660004,2036613
2023-08-30,10.190000,81.629997,85.860001,341.850006,13.880000,451.010010,59.000000,38.910000,21.110001,8.170000,23.030001,63.070000,19.000000,36.049999,87.629997,110.879997,160.179993,118.699997,2233928
2023-08-31,10.140000,83.629997,86.860001,340.730011,13.570000,450.350006,58.959999,38.619999,21.129999,8.180000,22.790001,65.029999,19.040001,36.189999,88.519997,111.190002,161.100006,119.029999,1410368
2023-09-01,10.470000,85.550003,88.550003,349.679993,13.090000,451.190002,60.119999,39.810001,21.600000,8.460000,24.030001,67.680000,19.549999,36.810001,90.110001,113.519997,164.300003,122.139999,1794465
2023-09-05,10.630000,86.690002,90.040001,352.570007,14.010000,449.239990,60.209999,40.700001,21.469999,8.190000,24.180000,67.970001,20.139999,37.070000,90.919998,113.529999,166.460007,122.830002,2495206
2023-09-06,10.550000,87.540001,90.599998,353.809998,14.450000,446.220001,61.000000,40.880001,21.570000,8.190000,24.629999,67.849998,20.660000,37.220001,92.660004,114.510002,166.630005,123.070000,1790348
2023-09-07,10.810000,86.870003,89.919998,352.010010,14.400000,444.850006,60.830002,41.080002,21.150000,8.080000,24.870001,66.879997,20.570000,37.200001,93.389999,113.949997,166.639999,121.709999,2998142
2023-09-08,10.900000,87.510002,90.650002,353.070007,13.840000,445.519989,60.169998,41.279999,21.120001,8.180000,24.840000,69.019997,21.030001,36.950001,94.269997,115.610001,167.210007,122.720001,3426519
2023-09-11,11.190000,87.290001,90.639999,353.660004,13.800000,448.450012,60.770000,41.320000,20.900000,8.120000,24.879999,70.559998,20.980000,36.740002,95.419998,114.160004,163.759995,120.440002,4668201
2023-09-12,11.000000,88.839996,92.059998,362.299988,14.230000,445.989990,62.099998,42.360001,21.240000,8.690000,26.020000,70.870003,21.410000,37.099998,97.029999,117.489998,166.809998,123.080002,3971226
2023-09-13,10.840000,88.519997,91.879997,354.579987,13.480000,446.510010,60.619999,41.900002,20.450001,8.270000,24.990000,68.099998,20.790001,36.240002,95.940002,116.440002,166.199997,122.309998,1798010
2023-09-14,10.890000,90.160004,93.699997,359.720001,12.820000,450.359985,61.599998,42.209999,20.850000,8.660000,25.090000,68.690002,20.790001,36.680000,95.190002,118.519997,167.229996,124.500000,1449469
2023-09-15,10.730000,90.769997,93.930000,356.929993,13.790000,443.369995,60.580002,42.110001,20.930000,8.310000,24.719999,67.599998,20.860001,36.160000,96.709999,116.699997,166.500000,123.570000,4549359
2023-09-18,10.900000,91.480003,94.430000,358.690002,14.000000,443.630005,61.209999,42.639999,20.950001,8.300000,24.620001,67.349998,21.180000,36.459999,97.389999,117.639999,167.220001,124.480003,1190491
2023-09-19,10.710000,91.199997,94.339996,351.250000,14.110000,442.709991,60.430000,41.430000,20.410000,8.070000,23.830000,65.529999,20.410000,36.180000,94.680000,117.330002,167.199997,123.160004,1320501
2023-09-20,10.970000,90.279999,93.529999,348.820007,15.140000,438.640015,59.790001,41.290001,20.580000,8.100000,24.020000,66.790001,20.389999,35.799999,92.519997,116.400002,166.690002,121.169998,1796765
2023-09-21,11.030000,89.629997,93.300003,342.899994,17.540001,431.390015,58.820000,40.759998,20.200001,7.950000,23.730000,65.269997,20.420000,35.060001,90.620003,114.760002,165.190002,119.070000,2428279
2023-09-22,11.220000,90.029999,93.269997,345.230011,17.200001,430.420013,59.040001,40.630001,20.370001,8.140000,24.219999,65.910004,20.850000,35.400002,90.620003,114.940002,166.279999,119.160004,1819428
2023-09-25,11.350000,89.680000,93.290001,350.149994,16.900000,432.230011,59.840000,40.980000,20.830000,8.380000,25.639999,66.300003,21.059999,35.900002,90.620003,116.230003,168.710007,121.070000,1852319
2023-09-26,11.140000,90.389999,93.959999,346.920013,18.940001,425.880005,59.130001,40.790001,20.580000,8.420000,26.030001,67.940002,20.719999,35.709999,90.790001,116.410004,167.800003,120.139999,1819416
2023-09-27,11.630000,93.680000,96.550003,357.470001,18.219999,426.049988,60.799999,42.029999,21.540001,8.560000,27.190001,72.989998,21.290001,36.250000,93.930000,120.199997,171.039993,123.089996,3230432
2023-09-28,11.380000,91.709999,95.379997,355.380005,17.340000,428.519989,60.939999,41.790001,21.230000,8.420000,26.900000,72.279999,20.940001,36.590000,93.120003,119.470001,170.589996,122.720001,2908412
2023-09-29,11.170000,90.790001,95.309998,345.040009,17.520000,427.480011,58.299999,40.500000,20.900000,8.210000,25.719999,71.070000,20.340000,35.320000,90.330002,117.580002,168.619995,119.800003,2616332
2023-10-02,10.710000,88.820000,90.709999,336.529999,17.610001,427.309998,57.939999,39.770000,20.450001,7.880000,24.639999,67.430000,20.000000,34.560001,90.540001,115.629997,166.539993,117.099998,2248382
2023-10-03,10.660000,89.230003,90.919998,337.709991,19.780001,421.589996,58.610001,40.060001,20.510000,7.750000,24.959999,68.230003,19.920000,34.529999,90.120003,115.830002,166.929993,117.599998,2052774
2023-10-04,10.340000,84.220001,85.809998,322.790009,18.580000,424.660004,55.830002,38.270000,19.280001,7.420000,23.770000,63.549999,19.270000,33.139999,85.419998,111.500000,163.039993,113.330002,2639514
2023-10-05,9.960000,82.309998,84.070000,321.179993,18.490000,424.500000,55.400002,38.060001,18.780001,7.620000,23.280001,65.269997,19.010000,33.349998,84.830002,108.989998,163.899994,113.419998,2351714
2023-10-06,10.040000,82.790001,84.580002,325.079987,17.450001,429.540009,55.700001,38.689999,18.959999,7.640000,23.410000,66.339996,19.139999,33.730000,87.610001,107.169998,162.229996,115.330002,1527243
2023-10-09,10.390000,86.379997,88.150002,339.619995,17.700001,432.290009,58.240002,41.310001,19.980000,7.770000,24.480000,68.739998,20.070000,34.799999,92.019997,110.919998,166.720001,121.820000,1380276
2023-10-10,10.560000,85.970001,87.650002,340.339996,17.030001,434.540009,58.619999,41.150002,19.980000,7.770000,24.920000,68.870003,20.000000,34.900002,93.309998,110.449997,166.539993,120.389999,3122583
2023-10-11,10.740000,83.489998,85.820000,342.410004,16.090000,436.320007,58.759998,41.639999,20.150000,7.800000,25.040001,70.470001,20.100000,34.900002,94.220001,106.489998,161.100006,120.040001,1934304
2023-10-12,10.790000,82.910004,86.000000,339.679993,16.690001,433.660004,58.369999,41.730000,19.870001,7.570000,25.010000,68.050003,20.020000,34.770000,94.400002,106.470001,161.229996,121.110001,1372470
2023-10-13,10.740000,87.690002,90.889999,345.010010,19.320000,431.500000,58.959999,42.430000,20.490000,7.710000,25.059999,69.430000,20.520000,34.849998,95.580002,109.870003,164.059998,124.860001,2329371
2023-10-16,10.800000,86.660004,89.650002,344.540009,17.209999,436.040009,59.450001,42.360001,20.500000,7.510000,25.600000,67.059998,20.440001,35.169998,95.690002,109.949997,165.399994,125.309998,1840983
2023-10-17,10.840000,86.660004,89.900002,350.369995,17.879999,436.019989,60.240002,43.040001,21.059999,7.580000,26.020000,68.800003,20.830000,35.610001,96.550003,111.389999,167.589996,125.459999,1895034
2023-10-18,10.880000,88.320000,91.500000,349.269989,19.219999,430.209991,60.590000,43.130001,20.820000,7.380000,25.760000,70.989998,20.860001,35.720001,94.459999,112.949997,168.919998,126.589996,921741
2023-10-19,10.620000,89.370003,92.379997,347.790009,21.400000,426.429993,59.970001,43.259998,20.600000,7.390000,25.639999,71.440002,20.690001,35.580002,94.000000,113.019997,169.100006,126.379997,2021286
2023-10-20,10.380000,88.750000,92.160004,340.540009,21.709999,421.190002,58.209999,42.110001,20.090000,7.160000,24.920000,70.419998,20.580000,34.840000,92.970001,111.080002,166.830002,124.059998,2170526
2023-10-23,10.130000,85.489998,89.830002,338.519989,20.370001,420.459991,58.840000,41.650002,19.840000,7.100000,24.730000,69.370003,20.650000,34.669998,92.830002,109.449997,160.679993,121.339996,3129292
2023-10-24,10.420000,83.739998,88.070000,334.559998,18.969999,423.630005,57.000000,40.230000,19.879999,7.020000,24.830000,69.910004,20.430000,34.480000,92.510002,108.389999,156.649994,119.949997,6097839
2023-10-25,10.050000,85.389999,90.129997,329.899994,20.190001,417.549988,56.619999,40.380001,19.450001,6.870000,24.129999,69.110001,19.930000,34.020000,92.980003,108.589996,155.869995,120.410004,2916153
2023-10-26,9.980000,83.209999,87.930000,325.779999,20.680000,412.549988,55.869999,39.450001,19.100000,6.690000,22.120001,68.160004,21.730000,35.020000,93.260002,107.599998,154.750000,118.309998,2654204
2023-10-27,9.870000,85.540001,90.480003,325.869995,21.270000,410.679993,55.830002,39.599998,19.600000,6.550000,23.170000,68.580002,21.600000,34.810001,93.389999,105.550003,144.350006,117.800003,2861033
2023-10-30,9.770000,82.309998,87.449997,325.720001,19.750000,415.589996,56.400002,39.419998,19.790001,6.630000,22.559999,67.930000,21.400000,34.959999,91.459999,105.879997,146.089996,118.139999,1513325
2023-10-31,9.800000,81.019997,87.410004,324.399994,18.139999,418.200012,55.660000,39.340000,19.959999,6.620000,21.990000,68.349998,21.520000,34.419998,93.089996,105.849998,145.729996,118.800003,2087980
2023-11-01,9.870000,80.440002,84.629997,326.670013,16.870001,422.660004,55.860001,39.419998,19.690001,6.650000,22.139999,69.129997,21.879999,34.840000,95.300003,105.639999,143.979996,116.669998,2205241
2023-11-02,10.240000,82.459999,86.849998,336.690002,15.660000,430.760010,57.360001,40.590000,20.480000,6.890000,22.959999,70.930000,22.440001,35.509998,99.110001,109.110001,148.759995,122.019997,2449087
2023-11-03,10.190000,80.510002,84.889999,335.350006,14.910000,434.690002,56.869999,40.290001,20.340000,6.840000,22.790001,70.419998,22.250000,35.189999,99.320000,107.779999,147.610001,119.750000,1767800
2023-11-06,9.970000,80.820000,85.180000,330.059998,14.890000,435.690002,56.480000,39.520000,19.959999,6.650000,22.280001,68.080002,21.990000,34.939999,99.489998,105.870003,147.000000,118.470001,1837950
2023-11-07,9.470000,77.370003,81.610001,315.600006,14.810000,436.929993,53.330002,37.950001,19.010000,6.500000,20.730000,59.570000,21.100000,33.860001,92.209999,104.209999,144.410004,115.250000,3447914
2023-11-08,9.460000,75.330002,79.540001,314.130005,14.450000,437.250000,52.930000,37.790001,18.740000,6.670000,21.020000,59.549999,20.820000,33.740002,91.669998,102.930000,142.399994,114.449997,2566158
2023-11-09,9.480000,75.739998,80.010002,314.480011,15.290000,433.839996,52.740002,37.799999,18.870001,6.570000,21.209999,59.930000,20.900000,33.919998,94.760002,102.959999,141.940002,114.150002,2631682
2023-11-10,9.700000,77.169998,81.430000,318.890015,14.170000,440.609985,53.299999,38.290001,19.299999,6.650000,21.549999,60.349998,21.549999,34.340000,95.360001,103.750000,142.949997,115.610001,1757529
2023-11-13,9.670000,78.260002,82.519997,321.179993,14.760000,440.190002,54.000000,38.660000,19.480000,6.540000,21.570000,60.630001,21.650000,34.470001,96.800003,104.839996,144.000000,115.360001,1656152
2023-11-14,9.800000,78.260002,82.470001,326.329987,14.160000,448.730011,54.349998,39.180000,19.870001,6.640000,22.170000,60.750000,21.540001,34.700001,98.599998,104.290001,145.050003,115.540001,1893634
2023-11-15,9.580000,76.660004,81.180000,321.179993,14.180000,449.679993,53.680000,38.439999,19.660000,6.570000,21.530001,57.320000,21.230000,34.660000,95.970001,103.660004,145.559998,115.029999,1782413
2023-11-16,9.040000,72.900002,77.419998,309.230011,14.320000,450.230011,52.110001,37.180000,18.730000,6.230000,20.360001,56.209999,20.139999,33.240002,91.959999,102.459999,141.770004,111.989998,2668852
2023-11-17,9.330000,75.889999,80.610001,316.059998,13.800000,450.790009,52.849998,37.990002,19.450001,6.500000,20.910000,57.770000,20.629999,33.709999,93.120003,104.959999,144.460007,114.589996,2314055
2023-11-20,9.380000,77.599998,82.320000,316.850006,13.410000,454.260010,52.740002,38.200001,19.270000,6.400000,21.020000,56.980000,20.959999,33.869999,94.889999,104.500000,144.380005,115.389999,1137544
2023-11-21,9.280000,77.769997,82.449997,314.869995,13.350000,453.269989,52.720001,38.209999,19.020000,6.280000,20.799999,56.500000,21.059999,33.910000,93.019997,104.459999,144.039993,115.169998,865197
2023-11-22,9.180000,77.099998,81.959999,313.059998,12.850000,455.019989,52.520000,37.889999,18.950001,6.290000,20.660000,56.869999,20.920000,33.580002,92.529999,104.010002,144.330002,114.849998,1419435
2023-11-24,9.230000,75.540001,80.580002,315.779999,12.460000,455.299988,52.599998,38.060001,19.070000,6.560000,20.940001,58.130001,21.299999,33.889999,93.559998,104.570000,144.899994,115.489998,561485
2023-11-27,9.250000,74.860001,79.980003,313.670013,12.690000,454.480011,52.549999,37.689999,19.170000,6.350000,20.830000,58.419998,21.040001,33.970001,92.690002,103.959999,144.360001,114.800003,1343459
2023-11-28,9.210000,76.410004,81.680000,312.279999,12.690000,454.929993,52.310001,37.520000,18.879999,6.300000,20.870001,58.000000,20.730000,33.820000,92.029999,103.900002,145.509995,114.980003,1265201
2023-11-29,9.180000,77.860001,83.099998,310.640015,12.980000,454.609985,51.869999,37.299999,18.940001,6.250000,20.780001,58.669998,20.230000,33.340000,90.290001,102.339996,143.910004,113.970001,1547256
2023-11-30,9.320000,75.959999,82.830002,312.299988,12.920000,456.399994,52.040001,37.029999,18.820000,6.360000,20.660000,60.080002,20.719999,33.750000,90.690002,102.739998,143.600006,115.570000,1965068
2023-12-01,9.390000,74.070000,78.879997,315.109985,12.630000,459.100006,52.389999,37.709999,19.120001,6.560000,20.650000,61.750000,20.680000,33.790001,91.320000,102.989998,144.809998,115.230003,1355598
2023-12-04,9.210000,73.040001,78.029999,312.609985,13.080000,456.690002,52.029999,37.369999,19.030001,6.370000,20.690001,60.540001,20.459999,33.750000,91.029999,102.430000,144.869995,114.529999,1599543
2023-12-05,9.000000,72.320000,77.199997,305.429993,12.850000,456.600006,50.610001,36.330002,18.750000,6.240000,20.370001,60.009998,20.299999,32.799999,90.059998,100.440002,142.860001,113.139999,1285058
2023-12-06,8.820000,69.379997,74.300003,294.609985,12.970000,454.760010,49.130001,34.860001,18.379999,5.740000,19.180000,56.779999,18.860001,31.860001,85.639999,99.110001,142.529999,110.519997,3555077
2023-12-07,9.060000,69.339996,74.050003,293.119995,13.060000,458.230011,48.459999,34.419998,18.450001,5.650000,19.120001,58.099998,18.740000,31.730000,85.029999,98.419998,142.419998,110.849998,4092672
2023-12-08,9.480000,71.230003,75.839996,297.079987,12.350000,460.200012,48.799999,34.930000,18.920000,5.850000,19.370001,58.790001,18.920000,32.240002,86.190002,99.550003,144.309998,112.070000,5660111
2023-12-11,9.420000,71.320000,76.029999,297.160004,12.630000,461.989990,49.150002,34.770000,18.750000,5.810000,19.500000,58.860001,18.990000,32.509998,86.730003,99.620003,144.350006,112.160004,4570952
2023-12-12,9.240000,68.610001,73.239998,293.420013,12.070000,464.100006,49.040001,34.439999,18.540001,5.700000,18.969999,56.970001,18.680000,32.299999,85.110001,98.050003,142.500000,111.059998,3574850
2023-12-13,9.570000,69.470001,74.260002,299.709991,12.190000,470.500000,49.189999,34.689999,19.110001,5.960000,19.639999,58.689999,19.320000,32.599998,86.889999,98.919998,144.610001,111.849998,5132992
2023-12-14,10.200000,71.580002,76.610001,311.679993,12.480000,472.010010,52.419998,35.889999,20.070000,6.150000,20.440001,62.660000,19.889999,33.540001,89.269997,101.580002,149.929993,114.949997,4779570
2023-12-15,9.970000,71.430000,76.550003,310.200012,12.280000,469.329987,52.189999,35.820000,19.830000,6.110000,20.450001,63.549999,20.070000,33.580002,88.949997,100.900002,149.350006,114.540001,8849411
2023-12-18,10.140000,72.470001,77.949997,307.920013,12.560000,471.970001,52.279999,36.209999,19.940001,6.130000,20.690001,65.510002,20.120001,34.070000,91.459999,101.650002,149.679993,114.900002,4425935
2023-12-19,10.410000,73.440002,79.230003,313.070007,12.530000,474.839996,52.980000,36.820000,20.379999,6.250000,21.180000,68.230003,20.350000,34.070000,95.750000,102.989998,151.639999,116.489998,4109043
2023-12-20,10.520000,74.220001,79.699997,310.160004,13.670000,468.260010,52.549999,36.459999,20.260000,6.170000,21.219999,68.349998,20.180000,34.029999,96.010002,101.269997,150.250000,116.690002,4774607
2023-12-21,10.810000,73.889999,79.389999,312.000000,13.650000,472.700012,52.580002,36.639999,20.450001,6.240000,21.719999,71.300003,20.010000,34.040001,97.980003,101.730003,150.710007,116.830002,3514836
2023-12-22,10.450000,73.559998,79.070000,312.380005,13.030000,473.649994,53.080002,36.590000,20.450001,6.360000,21.600000,71.290001,20.240000,34.119999,96.589996,101.910004,151.050003,117.660004,2523787
2023-12-26,10.630000,75.570000,81.070000,319.440002,12.990000,475.649994,53.680000,37.049999,20.799999,6.740000,22.270000,76.070000,20.410000,34.779999,101.260002,102.139999,152.410004,119.019997,1163287
2023-12-27,10.550000,74.110001,79.650002,316.239990,12.430000,476.510010,53.029999,36.660000,20.760000,6.560000,22.320000,75.739998,20.410000,34.490002,100.680000,101.660004,151.910004,118.489998,1513715
2023-12-28,10.360000,71.769997,78.389999,311.809998,12.470000,476.690002,52.240002,36.209999,20.480000,6.480000,21.620001,72.900002,20.250000,34.200001,98.949997,100.190002,149.770004,116.500000,1184164
2023-12-29,10.280000,71.650002,77.040001,309.519989,12.450000,475.309998,52.040001,36.150002,20.280001,6.350000,21.280001,72.110001,20.139999,34.180000,97.830002,99.980003,149.160004,116.070000,1582760
2024-01-02,10.010000,70.379997,75.889999,307.589996,13.200000,472.649994,51.980000,36.119999,20.160000,6.250000,20.650000,70.209999,20.049999,33.930000,95.279999,102.360001,149.479996,117.589996,1717971
2024-01-03,9.800000,72.699997,78.250000,308.859985,14.040000,468.790009,52.650002,36.570000,20.320000,6.200000,20.620001,69.330002,19.879999,33.919998,94.089996,103.220001,152.330002,119.930000,2780262
2024-01-04,9.430000,72.190002,77.589996,301.929993,14.130000,467.279999,51.689999,35.779999,20.059999,6.030000,20.209999,67.410004,19.559999,33.250000,92.430000,102.320000,150.660004,116.480003,2502730
2024-01-05,9.620000,73.809998,78.760002,305.290009,13.350000,467.920013,51.860001,35.970001,20.590000,6.140000,20.760000,69.430000,19.830000,33.419998,94.889999,102.629997,150.399994,116.529999,1799857
2024-01-08,9.480000,70.769997,76.120003,297.869995,13.080000,474.600006,50.320000,35.209999,20.209999,5.950000,20.410000,68.559998,19.049999,32.439999,93.230003,100.919998,149.500000,114.500000,1883554
2024-01-09,9.390000,72.239998,77.589996,290.220001,12.760000,473.880005,48.560001,34.509998,19.510000,5.830000,19.500000,66.400002,18.850000,31.620001,91.650002,99.669998,145.699997,112.760002,2368066
2024-01-10,9.260000,71.370003,76.800003,286.450012,12.690000,476.559998,48.450001,34.070000,19.090000,5.700000,19.110001,64.820000,18.510000,31.230000,89.830002,98.690002,144.500000,111.180000,1214282
2024-01-11,9.430000,72.019997,77.410004,287.750000,12.440000,476.350006,48.799999,34.189999,19.450001,5.590000,19.170000,65.129997,18.660000,31.170000,92.000000,98.669998,145.279999,111.000000,1838788
2024-01-12,9.420000,72.680000,78.290001,291.829987,12.700000,476.679993,49.950001,34.480000,19.980000,5.570000,19.700001,65.699997,18.879999,31.520000,94.230003,99.949997,147.270004,111.699997,2229011
2024-01-16,9.560000,72.400002,78.290001,284.119995,13.840000,474.929993,48.299999,33.509998,19.350000,5.390000,19.330000,65.379997,18.650000,30.670000,92.230003,97.690002,143.690002,108.639999,2815138
2024-01-17,9.430000,72.559998,77.879997,282.709991,14.790000,472.290009,47.889999,33.240002,19.080000,5.290000,19.440001,67.680000,18.760000,30.790001,92.830002,96.980003,143.119995,107.570000,1616058
2024-01-18,9.600000,74.080002,79.099998,286.309998,14.130000,476.489990,48.560001,33.310001,19.469999,5.370000,20.030001,68.360001,19.049999,30.870001,94.500000,96.800003,141.820007,106.930000,1271538
2024-01-19,9.570000,73.410004,78.559998,288.230011,13.300000,482.429993,49.639999,33.970001,19.500000,5.340000,20.209999,68.309998,19.370001,30.700001,95.230003,96.949997,142.240005,107.870003,1741969
2024-01-22,9.750000,75.190002,80.059998,292.750000,13.190000,483.450012,50.680000,34.430000,19.969999,5.420000,20.590000,70.559998,19.639999,30.980000,95.290001,96.820000,142.490005,108.059998,1525021
2024-01-23,9.810000,74.370003,79.550003,294.279999,12.550000,484.859985,50.419998,35.299999,20.100000,5.490000,20.680000,71.290001,19.549999,31.530001,95.949997,97.910004,142.089996,107.989998,1123658
2024-01-24,9.900000,75.089996,80.040001,300.459991,13.140000,485.390015,51.669998,36.830002,20.900000,5.740000,20.860001,73.349998,19.750000,30.040001,97.330002,99.599998,144.919998,109.669998,1291105
2024-01-25,10.020000,77.360001,82.430000,304.209991,13.450000,488.029999,52.470001,37.000000,20.980000,5.790000,21.250000,73.690002,19.969999,30.299999,99.209999,102.129997,148.570007,112.050003,1380911
2024-01-26,10.100000,78.010002,83.550003,306.470001,13.260000,487.410004,52.919998,37.529999,20.980000,5.710000,21.510000,73.750000,20.570000,30.480000,99.139999,103.000000,149.139999,112.230003,1281581
2024-01-29,10.160000,76.779999,82.400002,306.640015,13.600000,491.269989,53.200001,37.189999,21.000000,5.770000,21.590000,73.410004,20.400000,30.000000,99.620003,103.129997,149.080002,111.599998,1163419
2024-01-30,9.760000,77.820000,82.870003,299.309998,13.310000,490.890015,49.349998,36.810001,19.840000,5.780000,21.350000,69.379997,19.790001,29.340000,87.160004,104.849998,150.119995,114.050003,2581631
2024-01-31,9.400000,75.849998,81.709999,292.519989,14.350000,482.880005,48.700001,35.650002,19.510000,5.460000,20.780001,67.190002,19.340000,28.500000,89.550003,102.809998,147.429993,111.870003,1656029
2024-02-01,9.520000,73.820000,78.699997,291.640015,13.880000,489.200012,49.000000,35.430000,19.850000,5.350000,20.870001,68.330002,19.330000,28.629999,87.980003,102.389999,147.889999,111.379997,1692060
2024-02-02,9.170000,72.279999,77.330002,285.630005,13.850000,494.350006,49.000000,34.770000,17.620001,5.140000,20.160000,65.570000,18.870001,28.990000,85.459999,101.970001,152.240005,110.629997,1644264
2024-02-05,9.090000,72.779999,77.989998,282.549988,13.670000,492.549988,48.549999,34.529999,17.309999,4.980000,20.219999,65.080002,18.799999,28.799999,84.839996,101.550003,152.330002,109.970001,1734970
2024-02-06,9.200000,73.309998,78.589996,287.359985,13.060000,493.980011,48.009998,34.820000,17.520000,5.040000,20.250000,66.160004,18.950001,29.389999,87.690002,102.250000,152.350006,111.519997,1517278
2024-02-07,9.240000,73.860001,79.209999,286.970001,12.830000,498.100006,47.450001,34.740002,17.190001,4.970000,20.030001,65.389999,19.080000,29.120001,93.949997,102.220001,152.130005,112.320000,1077840
2024-02-08,9.460000,76.220001,81.629997,290.540009,12.790000,498.320007,47.790001,35.029999,17.270000,5.230000,20.490000,67.870003,19.250000,29.320000,98.449997,103.970001,154.059998,113.900002,1164615
2024-02-09,9.430000,76.839996,82.190002,287.890015,12.930000,501.200012,47.080002,34.509998,17.200001,5.150000,20.629999,67.510002,19.139999,29.059999,96.669998,101.769997,151.039993,111.160004,1167315
2024-02-12,9.660000,76.919998,82.000000,292.000000,13.930000,500.980011,48.139999,34.529999,17.480000,5.330000,21.190001,68.690002,19.200001,29.500000,97.620003,103.169998,152.080002,111.099998,1879893
2024-02-13,9.420000,77.870003,82.769997,287.040009,15.850000,494.079987,47.580002,34.060001,17.000000,5.170000,20.700001,67.870003,18.990000,29.010000,96.970001,101.339996,150.600006,109.769997,2375448
2024-02-14,9.530000,76.639999,81.599998,288.209991,14.380000,498.570007,47.750000,34.200001,17.280001,5.170000,20.770000,68.220001,19.230000,28.850000,97.459999,100.839996,151.009995,110.120003,1126151
2024-02-15,9.910000,78.029999,82.860001,297.279999,14.010000,502.010010,48.580002,35.340000,17.540001,5.030000,21.790001,69.550003,19.690001,29.200001,102.209999,103.730003,154.460007,111.000000,1434742
2024-02-16,9.800000,79.190002,83.470001,297.260010,14.240000,499.510010,48.570000,35.310001,17.219999,4.890000,22.049999,67.959999,19.719999,29.150000,101.610001,103.730003,154.630005,110.570000,1207593
2024-02-20,9.750000,78.180000,82.339996,294.489990,15.420000,496.760010,48.520000,35.130001,17.129999,4.670000,21.680000,68.769997,19.940001,29.049999,100.470001,102.750000,154.000000,109.540001,1258261
2024-02-21,9.850000,77.910004,83.029999,298.500000,15.340000,497.209991,49.209999,35.130001,17.270000,4.860000,21.920000,70.059998,20.270000,29.340000,103.610001,104.849998,155.440002,112.870003,1051414
2024-02-22,10.190000,78.610001,83.669998,302.369995,14.540000,507.500000,49.259998,35.299999,17.410000,4.820000,22.530001,73.029999,21.520000,29.200001,107.750000,104.760002,155.429993,112.220001,2367514
2024-02-23,10.160000,76.489998,81.620003,300.690002,13.750000,507.850006,48.820000,35.209999,17.230000,4.670000,21.969999,72.919998,21.530001,29.889999,105.730003,103.839996,154.660004,111.510002,2591395
2024-02-26,10.250000,77.580002,82.529999,299.959991,13.740000,505.989990,48.560001,34.910000,16.910000,4.750000,21.910000,73.879997,21.969999,29.840000,105.029999,104.250000,154.449997,112.419998,1782803
2024-02-27,9.110000,78.870003,83.650002,300.529999,13.430000,506.929993,48.459999,34.959999,17.200001,4.830000,21.379999,71.900002,21.969999,29.719999,104.129997,104.029999,152.160004,111.610001,6548698
2024-02-28,9.050000,78.540001,83.680000,298.019989,13.840000,506.260010,48.160000,34.950001,16.920000,4.780000,20.770000,70.370003,21.910000,29.480000,104.239998,104.320000,152.339996,112.040001,2671107
2024-02-29,9.000000,78.260002,83.620003,297.079987,13.400000,508.079987,48.330002,35.070000,16.900000,4.690000,19.760000,70.029999,21.690001,29.590000,102.610001,104.519997,152.009995,112.540001,2728192
2024-03-01,9.570000,79.970001,83.550003,305.010010,13.110000,512.849976,49.349998,35.639999,17.100000,5.090000,20.639999,80.089996,22.580000,29.959999,109.010002,105.839996,152.809998,114.239998,2491947
2024-03-04,9.310000,78.739998,82.800003,301.320007,13.490000,512.299988,49.419998,35.180000,16.870001,5.110000,20.370001,81.989998,21.680000,29.430000,105.510002,104.360001,148.880005,111.639999,1877239
2024-03-05,9.390000,78.150002,82.040001,302.899994,14.460000,507.179993,49.660000,35.180000,16.990000,5.120000,20.129999,82.260002,21.820000,30.170000,105.440002,105.639999,149.589996,111.220001,1541200
2024-03-06,9.360000,79.129997,82.959999,303.920013,14.500000,509.750000,50.029999,35.349998,17.240000,5.140000,20.059999,79.320000,21.590000,30.559999,105.339996,106.769997,148.330002,111.989998,1888042
2024-03-07,9.580000,78.930000,82.959999,310.910004,14.440000,514.809998,50.779999,36.189999,17.670000,5.150000,20.420000,79.690002,22.240000,30.830000,109.430000,107.370003,149.369995,112.739998,1327096
2024-03-08,9.550000,78.010002,82.080002,309.390015,14.740000,511.720001,50.400002,36.209999,17.670000,5.250000,20.570000,81.449997,22.020000,30.600000,108.230003,108.379997,149.880005,113.000000,1694056
2024-03-11,9.430000,77.930000,82.209999,314.149994,15.220000,511.279999,51.529999,36.660000,17.930000,5.430000,20.520000,81.099998,22.280001,31.299999,111.610001,109.019997,152.000000,115.250000,1562444
2024-03-12,9.500000,77.559998,81.919998,314.019989,13.840000,516.780029,51.570000,36.750000,17.889999,5.410000,20.450001,82.669998,22.320000,31.490000,110.070000,108.320000,151.889999,115.019997,1323168
2024-03-13,9.740000,79.720001,84.029999,318.440002,13.750000,515.969971,52.570000,36.529999,18.500000,5.620000,20.910000,86.260002,23.230000,31.750000,112.889999,109.529999,153.889999,117.550003,1341239
2024-03-14,9.780000,81.260002,85.419998,322.299988,14.400000,514.950012,53.230000,37.610001,18.680000,5.660000,21.180000,85.290001,24.040001,31.940001,112.720001,111.470001,155.699997,119.779999,1501898
2024-03-15,9.910000,81.040001,85.339996,323.279999,14.410000,509.829987,52.869999,37.730000,18.559999,5.800000,21.790001,87.029999,24.549999,32.320000,112.910004,111.269997,155.550003,120.040001,3098019
2024-03-18,10.050000,82.720001,86.889999,324.119995,14.330000,512.859985,53.430000,37.709999,18.570000,5.770000,21.790001,87.550003,24.580000,32.389999,112.820000,112.300003,155.410004,120.260002,1409837
2024-03-19,10.330000,83.470001,87.379997,331.279999,13.820000,515.710022,54.480000,38.470001,19.040001,6.040000,22.290001,90.099998,24.950001,33.220001,114.760002,113.089996,156.619995,122.019997,1014880
2024-03-20,10.390000,81.680000,85.949997,331.730011,13.040000,520.479980,54.400002,38.220001,19.180000,6.100000,22.070000,88.650002,24.879999,33.389999,116.910004,112.989998,154.550003,121.910004,950674
2024-03-21,10.430000,81.070000,85.779999,333.799988,12.920000,522.200012,54.439999,38.459999,19.350000,6.060000,22.570000,89.849998,25.190001,33.759998,116.339996,113.489998,154.860001,123.510002,1476618
2024-03-22,10.500000,80.629997,85.430000,331.709991,13.060000,521.210022,53.990002,38.389999,19.110001,5.970000,22.650000,90.870003,25.280001,33.439999,117.000000,113.489998,154.660004,123.029999,1549318
2024-03-25,10.790000,81.949997,86.750000,334.320007,13.190000,519.770020,54.310001,38.820000,19.240000,6.220000,23.320000,91.790001,25.340000,33.290001,119.169998,114.650002,156.470001,126.230003,1732578
2024-03-26,10.710000,81.620003,86.250000,330.640015,13.240000,518.809998,54.070000,38.310001,19.049999,6.120000,22.840000,91.050003,25.360001,32.830002,117.489998,113.790001,155.270004,125.989998,1296965
2024-03-27,10.820000,81.349998,86.089996,335.269989,12.780000,523.169983,54.900002,38.830002,19.200001,6.250000,23.330000,92.199997,25.330000,33.090000,116.489998,114.970001,156.350006,126.839996,1477121
2024-03-28,10.840000,83.169998,87.480003,336.329987,13.010000,523.070007,54.810001,39.419998,19.520000,6.280000,23.400000,92.000000,25.110001,33.500000,115.419998,116.239998,157.740005,127.279999,1426818
2024-04-01,10.950000,83.709999,87.419998,338.019989,13.650000,522.159973,55.220001,39.930000,19.700001,6.370000,23.450001,93.800003,25.490000,33.439999,118.330002,116.989998,159.080002,128.679993,1252474
2024-04-02,11.410000,85.150002,88.919998,342.869995,14.610000,518.840027,54.680000,39.910000,20.020000,6.590000,24.790001,94.760002,26.360001,33.590000,123.269997,119.279999,159.779999,130.669998,2679233
2024-04-03,11.740000,85.430000,89.349998,348.910004,14.330000,519.409973,54.860001,40.840000,20.100000,6.680000,25.510000,98.739998,26.900000,33.880001,126.410004,119.300003,160.440002,131.630005,2035818
2024-04-04,11.510000,86.589996,90.650002,344.649994,16.350000,513.070007,54.270000,40.650002,20.059999,6.540000,24.990000,98.019997,26.370001,33.919998,123.330002,119.720001,160.690002,131.750000,1537963
2024-04-05,11.760000,86.910004,91.169998,349.350006,16.030001,518.429993,55.029999,41.240002,20.510000,6.530000,25.200001,98.699997,26.930000,34.310001,123.669998,121.370003,161.600006,133.520004,1481083
2024-04-08,11.800000,86.430000,90.379997,345.880005,15.190000,518.719971,54.040001,40.959999,20.379999,6.550000,25.059999,98.589996,26.620001,34.250000,123.279999,120.550003,161.270004,132.419998,1275904
2024-04-09,11.720000,85.230003,89.419998,344.429993,14.980000,519.320007,54.169998,40.980000,20.250000,6.380000,24.520000,97.089996,26.190001,34.189999,121.010002,121.180000,162.000000,132.250000,1333704
2024-04-10,11.870000,86.209999,90.480003,345.799988,15.800000,514.119995,54.200001,41.110001,20.280001,6.430000,24.420000,99.129997,26.950001,34.150002,121.830002,122.199997,162.669998,132.820007,1341916
2024-04-11,11.810000,85.019997,89.739998,342.339996,14.910000,518.000000,54.000000,40.939999,20.090000,6.220000,24.510000,98.209999,26.360001,33.990002,120.680000,121.790001,161.889999,132.919998,1476765
2024-04-12,11.600000,85.660004,90.449997,334.170013,17.309999,510.850006,52.000000,39.669998,19.629999,6.180000,23.969999,96.889999,25.870001,33.049999,117.669998,120.370003,158.960007,131.199997,1945456
2024-04-15,11.110000,85.410004,90.099998,329.500000,19.230000,504.450012,51.669998,39.099998,19.170000,6.050000,23.440001,93.629997,25.469999,32.450001,115.559998,119.680000,157.589996,130.250000,1936549
2024-04-16,10.870000,85.360001,90.019997,325.290009,18.400000,503.529999,51.410000,38.439999,18.860001,5.910000,22.969999,92.199997,25.280001,32.099998,113.709999,118.690002,156.279999,129.529999,1588867
2024-04-17,10.690000,82.690002,87.290001,321.339996,18.209999,500.549988,50.810001,38.040001,18.469999,5.680000,22.530001,90.059998,25.340000,32.020000,110.410004,118.629997,156.399994,128.330002,1589186
2024-04-18,10.630000,82.730003,87.110001,321.230011,18.000000,499.519989,50.939999,38.650002,18.500000,5.550000,22.280001,88.779999,25.160000,32.200001,110.930000,118.519997,157.570007,127.809998,938349
2024-04-19,10.820000,83.139999,87.290001,323.859985,18.709999,495.160004,49.849998,39.080002,18.750000,5.670000,22.600000,89.510002,25.219999,32.599998,112.790001,119.879997,160.000000,129.380005,1573181
2024-04-22,10.840000,82.849998,87.000000,322.510010,16.940001,499.720001,49.509998,38.720001,18.590000,5.810000,22.629999,89.260002,25.379999,32.459999,115.099998,120.559998,161.919998,129.330002,1051532
2024-04-23,11.150000,83.360001,88.419998,326.890015,15.690000,505.649994,49.549999,38.590000,18.860001,5.940000,23.209999,94.070000,25.840000,33.000000,118.089996,121.029999,162.850006,129.839996,1626593
2024-04-24,11.010000,82.809998,88.019997,325.079987,15.970000,505.410004,49.110001,38.720001,18.830000,5.780000,23.049999,92.669998,25.719999,32.669998,125.010002,121.050003,163.570007,129.279999,1604601
2024-04-25,11.290000,83.570000,89.010002,326.160004,15.370000,503.489990,49.439999,38.720001,18.950001,5.740000,24.549999,93.220001,26.590000,33.299999,123.650002,121.330002,165.279999,130.110001,3737213
2024-04-26,11.320000,83.849998,89.500000,325.950012,15.030000,508.260010,49.200001,38.540001,18.870001,5.870000,24.900000,95.720001,26.590000,32.840000,127.970001,117.959999,165.889999,130.240005,1606727
2024-04-29,11.160000,82.629997,88.400002,326.790009,14.670000,510.059998,49.209999,38.880001,19.350000,5.820000,24.360001,96.080002,26.600000,33.220001,129.250000,119.639999,166.330002,130.220001,1112719
2024-04-30,10.740000,81.930000,87.860001,312.989990,15.650000,501.980011,47.480000,37.470001,18.490000,5.220000,22.910000,91.849998,25.620001,32.619999,123.620003,118.269997,161.270004,125.620003,1395972
2024-05-01,10.580000,79.000000,83.440002,308.429993,15.390000,500.350006,47.160000,36.330002,18.379999,5.270000,22.219999,91.419998,25.360001,31.889999,118.849998,116.029999,159.630005,124.339996,1122729
2024-05-02,10.830000,78.949997,83.669998,311.859985,14.680000,505.029999,47.580002,36.700001,18.559999,5.370000,22.520000,93.889999,25.930000,31.930000,122.269997,116.239998,160.729996,122.250000,1163126
2024-05-03,10.950000,78.110001,82.959999,314.679993,13.490000,511.290009,47.660000,36.730000,18.540001,5.570000,22.889999,106.510002,25.959999,31.920000,122.599998,116.000000,160.250000,122.230003,1626413
2024-05-06,11.350000,78.480003,83.330002,319.239990,13.490000,516.570007,47.959999,36.919998,18.900000,5.670000,23.510000,107.290001,26.360001,32.000000,124.589996,116.750000,162.300003,123.550003,1660779
2024-05-07,11.370000,78.379997,83.160004,319.929993,13.230000,517.140015,48.169998,37.200001,18.959999,5.720000,23.389999,108.830002,26.719999,32.139999,124.510002,116.169998,162.669998,123.540001,1356957
2024-05-08,11.560000,78.989998,83.580002,318.959991,13.000000,517.190002,47.860001,37.040001,18.920000,5.750000,23.370001,107.139999,26.600000,31.900000,122.599998,116.150002,162.539993,123.059998,1602510
2024-05-09,11.560000,79.260002,83.879997,324.690002,12.690000,520.169983,48.480000,37.480000,19.129999,5.880000,23.750000,106.970001,26.830000,32.779999,125.370003,118.440002,165.449997,123.389999,2483910
2024-05-10,11.310000,78.260002,82.790001,320.829987,12.550000,520.840027,48.500000,37.070000,18.840000,5.760000,23.260000,104.760002,26.600000,32.340000,121.809998,117.959999,165.820007,121.910004,1424358
2024-05-13,11.360000,79.120003,83.360001,322.589996,13.600000,520.909973,48.750000,37.340000,18.760000,5.810000,23.299999,103.260002,26.420000,32.410000,122.750000,117.910004,164.529999,121.589996,904720
2024-05-14,11.560000,78.019997,82.379997,325.420013,13.420000,523.299988,48.619999,37.560001,18.900000,6.010000,23.490000,106.550003,26.690001,32.630001,124.459999,117.669998,163.610001,121.040001,1169275
2024-05-15,11.630000,78.629997,82.750000,324.950012,12.450000,529.780029,48.310001,37.360001,18.850000,6.040000,23.490000,108.110001,26.570000,32.930000,125.099998,118.580002,163.050003,120.699997,871856
2024-05-16,11.640000,79.230003,83.269997,325.489990,12.420000,528.690002,48.419998,37.480000,18.889999,6.000000,23.530001,106.730003,26.469999,33.020000,122.849998,117.870003,161.089996,119.830002,970192
2024-05-17,11.680000,80.059998,83.980003,327.670013,11.990000,529.450012,48.590000,37.900002,19.059999,6.030000,23.719999,105.500000,26.490000,33.459999,123.800003,119.639999,162.669998,121.709999,905479
2024-05-20,11.790000,79.800003,83.709999,329.619995,12.150000,530.059998,48.230000,37.959999,18.980000,6.240000,24.030001,107.320000,26.920000,33.110001,125.129997,118.669998,161.139999,120.889999,1253441
2024-05-21,11.770000,79.260002,82.879997,328.899994,11.860000,531.359985,48.290001,37.630001,19.110001,6.160000,24.280001,107.070000,26.590000,33.020000,123.650002,117.849998,159.970001,120.410004,1623797
2024-05-22,11.410000,77.570000,81.900002,317.130005,12.290000,529.830017,46.480000,36.369999,18.240000,5.920000,23.180000,102.529999,25.389999,32.090000,117.589996,115.480003,157.570007,118.190002,967822
2024-05-23,11.240000,76.870003,81.360001,314.489990,12.770000,525.960022,46.320000,35.980000,18.250000,5.810000,22.760000,102.070000,25.590000,31.809999,114.809998,113.510002,156.940002,117.650002,1364017
2024-05-24,11.200000,77.720001,82.120003,315.329987,11.930000,529.440002,46.240002,36.110001,18.240000,5.770000,23.260000,102.800003,25.840000,32.369999,115.150002,113.419998,157.750000,117.250000,1263785
2024-05-28,11.420000,79.830002,84.220001,320.929993,12.920000,529.809998,46.529999,36.520000,18.549999,6.110000,23.840000,105.730003,26.280001,32.410000,120.790001,114.860001,159.039993,118.959999,1180821
2024-05-29,11.230000,79.230003,83.599998,313.899994,14.280000,526.099976,45.639999,35.810001,18.110001,5.940000,23.379999,102.599998,25.860001,31.930000,118.820000,113.629997,156.899994,115.250000,909005
2024-05-30,11.400000,77.910004,81.860001,315.019989,14.470000,522.609985,45.590000,35.959999,18.330000,5.900000,23.670000,103.040001,26.129999,32.480000,118.639999,113.989998,158.259995,113.580002,991424
2024-05-31,11.510000,76.989998,81.620003,321.390015,12.920000,527.369995,45.889999,36.700001,18.820000,6.200000,23.680000,103.330002,26.190001,33.480000,120.339996,117.260002,162.300003,116.480003,1538990
2024-06-03,10.650000,74.220001,78.360001,305.760010,13.110000,527.799988,44.070000,34.740002,17.750000,5.710000,21.750000,96.389999,24.500000,32.150002,114.550003,114.449997,157.460007,113.870003,1246991
2024-06-04,10.350000,73.250000,77.519997,298.799988,13.160000,528.390015,43.410000,33.869999,17.280001,5.400000,21.139999,93.129997,24.320000,31.629999,111.070000,112.669998,156.130005,112.269997,1396318
2024-06-05,10.370000,74.070000,78.410004,299.739990,12.630000,534.669983,43.200001,33.480000,17.320000,5.420000,21.139999,93.980003,24.280001,31.750000,111.699997,113.120003,154.979996,112.230003,1274535
2024-06-06,10.310000,75.550003,79.870003,300.230011,12.580000,534.659973,43.660000,33.820000,17.400000,5.450000,21.059999,94.440002,24.370001,31.750000,111.070000,113.970001,155.929993,112.199997,1002468
2024-06-07,10.300000,75.529999,79.620003,301.440002,12.220000,534.010010,44.549999,34.080002,17.320000,5.400000,20.860001,93.480003,24.270000,31.639999,112.470001,112.750000,156.080002,112.000000,1267899
2024-06-10,10.780000,77.739998,81.629997,309.850006,12.740000,535.659973,44.980000,34.509998,17.610001,5.640000,21.570000,105.860001,24.910000,32.439999,116.300003,113.080002,156.740005,113.300003,2074962
2024-06-11,10.820000,77.900002,81.919998,308.790009,12.850000,536.950012,44.959999,34.480000,17.830000,5.600000,21.459999,103.029999,24.650000,32.240002,114.290001,112.169998,156.490005,113.629997,2112262
2024-06-12,10.990000,78.500000,82.599998,310.549988,12.040000,541.359985,44.709999,34.560001,18.059999,5.680000,22.059999,105.730003,24.920000,32.240002,115.410004,110.930000,154.220001,112.190002,1667738
2024-06-13,10.540000,78.620003,82.750000,303.480011,11.940000,542.450012,43.810001,33.770000,17.900000,5.410000,21.639999,104.040001,24.480000,31.629999,113.059998,110.040001,152.839996,110.889999,1768592
2024-06-14,10.150000,78.449997,82.620003,295.299988,12.660000,542.780029,43.000000,32.919998,17.500000,5.170000,21.129999,96.989998,24.250000,31.090000,111.550003,109.110001,152.570007,109.389999,1877767
2024-06-17,10.430000,80.330002,84.250000,300.119995,12.750000,547.099976,43.630001,33.410000,18.110001,5.200000,21.379999,96.400002,24.350000,32.029999,113.389999,108.360001,153.190002,109.540001,1555048
2024-06-18,10.500000,81.570000,85.330002,301.070007,12.300000,548.489990,44.439999,32.939999,18.150000,5.240000,21.719999,95.709999,24.639999,32.139999,115.500000,109.379997,153.330002,109.410004,1462426
2024-06-20,10.570000,82.169998,85.709999,304.359985,13.280000,547.000000,45.459999,33.330002,18.160000,5.170000,21.719999,95.430000,24.709999,32.970001,116.209999,111.739998,156.639999,111.330002,1822197
2024-06-21,10.590000,80.730003,85.239998,305.339996,13.200000,544.510010,45.660000,33.639999,18.010000,5.150000,22.020000,94.309998,24.980000,32.930000,116.089996,110.760002,155.279999,111.339996,16915029
2024-06-24,10.900000,81.629997,86.010002,313.760010,13.330000,542.739990,47.480000,34.340000,18.580000,5.140000,22.639999,95.250000,25.559999,34.410000,120.260002,114.050003,159.309998,115.169998,1594849
2024-06-25,11.460000,80.830002,85.010002,315.000000,12.840000,544.830017,47.520000,34.619999,18.879999,5.030000,22.809999,92.190002,25.840000,34.849998,121.260002,114.370003,158.460007,114.989998,1908352
2024-06-26,11.450000,80.900002,85.250000,311.420013,12.550000,545.510010,46.230000,34.029999,18.850000,5.190000,22.670000,93.190002,25.700001,34.470001,119.669998,114.410004,155.949997,113.610001,2337359
2024-06-27,11.460000,81.739998,86.389999,313.260010,12.240000,546.369995,47.009998,33.610001,18.879999,5.330000,22.990000,94.220001,25.930000,34.419998,123.000000,114.900002,156.320007,113.970001,1484116
2024-06-28,11.940000,81.540001,86.410004,316.179993,12.440000,544.219971,47.180000,33.779999,19.010000,5.350000,23.660000,95.209999,26.150000,35.169998,122.449997,115.120003,156.419998,114.379997,4667340
2024-07-01,11.980000,83.379997,86.599998,311.859985,12.220000,545.340027,46.580002,33.430000,18.490000,5.050000,23.520000,91.699997,26.260000,34.939999,121.690002,114.959999,156.520004,114.360001,2588652
2024-07-02,12.010000,82.809998,86.239998,313.119995,12.030000,549.010010,46.689999,33.619999,18.480000,5.170000,23.780001,94.660004,26.190001,34.689999,124.529999,114.180000,156.750000,114.120003,1360756
2024-07-03,12.070000,83.879997,87.339996,314.890015,12.090000,551.460022,47.310001,33.779999,18.500000,5.180000,24.030001,95.260002,26.270000,34.470001,125.529999,114.760002,156.710007,114.769997,864006
2024-07-05,11.910000,83.160004,86.540001,309.790009,12.480000,554.640015,46.139999,33.099998,18.020000,5.100000,23.830000,94.110001,25.990000,34.220001,121.779999,113.370003,154.309998,112.550003,943445
2024-07-08,11.950000,82.330002,85.750000,309.850006,12.370000,555.280029,46.240002,33.209999,18.010000,5.060000,24.299999,94.800003,26.170000,34.169998,121.980003,112.180000,154.330002,112.230003,1077521
2024-07-09,11.790000,81.410004,84.660004,305.119995,12.510000,555.820007,45.200001,32.830002,17.700001,5.010000,24.000000,92.279999,25.969999,33.430000,120.010002,110.940002,152.979996,111.190002,1037563
2024-07-10,11.830000,82.099998,85.080002,307.760010,12.850000,561.320007,45.279999,33.020000,17.790001,4.990000,24.160000,93.459999,26.500000,33.840000,122.790001,111.919998,155.130005,112.529999,1203156
2024-07-11,12.260000,82.620003,85.400002,315.250000,12.920000,556.479980,46.189999,33.619999,18.360001,5.180000,25.139999,97.160004,26.959999,34.509998,126.209999,113.250000,155.259995,113.989998,1249199
2024-07-12,12.120000,82.209999,85.029999,317.350006,12.460000,559.989990,46.419998,33.939999,18.520000,5.300000,25.080000,99.430000,26.670000,34.500000,127.720001,113.269997,155.589996,113.139999,1250787
2024-07-15,12.730000,81.910004,84.849998,329.209991,13.120000,561.530029,47.959999,35.230000,19.200001,5.520000,26.180000,104.879997,28.280001,35.709999,132.740005,115.209999,158.039993,114.570000,1977234
2024-07-16,12.820000,80.760002,83.730003,335.100006,13.190000,564.859985,48.720001,35.959999,19.510000,5.630000,26.670000,106.470001,28.000000,36.299999,134.259995,116.040001,157.770004,115.190002,1689268
2024-07-17,12.530000,82.849998,85.080002,333.760010,14.480000,556.940002,48.900002,36.360001,19.469999,5.590000,26.370001,100.680000,27.420000,36.160000,128.550003,117.639999,161.229996,116.080002,2308125
2024-07-18,12.610000,82.820000,85.110001,331.350006,15.930000,552.659973,48.720001,36.439999,19.250000,5.410000,26.290001,102.480003,27.639999,35.889999,130.020004,118.800003,161.970001,116.610001,2274204
2024-07-19,12.590000,80.129997,82.629997,328.880005,16.520000,548.989990,49.669998,34.400002,18.969999,5.270000,25.879999,103.949997,28.150000,35.930000,130.699997,116.070000,159.149994,114.349998,1810156
2024-07-22,12.650000,79.779999,82.400002,327.190002,14.910000,554.650024,49.439999,33.389999,18.790001,5.400000,26.150000,104.650002,28.010000,35.660000,132.229996,115.269997,156.990005,112.320000,1186613
2024-07-23,12.720000,76.959999,81.010002,327.290009,14.720000,553.780029,49.049999,33.490002,18.639999,5.520000,26.209999,103.440002,28.250000,35.650002,133.789993,113.410004,154.089996,110.830002,1267252
2024-07-24,12.530000,77.589996,81.709999,319.570007,18.040001,541.229980,48.029999,32.990002,18.250000,5.260000,25.450001,99.839996,27.290001,34.900002,121.550003,115.010002,155.070007,111.099998,1630582
2024-07-25,12.540000,78.279999,82.370003,329.739990,18.459999,538.409973,48.230000,34.160000,18.670000,5.820000,28.950001,100.059998,28.379999,35.580002,117.760002,117.430000,157.539993,111.029999,4204523
2024-07-26,12.440000,77.160004,81.129997,334.109985,16.389999,544.440002,48.830002,34.400002,19.850000,5.800000,29.750000,98.309998,28.870001,37.650002,117.379997,117.330002,157.839996,110.860001,2373801
2024-07-29,11.430000,75.809998,79.779999,330.290009,16.600000,544.760010,47.860001,33.880001,19.809999,5.680000,29.059999,95.889999,29.350000,38.470001,115.120003,116.099998,156.600006,109.120003,3043162
2024-07-30,11.430000,74.730003,78.629997,331.440002,17.690001,542.000000,47.610001,34.299999,20.459999,5.680000,29.139999,95.540001,29.010000,38.240002,114.690002,118.169998,159.570007,109.910004,4515692
2024-07-31,11.800000,77.910004,80.720001,337.369995,16.360001,550.809998,48.290001,34.680000,20.820000,5.790000,30.020000,98.959999,29.500000,38.720001,117.860001,118.589996,160.470001,111.199997,1985836
2024-08-01,11.240000,76.309998,79.519997,323.130005,18.590000,543.010010,46.660000,33.240002,19.600000,5.460000,28.980000,94.510002,28.799999,37.650002,111.919998,116.949997,152.619995,108.389999,2086355
2024-08-02,10.560000,73.519997,76.809998,306.880005,23.389999,532.900024,44.930000,31.820000,18.690001,5.200000,26.430000,87.540001,27.059999,35.740002,105.669998,116.879997,148.550003,105.769997,1698635
2024-08-05,10.130000,72.940002,76.300003,295.630005,38.570000,517.380005,43.770000,30.879999,17.580000,5.010000,25.200001,84.589996,25.629999,34.509998,100.510002,114.769997,144.660004,104.570000,2330734
2024-08-06,10.170000,73.199997,76.480003,293.970001,27.709999,522.150024,43.400002,30.930000,17.650000,5.050000,25.049999,88.150002,25.700001,34.209999,103.389999,114.160004,143.229996,105.800003,1777002
2024-08-07,10.070000,75.230003,78.330002,292.309998,27.850000,518.659973,42.860001,30.740000,17.570000,5.030000,25.020000,84.940002,25.209999,34.240002,102.139999,115.680000,142.410004,106.930000,1123392
2024-08-08,10.340000,76.190002,79.160004,299.019989,23.790001,530.650024,43.689999,31.230000,17.990000,5.280000,26.160000,87.300003,26.139999,35.200001,106.389999,117.889999,144.490005,108.269997,839535
2024-08-09,10.260000,76.839996,79.660004,297.720001,20.370001,532.989990,43.549999,31.000000,17.850000,5.180000,26.360001,84.599998,25.980000,35.070000,108.309998,118.849998,144.990005,108.610001,998526
2024-08-12,10.360000,80.059998,82.300003,300.089996,20.709999,533.270020,43.900002,31.379999,17.660000,5.210000,26.770000,86.209999,26.260000,35.150002,107.510002,119.000000,145.020004,110.029999,1048752
2024-08-13,10.370000,78.349998,80.690002,297.750000,18.120001,542.039978,43.770000,31.090000,17.709999,5.150000,26.500000,85.139999,26.190001,34.820000,107.400002,117.860001,144.149994,108.339996,970896
2024-08-14,10.350000,76.980003,79.760002,296.470001,16.190001,543.750000,43.779999,30.870001,17.570000,5.050000,26.450001,85.300003,26.180000,34.750000,106.019997,118.949997,144.669998,109.330002,764985
2024-08-15,10.570000,78.160004,81.040001,302.410004,15.230000,553.070007,45.040001,31.280001,17.930000,5.230000,27.049999,88.620003,26.969999,35.080002,108.650002,118.730003,146.800003,111.230003,1060551
2024-08-16,10.760000,76.650002,79.680000,301.959991,14.800000,554.309998,44.779999,31.379999,17.940001,5.180000,27.110001,89.239998,26.990000,34.939999,107.690002,118.169998,147.270004,111.180000,938003
2024-08-19,10.850000,74.370003,77.660004,304.089996,14.650000,559.609985,45.360001,31.850000,18.129999,5.200000,27.129999,89.489998,26.930000,35.160000,108.089996,118.529999,146.830002,111.739998,819481
2024-08-20,10.330000,74.040001,77.199997,293.980011,15.880000,558.700012,44.029999,31.080000,17.510000,4.980000,26.030001,85.690002,25.900000,34.209999,102.989998,114.580002,144.690002,109.849998,1076866
2024-08-21,10.360000,71.930000,76.050003,295.160004,16.270000,560.619995,44.200001,31.209999,17.540001,4.930000,26.020000,86.089996,26.010000,34.450001,104.050003,113.849998,145.320007,109.620003,1049971
2024-08-22,10.470000,73.010002,77.220001,293.980011,17.549999,556.219971,44.119999,31.150000,17.459999,4.730000,25.730000,84.370003,26.000000,34.619999,104.230003,114.730003,145.729996,109.970001,1270765
2024-08-23,11.050000,74.830002,79.019997,302.579987,15.860000,562.130005,45.119999,31.760000,18.000000,4.970000,26.850000,88.629997,26.680000,35.220001,108.010002,116.320000,147.619995,111.400002,1110441
2024-08-26,11.260000,77.419998,81.430000,304.720001,16.150000,560.789978,45.599998,31.870001,18.010000,4.970000,27.309999,90.370003,26.790001,35.430000,108.629997,118.809998,148.500000,113.559998,1009456
2024-08-27,11.260000,75.529999,79.550003,302.089996,15.430000,561.559998,45.040001,31.620001,17.889999,4.930000,27.059999,89.660004,26.820000,35.400002,107.620003,117.680000,146.949997,112.430000,814541
2024-08-28,11.380000,74.519997,78.650002,295.820007,17.110001,558.299988,43.740002,31.000000,17.809999,4.720000,27.049999,88.559998,26.770000,34.959999,104.070000,116.519997,146.000000,112.150002,1282634
2024-08-29,11.460000,75.910004,79.940002,299.440002,15.650000,558.349976,44.180000,31.379999,17.950001,4.740000,27.290001,88.309998,26.900000,35.259998,104.720001,118.129997,147.419998,114.370003,1304017
2024-08-30,11.220000,73.550003,78.800003,298.570007,15.000000,563.679993,43.990002,31.090000,17.770000,4.740000,26.990000,88.699997,26.840000,35.169998,104.940002,117.940002,147.949997,113.790001,1217645
2024-09-03,10.640000,70.339996,73.750000,285.440002,20.719999,552.080017,42.290001,29.850000,17.180000,4.320000,25.049999,80.629997,25.490000,33.990002,97.419998,115.470001,144.660004,109.849998,1457583
2024-09-04,10.280000,69.199997,72.699997,281.160004,21.320000,550.950012,41.320000,29.420000,16.850000,4.140000,24.760000,79.660004,25.430000,34.060001,95.849998,114.059998,142.070007,108.559998,1340767
2024-09-05,10.150000,69.150002,72.690002,279.760010,19.900000,549.609985,41.220001,29.070000,16.690001,4.170000,24.790001,78.239998,25.190001,34.110001,93.300003,113.169998,140.929993,107.449997,1810693
2024-09-06,9.750000,67.669998,71.059998,274.440002,22.379999,540.359985,40.619999,28.590000,16.270000,4.120000,23.600000,74.430000,24.020000,33.939999,90.050003,112.639999,138.559998,106.019997,1531870
2024-09-09,9.610000,68.709999,71.839996,274.489990,19.450001,546.409973,40.410000,28.680000,16.230000,4.160000,23.440001,73.400002,23.680000,33.689999,90.949997,115.010002,140.300003,105.599998,1905613
2024-09-10,9.200000,65.750000,69.190002,268.630005,19.080000,548.789978,39.590000,28.309999,15.870000,3.920000,22.410000,69.320000,23.459999,33.169998,87.889999,110.820000,138.229996,104.000000,1906456
2024-09-11,9.310000,67.309998,70.610001,268.609985,17.690001,554.419983,39.570000,27.969999,15.880000,4.060000,22.480000,70.150002,23.730000,32.930000,89.699997,109.720001,137.880005,102.570000,1527112
2024-09-12,9.440000,68.970001,71.970001,270.820007,17.070000,559.090027,39.799999,28.020000,16.000000,4.150000,22.850000,70.680000,23.920000,33.290001,90.099998,111.230003,139.210007,102.900002,1072487
2024-09-13,9.480000,68.650002,71.610001,271.230011,16.559999,562.010010,39.959999,27.870001,15.860000,4.130000,23.200001,71.480003,24.250000,33.400002,91.529999,111.150002,140.610001,103.500000,1823391
2024-09-16,9.700000,70.089996,72.750000,277.119995,17.139999,562.840027,40.400002,28.410000,16.070000,4.440000,23.950001,73.949997,24.959999,33.980000,92.690002,112.709999,142.089996,105.550003,1193590
2024-09-17,10.020000,71.190002,73.699997,285.709991,17.610001,563.070007,41.500000,29.299999,16.389999,4.670000,25.500000,74.580002,25.490000,34.730000,93.900002,114.180000,143.410004,108.290001,1019123
2024-09-18,9.840000,70.910004,73.650002,283.709991,18.230000,561.400024,41.419998,29.100000,16.430000,4.570000,25.010000,73.300003,25.360001,34.669998,91.500000,114.580002,143.960007,108.620003,1201945
2024-09-19,10.390000,71.949997,74.879997,290.920013,16.330000,570.979980,42.750000,29.530001,16.900000,4.540000,25.860001,75.500000,26.350000,36.360001,93.320000,116.000000,144.990005,110.550003,3805748
2024-09-20,10.330000,71.919998,74.489998,290.890015,16.150000,568.250000,42.410000,29.469999,16.900000,4.540000,26.020000,75.680000,27.219999,36.040001,95.769997,115.269997,145.679993,109.870003,5499447
2024-09-23,10.240000,70.370003,73.900002,293.309998,15.890000,569.669983,42.900002,29.950001,16.750000,4.550000,26.350000,76.720001,27.379999,36.450001,96.040001,117.360001,147.539993,109.690002,1074549
2024-09-24,10.250000,71.559998,75.169998,293.910004,15.390000,571.299988,42.980000,29.969999,16.750000,4.570000,26.100000,77.379997,27.799999,36.340000,94.459999,117.050003,147.449997,108.910004,1231219
2024-09-25,10.140000,69.690002,73.459999,284.809998,15.410000,570.039978,41.810001,28.870001,16.129999,4.420000,25.059999,73.709999,26.830000,36.049999,87.120003,114.769997,143.970001,105.730003,1876415
2024-09-26,10.240000,67.669998,71.599998,275.920013,15.370000,572.299988,41.169998,27.809999,15.850000,4.170000,24.040001,70.110001,25.260000,34.770000,84.059998,112.800003,141.990005,102.309998,3667492
2024-09-27,10.800000,68.180000,71.980003,282.980011,16.959999,571.469971,42.290001,28.650000,15.980000,4.310000,24.780001,71.790001,25.559999,36.180000,85.169998,115.820000,145.490005,104.720001,5289087
2024-09-30,11.100000,68.169998,71.769997,283.709991,16.730000,573.760010,41.950001,29.049999,15.970000,4.250000,24.870001,71.790001,26.230000,36.150002,84.919998,117.220001,147.270004,105.279999,3070551
2024-10-01,11.200000,69.830002,73.559998,290.600006,19.260000,568.619995,43.139999,29.930000,16.200001,4.390000,25.420000,73.309998,27.570000,36.750000,86.970001,119.930000,149.699997,109.370003,1912222
2024-10-02,11.170000,70.099998,73.900002,292.049988,18.900000,568.859985,43.939999,29.870001,16.120001,4.330000,25.639999,71.419998,27.080000,37.220001,86.709999,121.519997,150.949997,110.360001,1484565
2024-10-03,11.020000,73.709999,77.620003,298.459991,20.490000,567.820007,44.889999,30.730000,16.410000,4.580000,26.180000,72.000000,27.000000,37.549999,89.839996,122.580002,151.250000,112.419998,10473347
2024-10-04,11.170000,74.379997,78.050003,301.899994,19.209999,572.979980,45.459999,31.090000,16.590000,4.670000,26.540001,71.250000,27.379999,37.930000,91.599998,124.830002,150.740005,114.540001,2596598
2024-10-07,10.650000,77.139999,80.930000,301.899994,22.639999,567.799988,45.590000,31.090000,16.520000,4.570000,26.370001,70.300003,27.490000,37.959999,92.190002,125.370003,151.119995,114.720001,2912614
2024-10-08,10.570000,73.570000,77.180000,293.609985,21.420000,573.169983,44.139999,30.049999,16.070000,4.330000,25.639999,69.489998,27.059999,37.459999,90.879997,122.040001,148.750000,110.800003,2435391
2024-10-09,10.500000,73.239998,76.580002,292.570007,20.860001,577.140015,44.209999,30.360001,15.930000,4.290000,25.549999,67.419998,27.090000,37.590000,92.160004,122.089996,149.649994,110.970001,1690407
2024-10-10,10.690000,75.849998,79.400002,295.000000,20.930000,576.130005,44.599998,30.730000,16.180000,4.250000,25.799999,68.080002,27.490000,37.610001,93.790001,123.139999,150.619995,111.860001,1384299
2024-10-11,10.730000,75.559998,79.040001,297.609985,20.459999,579.580017,44.779999,30.820000,16.389999,4.300000,26.180000,67.879997,27.650000,37.700001,94.330002,123.610001,151.419998,110.489998,1447374
2024-10-14,10.570000,73.830002,77.459999,295.119995,19.700001,584.320007,44.700001,30.580000,16.180000,4.240000,25.740000,66.150002,27.170000,37.639999,93.129997,124.080002,151.779999,109.470001,841828
2024-10-15,10.160000,70.580002,74.250000,283.950012,20.639999,579.780029,42.950001,29.230000,15.680000,4.000000,24.750000,63.189999,26.299999,36.320000,90.739998,120.349998,147.729996,105.209999,1396448
2024-10-16,10.410000,70.389999,74.220001,287.290009,19.580000,582.299988,43.680000,29.299999,15.700000,4.120000,25.000000,63.430000,26.490000,36.740002,91.709999,120.660004,148.729996,105.160004,2626221
2024-10-17,10.440000,70.669998,74.449997,287.320007,19.110001,582.349976,43.990002,28.940001,15.620000,4.260000,25.040001,63.750000,26.530001,36.880001,91.760002,120.349998,151.199997,106.150002,1241250
2024-10-18,10.170000,69.220001,73.059998,279.529999,18.030001,584.590027,41.919998,28.330000,15.450000,4.240000,24.090000,62.169998,25.600000,36.400002,85.220001,120.010002,150.750000,105.669998,1344082
2024-10-21,10.000000,70.559998,74.290001,280.200012,18.370001,583.630005,42.430000,28.260000,15.480000,4.260000,24.180000,63.029999,25.420000,36.450001,84.730003,120.080002,150.880005,104.989998,1575144
2024-10-22,9.710000,72.089996,76.040001,278.119995,18.200001,583.320007,41.930000,28.240000,15.410000,4.250000,23.870001,63.470001,25.600000,35.980000,83.970001,120.699997,150.919998,105.000000,1348799
2024-10-23,9.520000,70.769997,74.959999,276.100006,19.240000,577.989990,42.130001,27.809999,15.280000,4.110000,23.230000,61.799999,25.160000,37.000000,81.160004,120.269997,150.479996,104.510002,1532492
2024-10-24,9.250000,70.190002,74.379997,274.920013,19.080000,579.239990,41.250000,27.850000,15.260000,4.100000,24.629999,61.590000,25.860001,36.779999,77.309998,119.589996,150.449997,104.370003,3974909
2024-10-25,9.340000,71.779999,76.050003,278.769989,20.330000,579.039978,41.740002,28.250000,15.720000,4.140000,25.430000,61.020000,26.480000,37.520000,80.349998,119.489998,150.809998,104.559998,2485150
2024-10-28,9.440000,67.379997,71.419998,275.920013,19.799999,580.830017,41.389999,27.889999,15.390000,4.030000,24.900000,61.150002,26.080000,37.400002,80.000000,118.900002,150.539993,103.260002,2529514
2024-10-29,9.280000,67.209999,71.120003,272.029999,19.340000,581.770020,40.430000,27.520000,15.350000,3.920000,24.750000,60.330002,26.100000,37.090000,79.160004,117.279999,148.520004,102.320000,2190107
2024-10-30,9.290000,68.610001,72.550003,272.559998,20.350000,580.010010,40.150002,27.690001,15.510000,3.980000,24.740000,59.759998,26.090000,37.490002,78.550003,116.690002,148.050003,102.980003,1194588
2024-10-31,9.250000,69.260002,73.160004,274.570007,23.160000,568.640015,40.070000,27.740000,15.510000,4.340000,24.400000,60.070000,26.690001,38.080002,79.000000,116.779999,148.820007,109.540001,2244924
2024-11-01,9.180000,69.489998,73.099998,271.790009,21.879999,571.039978,39.759998,27.680000,15.170000,4.240000,24.440001,58.820000,26.280001,37.849998,77.500000,114.949997,153.070007,107.839996,1705458
2024-11-04,9.220000,71.470001,75.080002,276.010010,21.980000,569.809998,40.320000,28.129999,15.390000,4.410000,25.450001,59.770000,26.389999,38.169998,79.790001,118.610001,153.970001,108.860001,1144233
2024-11-05,9.390000,71.989998,75.529999,279.309998,20.490000,576.700012,40.549999,28.530001,15.390000,4.450000,25.750000,60.700001,26.650000,38.580002,81.779999,118.959999,153.410004,109.209999,2306856
2024-11-06,10.130000,71.690002,74.919998,304.320007,16.270000,591.039978,43.770000,30.500000,16.790001,4.670000,29.000000,65.180000,28.260000,42.740002,89.589996,121.000000,157.720001,113.629997,3103830
2024-11-07,10.250000,72.360001,75.629997,301.399994,15.200000,595.609985,43.240002,29.549999,16.530001,4.570000,28.219999,64.150002,28.559999,43.099998,88.279999,121.150002,156.770004,112.400002,1503172
2024-11-08,10.210000,70.379997,73.870003,298.170013,14.940000,598.190002,43.180000,29.230000,16.280001,4.470000,27.900000,56.070000,28.770000,43.020000,87.489998,121.110001,156.929993,111.589996,1388085
2024-11-11,10.520000,68.040001,71.830002,304.859985,14.970000,598.760010,44.290001,30.129999,16.530001,4.500000,28.600000,55.070000,29.010000,44.110001,90.550003,120.470001,156.500000,112.050003,1374505
2024-11-12,10.640000,68.120003,71.889999,302.070007,14.710000,596.900024,44.330002,30.190001,16.540001,4.290000,28.299999,54.389999,29.150000,43.669998,89.449997,120.349998,155.289993,110.639999,1669715
2024-11-13,10.510000,68.430000,72.279999,297.690002,14.020000,597.190002,43.590000,30.190001,16.240000,4.240000,27.830000,53.110001,28.240000,43.070000,85.230003,121.470001,158.720001,111.820000,1251986
2024-11-14,10.310000,68.699997,72.559998,296.859985,14.310000,593.349976,43.450001,30.110001,16.209999,4.460000,27.549999,53.189999,28.490000,43.180000,83.500000,120.559998,161.800003,112.919998,1133811
2024-11-15,9.950000,67.019997,71.040001,292.100006,16.139999,585.750000,43.180000,29.690001,15.970000,4.220000,26.809999,50.730000,28.180000,42.939999,81.860001,119.309998,161.419998,112.320000,1137718
2024-11-18,10.140000,69.160004,73.300003,295.480011,15.580000,588.150024,43.490002,30.450001,16.000000,4.300000,27.459999,50.970001,28.510000,43.070000,83.360001,120.309998,160.759995,113.760002,1971781
2024-11-19,10.490000,69.389999,73.309998,293.809998,16.350000,590.299988,43.099998,30.469999,15.990000,4.200000,27.469999,50.680000,28.770000,42.869999,82.320000,118.629997,159.600006,113.089996,2085438
2024-11-20,10.890000,68.870003,72.809998,297.649994,17.160000,590.500000,43.529999,31.180000,16.260000,4.230000,27.969999,50.439999,29.000000,44.310001,82.430000,120.320000,161.330002,113.430000,1182868
2024-11-21,11.190000,70.099998,74.230003,303.859985,16.870001,593.669983,44.060001,31.870001,16.400000,4.340000,28.809999,52.529999,30.020000,44.880001,85.320000,121.930000,161.630005,111.900002,1165904
2024-11-22,11.360000,71.239998,75.169998,307.260010,15.240000,595.510010,44.230000,31.940001,16.610001,4.470000,30.030001,53.520000,30.830000,44.250000,85.830002,121.790001,162.360001,111.750000,1607976
2024-11-25,10.940000,68.940002,73.010002,303.779999,14.600000,597.530029,43.750000,31.990000,16.250000,4.380000,29.799999,52.160000,30.639999,43.549999,84.379997,119.970001,160.360001,106.099998,1680440
2024-11-26,10.820000,68.769997,72.809998,300.329987,14.100000,600.650024,43.480000,31.809999,16.000000,4.280000,29.290001,50.169998,31.040001,43.529999,81.989998,117.970001,162.529999,106.779999,919778
2024-11-27,10.800000,68.720001,72.830002,301.239990,14.100000,598.830017,43.660000,31.879999,15.990000,4.300000,29.790001,50.270000,31.010000,43.610001,82.540001,117.660004,162.110001,107.389999,781760
2024-11-29,10.690000,68.000000,72.940002,303.299988,13.510000,602.549988,43.939999,31.860001,16.020000,4.400000,29.980000,51.720001,31.370001,43.950001,82.300003,117.959999,161.929993,108.339996,515430
2024-12-02,10.850000,68.099998,71.830002,302.399994,13.340000,603.630005,43.630001,31.559999,16.260000,4.360000,30.580000,51.419998,31.309999,43.689999,83.639999,117.849998,162.210007,106.139999,1531936
2024-12-03,10.720000,69.940002,73.620003,303.149994,13.300000,603.909973,43.650002,31.719999,16.180000,4.410000,30.420000,51.830002,31.520000,43.669998,84.849998,117.669998,161.919998,106.050003,1073994
2024-12-04,10.620000,68.540001,72.309998,297.230011,13.450000,607.659973,42.740002,30.600000,15.840000,4.260000,28.730000,49.759998,31.270000,42.560001,84.800003,114.279999,158.320007,103.510002,969775
2024-12-05,10.490000,68.300003,72.089996,295.290009,13.540000,606.659973,42.020000,30.020000,15.640000,4.170000,28.360001,49.900002,31.950001,42.509998,82.720001,114.779999,159.330002,104.440002,665945
2024-12-06,9.930000,67.199997,71.120003,284.079987,12.770000,607.809998,40.959999,28.780001,14.960000,4.020000,27.090000,47.000000,30.730000,41.310001,77.580002,113.570000,155.240005,103.220001,886803
2024-12-09,9.900000,68.370003,72.139999,286.100006,14.190000,604.679993,41.169998,29.080000,15.150000,4.020000,26.940001,47.369999,30.309999,41.430000,77.629997,112.900002,157.080002,103.160004,782527
2024-12-10,9.860000,68.589996,72.190002,286.250000,14.180000,602.799988,40.869999,29.070000,15.100000,3.980000,26.770000,47.160000,30.129999,41.209999,76.739998,112.669998,157.000000,102.360001,1231900
2024-12-11,10.080000,70.290001,73.519997,291.619995,13.580000,607.460022,41.560001,29.200001,15.380000,4.090000,27.200001,49.330002,30.930000,42.459999,80.519997,111.919998,156.210007,102.190002,849513
2024-12-12,9.630000,70.019997,73.410004,287.059998,13.920000,604.330017,41.099998,28.889999,15.090000,3.940000,26.120001,48.290001,30.879999,42.330002,78.040001,111.820000,154.710007,100.910004,1086852
2024-12-13,9.240000,71.290001,74.489998,283.890015,13.810000,604.210022,40.220001,28.680000,14.970000,3.860000,25.870001,47.630001,31.000000,42.150002,76.089996,110.839996,153.869995,101.019997,1954675
2024-12-16,9.160000,70.709999,73.910004,280.350006,14.690000,606.789978,39.880001,27.870001,14.820000,3.730000,25.379999,47.049999,30.809999,41.799999,73.739998,108.470001,149.360001,99.570000,1451515
2024-12-17,9.190000,70.080002,73.190002,276.450012,15.870000,604.289978,38.930000,27.190001,14.560000,3.670000,25.290001,52.540001,29.959999,41.410000,71.620003,108.010002,148.110001,98.260002,1756686
2024-12-18,8.960000,70.580002,73.389999,266.480011,27.620001,586.280029,37.330002,26.150000,14.190000,3.620000,24.629999,49.419998,28.850000,40.040001,69.860001,106.419998,144.080002,95.849998,1996750
2024-12-19,9.020000,69.910004,72.879997,263.910004,24.090000,586.099976,36.910000,25.770000,14.060000,3.550000,24.240000,48.680000,28.629999,39.799999,68.559998,105.510002,141.149994,95.180000,1998867
2024-12-20,9.030000,69.459999,72.940002,264.850006,18.360001,591.150024,36.830002,25.969999,14.070000,3.530000,24.549999,49.000000,28.889999,40.320000,67.099998,105.870003,142.850006,95.120003,6431934
2024-12-23,9.100000,69.239998,72.629997,260.959991,16.780001,594.690002,37.259998,26.260000,14.320000,3.470000,24.790001,50.310001,28.820000,40.150002,68.070000,106.300003,142.970001,96.379997,1250954
2024-12-24,9.260000,70.099998,73.580002,263.640015,14.270000,601.299988,37.730000,26.840000,14.500000,3.530000,25.040001,50.139999,29.090000,40.790001,68.070000,106.400002,143.839996,97.110001,697116
2024-12-26,9.270000,69.620003,73.260002,265.029999,14.730000,601.340027,37.730000,26.799999,14.430000,3.570000,25.309999,50.849998,29.160000,40.880001,68.029999,106.489998,143.979996,96.889999,939646
2024-12-27,9.160000,70.599998,74.169998,264.940002,15.950000,595.010010,37.799999,26.790001,14.470000,3.530000,25.200001,51.470001,29.040001,40.799999,68.580002,106.480003,144.000000,96.919998,1322678
2024-12-30,9.170000,70.989998,74.389999,267.559998,17.400000,588.219971,37.810001,26.959999,14.510000,3.660000,25.690001,53.200001,28.950001,40.939999,69.470001,105.760002,143.070007,97.089996,1050495
2024-12-31,9.320000,71.720001,74.639999,271.230011,17.350000,586.080017,38.340000,27.190001,14.600000,3.750000,26.080000,54.709999,28.940001,41.020000,71.629997,107.570000,144.839996,99.169998,922703
2025-01-02,9.680000,73.129997,75.930000,276.179993,17.930000,584.640015,38.400002,27.730000,14.700000,3.950000,27.150000,55.730000,29.570000,41.560001,72.290001,107.309998,146.710007,100.080002,882748
2025-01-03,9.520000,73.959999,76.510002,279.309998,16.129999,591.950012,38.590000,27.680000,14.780000,3.960000,27.420000,56.459999,31.350000,42.660000,73.019997,107.860001,147.850006,101.089996,1433053
2025-01-06,9.380000,73.559998,76.300003,279.739990,16.040001,595.359985,38.759998,27.660000,14.770000,3.980000,27.400000,56.430000,31.680000,42.830002,73.510002,107.739998,147.259995,99.989998,1849746
2025-01-07,9.300000,74.250000,77.050003,283.850006,17.820000,588.630005,39.369999,27.750000,14.890000,4.160000,27.930000,57.689999,32.180000,43.400002,74.800003,108.750000,149.589996,101.669998,1575212
2025-01-08,9.050000,73.320000,76.160004,279.799988,17.700001,589.489990,38.810001,27.030001,14.620000,3.990000,27.100000,55.840000,32.549999,43.439999,72.129997,106.930000,150.300003,101.620003,1376460
2025-01-10,8.710000,76.570000,79.760002,278.950012,19.540001,580.489990,38.619999,26.969999,14.500000,4.030000,26.400000,55.459999,31.700001,43.259998,70.190002,106.540001,153.139999,101.919998,2470526
2025-01-13,8.950000,78.820000,81.010002,284.709991,19.190001,581.390015,39.849998,27.799999,14.840000,4.090000,26.000000,55.080002,32.240002,44.830002,70.230003,109.290001,155.350006,104.230003,1790294
2025-01-14,8.990000,77.500000,79.919998,287.230011,18.709999,582.190002,39.869999,28.200001,14.880000,4.070000,26.309999,54.650002,32.470001,45.070000,69.750000,109.720001,156.899994,104.879997,1514828
2025-01-15,8.950000,80.040001,82.029999,293.649994,16.120001,592.780029,40.639999,28.910000,15.170000,4.280000,27.110001,56.509998,32.450001,45.720001,71.080002,111.510002,158.330002,105.480003,1398733
2025-01-16,8.950000,78.680000,81.290001,294.000000,16.600000,591.640015,41.090000,29.270000,15.120000,4.100000,26.180000,55.369999,32.560001,46.330002,70.239998,111.320000,159.380005,105.610001,1359550
2025-01-17,9.100000,77.879997,80.790001,299.510010,15.970000,597.580017,43.580002,29.900000,15.620000,4.060000,26.680000,55.700001,32.570000,46.540001,73.989998,112.320000,161.470001,105.849998,998013
2025-01-21,8.990000,75.889999,79.290001,299.619995,15.060000,603.049988,43.740002,29.530001,15.520000,3.960000,27.100000,55.959999,32.549999,47.040001,73.260002,111.470001,158.240005,104.279999,1136838
2025-01-22,8.690000,75.440002,79.000000,290.989990,15.100000,606.440002,41.630001,28.480000,14.930000,3.870000,26.360001,55.049999,31.879999,45.810001,71.000000,109.529999,156.410004,103.059998,1567533
2025-01-23,8.730000,74.620003,78.290001,290.989990,15.020000,609.750000,42.029999,27.969999,14.900000,3.860000,26.430000,55.509998,31.730000,45.660000,70.309998,110.150002,156.009995,103.989998,1616789
2025-01-24,8.540000,74.660004,78.500000,290.179993,14.850000,607.969971,42.250000,27.799999,14.850000,3.850000,26.450001,55.279999,31.389999,45.549999,70.230003,108.660004,155.649994,101.830002,1015507
2025-01-27,8.440000,73.169998,77.080002,284.959991,17.900000,599.369995,42.540001,27.250000,14.730000,3.830000,25.629999,55.009998,30.469999,43.549999,68.860001,110.169998,157.229996,102.690002,1336935
2025-01-28,8.240000,73.769997,77.489998,279.980011,16.410000,604.520020,41.320000,26.650000,14.400000,3.930000,25.480000,53.259998,30.730000,43.279999,66.190002,108.040001,156.210007,101.379997,1279963
2025-01-29,8.190000,72.620003,76.580002,278.269989,16.559999,601.809998,40.939999,26.370001,14.400000,3.830000,25.270000,53.610001,30.180000,43.070000,65.739998,108.669998,155.690002,101.559998,1268189
2025-01-30,8.160000,72.730003,76.870003,279.359985,15.840000,605.039978,41.020000,26.540001,14.470000,3.910000,25.370001,55.459999,30.600000,44.599998,64.610001,109.570000,156.320007,101.459999,937442
2025-01-31,8.020000,72.529999,76.760002,276.959991,16.430000,601.820007,40.279999,26.020000,14.450000,3.920000,24.850000,55.110001,30.049999,46.180000,62.950001,106.830002,149.190002,98.830002,1191822
2025-02-03,7.920000,73.160004,75.959999,275.940002,18.620001,597.770020,40.160000,25.510000,14.290000,3.790000,24.730000,52.270000,30.150000,47.400002,63.840000,107.089996,149.339996,98.480003,1377390
2025-02-04,8.310000,72.699997,76.199997,283.079987,17.209999,601.780029,41.220001,26.340000,14.580000,3.890000,25.410000,54.930000,31.120001,47.959999,65.000000,109.959999,153.220001,100.580002,1035622
2025-02-05,8.310000,71.029999,74.610001,285.290009,15.770000,604.219971,40.810001,26.290001,16.430000,3.870000,25.340000,55.070000,31.230000,48.849998,65.250000,109.879997,152.990005,100.209999,1124654
2025-02-06,8.020000,70.610001,74.290001,276.959991,15.500000,606.320007,40.049999,25.480000,15.480000,3.750000,24.660000,53.880001,30.830000,46.980000,65.360001,108.430000,151.899994,99.940002,1036269
2025-02-07,8.010000,71.000000,74.660004,275.440002,16.540001,600.770020,40.160000,25.190001,15.620000,3.580000,24.700001,53.750000,30.799999,46.200001,66.849998,108.889999,152.619995,98.360001,1266923
2025-02-10,8.210000,72.320000,75.870003,283.399994,15.810000,604.849976,41.209999,25.980000,15.930000,3.740000,25.389999,55.840000,31.860001,47.410000,67.900002,110.970001,155.770004,99.480003,1205862
2025-02-11,8.230000,73.320000,77.000000,285.130005,16.020000,605.309998,41.779999,26.490000,16.299999,3.870000,25.700001,54.910000,31.600000,47.110001,67.290001,111.669998,157.440002,101.709999,703175
2025-02-12,8.100000,71.370003,75.180000,279.760010,15.890000,603.359985,41.450001,25.969999,15.990000,3.720000,24.910000,53.410000,30.690001,46.410000,67.629997,107.349998,154.899994,98.400002,995356
2025-02-13,8.170000,71.290001,75.019997,282.049988,15.100000,609.729980,42.080002,26.280001,15.930000,3.630000,25.330000,54.400002,30.280001,46.150002,73.930000,108.129997,155.880005,96.900002,837064
2025-02-14,8.180000,70.739998,74.739998,280.019989,14.770000,609.700012,41.750000,26.160000,15.540000,3.530000,25.480000,54.389999,30.360001,46.400002,70.540001,108.239998,155.339996,96.260002,696959
2025-02-18,8.370000,71.849998,75.839996,284.679993,15.350000,611.489990,42.650002,26.730000,15.620000,3.550000,25.690001,55.259998,31.120001,46.980000,72.220001,110.139999,156.160004,97.449997,1047865
2025-02-19,8.170000,72.250000,76.040001,280.369995,15.270000,612.929993,42.180000,26.740000,15.280000,3.440000,25.180000,52.790001,30.780001,46.889999,71.139999,110.300003,157.229996,99.570000,917939
2025-02-20,8.100000,72.570000,76.480003,281.100006,15.660000,610.380005,42.599998,26.990000,15.440000,3.560000,24.150000,51.430000,30.480000,46.910000,70.220001,112.000000,158.789993,102.000000,815900
2025-02-21,7.890000,70.400002,74.430000,272.829987,18.209999,599.940002,41.740002,26.260000,15.110000,3.360000,22.530001,50.459999,29.129999,45.619999,65.480003,110.690002,156.919998,97.940002,1508293
2025-02-24,7.850000,70.699997,74.779999,271.510010,18.980000,597.210022,41.529999,26.740000,14.990000,3.330000,22.090000,50.080002,28.610001,44.619999,64.839996,111.269997,157.889999,98.820000,1654890
2025-02-25,8.600000,68.930000,73.019997,267.010010,19.430000,594.239990,41.009998,26.230000,14.970000,3.190000,22.200001,47.840000,27.850000,44.040001,63.959999,109.730003,156.419998,97.080002,4121178
2025-02-26,8.430000,68.620003,72.529999,263.839996,19.100000,594.539978,40.599998,25.920000,14.940000,3.090000,22.150000,47.840000,27.889999,43.509998,62.500000,109.459999,155.139999,96.129997,2190621
2025-02-27,8.620000,70.349998,74.040001,264.190002,21.129999,585.049988,40.910000,26.100000,14.990000,3.040000,22.620001,48.599998,28.809999,43.580002,61.900002,110.150002,156.669998,97.370003,2145370
2025-02-28,8.620000,69.760002,73.180000,266.380005,19.629999,594.179993,41.660000,26.370001,14.920000,2.950000,22.090000,45.619999,29.440001,44.590000,61.910000,111.330002,158.619995,99.150002,2075020
2025-03-03,7.970000,68.370003,71.620003,252.350006,22.780001,583.770020,39.820000,25.010000,14.210000,2.670000,20.730000,40.650002,28.200001,43.599998,56.959999,107.760002,153.089996,92.629997,2227899
2025-03-04,7.760000,68.260002,71.040001,247.979996,23.510000,576.859985,39.080002,24.150000,14.160000,2.750000,20.150000,42.290001,26.980000,42.860001,54.369999,107.540001,152.000000,90.639999,3076475
2025-03-05,7.880000,66.309998,69.300003,247.880005,21.930000,583.059998,39.430000,24.190001,14.260000,2.730000,19.709999,40.770000,26.549999,42.320000,54.779999,105.440002,150.809998,88.879997,1784942
2025-03-06,7.770000,66.360001,69.459999,247.619995,24.870001,572.710022,39.759998,24.450001,14.350000,2.770000,19.219999,41.000000,26.309999,41.900002,54.230000,107.620003,152.949997,88.599998,2005381
2025-03-07,8.180000,67.040001,70.360001,255.910004,23.370001,575.919983,41.369999,25.000000,14.960000,3.040000,19.950001,43.150002,26.670000,42.889999,56.110001,109.019997,156.339996,90.629997,2446924
2025-03-10,7.760000,66.029999,69.279999,249.419998,27.860001,560.580017,41.139999,24.889999,14.790000,2.980000,19.139999,40.349998,25.299999,41.160000,51.950001,111.800003,157.570007,92.900002,1820230
2025-03-11,7.820000,66.250000,69.559998,248.610001,26.920000,555.919983,40.080002,24.660000,14.250000,2.940000,19.160000,40.650002,25.879999,41.849998,52.259998,109.160004,154.080002,95.410004,1272174
2025-03-12,7.940000,67.680000,70.949997,249.479996,24.230000,558.869995,40.049999,24.709999,14.100000,2.980000,19.360001,40.240002,26.379999,42.480000,53.720001,109.129997,152.669998,97.750000,1210883
2025-03-13,7.870000,66.550003,69.879997,246.389999,24.660000,551.419983,39.930000,24.340000,13.990000,2.850000,19.559999,39.930000,26.500000,41.740002,51.889999,108.669998,153.610001,96.190002,1885367
2025-03-14,7.930000,67.180000,70.580002,254.119995,21.770000,562.809998,41.099998,25.070000,14.300000,3.040000,20.139999,40.410000,27.240000,42.840000,53.110001,111.900002,157.020004,98.949997,2792691
2025-03-17,8.170000,67.580002,71.070000,257.750000,20.510000,567.150024,41.430000,25.219999,14.600000,3.170000,20.610001,41.450001,28.270000,43.880001,55.430000,113.760002,158.720001,99.360001,1567525
2025-03-18,8.330000,66.900002,70.559998,257.929993,21.700001,561.020020,41.130001,25.000000,14.680000,3.200000,21.000000,41.330002,28.110001,43.700001,53.669998,113.639999,160.809998,100.529999,1888603
2025-03-19,8.690000,67.160004,70.779999,260.880005,19.900000,567.130005,41.080002,25.080000,15.020000,3.150000,21.559999,42.330002,28.860001,44.599998,52.810001,115.410004,164.050003,101.330002,1737166
2025-03-20,8.640000,68.260002,72.000000,261.739990,19.799999,565.489990,41.279999,24.990000,15.100000,3.240000,21.740000,42.910000,29.290001,44.689999,52.860001,115.900002,164.770004,102.309998,1255127
2025-03-21,8.610000,68.279999,72.160004,259.000000,19.280001,563.979980,40.990002,24.740000,14.640000,3.190000,21.500000,42.070000,29.360001,44.110001,52.230000,115.500000,164.750000,101.919998,11256492
2025-03-24,8.650000,69.110001,73.000000,263.700012,17.480000,574.080017,41.700001,25.600000,15.120000,3.230000,22.150000,44.040001,29.840000,44.599998,53.869999,115.800003,165.020004,102.190002,1589001
2025-03-25,8.610000,69.000000,73.019997,265.859985,17.150000,575.460022,42.279999,25.690001,15.460000,3.140000,22.010000,43.509998,30.389999,45.180000,54.820000,116.589996,165.940002,102.550003,2022662
2025-03-26,8.860000,69.650002,73.790001,266.799988,18.330000,568.590027,42.419998,25.700001,15.430000,3.220000,22.180000,44.490002,30.780001,44.020000,56.009998,118.269997,167.970001,103.199997,2327515
2025-03-27,8.540000,69.919998,74.029999,264.809998,18.690001,567.080017,42.099998,25.340000,15.280000,3.300000,21.969999,44.189999,31.230000,43.630001,54.689999,117.889999,166.649994,102.820000,1386610
2025-03-28,8.390000,69.360001,73.629997,261.359985,21.650000,555.659973,41.880001,25.070000,14.990000,3.200000,21.600000,43.459999,31.180000,43.080002,53.099998,117.730003,166.089996,102.370003,1404065
2025-03-31,8.310000,71.480003,74.739998,262.119995,22.280001,559.390015,41.799999,25.370001,15.220000,3.170000,21.809999,42.270000,31.690001,43.950001,53.549999,118.930000,167.289993,105.019997,1068073
2025-04-01,8.480000,71.199997,74.489998,266.109985,21.770000,560.969971,42.200001,25.549999,15.410000,3.320000,22.270000,42.959999,32.169998,44.799999,54.189999,119.040001,168.509995,105.389999,1595562
2025-04-02,8.500000,71.709999,74.949997,266.320007,21.510000,564.520020,42.189999,25.700001,15.300000,3.160000,22.549999,43.310001,32.619999,44.919998,54.259998,118.669998,166.470001,106.099998,1228033
2025-04-03,7.540000,66.949997,70.139999,236.830002,30.020000,536.700012,39.209999,22.389999,13.370000,2.720000,19.629999,37.759998,29.490000,40.860001,45.410000,112.430000,156.119995,95.250000,2035629
2025-04-04,6.740000,61.990002,65.580002,207.770004,45.310001,505.279999,34.779999,19.980000,11.970000,2.170000,17.139999,34.779999,25.160000,35.410000,39.790001,104.339996,143.279999,86.290001,3191261
2025-04-07,6.530000,60.700001,64.209999,206.089996,46.980000,504.380005,33.139999,19.990000,11.940000,2.370000,17.070000,35.480000,24.170000,35.709999,40.740002,102.940002,140.149994,85.669998,3748339
2025-04-08,5.980000,59.580002,62.820000,196.720001,52.330002,496.480011,31.950001,19.260000,11.110000,2.190000,15.950000,32.830002,23.180000,35.000000,39.169998,100.769997,136.929993,82.660004,2333636
2025-04-09,6.880000,62.349998,65.480003,222.169998,33.619999,548.619995,35.980000,22.070000,12.770000,2.410000,18.080000,36.660000,26.180000,38.750000,45.930000,105.800003,146.029999,91.510002,2793669
2025-04-10,6.320000,60.070000,63.330002,202.679993,40.720001,524.580017,32.540001,20.270000,11.530000,2.170000,16.320000,33.680000,24.139999,36.660000,40.119999,99.930000,134.979996,83.290001,2060823
2025-04-11,6.510000,61.500000,64.760002,210.289993,37.560001,533.940002,33.959999,21.070000,11.840000,2.260000,17.000000,35.340000,25.030001,37.930000,43.000000,103.139999,135.630005,86.389999,2015002
2025-04-14,6.500000,61.529999,64.879997,210.600006,30.889999,539.119995,33.919998,21.250000,12.030000,2.220000,16.980000,33.759998,25.370001,37.810001,43.490002,103.389999,135.320007,86.449997,1441078
2025-04-15,6.390000,61.330002,64.669998,210.279999,30.120001,537.609985,33.759998,21.250000,12.010000,2.190000,16.950001,32.310001,25.080000,38.160000,43.480000,103.099998,134.539993,85.720001,1409728
2025-04-16,6.520000,62.470001,65.849998,211.309998,32.639999,525.659973,34.150002,21.430000,12.050000,2.160000,17.270000,32.270000,24.990000,38.130001,44.285000,104.190002,135.360001,86.360001,1592332
2025-04-17,6.840000,64.680000,67.959999,218.839996,29.650000,526.409973,35.110001,22.530001,12.530000,2.280000,17.900000,34.270000,25.540001,38.910000,46.680000,106.919998,137.869995,88.980003,1534327
2025-04-21,6.540000,63.080002,66.260002,212.979996,33.820000,513.880005,34.619999,21.920000,12.280000,2.130000,17.420000,33.240002,24.690001,37.799999,44.290001,105.349998,133.729996,87.550003,1458708
2025-04-22,6.520000,64.309998,67.440002,213.619995,30.570000,527.250000,34.610001,20.700001,12.160000,2.140000,17.379999,33.830002,25.200001,38.360001,44.970001,108.300003,137.300003,89.760002,1543922
2025-04-23,6.610000,62.270000,66.120003,209.720001,28.450001,535.419983,34.029999,20.610001,12.010000,2.170000,17.270000,34.080002,25.030001,35.889999,41.740002,107.370003,136.679993,89.930000,2873385
2025-04-24,6.580000,62.790001,66.550003,215.949997,26.469999,546.690002,34.930000,21.209999,12.340000,2.290000,17.920000,36.040001,27.500000,36.380001,41.439999,108.629997,139.070007,91.800003,4042637
2025-04-25,6.290000,63.020000,66.870003,216.279999,24.840000,550.640015,34.520000,20.850000,12.330000,2.330000,17.820000,36.349998,28.330000,36.450001,42.740002,108.570000,138.729996,91.720001,2916372
2025-04-28,6.150000,62.049999,65.860001,214.759995,25.150000,550.849976,34.099998,20.650000,12.240000,2.310000,17.940001,36.580002,28.719999,36.209999,42.119999,108.629997,140.100006,92.930000,3773701
2025-04-29,6.200000,60.419998,64.250000,215.429993,24.170000,554.320007,34.110001,20.510000,12.000000,2.200000,18.500000,37.619999,28.799999,35.919998,43.599998,108.360001,139.300003,91.879997,3444568
2025-04-30,6.090000,58.209999,63.119999,209.059998,24.700001,554.539978,33.250000,19.820000,11.610000,2.130000,17.750000,36.189999,28.170000,35.400002,41.400002,105.629997,136.059998,89.120003,3290895
2025-05-01,6.270000,59.240002,62.130001,214.779999,24.600000,558.469971,33.740002,19.930000,11.880000,2.340000,18.650000,37.369999,29.020000,36.189999,42.610001,105.779999,136.259995,90.650002,3733827
2025-05-02,6.580000,58.290001,61.290001,220.360001,22.680000,566.760010,34.730000,20.600000,12.260000,2.370000,19.020000,38.490002,29.670000,37.099998,44.730000,106.209999,138.500000,91.410004,2171742
2025-05-05,6.420000,57.130001,60.230000,215.059998,23.639999,563.510010,33.759998,19.860001,11.890000,2.300000,18.350000,38.009998,29.260000,36.750000,43.540001,103.269997,135.500000,87.610001,2867077
2025-05-06,6.500000,59.090000,62.150002,215.039993,24.760000,558.799988,33.580002,19.440001,11.890000,2.370000,18.570000,40.230000,29.150000,36.400002,43.720001,104.709999,135.600006,87.629997,2535408
2025-05-07,6.490000,58.070000,61.119999,213.190002,23.549999,561.150024,33.500000,19.360001,11.830000,2.300000,18.379999,39.430000,29.129999,36.310001,43.029999,104.610001,135.789993,87.709999,2164488
2025-05-08,6.710000,59.910000,62.840000,219.350006,22.480000,565.059998,34.320000,20.240000,12.420000,2.500000,18.980000,41.130001,29.700001,36.250000,45.560001,106.070000,137.039993,88.820000,2650453
2025-05-09,6.540000,61.020000,63.910000,221.869995,21.900000,564.340027,34.549999,20.360001,12.490000,2.610000,19.059999,41.450001,29.860001,36.490002,46.070000,107.309998,138.490005,88.589996,1821717
2025-05-12,6.850000,61.950001,64.959999,230.610001,18.389999,582.989990,35.849998,21.250000,12.940000,2.770000,19.860001,42.810001,30.750000,37.619999,48.880001,109.160004,141.619995,92.269997,1762528
2025-05-13,6.730000,63.669998,66.629997,231.500000,18.219999,586.840027,36.110001,21.309999,13.070000,2.730000,20.020000,42.450001,31.280001,38.180000,49.549999,109.459999,142.350006,94.169998,1829856
2025-05-14,6.720000,63.150002,66.089996,231.860001,18.620001,587.590027,36.009998,21.230000,13.110000,2.780000,20.100000,42.549999,31.480000,37.840000,49.990002,108.480003,141.669998,92.570000,1693715
2025-05-15,6.620000,61.619999,64.529999,229.050003,17.830000,590.460022,35.720001,21.040001,12.910000,2.660000,19.879999,41.919998,31.549999,37.730000,48.480000,108.580002,142.259995,92.959999,1498922
2025-05-16,6.520000,62.490002,65.410004,228.259995,17.240000,594.200012,35.770000,21.250000,12.840000,2.610000,19.639999,41.840000,31.299999,37.790001,48.480000,108.190002,142.100006,92.430000,1131633
2025-05-19,6.470000,62.689999,65.540001,224.899994,18.139999,594.849976,35.110001,20.870001,12.570000,2.590000,19.750000,40.580002,31.190001,37.910000,47.590000,106.470001,138.490005,90.410004,1265494
2025-05-20,6.430000,62.560001,65.379997,222.690002,18.090000,592.849976,34.570000,20.480000,12.540000,2.550000,19.549999,41.040001,30.650000,37.340000,47.150002,104.949997,137.270004,89.690002,1096570
2025-05-21,6.190000,61.570000,64.910004,216.229996,20.870001,582.859985,33.869999,19.900000,12.190000,2.460000,18.900000,39.730000,29.879999,36.650002,45.459999,103.660004,135.559998,87.150002,1198172
2025-05-22,6.180000,61.200001,64.440002,216.080002,20.280001,583.090027,33.750000,19.959999,12.170000,2.410000,18.990000,39.410000,29.559999,36.590000,46.130001,102.970001,135.289993,86.129997,1135259
2025-05-23,6.140000,61.529999,64.779999,216.259995,22.290001,579.109985,33.660000,19.910000,12.140000,2.490000,18.990000,39.459999,29.690001,36.740002,45.500000,103.029999,136.539993,85.190002,951200
2025-05-27,6.330000,60.889999,64.089996,219.990005,18.959999,591.150024,33.930000,19.969999,12.300000,2.610000,19.260000,41.330002,30.250000,37.230000,45.639999,103.519997,137.830002,85.550003,1094501
2025-05-28,6.270000,61.840000,64.900002,218.770004,19.309999,587.729980,33.580002,19.860001,12.200000,2.570000,19.070000,41.029999,30.719999,36.680000,45.270000,102.110001,136.020004,84.580002,724178
2025-05-29,6.330000,60.939999,64.150002,221.259995,19.180000,590.049988,33.680000,20.080000,12.280000,2.600000,19.330000,41.180000,31.170000,37.360001,45.650002,102.690002,137.910004,85.599998,783756
2025-05-30,6.190000,60.790001,63.900002,216.639999,18.570000,589.390015,33.049999,19.590000,12.000000,2.490000,19.070000,39.709999,31.150000,37.049999,43.599998,102.300003,136.699997,85.349998,965133
2025-06-02,6.260000,62.520000,64.629997,220.309998,18.360001,592.710022,33.340000,20.010000,11.960000,2.550000,19.309999,40.259998,31.200001,37.320000,43.849998,103.050003,137.839996,86.720001,892777
2025-06-03,6.710000,63.410000,65.629997,227.360001,17.690001,596.090027,34.110001,20.430000,12.420000,2.720000,20.270000,42.730000,31.820000,37.540001,46.830002,103.800003,139.550003,87.910004,1396094
2025-06-04,6.540000,62.849998,64.860001,224.380005,17.610001,595.929993,33.240002,20.010000,12.250000,2.640000,19.760000,42.099998,31.600000,37.290001,46.610001,102.300003,137.369995,85.949997,1095424
2025-06-05,6.520000,63.369999,65.339996,224.360001,18.480000,593.049988,33.080002,19.950001,12.280000,2.690000,20.080000,42.230000,31.780001,37.150002,46.830002,101.830002,136.899994,85.349998,808746
2025-06-06,6.620000,64.580002,66.470001,229.880005,16.770000,599.140015,33.869999,20.520000,12.620000,2.760000,20.260000,43.430000,32.520000,37.900002,48.369999,104.269997,140.210007,87.220001,700688
2025-06-09,6.820000,65.290001,67.040001,233.500000,17.160000,599.679993,34.119999,21.000000,12.850000,2.870000,20.250000,45.509998,32.220001,38.330002,49.270000,104.970001,140.759995,88.040001,1021251
2025-06-10,6.920000,64.980003,66.870003,241.419998,16.950001,603.080017,35.520000,21.750000,13.310000,3.080000,20.719999,47.590000,32.959999,39.080002,51.400002,107.220001,143.350006,91.180000,1226818
2025-06-11,7.090000,68.150002,69.769997,244.470001,17.260000,601.359985,35.689999,22.190001,13.370000,3.200000,21.150000,48.130001,34.270000,39.029999,52.259998,109.309998,144.779999,93.349998,1296321
2025-06-12,7.070000,68.040001,69.360001,243.699997,18.020000,603.750000,35.630001,21.980000,13.380000,3.210000,21.250000,48.220001,34.680000,38.630001,52.470001,109.730003,144.970001,94.690002,759856
2025-06-13,7.130000,72.980003,74.230003,247.389999,20.820000,597.000000,36.299999,23.190001,13.660000,3.320000,21.420000,48.259998,34.520000,39.040001,53.025002,112.120003,145.910004,96.959999,1215836
2025-06-16,7.120000,71.769997,73.230003,245.729996,19.110001,602.679993,35.910000,22.910000,13.690000,3.230000,21.410000,47.500000,34.680000,38.990002,51.860001,112.480003,146.029999,95.000000,1174154
2025-06-17,7.100000,74.839996,76.449997,247.539993,21.600000,597.530029,36.080002,23.010000,13.800000,3.210000,21.889999,47.080002,35.310001,39.599998,51.750000,114.000000,148.850006,95.500000,1059535
2025-06-18,7.030000,75.139999,76.699997,244.690002,20.139999,597.440002,35.849998,22.280001,13.770000,3.090000,21.559999,47.049999,35.330002,38.980000,51.180000,113.190002,148.190002,93.800003,1115367
2025-06-20,7.200000,74.930000,77.010002,242.869995,20.620001,594.280029,35.840000,22.280001,13.520000,2.910000,21.340000,46.500000,35.150002,39.000000,51.040001,114.699997,149.550003,94.690002,3825333
2025-06-23,6.620000,68.510002,71.480003,231.970001,19.830000,600.150024,33.730000,20.770000,13.220000,2.780000,20.700001,44.820000,34.139999,37.830002,47.060001,111.739998,146.860001,91.709999,1867267
2025-06-24,6.570000,64.370003,67.139999,230.809998,17.480000,606.780029,33.500000,20.780001,13.080000,2.700000,20.870001,44.840000,34.049999,37.970001,48.369999,108.339996,143.550003,89.389999,1116144
2025-06-25,6.280000,64.919998,67.680000,227.649994,16.760000,607.119995,33.180000,20.260000,12.830000,2.640000,20.389999,44.900002,34.070000,37.580002,47.770000,108.370003,143.229996,89.000000,2395975
2025-06-26,6.330000,65.239998,67.730003,231.619995,16.590000,611.869995,33.830002,20.639999,13.000000,2.630000,20.850000,46.660000,34.939999,38.320000,50.099998,109.989998,144.440002,90.889999,1696933
2025-06-27,6.280000,65.519997,67.769997,231.169998,16.320000,614.909973,34.009998,20.570000,12.730000,2.580000,20.850000,46.810001,34.540001,38.060001,50.080002,109.379997,143.789993,90.169998,2427963
2025-06-30,6.240000,65.110001,67.610001,230.289993,16.730000,617.849976,33.799999,20.379999,12.430000,2.590000,20.719999,46.130001,34.439999,38.340000,50.310001,107.800003,143.190002,89.739998,1363903
2025-07-01,6.420000,65.449997,67.110001,236.940002,16.830000,617.650024,35.200001,21.209999,12.920000,2.660000,21.290001,47.700001,34.639999,38.689999,52.139999,109.239998,145.570007,91.989998,2381336
2025-07-02,6.570000,67.449997,69.110001,242.970001,16.639999,620.450012,35.910000,21.709999,13.200000,2.800000,21.469999,47.720001,34.639999,39.830002,55.320000,111.050003,147.979996,94.440002,1671746
2025-07-03,6.470000,67.000000,68.800003,241.580002,16.379999,625.340027,35.650002,21.520000,13.080000,2.770000,21.290001,48.110001,34.900002,39.639999,54.150002,112.199997,148.369995,93.680000,498132
2025-07-07,6.250000,67.930000,69.580002,238.389999,17.790001,620.679993,34.950001,20.889999,12.730000,2.710000,20.860001,48.209999,34.779999,39.090000,52.939999,111.110001,147.399994,92.550003,1369283
2025-07-08,6.720000,68.330002,70.150002,249.830002,16.809999,620.340027,36.540001,22.160000,13.510000,2.930000,21.719999,51.830002,35.330002,40.110001,57.139999,114.190002,153.240005,95.790001,3057379
2025-07-09,6.850000,68.379997,70.190002,247.929993,15.940000,624.059998,36.250000,22.040001,13.420000,2.860000,21.410000,51.549999,35.169998,39.330002,56.419998,113.800003,153.020004,94.529999,3834162
2025-07-10,6.690000,66.570000,68.639999,249.990005,15.780000,625.820007,36.650002,22.160000,13.760000,2.890000,21.730000,53.029999,35.360001,39.709999,57.250000,114.930000,154.169998,95.370003,2411176
2025-07-11,6.550000,68.449997,70.360001,252.229996,16.400000,623.619995,37.310001,23.080000,13.680000,2.850000,21.930000,52.610001,35.660000,40.700001,58.150002,115.430000,155.309998,95.610001,1844879
2025-07-14,6.330000,66.980003,69.209999,244.610001,17.200001,624.809998,36.220001,22.020000,13.250000,2.740000,21.100000,50.380001,34.299999,39.869999,55.740002,113.919998,151.649994,94.169998,1702196
2025-07-15,6.330000,66.519997,68.709999,236.820007,17.379999,622.140015,35.070000,21.389999,12.800000,2.640000,20.650000,48.660000,34.160000,38.990002,53.680000,112.910004,150.690002,92.550003,2470698
2025-07-16,6.160000,66.379997,68.519997,233.000000,17.160000,624.219971,34.590000,21.240000,12.720000,2.550000,20.480000,46.320000,32.950001,38.680000,52.730000,112.230003,149.919998,91.510002,1466898
2025-07-17,6.380000,67.540001,69.519997,236.029999,16.520000,628.039978,34.669998,21.540001,12.950000,2.600000,20.590000,48.619999,32.669998,39.180000,53.705002,111.660004,151.380005,92.809998,1567854
2025-07-18,6.350000,67.339996,69.279999,233.380005,16.410000,627.580017,33.320000,21.219999,12.920000,2.630000,20.469999,47.930000,32.740002,39.720001,53.570000,107.769997,150.039993,91.639999,1220092
2025-07-21,6.410000,67.199997,69.209999,232.860001,16.650000,628.770020,33.540001,21.180000,12.710000,2.640000,20.770000,48.029999,32.189999,39.849998,53.450001,108.050003,149.679993,91.000000,1560834
2025-07-22,6.530000,66.209999,68.589996,238.100006,16.500000,628.859985,34.349998,21.389999,13.020000,2.890000,21.129999,49.320000,32.419998,40.020000,55.730000,108.540001,150.039993,92.980003,1438991
2025-07-23,6.960000,65.250000,68.510002,250.919998,15.370000,634.210022,35.139999,21.969999,13.710000,3.090000,22.430000,51.650002,33.590000,44.680000,58.380001,109.930000,153.119995,95.040001,1777329
2025-07-24,5.990000,66.029999,69.180000,253.039993,15.390000,634.419983,35.240002,22.420000,13.710000,3.080000,23.950001,51.820000,37.540001,45.720001,57.900002,110.790001,155.830002,95.620003,6902502
2025-07-25,6.170000,65.160004,68.440002,252.179993,14.930000,637.099976,35.470001,22.450001,13.970000,3.000000,22.670000,51.889999,36.450001,46.049999,56.860001,110.400002,154.839996,94.949997,2064101
2025-07-28,6.250000,66.709999,70.040001,256.640015,15.030000,636.940002,36.000000,22.840000,14.160000,3.060000,22.920000,52.930000,36.820000,46.549999,58.970001,111.440002,156.279999,97.019997,2013897
2025-07-29,6.400000,69.209999,72.510002,255.610001,15.980000,635.260010,35.630001,23.080000,13.030000,3.040000,22.820000,52.560001,37.509998,45.750000,58.840000,112.879997,157.029999,97.989998,2835645
2025-07-30,6.250000,70.000000,73.239998,248.339996,15.480000,634.460022,34.169998,22.400000,12.780000,2.950000,22.379999,50.930000,36.759998,45.529999,58.520000,111.900002,153.559998,96.669998,2388211
2025-07-31,5.930000,69.260002,72.529999,243.720001,16.719999,632.080017,33.799999,22.400000,12.580000,2.920000,21.700001,50.009998,36.369999,45.049999,56.549999,111.639999,151.639999,95.339996,1738975
2025-08-01,5.880000,67.330002,69.669998,235.020004,20.379999,621.719971,33.049999,21.600000,12.130000,2.820000,21.170000,47.529999,35.320000,43.509998,54.740002,109.639999,151.399994,92.760002,2299822
2025-08-04,5.800000,66.290001,68.760002,235.809998,17.520000,631.169983,32.880001,21.670000,12.220000,2.810000,21.770000,48.910000,35.689999,43.750000,55.849998,107.370003,151.039993,92.849998,1254996
2025-08-05,6.070000,65.160004,67.639999,241.990005,17.850000,627.969971,33.500000,21.680000,12.230000,2.910000,22.100000,63.189999,35.490002,43.820000,57.599998,107.239998,153.039993,93.199997,2347293
2025-08-06,5.950000,64.349998,66.889999,238.949997,16.770000,632.780029,32.860001,21.219999,11.960000,3.030000,21.889999,61.660000,35.570000,43.430000,55.240002,106.510002,152.779999,93.110001,1139449
2025-08-07,5.840000,63.880001,66.430000,235.789993,16.570000,632.250000,32.790001,20.879999,11.900000,2.950000,21.420000,56.880001,35.119999,42.939999,55.290001,105.949997,153.160004,92.599998,1502827
2025-08-08,5.840000,63.880001,66.589996,237.509995,15.150000,637.179993,32.869999,20.900000,11.900000,3.100000,21.360001,57.410000,34.950001,43.290001,55.439999,106.800003,155.009995,93.910004,959880
2025-08-11,5.760000,63.959999,66.629997,233.610001,16.250000,635.919983,32.369999,20.500000,11.880000,2.910000,21.389999,54.840000,34.970001,42.700001,53.779999,105.830002,153.449997,93.529999,1247473
2025-08-12,5.930000,63.169998,66.120003,237.220001,14.730000,642.690002,32.939999,20.969999,12.150000,2.940000,22.120001,55.490002,35.119999,42.509998,56.720001,106.129997,154.440002,94.589996,1603383
2025-08-13,5.900000,62.650002,65.629997,240.360001,14.490000,644.890015,33.549999,21.200001,12.340000,3.010000,22.360001,56.220001,35.020000,42.849998,57.549999,107.599998,155.869995,95.879997,1434369
2025-08-14,5.740000,63.959999,66.839996,239.630005,14.830000,644.950012,33.220001,21.350000,12.330000,3.010000,22.340000,55.840000,35.599998,43.250000,56.480000,107.379997,155.160004,95.650002,1726526
2025-08-15,5.720000,62.799999,65.849998,236.660004,15.090000,643.440002,32.990002,21.120001,12.170000,2.950000,22.379999,56.040001,34.990002,42.799999,55.290001,106.489998,156.550003,95.330002,1050735
2025-08-18,5.770000,63.419998,66.599998,239.020004,14.990000,643.299988,33.299999,21.330000,12.360000,2.950000,22.910000,58.520000,35.029999,42.869999,56.630001,106.720001,155.320007,94.000000,1215673
2025-08-19,5.720000,62.349998,65.790001,237.649994,15.570000,639.809998,33.340000,21.110001,12.390000,2.840000,22.570000,56.580002,34.830002,42.950001,56.320000,107.419998,152.000000,93.760002,943969
2025-08-20,5.700000,63.209999,66.839996,236.509995,15.690000,638.109985,33.360001,21.100000,12.190000,2.800000,22.540001,55.910000,34.759998,42.849998,56.360001,108.529999,153.220001,94.889999,1287461
2025-08-21,6.000000,63.520000,67.669998,240.139999,16.600000,635.549988,33.810001,21.280001,12.410000,2.830000,22.969999,57.950001,35.310001,43.459999,57.310001,109.230003,155.550003,94.779999,1906213
2025-08-22,6.380000,63.660000,67.730003,252.190002,14.220000,645.309998,35.610001,22.270000,13.100000,3.040000,23.990000,60.830002,36.119999,44.759998,60.825001,111.279999,158.179993,96.779999,1912391
2025-08-25,6.350000,64.800003,68.800003,251.899994,14.790000,642.469971,35.650002,22.340000,13.160000,3.100000,24.040001,59.799999,36.439999,44.430000,61.980000,111.739998,158.199997,98.180000,1118624
2025-08-26,6.320000,63.250000,67.220001,249.130005,14.620000,645.159973,35.320000,21.879999,12.870000,3.040000,23.680000,59.340000,36.250000,44.450001,61.560001,111.489998,157.360001,97.050003,1349437
2025-08-27,6.440000,64.150002,68.050003,253.509995,14.850000,646.630005,35.980000,22.299999,13.110000,3.170000,24.400000,60.720001,36.560001,44.779999,63.680000,112.750000,159.240005,97.900002,889248
2025-08-28,6.580000,64.599998,68.620003,256.109985,14.430000,648.919983,36.480000,22.629999,13.200000,3.100000,24.600000,60.080002,37.060001,45.570000,64.029999,113.349998,159.320007,98.449997,956244
2025-08-29,6.590000,64.010002,68.120003,256.850006,15.360000,645.049988,36.840000,22.730000,13.290000,3.030000,24.400000,60.200001,36.759998,45.400002,63.705002,114.290001,160.600006,98.970001,981679
2025-09-02,6.530000,65.589996,69.139999,254.729996,17.170000,640.270020,35.900002,22.690001,13.100000,3.060000,24.309999,58.750000,37.549999,45.360001,64.800003,114.690002,161.830002,98.989998,1259435
2025-09-03,6.480000,63.970001,67.599998,249.830002,16.350000,643.739990,35.000000,21.590000,12.980000,2.990000,23.690001,56.470001,38.250000,45.000000,62.360001,111.910004,158.059998,94.650002,1389663
2025-09-04,6.600000,63.480000,66.989998,257.839996,15.300000,649.119995,36.009998,22.469999,13.360000,3.100000,24.680000,57.200001,39.650002,46.320000,62.669998,112.400002,157.690002,95.769997,833373
2025-09-05,6.350000,61.869999,65.500000,255.130005,15.180000,647.239990,35.820000,22.100000,13.320000,3.070000,24.059999,57.730000,38.900002,45.580002,62.500000,109.230003,153.660004,92.949997,1335639
2025-09-08,6.220000,62.259998,66.019997,255.279999,15.110000,648.830017,35.779999,21.770000,13.240000,3.160000,24.040001,59.070000,39.279999,45.639999,61.759998,109.849998,154.000000,91.400002,1273911
2025-09-09,6.090000,62.630001,66.389999,254.009995,15.040000,650.330017,35.779999,21.750000,13.050000,3.140000,23.879999,58.320000,39.650002,45.450001,61.919998,110.650002,154.850006,91.860001,811276
2025-09-10,6.280000,63.669998,67.489998,260.070007,15.350000,652.210022,36.160000,22.600000,13.070000,3.240000,24.440001,60.000000,40.889999,46.919998,63.810001,112.500000,157.789993,94.320000,1174803
2025-09-11,6.340000,62.369999,66.370003,260.170013,14.710000,657.630005,36.029999,22.309999,13.310000,3.260000,24.760000,59.490002,40.299999,46.970001,62.720001,112.139999,158.250000,94.129997,1171292
2025-09-12,6.220000,62.689999,66.989998,257.619995,14.760000,657.409973,35.570000,22.230000,12.890000,3.300000,24.260000,59.209999,39.849998,46.490002,62.299999,112.160004,157.110001,92.430000,733967
2025-09-15,6.260000,63.299999,67.440002,255.029999,15.690000,660.909973,34.770000,21.790001,12.700000,3.310000,24.160000,58.630001,39.020000,46.279999,61.400002,112.349998,157.309998,92.330002,920297
2025-09-16,6.370000,64.519997,68.470001,260.209991,16.360001,660.000000,35.240002,22.420000,13.300000,3.470000,24.270000,57.080002,39.009998,47.230000,64.139999,114.680000,159.539993,94.540001,1103552
2025-09-17,6.340000,64.050003,67.949997,256.410004,15.720000,659.179993,34.790001,22.250000,12.910000,3.400000,24.260000,57.049999,39.220001,46.480000,63.779999,115.290001,160.089996,93.820000,1088919
2025-09-18,6.550000,63.570000,67.440002,258.369995,15.700000,662.260010,34.740002,22.360001,12.970000,3.460000,24.650000,57.259998,39.230000,47.279999,65.500000,113.930000,158.839996,93.480003,1319829
2025-09-19,6.220000,62.680000,66.680000,254.520004,15.450000,663.700012,34.430000,22.510000,12.620000,3.320000,24.360001,55.980000,39.410000,47.340000,63.730000,112.820000,156.210007,91.919998,5343411
2025-09-22,6.410000,62.639999,66.570000,254.820007,16.100000,666.840027,33.919998,22.610001,12.600000,3.390000,24.459999,54.669998,38.779999,47.669998,64.379997,112.019997,156.050003,92.010002,1584904
2025-09-23,6.580000,63.410000,67.629997,261.779999,16.639999,663.210022,34.490002,24.270000,13.070000,3.540000,25.350000,55.240002,39.830002,48.930000,67.330002,113.949997,157.419998,93.470001,1809662
2025-09-24,6.690000,64.989998,69.309998,263.609985,16.180000,661.099976,34.610001,24.440001,13.170000,3.640000,25.180000,56.340000,39.540001,49.869999,67.500000,114.559998,159.179993,95.629997,1088064
2025-09-25,6.730000,64.980003,69.419998,263.250000,16.740000,658.049988,34.590000,24.660000,13.350000,3.160000,25.330000,58.540001,39.930000,50.099998,68.089996,115.589996,160.720001,96.809998,778398
2025-09-26,6.960000,65.720001,70.129997,268.010010,15.290000,661.820007,35.520000,25.110001,13.480000,3.190000,25.660000,57.580002,40.369999,50.520000,69.610001,117.220001,160.160004,98.480003,1125452
2025-09-29,6.710000,63.450001,67.970001,264.600006,16.120001,663.679993,35.110001,25.000000,13.250000,3.110000,25.080000,53.930000,39.919998,50.549999,68.629997,114.220001,156.100006,95.849998,1111974
2025-09-30,6.560000,62.369999,67.019997,259.910004,16.280001,666.179993,34.369999,24.600000,13.250000,3.120000,24.780001,53.330002,39.450001,48.720001,68.430000,112.750000,155.289993,94.589996,1393248
2025-10-01,6.670000,61.779999,65.349998,264.779999,16.290001,668.450012,35.090000,24.900000,13.540000,3.230000,25.219999,54.799999,39.759998,48.360001,69.870003,111.989998,154.580002,95.459999,1007775
2025-10-02,6.430000,60.480000,64.110001,260.200012,16.629999,669.219971,34.110001,24.379999,13.230000,3.300000,24.160000,52.730000,38.419998,48.400002,66.290001,111.290001,153.369995,93.379997,1156017
2025-10-03,6.670000,60.880001,64.529999,262.730011,16.650000,669.210022,34.259998,24.309999,13.700000,3.370000,24.360001,53.310001,38.040001,48.500000,65.639999,113.260002,153.550003,94.160004,1308483
2025-10-06,6.670000,61.689999,65.470001,265.309998,16.370001,671.609985,34.590000,24.360001,13.590000,3.430000,24.360001,53.700001,38.009998,49.080002,65.099998,114.199997,154.020004,94.910004,1262144
2025-10-07,6.650000,61.730000,65.449997,264.000000,17.240000,669.119995,34.410000,24.280001,13.690000,3.460000,24.379999,54.000000,38.209999,48.580002,65.440002,114.260002,154.910004,95.230003,1678835
2025-10-08,6.640000,62.549999,66.250000,262.899994,16.299999,673.109985,33.970001,23.920000,13.660000,3.400000,24.209999,52.959999,37.919998,47.849998,65.160004,114.019997,153.740005,93.750000,1042798
2025-10-09,6.510000,61.509998,65.220001,257.079987,16.430000,671.159973,33.130001,23.400000,13.150000,3.330000,23.480000,51.080002,36.900002,47.889999,64.349998,112.910004,151.639999,91.949997,898267
2025-10-10,6.120000,58.900002,62.730000,242.449997,21.660000,653.020020,31.719999,21.969999,12.310000,3.080000,22.200001,47.980000,35.790001,45.040001,61.450001,110.730003,148.899994,87.639999,1359449
2025-10-13,6.320000,59.490002,63.320000,249.559998,19.030001,663.039978,32.270000,22.500000,12.710000,3.200000,22.610001,49.630001,36.000000,45.490002,62.990002,112.239998,151.940002,88.779999,710693
2025-10-14,6.300000,58.700001,62.389999,248.809998,20.809999,662.229980,32.570000,22.440001,12.550000,3.120000,22.230000,49.430000,35.990002,44.830002,63.330002,112.290001,152.389999,88.169998,1196018
2025-10-15,6.290000,58.270000,61.910000,251.789993,20.639999,665.169983,32.570000,22.389999,12.810000,3.310000,22.660000,50.459999,35.570000,44.470001,63.029999,111.610001,152.110001,87.739998,1647526
2025-10-16,6.260000,57.459999,61.060001,249.639999,25.309999,660.640015,32.919998,21.820000,12.690000,3.230000,22.549999,49.020000,35.700001,44.639999,63.049999,110.639999,151.710007,86.910004,1863205
2025-10-17,6.320000,57.540001,61.290001,251.559998,20.780001,664.390015,32.630001,22.270000,12.660000,3.260000,23.110001,48.299999,35.919998,45.180000,62.290001,112.239998,153.080002,86.480003,1338409
2025-10-20,6.470000,57.520000,61.009998,256.839996,18.230000,671.299988,33.430000,22.620001,12.760000,3.290000,23.559999,47.779999,36.509998,46.279999,64.919998,112.699997,154.479996,87.059998,704393
2025-10-21,6.450000,57.820000,61.320000,259.679993,17.870001,671.289978,33.520000,25.240000,13.070000,3.310000,23.639999,47.290001,36.470001,46.750000,66.720001,112.709999,153.789993,86.410004,1288644
2025-10-22,6.630000,58.500000,62.590000,265.359985,18.600000,667.799988,34.900002,26.309999,13.300000,3.420000,24.700001,48.119999,37.509998,47.299999,67.150002,114.709999,155.570007,87.410004,1302768
2025-10-23,6.950000,61.790001,65.989998,279.070007,17.299999,671.760010,36.009998,27.219999,14.080000,3.890000,23.799999,51.419998,40.919998,48.889999,70.709999,115.980003,156.559998,90.080002,3607225
2025-10-24,7.000000,61.500000,65.940002,276.950012,16.370001,677.250000,35.830002,26.549999,13.840000,3.900000,23.590000,49.310001,39.490002,47.299999,70.400002,115.389999,155.559998,88.029999,1833520
2025-10-27,6.690000,61.310001,65.620003,277.220001,15.790000,685.239990,36.160000,26.799999,13.950000,3.860000,23.200001,48.680000,40.520000,46.599998,70.540001,115.940002,155.279999,88.690002,2401208
2025-10-28,6.730000,60.150002,64.400002,277.959991,16.420000,687.059998,35.860001,26.620001,14.950000,3.750000,23.190001,48.669998,41.139999,47.860001,70.489998,115.029999,154.130005,86.790001,1611304
2025-10-29,6.730000,60.480000,64.919998,286.290009,16.920000,687.390015,36.830002,27.480000,15.310000,3.830000,23.530001,49.400002,41.040001,48.320000,73.180000,116.449997,155.100006,88.080002,2415875
2025-10-30,6.760000,60.570000,65.000000,286.559998,16.910000,679.830017,36.320000,26.959999,15.120000,3.910000,23.030001,50.439999,41.790001,48.580002,72.550003,114.690002,153.520004,88.139999,1298747
2025-10-31,6.720000,60.980000,65.070000,283.690002,17.440001,682.059998,36.060001,26.840000,14.600000,3.840000,23.290001,50.590000,41.349998,48.410000,73.690002,114.360001,157.720001,88.860001,1623085
2025-11-03,6.920000,61.049999,64.889999,290.000000,17.170000,683.340027,37.020000,27.180000,15.050000,3.960000,24.160000,51.869999,42.099998,48.639999,75.239998,113.760002,154.039993,88.570000,1643059
2025-11-04,6.640000,60.560001,64.440002,281.579987,19.000000,675.239990,36.119999,26.809999,14.750000,3.900000,22.889999,50.849998,41.860001,45.970001,73.489998,114.139999,153.389999,87.910004,1628600
2025-11-05,6.640000,59.599998,63.520000,283.489990,18.010000,677.580017,36.549999,27.100000,15.010000,3.900000,23.170000,51.200001,42.340000,47.040001,72.849998,113.680000,152.660004,87.699997,1239366
2025-11-06,6.600000,59.430000,63.380001,283.529999,19.500000,670.309998,36.360001,27.330000,15.370000,3.900000,22.610001,50.950001,42.380001,47.290001,71.250000,114.500000,152.940002,85.660004,1063907
2025-11-07,6.490000,59.750000,63.630001,285.390015,19.080000,670.969971,36.660000,27.570000,15.400000,3.980000,22.680000,52.900002,42.849998,47.869999,73.260002,117.220001,155.020004,86.830002,2035233
2025-11-10,6.740000,60.130001,64.059998,289.679993,17.600000,681.440002,36.910000,27.709999,15.640000,4.200000,23.580000,54.680000,43.740002,48.799999,74.949997,118.220001,155.649994,88.230003,1829291
2025-11-11,6.930000,61.040001,65.160004,294.480011,17.280001,683.000000,37.610001,28.059999,15.690000,4.230000,23.600000,58.919998,43.540001,48.950001,76.220001,119.779999,156.240005,90.690002,1139950
2025-11-12,6.650000,58.490002,62.709999,284.299988,17.510000,683.380005,36.070000,26.930000,15.400000,4.130000,23.330000,54.689999,42.910000,47.529999,72.540001,118.120003,153.320007,89.070000,1123658
2025-11-13,6.680000,58.689999,63.009998,282.529999,20.000000,672.039978,36.310001,27.020000,15.270000,4.010000,23.270000,57.459999,43.160000,47.509998,72.239998,118.790001,155.580002,89.419998,1190454
2025-11-14,6.760000,60.090000,64.389999,287.299988,19.830000,671.929993,36.939999,27.299999,15.720000,4.010000,23.940001,58.770000,43.689999,48.730000,72.199997,119.290001,157.619995,91.370003,1251479
2025-11-17,6.420000,59.910000,64.199997,281.529999,22.379999,665.669983,35.799999,26.620001,15.020000,4.080000,23.570000,56.509998,42.730000,47.880001,70.970001,117.680000,154.820007,88.720001,1453592
2025-11-18,6.500000,60.740002,64.889999,283.250000,24.690001,660.080017,36.040001,26.790001,15.310000,4.130000,23.500000,57.180000,43.770000,48.060001,71.400002,119.029999,153.619995,89.680000,1564594
2025-11-19,6.410000,59.439999,63.509998,282.570007,23.660000,662.630005,35.860001,26.459999,15.220000,4.100000,23.620001,55.970001,43.959999,48.480000,71.889999,117.349998,151.699997,87.980003,1033052
2025-11-20,6.260000,59.139999,63.380001,274.410004,26.420000,652.530029,35.189999,25.620001,14.380000,3.840000,23.379999,52.400002,43.490002,48.070000,69.970001,117.019997,150.309998,87.470001,1412721
2025-11-21,6.430000,58.060001,62.560001,281.049988,23.430000,659.030029,36.189999,25.820000,14.950000,3.890000,24.150000,53.750000,44.139999,48.880001,73.309998,117.080002,149.979996,87.370003,1417043
2025-11-24,6.480000,58.840000,63.369999,282.609985,20.520000,668.729980,35.709999,25.670000,15.030000,4.020000,24.209999,53.439999,44.560001,49.360001,73.940002,115.970001,149.750000,87.559998,1864815
2025-11-25,6.680000,57.950001,62.480000,285.059998,18.559999,675.020020,35.900002,25.690001,15.030000,4.050000,24.570000,52.189999,45.029999,49.430000,72.860001,114.510002,148.529999,86.620003,1135795
2025-11-26,6.600000,58.650002,63.130001,285.850006,17.190001,679.679993,35.660000,25.790001,15.090000,4.300000,24.459999,52.660000,45.240002,49.529999,72.279999,114.769997,149.509995,87.089996,1499781
2025-11-28,6.660000,58.549999,63.200001,289.609985,16.350000,683.390015,36.240002,26.219999,15.360000,4.410000,24.400000,54.020000,45.259998,50.200001,74.800003,115.919998,151.130005,88.690002,638299
2025-12-01,6.810000,59.320000,63.169998,293.010010,17.240000,680.270020,36.599998,26.629999,15.430000,4.350000,24.719999,54.869999,45.639999,50.160000,76.709999,116.629997,152.539993,90.260002,1096974
2025-12-02,6.980000,58.639999,62.450001,292.140015,16.590000,681.530029,36.360001,26.910000,15.330000,4.310000,24.770000,54.639999,45.320000,49.480000,74.180000,115.379997,150.250000,89.290001,2580088
2025-12-03,7.300000,58.950001,62.669998,304.929993,16.080000,683.890015,37.549999,27.400000,16.320000,4.450000,26.240000,59.750000,46.669998,50.490002,76.959999,117.800003,151.589996,91.809998,1742754
2025-12-04,7.510000,59.669998,63.259998,307.339996,15.780000,684.390015,38.119999,27.830000,16.299999,4.430000,27.240000,59.500000,46.509998,50.610001,77.080002,117.139999,152.259995,93.120003,2302385
2025-12-05,7.330000,60.080002,63.750000,306.190002,15.410000,685.690002,38.459999,28.450001,16.170000,4.440000,26.940001,57.630001,46.020000,49.200001,76.430000,116.540001,150.000000,93.690002,1470230
2025-12-08,7.300000,58.880001,62.490002,302.010010,16.660000,683.630005,38.240002,28.080000,15.940000,4.440000,27.040001,57.049999,45.330002,47.389999,77.150002,115.980003,148.710007,92.879997,1057740
2025-12-09,7.400000,58.250000,61.939999,304.709991,16.930000,683.039978,38.299999,28.580000,16.059999,4.450000,27.510000,58.189999,45.860001,47.689999,80.099998,118.250000,148.490005,93.430000,2002785
2025-12-10,7.250000,58.459999,62.209999,308.130005,15.770000,687.570007,39.930000,29.040001,16.540001,4.300000,27.290001,57.160000,46.259998,48.040001,81.309998,119.540001,151.410004,96.800003,1557901
2025-12-11,7.130000,57.599998,61.279999,308.660004,14.850000,689.169983,40.340000,29.120001,16.639999,4.280000,26.650000,57.759998,46.419998,47.459999,81.209999,119.540001,150.720001,96.709999,1675153
2025-12-12,7.020000,57.439999,61.119999,299.609985,15.740000,681.760010,39.450001,28.620001,16.389999,4.130000,26.049999,55.720001,46.320000,46.860001,80.339996,118.820000,149.990005,95.540001,1130539
2025-12-15,7.080000,56.820000,60.560001,296.709991,16.500000,680.729980,38.900002,28.410000,16.240000,4.080000,25.860001,56.480000,46.200001,46.889999,78.989998,117.760002,149.800003,94.360001,1254866
2025-12-16,6.580000,55.270000,58.919998,283.760010,16.480000,678.869995,37.610001,27.190001,15.320000,3.840000,24.160000,52.790001,43.820000,45.020000,76.230003,114.680000,146.750000,90.769997,1696703
2025-12-17,6.660000,55.939999,59.680000,286.820007,17.620001,671.400024,38.529999,27.740000,15.660000,3.950000,24.059999,53.180000,44.380001,45.290001,77.404999,117.410004,149.520004,94.959999,2310776
2025-12-18,6.150000,56.150002,59.820000,282.570007,16.870001,676.469971,38.130001,27.459999,15.540000,3.920000,23.309999,50.500000,43.520000,44.470001,77.000000,116.540001,147.690002,92.230003,2640574
2025-12-19,6.140000,56.660000,60.470001,285.390015,14.910000,680.590027,38.080002,27.719999,15.670000,3.970000,23.610001,50.349998,44.720001,44.709999,78.830002,116.690002,147.750000,91.940002,5139778
2025-12-22,6.430000,58.009998,62.070000,284.459991,14.080000,684.830017,38.330002,28.190001,15.800000,4.010000,24.840000,51.250000,44.959999,45.560001,80.470001,118.150002,149.800003,93.309998,1807314
2025-12-23,6.310000,58.380001,62.380001,283.739990,14.000000,687.960022,38.200001,28.170000,15.740000,4.030000,24.459999,51.070000,45.160000,45.189999,79.830002,119.419998,150.509995,92.730003,1138380
2025-12-24,6.320000,58.349998,62.240002,282.839996,13.470000,690.380005,37.970001,28.030001,15.610000,4.010000,24.299999,50.779999,44.680000,45.299999,78.099998,119.220001,150.500000,91.800003,625930
2025-12-26,6.260000,56.740002,60.639999,281.519989,13.600000,690.309998,37.790001,27.959999,15.620000,4.020000,24.160000,50.330002,44.650002,45.250000,77.660004,119.110001,150.020004,91.540001,959281
2025-12-29,6.280000,58.080002,61.939999,282.880005,14.200000,687.849976,37.900002,28.150000,15.680000,4.070000,24.139999,50.459999,44.689999,45.380001,78.070000,120.529999,150.990005,92.629997,955242
2025-12-30,6.300000,57.950001,61.919998,286.890015,14.330000,687.010010,38.549999,28.490000,15.810000,4.130000,24.309999,50.750000,45.189999,46.090000,79.129997,120.989998,152.309998,94.099998,1544547
2025-12-31,6.270000,57.419998,60.849998,284.769989,14.950000,681.919983,38.380001,28.260000,15.630000,4.130000,24.030001,50.509998,44.560001,45.540001,78.260002,120.339996,152.410004,93.610001,1284050
2026-01-02,6.400000,57.320000,60.750000,295.989990,14.510000,683.169983,40.200001,29.600000,16.410000,4.240000,24.850000,52.230000,47.310001,47.139999,80.889999,122.650002,155.899994,96.699997,1268261
2026-01-05,6.770000,58.320000,61.759998,311.679993,14.900000,687.719971,43.799999,31.920000,17.480000,4.310000,26.170000,51.959999,48.290001,49.070000,88.610001,125.360001,163.850006,99.199997,2019312
2026-01-06,6.920000,57.130001,60.700001,310.329987,14.750000,691.809998,43.630001,30.830000,16.900000,4.330000,26.570000,53.259998,48.340000,49.380001,89.379997,121.050003,156.539993,97.110001,1456828
2026-01-07,6.810000,55.990002,59.959999,304.839996,15.380000,689.580017,42.369999,30.379999,16.840000,4.210000,25.680000,52.919998,49.180000,48.840000,86.360001,118.489998,155.199997,93.940002,1338922
2026-01-08,6.980000,57.759998,61.990002,316.160004,15.450000,689.510010,44.430000,32.169998,17.559999,4.270000,26.900000,56.700001,49.439999,50.200001,89.209999,122.910004,159.250000,98.720001,1249525
2026-01-09,7.070000,59.119999,63.340000,317.480011,14.490000,694.070007,45.200001,32.630001,17.530001,4.250000,26.730000,56.500000,50.070000,49.970001,89.239998,124.610001,162.110001,97.510002,1526371
2026-01-12,6.980000,59.500000,63.869999,313.350006,15.120000,695.159973,45.150002,31.900000,17.230000,4.270000,26.290001,57.250000,49.799999,47.950001,85.980003,124.029999,162.339996,95.500000,1146172
2026-01-13,7.170000,61.150002,65.470001,320.529999,15.980000,693.770020,45.900002,32.610001,17.719999,4.290000,26.910000,56.849998,50.430000,48.970001,87.779999,126.540001,163.869995,96.459999,1392870
2026-01-14,7.350000,62.020000,66.519997,326.010010,16.750000,690.359985,46.970001,33.040001,17.690001,4.380000,27.059999,58.990002,52.240002,49.980000,86.699997,130.199997,167.240005,100.339996,1566660
2026-01-15,7.200000,59.189999,63.759998,327.119995,15.840000,692.239990,46.570000,32.779999,18.020000,4.340000,27.070000,58.360001,52.310001,52.000000,84.110001,129.130005,166.160004,98.930000,1301998
2026-01-16,7.090000,59.439999,64.129997,326.589996,15.860000,691.659973,46.730000,32.570000,18.000000,4.230000,27.270000,57.450001,52.160000,51.750000,83.739998,129.889999,166.259995,98.190002,1094240
2026-01-20,7.050000,60.340000,64.919998,324.380005,20.090000,677.580017,46.450001,32.060001,17.639999,4.300000,26.730000,56.770000,52.200001,51.259998,83.139999,130.460007,165.300003,95.519997,1958405
2026-01-21,7.520000,60.619999,65.239998,339.260010,16.900000,685.400024,48.520000,33.360001,18.400000,4.630000,28.610001,59.580002,54.209999,53.590000,88.500000,133.610001,166.729996,97.150002,1532026
2026-01-22,7.630000,59.360001,64.059998,341.540009,15.640000,688.979980,49.320000,33.720001,18.480000,4.700000,28.440001,59.290001,53.970001,54.459999,89.120003,133.639999,166.660004,96.879997,2040768
2026-01-23,7.520000,61.070000,65.879997,339.899994,16.090000,689.229980,49.150002,33.950001,18.389999,4.830000,29.170000,60.380001,54.259998,53.919998,89.930000,134.970001,166.720001,98.349998,1836190
2026-01-26,7.510000,60.630001,65.589996,345.260010,16.150000,692.729980,49.700001,34.160000,18.600000,4.910000,29.090000,61.689999,54.630001,56.290001,90.459999,134.839996,167.500000,98.449997,1396549
2026-01-27,7.650000,62.389999,67.570000,351.309998,16.350000,695.489990,50.660000,34.259998,18.920000,4.960000,30.969999,63.419998,55.639999,56.500000,93.260002,136.830002,169.050003,99.870003,1084603
2026-01-28,7.560000,63.209999,68.400002,343.890015,16.350000,695.419983,48.869999,33.360001,18.379999,4.870000,29.670000,60.959999,55.250000,56.630001,91.440002,137.580002,169.929993,101.389999,1738189
2026-01-29,7.920000,65.419998,70.709999,350.010010,16.879999,694.039978,48.450001,33.389999,18.600000,4.920000,30.400000,62.470001,55.919998,56.730000,94.040001,140.509995,171.190002,102.800003,3471808
2026-01-30,7.940000,65.209999,70.690002,348.390015,17.440001,691.969971,48.380001,33.520000,18.350000,4.970000,30.100000,62.490002,55.720001,56.040001,94.080002,141.399994,176.899994,104.230003,2820414
2026-02-02,8.060000,62.139999,66.300003,348.890015,16.340000,695.409973,48.049999,32.830002,18.379999,4.820000,30.530001,64.639999,56.450001,56.450001,92.389999,138.399994,174.029999,101.790001,2044765
2026-02-03,8.370000,63.209999,67.330002,357.329987,18.000000,689.530029,49.759998,33.869999,18.770000,4.980000,31.400000,65.349998,57.340000,58.000000,95.989998,143.729996,178.039993,104.910004,2989087
2026-02-04,8.310000,65.139999,69.459999,362.519989,18.639999,686.190002,51.349998,34.340000,19.379999,5.340000,30.969999,67.489998,56.540001,59.169998,99.970001,147.589996,181.229996,107.589996,3099907
2026-02-05,8.090000,63.290001,67.550003,351.420013,21.770000,677.619995,49.509998,33.840000,18.240000,4.940000,29.770000,63.360001,56.250000,57.360001,100.959999,146.080002,179.229996,104.980003,5898443
2026-02-06,8.560000,63.549999,68.050003,367.109985,20.370001,690.619995,50.700001,34.980000,18.910000,5.390000,32.189999,66.349998,59.060001,58.919998,105.510002,149.050003,180.860001,107.620003,1969279
2026-02-09,8.650000,64.360001,69.040001,374.040009,17.360001,693.950012,50.540001,34.900002,18.959999,5.710000,33.160000,67.610001,59.970001,59.549999,104.250000,151.210007,182.600006,108.699997,1914344
2026-02-10,8.460000,63.959999,68.800003,368.399994,17.790001,692.119995,50.320000,34.020000,18.570000,5.440000,32.770000,68.589996,60.200001,59.150002,101.839996,151.589996,182.259995,107.500000,1612717
2026-02-11,8.850000,64.629997,69.400002,381.470001,17.650000,691.960022,51.560001,35.029999,19.469999,6.000000,34.290001,71.160004,61.820000,61.250000,103.620003,155.559998,185.820007,111.209999,2102692
2026-02-12,8.470000,62.840000,67.519997,373.880005,20.820000,681.270020,50.639999,34.290001,19.000000,6.030000,32.240002,67.580002,61.040001,61.389999,100.699997,149.929993,182.399994,110.830002,1619957
2026-02-13,8.600000,62.889999,67.750000,381.320007,20.600000,681.750000,50.389999,33.959999,19.200001,6.540000,33.150002,69.930000,61.360001,61.200001,101.419998,148.449997,183.740005,111.430000,1802073
2026-02-17,8.390000,62.330002,67.419998,375.579987,20.290001,682.849976,49.840000,33.709999,19.070000,6.140000,32.360001,69.900002,61.270000,59.860001,102.230003,146.190002,180.550003,108.779999,1424530
2026-02-18,8.600000,65.190002,70.349998,385.109985,19.620001,686.289978,51.590000,34.770000,19.990000,6.220000,33.090000,71.440002,62.270000,61.540001,104.849998,150.679993,183.869995,110.519997,1913221
2026-02-19,9.100000,66.430000,71.660004,391.690002,20.230000,684.479980,51.540001,35.369999,20.240000,6.360000,36.180000,73.849998,61.759998,62.560001,105.540001,150.970001,184.779999,111.589996,1773734
2026-02-20,8.940000,66.389999,71.760002,389.549988,19.090000,689.429993,50.849998,35.110001,20.389999,6.520000,34.790001,73.379997,63.490002,62.209999,104.440002,147.279999,183.929993,110.529999,2089825
2026-02-23,9.070000,66.309998,71.489998,392.549988,21.010000,682.390015,51.240002,35.240002,20.280001,6.390000,37.220001,78.910004,64.250000,63.669998,104.959999,150.759995,184.910004,109.879997,2785
2026-02-24,10.550000,65.629997,70.769997,400.899994,19.549999,687.349976,51.849998,35.790001,20.629999,6.540000,38.820000,79.430000,65.400002,64.720001,106.860001,149.259995,185.339996,110.589996,2785
2026-02-25,9.600000,65.419998,70.849998,398.029999,17.930000,693.150024,51.660000,35.270000,20.160000,6.410000,37.919998,78.550003,66.129997,64.809998,104.959999,149.059998,184.220001,110.010002,2785
2026-02-26,9.020000,65.209999,70.750000,395.500000,18.629999,689.299988,51.490002,35.709999,20.190001,6.380000,37.570000,77.610001,67.290001,64.900002,104.919998,148.539993,184.160004,110.699997,2466665
2026-02-27,9.190000,67.019997,72.480003,396.970001,19.860001,685.989990,51.340000,36.000000,20.260000,6.480000,35.500000,79.419998,66.309998,65.260002,105.459999,152.500000,186.759995,113.459999,2267408
2026-03-02,9.310000,71.230003,77.739998,395.429993,21.440001,686.380005,51.270000,35.970001,20.030001,6.250000,35.869999,79.870003,67.500000,64.830002,103.330002,154.220001,189.600006,118.239998,1507014
2026-03-03,9.210000,74.559998,81.400002,384.559998,23.570000,680.330017,48.580002,35.259998,19.440001,6.110000,35.169998,87.669998,66.129997,62.540001,97.830002,151.830002,188.770004,118.519997,2659049
2026-03-04,9.170000,74.660004,81.400002,383.230011,21.150000,685.130005,47.889999,34.430000,19.510000,6.370000,35.139999,83.800003,65.269997,60.880001,95.800003,149.820007,186.029999,115.650002,1331890
2026-03-05,9.150000,81.010002,85.410004,378.630005,23.750000,681.309998,47.400002,34.160000,18.950001,6.130000,34.439999,80.279999,64.440002,60.189999,94.269997,150.759995,189.899994,116.820000,2980789
2026-03-06,9.000000,90.900002,92.690002,373.329987,29.490000,672.380005,46.900002,34.049999,18.570000,5.930000,34.209999,77.790001,63.020000,59.810001,90.800003,151.210007,189.940002,117.070000,2577234
2026-03-09,9.010000,94.769997,98.959999,379.119995,25.500000,678.270020,47.189999,34.650002,18.959999,6.170000,34.990002,81.000000,63.450001,60.099998,90.949997,150.440002,189.440002,117.029999,1786224
2026-03-10,9.010000,83.449997,87.800003,382.260010,24.930000,677.179993,48.110001,35.340000,18.840000,6.160000,36.139999,76.940002,64.900002,59.340000,92.480003,148.130005,186.289993,114.150002,1757604
2026-03-11,9.080000,87.250000,91.980003,385.019989,24.230000,676.330017,48.169998,35.930000,19.120001,6.310000,35.340000,76.510002,64.379997,58.970001,92.690002,151.580002,191.789993,117.029999,2005560
2026-03-12,8.750000,95.730003,100.459999,372.470001,27.290001,666.059998,44.560001,34.840000,18.719999,6.280000,35.439999,76.400002,62.520000,55.900002,85.120003,153.529999,196.970001,120.260002,2107658
2026-03-13,8.820000,98.709999,103.139999,371.130005,27.190001,662.289978,44.720001,33.689999,18.430000,6.360000,33.279999,76.760002,63.029999,54.259998,86.529999,156.119995,196.820007,121.889999,4422303
2026-03-16,9.040000,93.500000,100.209999,372.570007,23.510000,669.030029,44.959999,34.160000,18.190001,6.200000,33.689999,74.260002,63.720001,55.189999,86.800003,157.229996,196.839996,121.320000,1656927
2026-03-17,9.480000,96.209999,103.419998,385.630005,22.370001,670.789978,46.130001,35.639999,18.660000,6.580000,34.549999,76.139999,65.339996,57.000000,86.400002,158.809998,197.970001,122.870003,1947885
2026-03-18,9.460000,96.320000,107.379997,383.380005,25.090000,661.429993,45.320000,36.220001,18.250000,6.250000,33.869999,75.269997,65.129997,57.480000,86.480003,157.589996,198.610001,123.650002,2522767
2026-03-19,9.730000,96.139999,108.650002,392.619995,24.059999,659.799988,47.820000,36.930000,18.590000,6.460000,35.070000,74.279999,66.220001,60.709999,87.510002,158.160004,201.440002,126.019997,1756324
2026-03-20,9.590000,98.320000,112.190002,386.970001,26.780001,648.570007,46.630001,36.529999,18.680000,6.220000,34.959999,72.480003,65.260002,60.349998,86.139999,159.669998,201.729996,126.919998,4462816
2026-03-23,9.800000,88.129997,99.940002,398.850006,26.150000,655.380005,49.250000,37.509998,19.280001,6.460000,36.290001,75.440002,68.000000,62.529999,91.550003,161.130005,205.210007,127.190002,1444082
2026-03-24,9.990000,92.349998,104.489998,406.700012,26.950001,653.179993,50.509998,38.110001,19.510000,6.630000,37.200001,76.900002,70.160004,63.490002,93.220001,165.380005,206.789993,129.350006,1394320
2026-03-25,9.920000,90.320000,102.220001,409.109985,25.330000,656.820007,51.889999,38.630001,19.620001,6.770000,36.130001,77.820000,70.769997,62.619999,97.029999,163.259995,205.149994,128.929993,1246783
2026-03-26,10.080000,94.480003,108.010002,413.250000,27.440001,645.090027,52.310001,38.790001,19.920000,6.890000,36.520000,80.800003,70.330002,62.360001,95.940002,165.429993,207.789993,133.250000,1358097
2026-03-27,10.100000,99.639999,112.570000,416.200012,31.049999,634.090027,53.500000,40.419998,19.879999,6.930000,36.330002,82.400002,71.190002,63.220001,95.889999,170.990005,211.149994,133.800003,1212357
2026-03-30,9.750000,102.879997,112.779999,401.899994,30.610001,631.969971,51.529999,39.259998,18.559999,6.650000,34.459999,81.889999,67.589996,60.680000,92.620003,171.470001,210.710007,132.889999,1942510
2026-03-31,9.890000,101.379997,118.349998,404.209991,25.250000,650.340027,51.389999,38.990002,18.809999,6.630000,35.470001,83.550003,69.129997,61.049999,94.580002,169.660004,206.899994,132.000000,1931946
2026-04-01,9.370000,100.120003,101.160004,396.160004,24.540001,655.239990,50.029999,38.000000,18.670000,6.500000,34.369999,83.440002,69.790001,60.340000,94.180000,160.779999,197.410004,128.380005,1964423
2026-04-02,9.610000,111.540001,109.029999,399.049988,23.870001,655.830017,49.439999,38.169998,18.780001,6.590000,35.560001,84.379997,71.019997,60.380001,95.290001,160.690002,198.970001,130.520004,1354275
2026-04-06,9.600000,112.410004,109.769997,399.589996,24.170000,658.929993,49.779999,37.820000,18.830000,6.590000,36.590000,85.320000,71.589996,60.700001,94.900002,163.369995,198.860001,131.639999,1125179
2026-04-07,9.860000,112.949997,109.269997,407.779999,25.780001,659.219971,50.349998,38.720001,19.559999,6.680000,37.490002,86.250000,73.209999,61.250000,96.349998,163.910004,201.539993,131.770004,1066167
2026-04-08,9.660000,94.410004,94.750000,410.399994,21.040001,676.010010,51.880001,37.799999,19.139999,6.700000,36.320000,87.839996,71.820000,63.160000,102.199997,156.220001,192.889999,125.220001,1770591
2026-04-09,9.580000,97.870003,95.919998,411.040009,19.490000,679.909973,52.540001,37.689999,19.590000,6.560000,36.450001,87.690002,73.510002,63.419998,103.300003,155.039993,190.360001,123.470001,1274598
2026-04-10,9.560000,96.570000,95.199997,409.779999,19.230000,679.460022,51.919998,37.590000,19.490000,6.520000,36.200001,86.099998,73.790001,62.830002,102.779999,152.509995,188.550003,122.550003,876297
2026-04-13,9.790000,99.080002,99.360001,413.079987,19.120001,686.099976,51.919998,38.610001,19.629999,6.640000,37.430000,87.830002,75.029999,62.560001,103.639999,152.639999,191.779999,123.620003,1437054
2026-04-14,9.400000,91.279999,94.790001,402.799988,18.360001,694.460022,51.490002,37.509998,19.100000,6.170000,35.930000,84.279999,72.000000,61.490002,99.620003,149.240005,187.020004,118.790001,1357991
2026-04-15,9.420000,91.290001,94.930000,403.309998,18.170000,699.940002,52.419998,37.540001,19.020000,6.150000,35.770000,83.610001,72.040001,60.070000,99.790001,149.009995,184.910004,118.919998,1376464
2026-04-16,9.470000,94.690002,99.389999,407.630005,17.940001,701.659973,51.730000,38.150002,19.180000,6.350000,36.730000,84.370003,72.800003,60.599998,99.260002,151.979996,188.149994,121.570000,1734185
2026-04-17,9.160000,83.849998,90.379997,400.690002,17.480000,710.140015,52.660000,37.150002,19.100000,5.940000,37.450001,85.250000,70.440002,59.779999,102.360001,146.440002,183.990005,116.040001,1658546
2026-04-20,9.130000,89.610001,95.480003,398.989990,18.870001,708.719971,52.200001,36.680000,19.139999,5.890000,37.099998,85.010002,70.220001,59.169998,100.129997,147.679993,183.250000,116.449997,1830366
2026-04-21,9.380000,92.129997,98.480003,408.600006,19.500000,704.080017,52.770000,38.150002,19.590000,6.050000,37.820000,83.870003,72.370003,60.250000,99.629997,148.360001,185.979996,120.260002,1855463
2026-04-22,9.630000,92.959999,101.910004,417.790009,18.920000,711.210022,54.349998,39.110001,19.770000,6.060000,38.470001,85.639999,72.230003,62.540001,100.989998,149.500000,186.320007,122.599998,1481388
2026-04-23,9.700000,95.849998,105.070000,425.480011,19.309999,708.450012,54.740002,39.650002,20.219999,6.060000,38.009998,85.620003,72.440002,64.489998,102.930000,150.529999,187.600006,124.370003,6154274
2026-04-24,9.890000,94.400002,105.330002,437.239990,18.709999,713.940002,56.150002,40.360001,20.500000,6.110000,37.349998,88.519997,74.760002,68.940002,108.540001,148.910004,185.210007,121.760002,4285728
2026-04-27,9.930000,96.370003,108.230003,439.410004,18.020000,715.169983,55.230000,40.130001,20.820000,6.520000,37.990002,91.120003,75.120003,68.379997,109.690002,148.190002,184.779999,121.680000,3116558
2026-04-28,10.080000,99.930000,111.260002,441.600006,17.830000,711.690002,55.650002,40.810001,20.290001,6.790000,37.560001,86.669998,75.449997,67.669998,110.309998,150.559998,188.360001,124.320000,2498879
2026-04-29,10.100000,106.879997,118.029999,445.779999,18.809999,711.580017,55.700001,41.810001,20.760000,6.960000,36.000000,88.330002,76.989998,68.809998,107.139999,154.669998,192.220001,128.250000,2079738
2026-04-30,10.350000,105.070000,114.010002,448.239990,16.889999,718.659973,56.880001,42.299999,20.459999,6.820000,37.540001,89.330002,75.570000,69.669998,110.349998,154.330002,193.309998,125.779999,2163305
2026-05-01,10.290000,101.940002,108.169998,444.730011,16.990000,720.650024,56.919998,41.660000,19.860001,6.840000,37.070000,87.849998,75.790001,69.120003,109.489998,152.750000,190.630005,123.190002,2598952
2026-05-04,10.250000,106.419998,114.440002,443.510010,18.290001,718.010010,55.630001,41.980000,19.950001,6.880000,37.349998,87.080002,74.599998,69.010002,109.120003,153.690002,192.279999,124.910004,1875295
2026-05-05,10.260000,102.269997,109.870003,440.700012,17.379999,723.770020,56.000000,41.720001,20.120001,6.250000,37.660000,85.010002,75.029999,67.779999,108.610001,154.880005,192.639999,123.320000,1804217
2026-05-06,9.850000,95.080002,101.269997,432.589996,17.389999,733.830017,55.160000,40.400002,20.180000,6.230000,37.070000,81.720001,73.940002,66.669998,108.370003,148.690002,185.160004,118.900002,1909777
2026-05-07,9.830000,94.809998,100.059998,417.690002,17.080000,731.580017,53.000000,39.119999,19.299999,6.170000,36.580002,77.860001,71.029999,63.529999,102.300003,146.580002,182.500000,114.879997,1996961
2026-05-08,9.660000,95.419998,101.290001,420.839996,17.190001,737.619995,53.270000,39.830002,19.250000,6.400000,36.540001,81.160004,70.150002,63.889999,102.320000,144.570007,181.619995,113.870003,1453011
2026-05-11,9.970000,98.070000,104.209999,431.149994,18.379999,739.299988,54.930000,40.259998,19.770000,6.550000,37.930000,81.330002,71.150002,64.599998,102.279999,149.679993,184.740005,115.550003,1185005
2026-05-12,9.910000,102.180000,107.769997,437.239990,17.990000,738.179993,55.639999,41.700001,20.540001,6.540000,38.070000,81.500000,73.190002,65.239998,107.510002,150.630005,185.949997,117.870003,1213357
2026-05-13,10.140000,101.019997,105.629997,437.450012,17.870001,742.309998,55.380001,41.020000,20.490000,6.620000,38.869999,81.089996,72.680000,65.410004,109.080002,151.570007,186.000000,117.400002,1669296
2026-05-14,10.140000,101.169998,105.720001,441.429993,17.260000,748.169983,55.750000,41.290001,20.610001,6.910000,38.720001,81.750000,73.010002,64.610001,109.190002,152.779999,186.639999,118.970001,1231031
2026-05-15,10.050000,105.419998,109.260002,440.519989,18.430000,739.169983,55.380001,41.759998,20.370001,7.040000,37.840000,82.349998,71.279999,64.120003,108.830002,157.919998,191.100006,122.410004,1305007
2026-05-18,10.470000,108.660004,112.099998,453.920013,17.820000,738.650024,57.150002,42.779999,21.170000,7.580000,38.540001,85.300003,73.459999,66.209999,111.419998,160.490005,196.119995,124.540001,1829099
2026-05-19,10.220000,107.769997,111.279999,451.019989,18.059999,733.729980,56.770000,42.980000,20.959999,7.450000,38.009998,83.879997,73.879997,65.470001,109.269997,162.550003,197.250000,125.110001,3476367
2026-05-20,10.230000,98.260002,105.019997,451.040009,17.440001,741.250000,57.279999,42.299999,21.150000,7.340000,38.400002,84.559998,72.250000,66.790001,111.379997,156.279999,191.330002,122.360001,1469156
2026-05-21,10.040000,96.349998,102.580002,445.130005,16.760000,742.719971,57.250000,41.959999,20.860001,6.820000,38.480000,81.199997,71.410004,65.800003,110.019997,155.289993,191.009995,120.550003,2012506
2026-05-22,10.080000,96.599998,103.540001,443.959991,16.700001,745.640015,57.279999,41.470001,20.809999,6.810000,38.770000,79.290001,70.989998,66.059998,108.790001,154.919998,191.429993,120.459999,1200889
2026-05-26,10.110000,93.889999,99.580002,443.190002,17.010000,750.590027,57.980000,41.080002,21.120001,6.480000,39.049999,78.739998,71.410004,66.730003,108.839996,149.809998,184.710007,116.570000,1495470
2026-05-27,9.540000,88.680000,94.290001,425.529999,16.290001,750.460022,56.500000,39.599998,20.230000,6.180000,38.790001,75.089996,67.410004,63.200001,106.160004,147.899994,182.399994,115.129997,1786911
2026-05-28,9.350000,88.900002,93.709999,420.679993,15.740000,754.599976,55.119999,39.330002,20.260000,6.220000,38.290001,74.709999,67.699997,64.709999,103.879997,146.960007,183.029999,114.989998,2006336
2026-05-29,9.350000,87.360001,92.050003,418.250000,15.320000,756.479980,54.549999,38.849998,19.959999,6.190000,38.230000,73.489998,68.419998,63.880001,103.639999,145.259995,182.460007,113.980003,1469513
2026-06-01,9.560000,92.160004,94.980003,420.589996,16.049999,758.539978,54.750000,39.349998,20.000000,6.250000,37.439999,74.559998,68.430000,62.970001,102.709999,149.380005,185.830002,115.580002,1108660
2026-06-02,9.720000,93.760002,96.000000,430.450012,15.770000,759.570007,56.560001,40.130001,20.450001,6.250000,38.669998,74.910004,69.449997,64.540001,103.720001,149.559998,187.550003,116.870003,964859
2026-06-03,9.540000,96.019997,97.809998,431.220001,16.059999,754.239990,56.849998,41.029999,20.820000,6.180000,37.990002,74.000000,67.940002,64.269997,104.089996,152.529999,189.710007,119.050003,1253101
2026-06-04,9.730000,93.040001,95.029999,438.970001,15.400000,757.090027,58.009998,41.220001,21.450001,6.250000,39.779999,74.279999,69.010002,66.110001,103.730003,152.039993,188.350006,119.230003,922796
2026-06-05,9.240000,90.540001,93.089996,414.700012,21.510000,737.549988,54.869999,39.180000,20.139999,5.950000,37.150002,72.480003,66.820000,62.590000,97.169998,149.919998,187.309998,117.139999,1395716
2026-06-08,9.740000,91.300003,94.250000,429.809998,18.920000,739.219971,56.549999,40.500000,21.120001,6.170000,39.189999,74.339996,68.750000,64.839996,103.000000,151.750000,189.240005,118.889999,801743
2026-06-09,9.500000,88.199997,91.449997,420.750000,19.870001,737.049988,55.849998,39.619999,20.820000,5.870000,39.009998,73.150002,68.389999,63.549999,101.260002,148.910004,186.759995,116.790001,1075153
2026-06-10,9.630000,90.029999,93.099998,422.920013,22.219999,725.429993,55.509998,39.730000,21.080000,6.010000,39.299999,73.440002,69.949997,63.020000,98.010002,150.619995,189.800003,119.919998,1108431
2026-06-11,9.770000,87.709999,90.379997,425.880005,19.440001,737.760010,56.000000,39.759998,21.120001,6.030000,39.799999,74.220001,70.599998,63.480000,101.029999,146.600006,185.820007,115.360001,1198177
2026-06-12,9.740000,84.879997,87.330002,428.170013,17.680000,741.750000,56.180000,39.599998,21.129999,6.040000,39.389999,76.910004,70.790001,63.139999,101.309998,147.009995,187.220001,116.980003,1232350
2026-06-15,9.490000,80.750000,83.169998,415.320007,16.200001,754.830017,53.709999,38.180000,20.520000,5.830000,37.889999,74.349998,68.510002,62.459999,100.099998,140.919998,180.399994,112.260002,1369899
2026-06-16,9.200000,76.050003,78.959999,406.190002,16.410000,750.330017,53.070000,37.200001,19.959999,5.590000,37.310001,70.989998,67.000000,61.520000,97.849998,141.860001,180.110001,111.339996,1875643
2026-06-17,8.870000,76.790001,79.550003,397.119995,18.440001,740.960022,50.330002,36.230000,19.299999,5.580000,35.500000,67.709999,67.010002,60.070000,94.150002,140.740005,177.580002,111.209999,1571856
2026-06-18,8.690000,76.599998,79.849998,385.489990,16.400000,746.739990,48.090000,34.930000,18.660000,5.310000,36.060001,64.669998,65.169998,58.410000,91.629997,137.809998,173.630005,107.739998,4302382
2026-06-22,8.850000,74.820000,77.900002,388.910004,17.280001,744.390015,47.950001,35.169998,18.680000,5.410000,36.189999,66.349998,67.389999,59.150002,91.779999,138.470001,175.059998,109.699997,1515943
2026-06-23,8.830000,73.209999,77.080002,384.519989,19.490000,733.580017,47.790001,35.110001,18.750000,5.290000,36.279999,66.410004,66.139999,58.680000,89.389999,139.729996,175.979996,109.970001,2434110
2026-06-24,8.570000,70.339996,73.739998,371.269989,18.629999,733.239990,46.610001,33.900002,18.350000,5.040000,36.290001,64.599998,64.290001,56.380001,84.489998,136.899994,171.449997,106.919998,1464586
2026-06-25,8.740000,71.919998,75.260002,380.529999,18.889999,734.299988,47.419998,34.669998,18.940001,5.210000,39.369999,65.760002,67.029999,56.939999,84.839996,137.550003,172.240005,106.410004,1207907
2026-06-26,8.870000,69.230003,71.989998,375.549988,18.410000,728.989990,47.000000,34.209999,18.660000,5.110000,40.029999,67.320000,64.440002,56.560001,82.750000,136.539993,171.059998,105.959999,4299896
2026-06-29,8.710000,70.750000,73.150002,372.980011,17.650000,741.000000,46.380001,34.090000,18.430000,5.040000,39.529999,66.599998,65.230003,56.310001,80.919998,136.059998,168.470001,104.199997,1576113
2026-06-30,8.740000,69.500000,72.919998,372.029999,16.450001,746.770020,46.490002,33.950001,18.549999,4.890000,40.520000,66.629997,66.300003,55.500000,81.500000,136.720001,165.759995,103.959999,1801280
2026-07-01,8.510000,68.580002,71.570000,360.070007,16.590000,745.760010,45.090000,33.009998,18.100000,4.870000,39.389999,67.029999,65.110001,53.820000,80.209999,136.279999,165.690002,103.220001,1668808
2026-07-02,8.540000,68.690002,71.800003,359.600006,16.150000,744.780029,45.130001,32.959999,18.020000,5.060000,38.500000,68.120003,66.750000,52.779999,83.010002,137.089996,169.199997,104.730003,1165843
2026-07-06,8.510000,68.550003,71.989998,359.850006,15.570000,751.280029,45.720001,33.000000,17.790001,4.930000,38.880001,68.190002,67.260002,53.250000,83.900002,136.440002,168.100006,103.580002,907851
2026-07-07,8.690000,70.440002,74.160004,366.299988,16.129999,747.710022,46.419998,33.790001,18.280001,5.020000,39.880001,71.150002,68.110001,54.470001,83.370003,141.690002,174.009995,108.440002,1037214
2026-07-08,9.110000,73.519997,78.019997,377.829987,16.900000,745.400024,47.430000,34.970001,18.740000,5.230000,41.169998,73.860001,70.389999,57.580002,83.940002,141.130005,175.970001,110.720001,1893056
2026-07-09,9.080000,72.080002,76.300003,374.500000,15.840000,751.710022,47.240002,34.119999,18.430000,5.140000,40.680000,70.660004,70.529999,57.200001,82.779999,137.460007,174.050003,108.019997,1336945
2026-07-10,9.220000,71.410004,76.010002,380.239990,15.030000,754.950012,47.759998,34.389999,18.889999,5.200000,42.099998,73.370003,71.849998,57.560001,84.360001,138.880005,176.399994,109.040001,1068419
2026-07-13,9.520000,78.139999,83.300003,382.899994,17.160000,749.169983,47.360001,35.209999,19.129999,5.370000,43.220001,74.349998,73.040001,57.660000,81.099998,144.509995,182.199997,112.849998,1489183
2026-07-14,9.530000,79.339996,84.730003,385.410004,16.500000,751.830017,47.540001,35.419998,19.299999,5.310000,43.279999,73.970001,74.570000,57.779999,82.010002,145.089996,181.759995,111.870003,1246656
2026-07-15,9.430000,79.599998,84.949997,382.059998,15.670000,754.809998,47.549999,35.250000,19.389999,5.200000,42.660000,74.870003,72.269997,57.250000,81.809998,144.509995,181.600006,111.459999,1184853
2026-07-16,9.520000,78.949997,84.230003,377.089996,16.730000,750.719971,47.080002,35.040001,19.469999,5.120000,42.299999,74.629997,72.010002,56.540001,80.419998,145.949997,183.860001,112.839996,1148023
2026-07-17,9.580000,82.489998,88.099998,378.989990,18.770000,743.289978,46.990002,35.220001,19.520000,5.140000,42.279999,75.820000,72.070000,55.950001,80.699997,147.360001,187.380005,114.709999,1205309
2026-08-24,9.970000,85.010002,92.169998,408.709991,15.850000,763.469971,54.000000,34.630001,19.760000,5.770000,50.459999,92.919998,75.849998,61.990002,88.730003,164.050003,203.089996,133.350006,1541238
2026-08-25,10.000000,82.360001,88.580002,405.690002,15.450000,765.909973,53.290001,33.799999,19.940001,5.750000,49.910000,92.320000,75.199997,61.820000,88.199997,160.639999,199.889999,131.839996,1163131
2026-08-26,9.790000,82.230003,87.839996,404.880005,15.210000,766.080017,53.599998,34.439999,20.230000,5.600000,49.619999,88.809998,75.699997,62.000000,88.000000,158.190002,200.210007,130.610001,1432201
2026-08-27,10.120000,83.529999,89.699997,414.950012,14.510000,771.099976,55.009998,35.490002,20.760000,5.740000,51.209999,93.040001,76.320000,62.110001,91.970001,156.440002,199.770004,129.520004,1588957
2026-08-28,10.140000,83.400002,89.309998,418.309998,14.430000,769.349976,57.330002,36.180000,20.990000,5.800000,50.590000,92.620003,75.839996,62.410000,93.790001,156.710007,201.860001,130.350006,1200679
2026-08-31,10.300000,85.760002,90.489998,429.179993,14.920000,767.049988,60.099998,36.849998,21.290001,5.810000,51.759998,93.120003,78.150002,63.549999,97.769997,160.949997,206.139999,132.490005,2105851
2026-09-01,10.600000,90.220001,94.650002,426.880005,16.340000,761.780029,57.150002,36.799999,21.360001,5.920000,51.320000,96.110001,78.309998,63.660000,94.519997,164.550003,211.050003,136.190002,3827571