report_week,padd2_crude_kbbl,padd3_crude_kbbl,padd2_util_pct,padd3_util_pct,cushing_crude_kbbl,available_date,padd2_crude_kbbl_z52,padd3_crude_kbbl_z52,padd_stock_gap_z52,utilization_gap_pp,future_4w_cushing_change_kbbl,date,future_20d_rv,sample
2010-06-04,92421.000000,162294.000000,92.400000,92.000000,37416.000000,2010-06-09,,,,0.400000,-1611.000000,2015-01-02,0.616562,in
2010-06-11,94110.000000,162546.000000,90.900000,91.300000,37610.000000,2010-06-16,,,,-0.400000,-1491.000000,2015-01-02,0.616562,in
2010-06-18,93479.000000,164648.000000,93.500000,90.800000,36784.000000,2010-06-23,,,,2.700000,320.000000,2015-01-02,0.616562,in
2010-06-25,93305.000000,167146.000000,92.200000,88.800000,35989.000000,2010-06-30,,,,3.400000,1181.000000,2015-01-02,0.616562,in
2010-07-02,92336.000000,166268.000000,93.800000,89.000000,35805.000000,2010-07-07,,,,4.800000,2031.000000,2015-01-02,0.616562,in
2010-07-09,92512.000000,161509.000000,95.100000,91.500000,36119.000000,2010-07-14,,,,3.600000,1603.000000,2015-01-02,0.616562,in
2010-07-16,93496.000000,160554.000000,93.300000,92.800000,37104.000000,2010-07-21,,,,0.500000,-69.000000,2015-01-02,0.616562,in
2010-07-23,95368.000000,168738.000000,92.300000,92.500000,37170.000000,2010-07-28,,,,-0.200000,-914.000000,2015-01-02,0.616562,in
2010-07-30,95660.000000,164974.000000,94.200000,93.800000,37836.000000,2010-08-04,,,,0.400000,-2083.000000,2015-01-02,0.616562,in
2010-08-06,93341.000000,165637.000000,93.300000,91.300000,37722.000000,2010-08-11,,,,2.000000,-2187.000000,2015-01-02,0.616562,in
2010-08-13,93191.000000,164365.000000,95.400000,92.800000,37035.000000,2010-08-18,,,,2.600000,-2081.000000,2015-01-02,0.616562,in
2010-08-20,91828.000000,168876.000000,94.400000,87.800000,36256.000000,2010-08-25,,,,6.600000,-1512.000000,2015-01-02,0.616562,in
2010-08-27,91752.000000,172043.000000,92.600000,87.000000,35753.000000,2010-09-01,,,,5.600000,-1408.000000,2015-01-02,0.616562,in
2010-09-03,90719.000000,170722.000000,89.500000,91.900000,35535.000000,2010-09-08,,,,-2.400000,-441.000000,2015-01-02,0.616562,in
2010-09-10,89667.000000,168785.000000,90.500000,89.900000,34954.000000,2010-09-15,,,,0.600000,107.000000,2015-01-02,0.616562,in
2010-09-17,88768.000000,169313.000000,91.100000,89.900000,34744.000000,2010-09-22,,,,1.200000,-734.000000,2015-01-02,0.616562,in
2010-09-24,88671.000000,170386.000000,91.600000,86.300000,34345.000000,2010-09-29,,,,5.300000,-686.000000,2015-01-02,0.616562,in
2010-10-01,89244.000000,172260.000000,89.700000,85.500000,35094.000000,2010-10-06,,,,4.200000,-1549.000000,2015-01-02,0.616562,in
2010-10-08,90534.000000,172661.000000,87.200000,84.800000,35061.000000,2010-10-13,,,,2.400000,-3262.000000,2015-01-02,0.616562,in
2010-10-15,87015.000000,173838.000000,86.100000,86.200000,34010.000000,2010-10-20,,,,-0.100000,-945.000000,2015-01-02,0.616562,in
2010-10-22,89634.000000,174335.000000,84.900000,87.700000,33659.000000,2010-10-27,,,,-2.800000,-34.000000,2015-01-02,0.616562,in
2010-10-29,88632.000000,175582.000000,81.600000,86.900000,33545.000000,2010-11-03,,,,-5.300000,990.000000,2015-01-02,0.616562,in
2010-11-05,85894.000000,174124.000000,85.000000,86.300000,31799.000000,2010-11-10,,,,-1.300000,3130.000000,2015-01-02,0.616562,in
2010-11-12,87483.000000,167319.000000,84.400000,88.400000,33065.000000,2010-11-17,,,,-4.000000,2846.000000,2015-01-02,0.616562,in
2010-11-19,89711.000000,165420.000000,86.600000,90.500000,33625.000000,2010-11-24,,,,-3.900000,2765.000000,2015-01-02,0.616562,in
2010-11-26,89561.000000,168109.000000,85.800000,85.000000,34535.000000,2010-12-01,,,,0.800000,2100.000000,2015-01-02,0.616562,in
2010-12-03,89375.000000,166144.000000,92.000000,89.500000,34929.000000,2010-12-08,,,,2.500000,2564.000000,2015-01-02,0.616562,in
2010-12-10,90570.000000,157123.000000,90.400000,90.300000,35911.000000,2010-12-15,,,,0.100000,1465.000000,2015-01-02,0.616562,in
2010-12-17,92124.000000,151048.000000,89.600000,91.300000,36390.000000,2010-12-22,,,,-1.700000,415.000000,2015-01-02,0.616562,in
2010-12-24,95151.000000,146193.000000,88.100000,92.600000,36635.000000,2010-12-29,,,,-4.500000,1032.000000,2015-01-02,0.616562,in
2010-12-31,95477.000000,144604.000000,90.000000,93.800000,37493.000000,2011-01-05,,,,-3.800000,841.000000,2015-01-02,0.616562,in
2011-01-07,97647.000000,137127.000000,88.800000,91.900000,37376.000000,2011-01-12,,,,-3.100000,31.000000,2015-01-02,0.616562,in
2011-01-14,96682.000000,144003.000000,90.200000,86.000000,36805.000000,2011-01-19,,,,4.200000,852.000000,2015-01-02,0.616562,in
2011-01-21,97425.000000,149901.000000,90.600000,84.500000,37667.000000,2011-01-26,,,,6.100000,-227.000000,2015-01-02,0.616562,in
2011-01-28,96991.000000,154835.000000,91.200000,87.200000,38334.000000,2011-02-02,,,,4.000000,236.000000,2015-01-02,0.616562,in
2011-02-04,95598.000000,154273.000000,93.400000,86.100000,37407.000000,2011-02-09,,,,7.300000,2856.000000,2015-01-02,0.616562,in
2011-02-11,96898.000000,152731.000000,93.000000,79.400000,37657.000000,2011-02-16,,,,13.600000,2363.000000,2015-01-02,0.616562,in
2011-02-18,98664.000000,153109.000000,88.400000,78.600000,37440.000000,2011-02-23,,,,9.800000,2757.000000,2015-01-02,0.616562,in
2011-02-25,100824.000000,149428.000000,88.600000,81.000000,38570.000000,2011-03-02,,,,7.600000,3316.000000,2015-01-02,0.616562,in
2011-03-04,100735.000000,153015.000000,86.500000,80.500000,40263.000000,2011-03-09,,,,6.000000,1607.000000,2015-01-02,0.616562,in
2011-03-11,99483.000000,155880.000000,85.500000,83.900000,40020.000000,2011-03-16,,,,1.600000,1876.000000,2015-01-02,0.616562,in
2011-03-18,102754.000000,155293.000000,87.400000,85.300000,40197.000000,2011-03-23,,,,2.100000,929.000000,2015-01-02,0.616562,in
2011-03-25,103908.000000,156005.000000,88.300000,85.900000,41886.000000,2011-03-30,,,,2.400000,-1498.000000,2015-01-02,0.616562,in
2011-04-01,104846.000000,155553.000000,85.300000,89.400000,41870.000000,2011-04-06,,,,-4.100000,-1380.000000,2015-01-02,0.616562,in
2011-04-08,104413.000000,155957.000000,86.100000,87.200000,41896.000000,2011-04-13,,,,-1.100000,-282.000000,2015-01-02,0.616562,in
2011-04-15,103940.000000,155701.000000,88.800000,84.700000,41126.000000,2011-04-20,,,,4.100000,-1103.000000,2015-01-02,0.616562,in
2011-04-22,103458.000000,159402.000000,87.300000,86.100000,40388.000000,2011-04-27,,,,1.200000,-309.000000,2015-01-02,0.616562,in
2011-04-29,103605.000000,163359.000000,88.100000,83.200000,40490.000000,2011-05-04,,,,4.900000,-570.000000,2015-01-02,0.616562,in
2011-05-06,103632.000000,164677.000000,85.800000,83.900000,41614.000000,2011-05-11,,,,1.900000,-2710.000000,2015-01-02,0.616562,in
2011-05-13,101256.000000,164467.000000,86.700000,85.900000,40023.000000,2011-05-18,,,,0.800000,-2260.000000,2015-01-02,0.616562,in
2011-05-20,99999.000000,167078.000000,91.200000,88.900000,40079.000000,2011-05-25,,,,2.300000,-2043.000000,2015-01-02,0.616562,in
2011-05-27,100478.000000,168959.000000,91.300000,89.200000,39920.000000,2011-06-01,1.006167,0.811151,0.195016,2.100000,-2426.000000,2015-01-02,0.616562,in
2011-06-03,98429.000000,166352.000000,89.100000,90.200000,38904.000000,2011-06-08,0.601851,0.509872,0.091980,-1.100000,-1870.000000,2015-01-02,0.616562,in
2011-06-10,95567.000000,167036.000000,94.300000,86.600000,37763.000000,2011-06-15,0.063613,0.574607,-0.510994,7.700000,-114.000000,2015-01-02,0.616562,in
2011-06-17,96346.000000,165186.000000,97.100000,89.500000,38036.000000,2011-06-22,0.198614,0.367826,-0.169212,7.600000,-1364.000000,2015-01-02,0.616562,in
2011-06-24,95379.000000,160805.000000,95.900000,88.700000,37494.000000,2011-06-29,0.010904,-0.105405,0.116309,7.200000,-392.000000,2015-01-02,0.616562,in
2011-07-01,96916.000000,160455.000000,87.900000,92.800000,37034.000000,2011-07-06,0.282063,-0.132254,0.414317,-4.900000,-1081.000000,2015-01-02,0.616562,in
2011-07-08,97421.000000,156019.000000,87.900000,89.900000,37649.000000,2011-07-13,0.359490,-0.613482,0.972972,-2.000000,-3068.000000,2015-01-02,0.616562,in
2011-07-15,98862.000000,152613.000000,96.600000,90.100000,36672.000000,2011-07-20,0.608841,-0.966352,1.575194,6.500000,-2984.000000,2015-01-02,0.616562,in
2011-07-22,97043.000000,158112.000000,95.600000,87.300000,37102.000000,2011-07-27,0.262478,-0.339624,0.602102,8.300000,-3440.000000,2015-01-02,0.616562,in
2011-07-29,94944.000000,161074.000000,96.900000,88.500000,35953.000000,2011-08-03,-0.127191,-0.003083,-0.124109,8.400000,-2868.000000,2015-01-02,0.616562,in
2011-08-05,94363.000000,157842.000000,93.900000,90.100000,34581.000000,2011-08-10,-0.239723,-0.345698,0.105974,3.800000,-1892.000000,2015-01-02,0.616562,in
2011-08-12,92018.000000,164106.000000,90.800000,90.200000,33688.000000,2011-08-17,-0.672578,0.351245,-1.023822,0.600000,-1459.000000,2015-01-02,0.616562,in
2011-08-19,91421.000000,164621.000000,90.600000,93.000000,33662.000000,2011-08-24,-0.781668,0.420142,-1.201810,-2.400000,-1664.000000,2015-01-02,0.616562,in
2011-08-26,93873.000000,166367.000000,90.300000,91.800000,33085.000000,2011-08-31,-0.333526,0.635129,-0.968655,-1.500000,-2165.000000,2015-01-02,0.616562,in
2011-09-02,95152.000000,164210.000000,91.500000,94.200000,32689.000000,2011-09-07,-0.111008,0.409715,-0.520723,-2.700000,-2600.000000,2015-01-02,0.616562,in
2011-09-09,94923.000000,156462.000000,91.300000,87.900000,32229.000000,2011-09-14,-0.175590,-0.453088,0.277498,3.400000,-1608.000000,2015-01-02,0.616562,in
2011-09-16,93412.000000,148902.000000,95.000000,89.000000,31998.000000,2011-09-21,-0.489538,-1.271723,0.782184,6.000000,-906.000000,2015-01-02,0.616562,in
2011-09-23,92188.000000,151712.000000,95.200000,88.200000,30920.000000,2011-09-28,-0.751530,-0.914020,0.162490,7.000000,591.000000,2015-01-02,0.616562,in
2011-09-30,91682.000000,146475.000000,93.800000,89.700000,30089.000000,2011-10-05,-0.869624,-1.460223,0.590599,4.100000,1982.000000,2015-01-02,0.616562,in
2011-10-07,91446.000000,147053.000000,89.600000,87.200000,30621.000000,2011-10-12,-0.923487,-1.345477,0.421990,2.400000,518.000000,2015-01-02,0.616562,in
2011-10-14,91078.000000,145737.000000,92.100000,84.700000,31092.000000,2011-10-19,-1.036309,-1.450607,0.414298,7.400000,937.000000,2015-01-02,0.616562,in
2011-10-21,89388.000000,150494.000000,90.500000,87.400000,31511.000000,2011-10-26,-1.379436,-0.864849,-0.514587,3.100000,505.000000,2015-01-02,0.616562,in
2011-10-28,90639.000000,149660.000000,93.000000,87.600000,32071.000000,2011-11-02,-1.143921,-0.942548,-0.201374,5.400000,-770.000000,2015-01-02,0.616562,in
2011-11-04,89511.000000,147087.000000,86.700000,85.500000,31139.000000,2011-11-09,-1.428698,-1.239848,-0.188849,1.200000,-34.000000,2015-01-02,0.616562,in
2011-11-11,88783.000000,145813.000000,87.900000,89.000000,32029.000000,2011-11-16,-1.603499,-1.352874,-0.250626,-1.100000,-841.000000,2015-01-02,0.616562,in
2011-11-18,88792.000000,143571.000000,91.800000,88.500000,32016.000000,2011-11-23,-1.588607,-1.572471,-0.016136,3.300000,-1818.000000,2015-01-02,0.616562,in
2011-11-25,88785.000000,144217.000000,93.900000,86.700000,31301.000000,2011-11-30,-1.579232,-1.436935,-0.142297,7.200000,-1392.000000,2015-01-02,0.616562,in
2011-12-02,89810.000000,143965.000000,97.400000,90.100000,31105.000000,2011-12-07,-1.367257,-1.413623,0.046366,7.300000,-1809.000000,2015-01-02,0.616562,in
2011-12-09,90650.000000,138933.000000,94.900000,88.000000,31188.000000,2011-12-14,-1.189576,-1.942000,0.752424,6.900000,-2083.000000,2015-01-02,0.616562,in
2011-12-16,91447.000000,131999.000000,94.600000,86.700000,30198.000000,2011-12-21,-1.014688,-2.573658,1.558970,7.900000,-1925.000000,2015-01-02,0.616562,in
2011-12-23,91287.000000,136273.000000,93.900000,86.100000,29909.000000,2011-12-28,-1.022541,-1.990219,0.967678,7.800000,-1262.000000,2015-01-02,0.616562,in
2011-12-30,90350.000000,137190.000000,95.100000,86.000000,29296.000000,2012-01-04,-1.181894,-1.828194,0.646300,9.100000,827.000000,2015-01-02,0.616562,in
2012-01-06,89317.000000,142791.000000,97.800000,87.000000,29105.000000,2012-01-11,-1.339331,-1.249647,-0.089683,10.800000,1385.000000,2015-01-02,0.616562,in
2012-01-13,89395.000000,138277.000000,92.600000,84.900000,28273.000000,2012-01-18,-1.274088,-1.711285,0.437197,7.700000,4207.000000,2015-01-02,0.616562,in
2012-01-20,89509.000000,141527.000000,94.500000,82.000000,28647.000000,2012-01-25,-1.204306,-1.315985,0.111680,12.500000,3518.000000,2015-01-02,0.616562,in
2012-01-27,91006.000000,144816.000000,93.200000,82.900000,30123.000000,2012-02-01,-0.879749,-0.931695,0.051946,10.300000,3690.000000,2015-01-02,0.616562,in
2012-02-03,92364.000000,142602.000000,91.800000,84.700000,30490.000000,2012-02-08,-0.599123,-1.130212,0.531089,7.100000,5688.000000,2015-01-02,0.616562,in
2012-02-10,92726.000000,144320.000000,93.000000,86.700000,32480.000000,2012-02-15,-0.511799,-0.923454,0.411655,6.300000,6217.000000,2015-01-02,0.616562,in
2012-02-17,92096.000000,143815.000000,96.000000,87.900000,32165.000000,2012-02-22,-0.610308,-0.949008,0.338701,8.100000,6356.000000,2015-01-02,0.616562,in
2012-02-24,93763.000000,145727.000000,94.200000,85.600000,33813.000000,2012-02-29,-0.261529,-0.739836,0.478308,8.600000,5751.000000,2015-01-02,0.616562,in
2012-03-02,95488.000000,143003.000000,91.900000,86.800000,36178.000000,2012-03-07,0.100045,-0.991906,1.091951,5.100000,4115.000000,2015-01-02,0.616562,in
2012-03-09,96164.000000,146330.000000,94.000000,82.800000,38697.000000,2012-03-14,0.249747,-0.630355,0.880102,11.200000,1888.000000,2015-01-02,0.616562,in
2012-03-16,95771.000000,147001.000000,89.300000,84.900000,38521.000000,2012-03-21,0.202680,-0.544336,0.747016,4.400000,2656.000000,2015-01-02,0.616562,in
2012-03-23,96847.000000,152977.000000,90.900000,87.000000,39564.000000,2012-03-28,0.468755,0.070915,0.397840,3.900000,2187.000000,2015-01-02,0.616562,in
2012-03-30,98359.000000,159086.000000,92.300000,89.100000,40293.000000,2012-04-04,0.854040,0.685128,0.168912,3.200000,2671.000000,2015-01-02,0.616562,in
2012-04-06,97903.000000,161125.000000,94.000000,85.100000,40585.000000,2012-04-11,0.815688,0.876789,-0.061101,8.900000,3542.000000,2015-01-02,0.616562,in
2012-04-13,99062.000000,162010.000000,97.700000,83.700000,41177.000000,2012-04-18,1.151265,0.946413,0.204852,14.000000,3950.000000,2015-01-02,0.616562,in
2012-04-20,100296.000000,165090.000000,96.300000,84.000000,41751.000000,2012-04-25,1.507194,1.231056,0.276138,12.300000,5044.000000,2015-01-02,0.616562,in
2012-04-27,101266.000000,166646.000000,97.100000,84.300000,42964.000000,2012-05-02,1.802839,1.368516,0.434323,12.800000,3885.000000,2015-01-02,0.616562,in
2012-05-04,103239.000000,169656.000000,92.700000,87.000000,44127.000000,2012-05-09,2.319224,1.633324,0.685900,5.700000,3648.000000,2015-01-02,0.616562,in
2012-05-11,103577.000000,170702.000000,93.700000,91.300000,45127.000000,2012-05-16,2.337780,1.694807,0.642973,2.400000,2268.000000,2015-01-02,0.616562,in
2012-05-18,105057.000000,169627.000000,96.000000,90.000000,46795.000000,2012-05-23,2.556254,1.576430,0.979825,6.000000,960.000000,2015-01-02,0.616562,in
2012-05-25,104905.000000,170531.000000,94.800000,89.700000,46849.000000,2012-05-30,2.403050,1.651671,0.751378,5.100000,567.000000,2015-01-02,0.616562,in
2012-06-01,107492.000000,170373.000000,92.700000,92.800000,47775.000000,2012-06-06,2.747300,1.612221,1.135079,-0.100000,-134.000000,2015-01-02,0.616562,in
2012-06-08,106635.000000,169913.000000,93.600000,93.800000,47395.000000,2012-06-13,2.374173,1.552404,0.821769,-0.200000,-613.000000,2015-01-02,0.616562,in
2012-06-15,108546.000000,171355.000000,92.200000,93.200000,47755.000000,2012-06-20,2.533305,1.649511,0.883795,-1.000000,-1473.000000,2015-01-02,0.616562,in
2012-06-22,107596.000000,174591.000000,94.100000,92.300000,47416.000000,2012-06-27,2.196745,1.861812,0.334933,1.800000,-931.000000,2015-01-02,0.616562,in
2012-06-29,106555.000000,170248.000000,93.000000,93.000000,47641.000000,2012-07-04,1.906411,1.435712,0.470699,0.000000,-2541.000000,2015-01-02,0.616562,in
2012-07-06,105909.000000,169262.000000,92.700000,94.200000,46782.000000,2012-07-11,1.716401,1.305484,0.410917,-1.500000,-2484.000000,2015-01-02,0.616562,in
2012-07-13,106637.000000,169395.000000,90.800000,93.800000,46282.000000,2012-07-18,1.761020,1.268527,0.492493,-3.000000,-1085.000000,2015-01-02,0.616562,in
2012-07-20,106363.000000,170425.000000,96.000000,93.700000,46485.000000,2012-07-25,1.642092,1.313387,0.328705,2.300000,-1243.000000,2015-01-02,0.616562,in
2012-07-27,103425.000000,166554.000000,98.900000,90.400000,45100.000000,2012-08-01,1.137984,0.977654,0.160330,8.500000,-279.000000,2015-01-02,0.616562,in
2012-08-03,100672.000000,165908.000000,97.600000,93.000000,44298.000000,2012-08-08,0.687434,0.904913,-0.217479,4.600000,617.000000,2015-01-02,0.616562,in
2012-08-10,101743.000000,162373.000000,95.000000,93.800000,45197.000000,2012-08-15,0.822545,0.620375,0.202171,1.200000,-1110.000000,2015-01-02,0.616562,in
2012-08-17,100680.000000,159952.000000,99.000000,90.600000,45242.000000,2012-08-22,0.631735,0.431791,0.199944,8.400000,-1429.000000,2015-01-02,0.616562,in
2012-08-24,100031.000000,163127.000000,97.600000,91.400000,44821.000000,2012-08-29,0.512283,0.700714,-0.188431,6.200000,-1091.000000,2015-01-02,0.616562,in
2012-08-31,99762.000000,156051.000000,94.700000,82.200000,44915.000000,2012-09-05,0.456177,0.130754,0.325423,12.500000,-1050.000000,2015-01-02,0.616562,in
2012-09-07,100129.000000,156316.000000,94.800000,79.600000,44087.000000,2012-09-12,0.496672,0.152987,0.343685,15.200000,78.000000,2015-01-02,0.616562,in
2012-09-14,100579.000000,161074.000000,93.200000,88.100000,43813.000000,2012-09-19,0.544877,0.528120,0.016757,5.100000,212.000000,2015-01-02,0.616562,in
2012-09-21,100884.000000,161195.000000,88.900000,88.500000,43730.000000,2012-09-26,0.567546,0.521926,0.045620,0.400000,335.000000,2015-01-02,0.616562,in
2012-09-28,101388.000000,159738.000000,89.800000,89.900000,43865.000000,2012-10-03,0.618891,0.381521,0.237370,-0.100000,-471.000000,2015-01-02,0.616562,in
2012-10-05,102082.000000,160656.000000,86.700000,88.800000,44165.000000,2012-10-10,0.697580,0.437181,0.260399,-2.100000,-1199.000000,2015-01-02,0.616562,in
2012-10-12,103252.000000,160869.000000,91.700000,86.900000,44025.000000,2012-10-17,0.846348,0.432692,0.413656,4.800000,-344.000000,2015-01-02,0.616562,in
2012-10-19,102424.000000,166413.000000,89.700000,88.300000,44065.000000,2012-10-24,0.686448,0.865970,-0.179522,1.400000,1085.000000,2015-01-02,0.616562,in
2012-10-26,102005.000000,164717.000000,89.300000,91.300000,43394.000000,2012-10-31,0.591618,0.699313,-0.107695,-2.000000,2463.000000,2015-01-02,0.616562,in
2012-11-02,102386.000000,165383.000000,89.300000,90.300000,42966.000000,2012-11-07,0.623140,0.725810,-0.102670,-1.000000,2665.000000,2015-01-02,0.616562,in
2012-11-09,103353.000000,163777.000000,88.000000,91.400000,43681.000000,2012-11-14,0.750174,0.566517,0.183657,-3.400000,3137.000000,2015-01-02,0.616562,in
2012-11-16,105228.000000,162354.000000,87.100000,93.400000,45150.000000,2012-11-21,1.027778,0.422174,0.605605,-6.300000,1813.000000,2015-01-02,0.616562,in
2012-11-23,104321.000000,162415.000000,88.000000,94.400000,45857.000000,2012-11-28,0.844182,0.402114,0.442067,-6.400000,3320.000000,2015-01-02,0.616562,in
2012-11-30,103860.000000,159335.000000,93.300000,95.200000,45631.000000,2012-12-05,0.734283,0.115754,0.618529,-1.900000,4119.000000,2015-01-02,0.616562,in
2012-12-07,105257.000000,159391.000000,90.200000,95.400000,46818.000000,2012-12-12,0.949110,0.089017,0.860094,-5.200000,3264.000000,2015-01-02,0.616562,in
2012-12-14,106947.000000,157736.000000,92.500000,96.500000,46963.000000,2012-12-19,1.212381,-0.108302,1.320683,-4.000000,4899.000000,2015-01-02,0.616562,in
2012-12-21,109057.000000,155815.000000,91.800000,93.800000,49177.000000,2012-12-26,1.540629,-0.340243,1.880872,-2.000000,2214.000000,2015-01-02,0.616562,in
2012-12-28,109223.000000,145518.000000,91.500000,94.300000,49750.000000,2013-01-02,1.524411,-1.413892,2.938304,-2.800000,1925.000000,2015-01-02,0.616562,in
2013-01-04,110605.000000,143558.000000,91.700000,92.500000,50082.000000,2013-01-09,1.736544,-1.618817,3.355361,-0.800000,1278.000000,2015-01-02,0.616562,in
2013-01-11,112907.000000,139751.000000,91.100000,88.900000,51862.000000,2013-01-16,2.103482,-2.022307,4.125789,2.200000,-1620.000000,2015-01-02,0.616562,in
2013-01-18,112490.000000,145183.000000,88.800000,83.300000,51391.000000,2013-01-23,1.975435,-1.490531,3.465966,5.500000,-732.000000,2015-01-02,0.616562,in
2013-01-25,113343.000000,147096.000000,88.300000,86.000000,51675.000000,2013-01-30,2.069761,-1.304988,3.374749,2.300000,-1091.000000,2015-01-02,0.616562,in
2013-02-01,112549.000000,150320.000000,88.500000,85.300000,51360.000000,2013-02-06,1.852414,-1.005630,2.858044,3.200000,-519.000000,2015-01-02,0.616562,in
2013-02-08,111819.000000,150816.000000,86.600000,84.800000,50242.000000,2013-02-13,1.661890,-0.983617,2.645507,1.800000,-927.000000,2015-01-02,0.616562,in
2013-02-15,111720.000000,154285.000000,88.500000,81.800000,50659.000000,2013-02-20,1.611369,-0.645244,2.256613,6.700000,-1630.000000,2015-01-02,0.616562,in
2013-02-22,111483.000000,155370.000000,91.600000,83.900000,50584.000000,2013-02-27,1.524843,-0.557417,2.082260,7.700000,-1116.000000,2015-01-02,0.616562,in
2013-03-01,110819.000000,158789.000000,86.000000,80.600000,50841.000000,2013-03-06,1.345368,-0.208914,1.554282,5.400000,-1660.000000,2015-01-02,0.616562,in
2013-03-08,111424.000000,162131.000000,83.300000,80.300000,49315.000000,2013-03-13,1.428730,0.157732,1.270998,3.000000,755.000000,2015-01-02,0.616562,in
2013-03-15,110094.000000,164484.000000,90.700000,81.800000,49029.000000,2013-03-20,1.111830,0.416743,0.695087,8.900000,2119.000000,2015-01-02,0.616562,in
2013-03-22,110649.000000,166051.000000,86.800000,86.800000,49468.000000,2013-03-27,1.199676,0.587095,0.612581,0.000000,1715.000000,2015-01-02,0.616562,in
2013-03-29,111650.000000,167027.000000,83.500000,89.100000,49181.000000,2013-04-03,1.376946,0.689092,0.687854,-5.600000,620.000000,2015-01-02,0.616562,in
2013-04-05,111182.000000,167493.000000,84.600000,89.400000,50070.000000,2013-04-10,1.232163,0.728727,0.503436,-4.800000,-921.000000,2015-01-02,0.616562,in
2013-04-12,111990.000000,165651.000000,82.700000,89.800000,51148.000000,2013-04-17,1.370087,0.486700,0.883386,-7.100000,-1424.000000,2015-01-02,0.616562,in
2013-04-19,113427.000000,168496.000000,82.900000,84.900000,51183.000000,2013-04-24,1.631589,0.831679,0.799911,-2.000000,-1010.000000,2015-01-02,0.616562,in
2013-04-26,110735.000000,176172.000000,84.500000,85.800000,49801.000000,2013-05-01,0.972546,1.721515,-0.748969,-1.300000,707.000000,2015-01-02,0.616562,in
2013-05-03,111444.000000,173714.000000,84.800000,88.900000,49149.000000,2013-05-08,1.093528,1.397111,-0.303583,-4.100000,875.000000,2015-01-02,0.616562,in
2013-05-10,111722.000000,172740.000000,79.700000,92.500000,49724.000000,2013-05-15,1.113279,1.268149,-0.154870,-12.800000,-459.000000,2015-01-02,0.616562,in
2013-05-17,112702.000000,171509.000000,83.100000,90.800000,50173.000000,2013-05-22,1.284291,1.111554,0.172738,-7.700000,-1577.000000,2015-01-02,0.616562,in
2013-05-24,113598.000000,174075.000000,78.800000,90.700000,50508.000000,2013-05-29,1.422084,1.395374,0.026710,-11.900000,-1248.000000,2015-01-02,0.616562,in
2013-05-31,112585.000000,171553.000000,83.400000,91.000000,50024.000000,2013-06-05,1.160472,1.092067,0.068405,-7.600000,-372.000000,2015-01-02,0.616562,in
2013-06-07,112418.000000,174109.000000,82.900000,90.200000,49265.000000,2013-06-12,1.086907,1.368281,-0.281374,-7.300000,-2300.000000,2015-01-02,0.616562,in
2013-06-14,112315.000000,172940.000000,83.900000,91.900000,48596.000000,2013-06-19,1.038356,1.223655,-0.185300,-8.000000,-2513.000000,2015-01-02,0.616562,in
2013-06-21,112433.000000,172354.000000,87.900000,93.100000,49260.000000,2013-06-26,1.032515,1.168396,-0.135880,-5.200000,-5237.000000,2015-01-02,0.616562,in
2013-06-28,110508.000000,166243.000000,90.700000,95.600000,49652.000000,2013-07-03,0.607979,0.467375,0.140604,-4.900000,-7533.000000,2015-01-02,0.616562,in
2013-07-05,106957.000000,162107.000000,91.700000,94.700000,46965.000000,2013-07-10,-0.143813,-0.002137,-0.141676,-3.000000,-7091.000000,2015-01-02,0.616562,in
2013-07-12,105550.000000,156051.000000,94.600000,95.400000,46083.000000,2013-07-17,-0.435237,-0.689587,0.254349,-0.800000,-7568.000000,2015-01-02,0.616562,in
2013-07-19,100937.000000,157980.000000,94.800000,94.200000,44023.000000,2013-07-24,-1.359009,-0.436245,-0.922765,0.600000,-6598.000000,2015-01-02,0.616562,in
2013-07-26,98800.000000,159200.000000,93.800000,93.900000,42119.000000,2013-07-31,-1.739873,-0.274236,-1.465637,-0.100000,-5531.000000,2015-01-02,0.616562,in
2013-08-02,98068.000000,159312.000000,94.000000,93.800000,39874.000000,2013-08-07,-1.846869,-0.246148,-1.600721,0.200000,-5115.000000,2015-01-02,0.616562,in
2013-08-09,97768.000000,155068.000000,92.100000,91.000000,38515.000000,2013-08-14,-1.848704,-0.735243,-1.113461,1.100000,-4395.000000,2015-01-02,0.616562,in
2013-08-16,97513.000000,154268.000000,93.600000,91.700000,37425.000000,2013-08-21,-1.851337,-0.812555,-1.038781,1.900000,-4166.000000,2015-01-02,0.616562,in
2013-08-23,96782.000000,158629.000000,95.200000,91.000000,36588.000000,2013-08-28,-1.939588,-0.284387,-1.655201,4.200000,-3741.000000,2015-01-02,0.616562,in
2013-08-30,94392.000000,159200.000000,93.700000,92.700000,34759.000000,2013-09-04,-2.283691,-0.224461,-2.059230,1.000000,-1971.000000,2015-01-02,0.616562,in
2013-09-06,92436.000000,161064.000000,93.800000,93.800000,34120.000000,2013-09-11,-2.482415,-0.013432,-2.468983,0.000000,-1500.000000,2015-01-02,0.616562,in
2013-09-13,91427.000000,157838.000000,92.500000,94.800000,33259.000000,2013-09-18,-2.487036,-0.390761,-2.096275,-2.300000,-273.000000,2015-01-02,0.616562,in
2013-09-20,92005.000000,160433.000000,92.500000,91.500000,32847.000000,2013-09-25,-2.261843,-0.079497,-2.182346,1.000000,497.000000,2015-01-02,0.616562,in
2013-09-27,92670.000000,164240.000000,89.800000,90.300000,32788.000000,2013-10-02,-2.054045,0.363832,-2.417878,-0.500000,2734.000000,2015-01-02,0.616562,in
2013-10-04,93294.000000,169125.000000,86.500000,87.700000,32620.000000,2013-10-09,-1.874159,0.918608,-2.792768,-1.200000,3893.000000,2015-01-02,0.616562,in
2013-10-11,96399.000000,169140.000000,89.000000,87.300000,32986.000000,2013-10-16,-1.381132,0.894381,-2.275513,1.700000,5218.000000,2015-01-02,0.616562,in
2013-10-18,96606.000000,174903.000000,91.200000,87.400000,33344.000000,2013-10-23,-1.316063,1.519427,-2.835491,3.800000,6596.000000,2015-01-02,0.616562,in
2013-10-25,97582.000000,177684.000000,94.000000,86.000000,35522.000000,2013-10-30,-1.155308,1.755631,-2.910939,8.000000,5094.000000,2015-01-02,0.616562,in
2013-11-01,100282.000000,174925.000000,93.400000,86.300000,36513.000000,2013-11-06,-0.772442,1.401673,-2.174115,7.100000,4085.000000,2015-01-02,0.616562,in
2013-11-08,103305.000000,176367.000000,94.100000,89.500000,38204.000000,2013-11-13,-0.354544,1.498550,-1.853095,4.600000,3019.000000,2015-01-02,0.616562,in
2013-11-15,105563.000000,172738.000000,93.500000,90.600000,39940.000000,2013-11-20,-0.043414,1.076638,-1.120053,2.900000,683.000000,2015-01-02,0.616562,in
2013-11-22,106484.000000,174641.000000,96.100000,89.900000,40616.000000,2013-11-27,0.078145,1.233623,-1.155478,6.200000,-439.000000,2015-01-02,0.616562,in
2013-11-29,105689.000000,171866.000000,94.400000,94.400000,40598.000000,2013-12-04,-0.036655,0.913382,-0.950036,0.000000,-973.000000,2015-01-02,0.616562,in
2013-12-06,105057.000000,164453.000000,97.900000,92.900000,41223.000000,2013-12-11,-0.123558,0.137895,-0.261453,5.000000,-498.000000,2015-01-02,0.616562,in
2013-12-13,104780.000000,161405.000000,94.600000,93.000000,40623.000000,2013-12-18,-0.156108,-0.185087,0.028979,1.600000,247.000000,2015-01-02,0.616562,in
2013-12-20,105067.000000,156261.000000,94.300000,95.600000,40177.000000,2013-12-25,-0.105977,-0.719843,0.613866,-1.300000,1415.000000,2015-01-02,0.616562,in
2013-12-27,103668.000000,152460.000000,94.600000,94.300000,39625.000000,2014-01-01,-0.285460,-1.152456,0.866996,0.300000,2204.000000,2015-01-02,0.616562,in
2014-01-03,105633.000000,145767.000000,94.200000,94.300000,40725.000000,2014-01-08,0.000526,-1.883640,1.884165,-0.100000,-449.000000,2015-01-02,0.616562,in
2014-01-10,105520.000000,140478.000000,92.300000,91.700000,40870.000000,2014-01-15,0.004625,-2.460304,2.464929,0.600000,-3267.000000,2015-01-02,0.616562,in
2014-01-17,103057.000000,141348.000000,87.400000,88.000000,41592.000000,2014-01-22,-0.319616,-2.318912,1.999296,-0.600000,-5722.000000,2015-01-02,0.616562,in
2014-01-24,104546.000000,145828.000000,94.000000,88.100000,41829.000000,2014-01-29,-0.085052,-1.834868,1.749816,5.900000,-7037.000000,2015-01-02,0.616562,in
2014-01-31,103005.000000,149265.000000,95.100000,86.000000,40276.000000,2014-02-05,-0.283563,-1.467080,1.183517,9.100000,-8144.000000,2015-01-02,0.616562,in
2014-02-07,99584.000000,152711.000000,94.800000,88.000000,37603.000000,2014-02-12,-0.750593,-1.115170,0.364578,6.800000,-6812.000000,2015-01-02,0.616562,in
2014-02-14,97036.000000,155222.000000,94.300000,87.400000,35870.000000,2014-02-19,-1.080521,-0.854277,-0.226245,6.900000,-6068.000000,2015-01-02,0.616562,in
2014-02-21,95171.000000,156769.000000,94.000000,88.300000,34792.000000,2014-02-26,-1.298656,-0.695552,-0.603103,5.700000,-6315.000000,2015-01-02,0.616562,in
2014-02-28,92445.000000,161148.000000,95.100000,85.000000,32132.000000,2014-03-05,-1.614820,-0.238048,-1.376772,10.100000,-4878.000000,2015-01-02,0.616562,in
2014-03-07,91851.000000,168425.000000,87.300000,86.400000,30791.000000,2014-03-12,-1.621450,0.518133,-2.139582,0.900000,-3192.000000,2015-01-02,0.616562,in
2014-03-14,93757.000000,173172.000000,87.800000,85.400000,29802.000000,2014-03-19,-1.298817,0.991920,-2.290737,2.400000,-2974.000000,2015-01-02,0.616562,in
2014-03-21,92808.000000,179233.000000,82.600000,88.000000,28477.000000,2014-03-26,-1.372312,1.560660,-2.932972,-5.400000,-2437.000000,2015-01-02,0.616562,in
2014-03-28,91175.000000,177890.000000,88.400000,89.700000,27254.000000,2014-04-02,-1.530475,1.376841,-2.907316,-1.300000,-1826.000000,2015-01-02,0.616562,in
2014-04-04,91854.000000,180807.000000,83.700000,91.300000,27599.000000,2014-04-09,-1.380213,1.602494,-2.982707,-7.600000,-3566.000000,2015-01-02,0.616562,in
2014-04-11,91698.000000,185977.000000,91.200000,89.900000,26828.000000,2014-04-16,-1.348951,1.986373,-3.335324,1.300000,-3387.000000,2015-01-02,0.616562,in
2014-04-18,89967.000000,188414.000000,90.600000,94.100000,26040.000000,2014-04-23,-1.528184,2.084682,-3.612865,-3.500000,-2824.000000,2015-01-02,0.616562,in
2014-04-25,88295.000000,194087.000000,92.100000,92.900000,25428.000000,2014-04-30,-1.678795,2.430409,-4.109204,-0.800000,-3737.000000,2015-01-02,0.616562,in
2014-05-02,87299.000000,192473.000000,92.200000,92.900000,24033.000000,2014-05-07,-1.734404,2.164382,-3.898786,-0.700000,-2663.000000,2015-01-02,0.616562,in
2014-05-09,86421.000000,194799.000000,92.100000,90.600000,23441.000000,2014-05-14,-1.772453,2.209946,-3.982400,1.500000,-2269.000000,2015-01-02,0.616562,in
2014-05-16,85329.000000,189094.000000,94.500000,88.300000,23216.000000,2014-05-21,-1.839555,1.693332,-3.532886,6.200000,-1797.000000,2015-01-02,0.616562,in
2014-05-23,84358.000000,192231.000000,94.200000,89.900000,21691.000000,2014-05-28,-1.894445,1.843603,-3.738048,4.300000,144.000000,2015-01-02,0.616562,in
2014-05-30,84055.000000,186186.000000,95.800000,90.100000,21370.000000,2014-06-04,-1.860759,1.357274,-3.218033,5.700000,-894.000000,2015-01-02,0.616562,in
2014-06-06,83381.000000,186044.000000,96.700000,84.700000,21172.000000,2014-06-11,-1.877389,1.310714,-3.188103,12.000000,-249.000000,2015-01-02,0.616562,in
2014-06-13,84161.000000,184827.000000,97.500000,84.000000,21419.000000,2014-06-18,-1.718344,1.192955,-2.911300,13.500000,-1146.000000,2015-01-02,0.616562,in
2014-06-20,85631.000000,186843.000000,93.300000,88.100000,21835.000000,2014-06-25,-1.484991,1.293389,-2.778380,5.200000,-3012.000000,2015-01-02,0.616562,in
2014-06-27,84731.000000,183826.000000,96.100000,93.000000,20476.000000,2014-07-02,-1.560664,1.051288,-2.611952,3.100000,-2577.000000,2015-01-02,0.616562,in
2014-07-04,84775.000000,179639.000000,95.100000,94.500000,20923.000000,2014-07-09,-1.496503,0.741190,-2.237693,0.600000,-2941.000000,2015-01-02,0.616562,in
2014-07-11,82179.000000,176915.000000,100.300000,94.900000,20273.000000,2014-07-16,-1.771110,0.532079,-2.303189,5.400000,-1873.000000,2015-01-02,0.616562,in
2014-07-18,80160.000000,176005.000000,99.500000,94.800000,18823.000000,2014-07-23,-1.929400,0.448309,-2.377709,4.700000,1332.000000,2015-01-02,0.616562,in
2014-07-25,78038.000000,176452.000000,97.400000,94.600000,17899.000000,2014-07-30,-2.069290,0.457454,-2.526744,2.800000,2764.000000,2015-01-02,0.616562,in
2014-08-01,79363.000000,174146.000000,93.800000,93.900000,17982.000000,2014-08-06,-1.798311,0.281349,-2.079660,-0.100000,2296.000000,2015-01-02,0.616562,in
2014-08-08,79173.000000,176098.000000,91.400000,94.400000,18400.000000,2014-08-13,-1.727613,0.391292,-2.118906,-3.000000,1956.000000,2015-01-02,0.616562,in
2014-08-15,80596.000000,170629.000000,92.600000,96.900000,20155.000000,2014-08-20,-1.487616,-0.010014,-1.477602,-4.300000,-156.000000,2015-01-02,0.616562,in
2014-08-22,80509.000000,168506.000000,95.300000,96.200000,20663.000000,2014-08-27,-1.433219,-0.173728,-1.259491,-0.900000,-473.000000,2015-01-02,0.616562,in
2014-08-29,80908.000000,169165.000000,95.900000,95.600000,20278.000000,2014-09-03,-1.333494,-0.141617,-1.191877,0.300000,227.000000,2015-01-02,0.616562,in
2014-09-05,81905.000000,168565.000000,97.500000,95.000000,20356.000000,2014-09-10,-1.181119,-0.195569,-0.985550,2.500000,-1427.000000,2015-01-02,0.616562,in
2014-09-12,82603.000000,167898.000000,95.800000,93.400000,19999.000000,2014-09-17,-1.072057,-0.259401,-0.812656,2.400000,-354.000000,2015-01-02,0.616562,in
2014-09-19,83943.000000,165987.000000,95.200000,94.300000,20190.000000,2014-09-24,-0.900004,-0.407017,-0.492988,0.900000,408.000000,2015-01-02,0.616562,in
2014-09-26,82791.000000,163776.000000,91.000000,90.500000,20505.000000,2014-10-01,-0.995145,-0.566558,-0.428588,0.500000,869.000000,2015-01-02,0.616562,in
2014-10-03,85707.000000,164459.000000,91.100000,90.200000,18929.000000,2014-10-08,-0.661139,-0.509358,-0.151780,0.900000,1894.000000,2015-01-02,0.616562,in
2014-10-10,87795.000000,169725.000000,89.900000,88.900000,19645.000000,2014-10-15,-0.418658,-0.129181,-0.289476,1.000000,2882.000000,2015-01-02,0.616562,in
2014-10-17,89523.000000,175104.000000,84.600000,87.000000,20598.000000,2014-10-22,-0.218214,0.259751,-0.477965,-2.400000,2647.000000,2015-01-02,0.616562,in
2014-10-24,90105.000000,174148.000000,82.000000,87.700000,21374.000000,2014-10-29,-0.140364,0.195814,-0.336178,-5.700000,3205.000000,2015-01-02,0.616562,in
2014-10-31,92164.000000,174863.000000,85.200000,89.700000,20823.000000,2014-11-05,0.100890,0.247724,-0.146835,-4.500000,3062.000000,2015-01-02,0.616562,in
2014-11-07,92915.000000,171350.000000,85.800000,92.300000,22527.000000,2014-11-12,0.208586,0.000114,0.208472,-6.500000,2378.000000,2015-01-02,0.616562,in
2014-11-14,94022.000000,173248.000000,88.500000,93.900000,23245.000000,2014-11-19,0.365873,0.137123,0.228751,-5.400000,4580.000000,2015-01-02,0.616562,in
2014-11-21,94441.000000,173342.000000,91.000000,93.800000,24579.000000,2014-11-26,0.454115,0.145808,0.308308,-2.800000,4219.000000,2015-01-02,0.616562,in
2014-11-28,94055.000000,171782.000000,94.800000,95.800000,23885.000000,2014-12-03,0.448551,0.032690,0.415860,-1.000000,6908.000000,2015-01-02,0.616562,in
2014-12-05,93398.000000,171928.000000,98.900000,97.400000,24905.000000,2014-12-10,0.408515,0.032936,0.375579,1.500000,7193.000000,2015-01-02,0.616562,in
2014-12-12,98894.000000,171272.000000,96.400000,95.300000,27825.000000,2014-12-17,1.136661,-0.028762,1.165423,1.100000,6049.000000,2015-01-02,0.616562,in
2014-12-19,100187.000000,176547.000000,97.000000,94.800000,28798.000000,2014-12-24,1.341415,0.332504,1.008911,2.200000,7985.000000,2015-01-02,0.616562,in
2014-12-26,100552.000000,176983.000000,97.400000,94.900000,30793.000000,2014-12-31,1.415192,0.336652,1.078541,2.500000,8075.000000,2015-01-02,0.616562,in
2015-01-02,102885.000000,172676.000000,94.900000,95.900000,32098.000000,2015-01-07,1.755520,-0.029038,1.784558,-1.000000,9286.000000,2015-01-07,0.715087,in
2015-01-09,105172.000000,173585.000000,92.400000,92.200000,33874.000000,2015-01-14,2.067716,-0.008122,2.075839,0.200000,8724.000000,2015-01-14,0.727730,in
2015-01-16,112457.000000,174839.000000,83.500000,87.700000,36783.000000,2015-01-21,2.858540,0.047153,2.811387,-4.200000,9478.000000,2015-01-21,0.670887,in
2015-01-23,113538.000000,180347.000000,88.100000,88.800000,38868.000000,2015-01-28,2.825080,0.527600,2.297479,-0.700000,9812.000000,2015-01-28,0.685415,in
2015-01-30,116448.000000,183975.000000,95.100000,89.200000,41384.000000,2015-02-04,2.933706,0.870637,2.063069,5.900000,7832.000000,2015-02-04,0.484355,in
2015-02-06,117529.000000,185753.000000,93.800000,90.600000,42598.000000,2015-02-11,2.800154,1.041297,1.758857,3.200000,8940.000000,2015-02-11,0.426541,in
2015-02-13,121484.000000,187798.000000,93.000000,89.900000,46261.000000,2015-02-18,2.899194,1.247613,1.651581,3.100000,8142.000000,2015-02-18,0.401548,in
2015-02-20,123417.000000,192085.000000,93.700000,88.200000,48680.000000,2015-02-25,2.790390,1.705892,1.084498,5.500000,7634.000000,2015-02-25,0.454661,in
2015-02-27,126691.000000,197474.000000,92.400000,87.800000,49216.000000,2015-03-04,2.778329,2.228360,0.549970,4.600000,9727.000000,2015-03-04,0.491864,in
2015-03-06,128637.000000,200461.000000,93.700000,87.200000,51538.000000,2015-03-11,2.666433,2.388369,0.278064,6.500000,8637.000000,2015-03-11,0.586099,in
2015-03-13,131751.000000,203731.000000,93.900000,87.100000,54403.000000,2015-03-18,2.639912,2.519659,0.120253,6.800000,7059.000000,2015-03-18,0.555146,in
2015-03-20,136448.000000,205293.000000,88.800000,91.000000,56314.000000,2015-03-25,2.690320,2.465067,0.225252,-2.200000,5886.000000,2015-03-25,0.543425,in
2015-03-27,140751.000000,206665.000000,91.500000,91.000000,58943.000000,2015-04-01,2.689369,2.395451,0.293918,0.500000,2743.000000,2015-04-01,0.453011,in
2015-04-03,140171.000000,215038.000000,94.000000,91.100000,60175.000000,2015-04-08,2.440883,2.841712,-0.400828,2.900000,1499.000000,2015-04-08,0.287381,in
2015-04-10,140399.000000,215679.000000,96.300000,92.800000,61462.000000,2015-04-15,2.275255,2.645153,-0.369898,3.500000,-778.000000,2015-04-15,0.266088,in
2015-04-17,139911.000000,221204.000000,95.200000,92.200000,62200.000000,2015-04-22,2.102383,2.789228,-0.686845,3.000000,-1757.000000,2015-04-22,0.298920,in
2015-04-24,139833.000000,222519.000000,94.600000,93.700000,61686.000000,2015-04-29,1.972164,2.655168,-0.683004,0.900000,-1676.000000,2015-04-29,0.311247,in
2015-05-01,138176.000000,221387.000000,96.700000,95.600000,61674.000000,2015-05-06,1.789698,2.400741,-0.611043,1.100000,-2647.000000,2015-05-06,0.362230,in
2015-05-08,137322.000000,220615.000000,97.400000,91.900000,60684.000000,2015-05-13,1.662402,2.214954,-0.552552,5.500000,-2681.000000,2015-05-13,0.374485,in
2015-05-15,136137.000000,221408.000000,96.600000,93.100000,60443.000000,2015-05-20,1.533616,2.124564,-0.590948,3.500000,-2328.000000,2015-05-20,0.336133,in
2015-05-22,136842.000000,220386.000000,96.200000,95.000000,60010.000000,2015-05-27,1.495540,1.958460,-0.462920,1.200000,-3765.000000,2015-05-27,0.309984,in
2015-05-29,135218.000000,216869.000000,95.200000,96.900000,59027.000000,2015-06-03,1.363230,1.680517,-0.317287,-1.700000,-2659.000000,2015-06-03,0.305854,in
2015-06-05,132450.000000,215305.000000,94.700000,98.400000,58003.000000,2015-06-10,1.192165,1.528605,-0.336440,-3.700000,-1336.000000,2015-06-10,0.366048,in
2015-06-12,132908.000000,213430.000000,93.100000,95.300000,58115.000000,2015-06-17,1.165247,1.374069,-0.208822,-2.200000,-1010.000000,2015-06-17,0.381080,in
2015-06-19,131668.000000,209267.000000,94.900000,95.600000,56245.000000,2015-06-24,1.068649,1.121917,-0.053268,-0.700000,1673.000000,2015-06-24,0.364171,in
2015-06-26,132289.000000,213141.000000,96.900000,96.200000,56368.000000,2015-07-01,1.054212,1.270463,-0.216251,0.700000,1338.000000,2015-07-01,0.346191,in
2015-07-03,131796.000000,212877.000000,97.100000,96.300000,56667.000000,2015-07-08,0.993781,1.209088,-0.215308,0.800000,497.000000,2015-07-08,0.275696,in
2015-07-10,132790.000000,210756.000000,94.100000,97.600000,57105.000000,2015-07-15,0.998472,1.062889,-0.064417,-3.500000,8.000000,2015-07-15,0.287868,in
2015-07-17,133041.000000,213252.000000,97.500000,96.000000,57918.000000,2015-07-22,0.972483,1.140240,-0.167757,1.500000,-479.000000,2015-07-22,0.329832,in
2015-07-24,133230.000000,210088.000000,98.700000,94.700000,57706.000000,2015-07-29,0.945809,0.949757,-0.003948,4.000000,-11.000000,2015-07-29,0.379546,in
2015-07-31,132694.000000,206687.000000,100.300000,96.100000,57164.000000,2015-08-05,0.888260,0.754720,0.133541,4.200000,143.000000,2015-08-05,0.706814,in
2015-08-07,132780.000000,203816.000000,99.000000,96.400000,57113.000000,2015-08-12,0.859709,0.590442,0.269267,2.600000,-703.000000,2015-08-12,0.710926,in
2015-08-14,133522.000000,203555.000000,92.200000,96.900000,57439.000000,2015-08-19,0.861469,0.551070,0.310399,-4.700000,-2935.000000,2015-08-19,0.714911,in
2015-08-21,133230.000000,201814.000000,92.900000,95.600000,57695.000000,2015-08-26,0.816708,0.439458,0.377249,-2.700000,-3653.000000,2015-08-26,0.722406,in
2015-08-28,134129.000000,204390.000000,92.400000,92.600000,57307.000000,2015-09-02,0.829023,0.539715,0.289308,-0.200000,-4333.000000,2015-09-02,0.443575,in
2015-09-04,134624.000000,207088.000000,98.700000,87.600000,56410.000000,2015-09-09,0.823018,0.645591,0.177427,11.100000,-3338.000000,2015-09-09,0.456657,in
2015-09-11,132455.000000,206749.000000,98.300000,92.300000,54504.000000,2015-09-16,0.685409,0.599235,0.086173,6.000000,-307.000000,2015-09-16,0.432966,in
2015-09-18,129487.000000,209595.000000,92.100000,91.800000,54042.000000,2015-09-23,0.503087,0.715441,-0.212354,0.300000,77.000000,2015-09-23,0.363505,in
2015-09-25,125728.000000,214744.000000,87.000000,92.500000,52974.000000,2015-09-30,0.270124,0.953319,-0.683195,-5.500000,360.000000,2015-09-30,0.416087,in
2015-10-02,126152.000000,219487.000000,79.200000,90.600000,53072.000000,2015-10-07,0.260410,1.170768,-0.910359,-11.400000,50.000000,2015-10-07,0.409444,in
2015-10-09,129184.000000,221878.000000,73.600000,90.300000,54197.000000,2015-10-14,0.403808,1.256763,-0.852956,-16.700000,1162.000000,2015-10-14,0.371758,in
2015-10-16,131895.000000,226148.000000,73.500000,91.400000,54119.000000,2015-10-21,0.536520,1.432564,-0.896044,-17.900000,2735.000000,2015-10-21,0.390626,in
2015-10-23,132477.000000,229518.000000,79.600000,90.100000,53334.000000,2015-10-28,0.543936,1.552170,-1.008234,-10.500000,5264.000000,2015-10-28,0.346811,in
2015-10-30,132625.000000,230581.000000,79.500000,92.300000,53122.000000,2015-11-04,0.524573,1.546019,-1.021446,-12.800000,5904.000000,2015-11-04,0.360281,in
2015-11-06,134480.000000,231379.000000,87.700000,91.100000,55359.000000,2015-11-11,0.622589,1.533791,-0.911203,-3.400000,4090.000000,2015-11-11,0.395977,in
2015-11-13,136008.000000,228952.000000,88.000000,92.700000,56854.000000,2015-11-18,0.705589,1.354870,-0.649281,-4.700000,3202.000000,2015-11-18,0.433179,in
2015-11-20,138120.000000,227813.000000,92.200000,93.300000,58598.000000,2015-11-25,0.841727,1.252001,-0.410274,-1.100000,3503.000000,2015-11-25,0.459900,in
2015-11-27,140405.000000,229181.000000,95.400000,95.900000,59026.000000,2015-12-02,1.009520,1.291791,-0.282271,-0.500000,3967.000000,2015-12-02,0.467982,in
2015-12-04,141143.000000,221906.000000,96.400000,94.500000,59449.000000,2015-12-09,1.075385,0.850356,0.225030,1.900000,4461.000000,2015-12-09,0.448631,in
2015-12-11,140043.000000,229910.000000,95.800000,93.700000,60056.000000,2015-12-16,0.971240,1.294082,-0.322842,2.100000,3951.000000,2015-12-16,0.477220,in
2015-12-18,141285.000000,222017.000000,92.100000,94.100000,62101.000000,2015-12-23,1.093847,0.787566,0.306281,-2.000000,2097.000000,2015-12-23,0.743325,in
2015-12-25,143041.000000,223139.000000,96.400000,94.600000,62993.000000,2015-12-30,1.301935,0.831980,0.469955,1.800000,434.000000,2015-12-30,0.755802,in
2016-01-01,142332.000000,218752.000000,92.700000,93.600000,63910.000000,2016-01-06,1.256343,0.519811,0.736532,-0.900000,264.000000,2016-01-06,0.834379,in
2016-01-08,145329.000000,215883.000000,95.700000,91.000000,64007.000000,2016-01-13,1.693008,0.284903,1.408105,4.700000,690.000000,2016-01-13,0.858969,in
2016-01-15,144092.000000,221089.000000,98.200000,87.400000,64198.000000,2016-01-20,1.532732,0.655392,0.877340,10.800000,535.000000,2016-01-20,0.909815,in
2016-01-22,144035.000000,228642.000000,97.200000,83.500000,63427.000000,2016-01-27,1.543413,1.258830,0.284583,13.700000,1639.000000,2016-01-27,0.774799,in
2016-01-29,145255.000000,232260.000000,97.400000,83.100000,64174.000000,2016-02-03,1.738167,1.555959,0.182208,14.300000,2082.000000,2016-02-03,0.656990,in
2016-02-05,146907.000000,231002.000000,95.600000,84.700000,64697.000000,2016-02-10,2.009888,1.437506,0.572382,10.900000,2249.000000,2016-02-10,0.622737,in
2016-02-12,149154.000000,230619.000000,94.500000,87.800000,64733.000000,2016-02-17,2.317702,1.397125,0.920576,6.700000,2758.000000,2016-02-17,0.492651,in
2016-02-19,149616.000000,234997.000000,92.900000,86.300000,65066.000000,2016-02-24,2.295804,1.798936,0.496868,6.600000,1167.000000,2016-02-24,0.500587,in
2016-02-26,147716.000000,243748.000000,91.700000,88.300000,66256.000000,2016-03-02,1.881859,2.531870,-0.650011,3.400000,-295.000000,2016-03-02,0.507298,in
2016-03-04,148565.000000,246226.000000,94.300000,88.600000,66946.000000,2016-03-09,1.925671,2.585312,-0.659641,5.700000,-628.000000,2016-03-09,0.477245,in
2016-03-11,148609.000000,250489.000000,90.300000,90.600000,67491.000000,2016-03-16,1.829677,2.738310,-0.908632,-0.300000,-2940.000000,2016-03-16,0.487651,in
2016-03-18,148483.000000,259453.000000,85.800000,90.800000,66233.000000,2016-03-23,1.718376,3.144877,-1.426502,-5.000000,-1930.000000,2016-03-23,0.458842,in
2016-03-25,149094.000000,261334.000000,85.900000,94.400000,65961.000000,2016-03-30,1.739322,2.959185,-1.219862,-8.500000,88.000000,2016-03-30,0.468948,in
2016-04-01,149822.000000,256971.000000,87.700000,95.100000,66318.000000,2016-04-06,1.767711,2.421083,-0.653373,-7.400000,-26.000000,2016-04-06,0.419043,in
2016-04-08,147834.000000,263963.000000,82.400000,93.200000,64551.000000,2016-04-13,1.420042,2.650818,-1.230776,-10.800000,3261.000000,2016-04-13,0.368231,in
2016-04-15,147492.000000,263904.000000,83.400000,91.700000,64303.000000,2016-04-20,1.325177,2.434926,-1.109749,-8.300000,3970.000000,2016-04-20,0.324992,in
2016-04-22,149059.000000,265012.000000,83.400000,90.500000,66049.000000,2016-04-27,1.492643,2.317880,-0.825236,-7.100000,1575.000000,2016-04-27,0.284214,in
2016-04-29,152494.000000,262087.000000,85.000000,92.600000,66292.000000,2016-05-04,1.870863,2.014747,-0.143883,-7.600000,628.000000,2016-05-04,0.239572,in
2016-05-06,151849.000000,260483.000000,90.800000,89.300000,67812.000000,2016-05-11,1.694531,1.819976,-0.125445,1.500000,-2255.000000,2016-05-11,0.196470,in
2016-05-13,151738.000000,261661.000000,89.000000,93.300000,68273.000000,2016-05-18,1.599934,1.784016,-0.184081,-4.300000,-1812.000000,2016-05-18,0.240244,in
2016-05-20,151030.000000,258081.000000,90.000000,91.700000,67624.000000,2016-05-25,1.443588,1.523135,-0.079547,-1.700000,-2443.000000,2016-05-25,0.295521,in
2016-05-27,150429.000000,257131.000000,91.400000,90.900000,66920.000000,2016-06-01,1.311379,1.410599,-0.099220,0.500000,-2690.000000,2016-06-01,0.409432,in
2016-06-03,149005.000000,253633.000000,93.300000,92.000000,65557.000000,2016-06-08,1.090153,1.185175,-0.095021,1.300000,-1409.000000,2016-06-08,0.477801,in
2016-06-10,148876.000000,253609.000000,93.200000,90.700000,66461.000000,2016-06-15,1.033401,1.138178,-0.104777,2.500000,-2545.000000,2016-06-15,0.531544,in
2016-06-17,148072.000000,252414.000000,93.600000,91.500000,65181.000000,2016-06-22,0.898075,1.037996,-0.139921,2.100000,-1076.000000,2016-06-22,0.484056,in
2016-06-24,145414.000000,251989.000000,95.700000,92.300000,64230.000000,2016-06-29,0.539533,0.978434,-0.438901,3.400000,985.000000,2016-06-29,0.389460,in
2016-07-01,144037.000000,253243.000000,95.400000,92.000000,64148.000000,2016-07-06,0.340896,1.001635,-0.660739,3.400000,-56.000000,2016-07-06,0.381841,in
2016-07-08,144534.000000,251717.000000,93.100000,92.600000,63916.000000,2016-07-13,0.379492,0.890454,-0.510962,0.500000,1339.000000,2016-07-13,0.313094,in
2016-07-15,144389.000000,249184.000000,95.900000,93.600000,64105.000000,2016-07-20,0.336410,0.733062,-0.396652,2.300000,426.000000,2016-07-20,0.364640,in
2016-07-22,145063.000000,250657.000000,94.800000,93.400000,65215.000000,2016-07-27,0.398978,0.775191,-0.376213,1.400000,-309.000000,2016-07-27,0.387581,in
2016-07-29,145913.000000,249342.000000,97.700000,93.200000,64092.000000,2016-08-03,0.483752,0.678231,-0.194479,4.500000,-225.000000,2016-08-03,0.368168,in
2016-08-05,147497.000000,251899.000000,93.400000,94.300000,65255.000000,2016-08-10,0.665325,0.780092,-0.114767,-0.900000,-1822.000000,2016-08-10,0.398910,in
2016-08-12,147405.000000,251681.000000,95.200000,94.700000,64531.000000,2016-08-17,0.623815,0.739378,-0.115563,0.500000,-2343.000000,2016-08-17,0.409336,in
2016-08-19,146835.000000,252196.000000,95.600000,92.300000,64906.000000,2016-08-24,0.517818,0.740057,-0.222239,3.300000,-2192.000000,2016-08-24,0.405785,in
2016-08-26,145432.000000,255107.000000,97.000000,92.700000,63867.000000,2016-08-31,0.297488,0.876261,-0.578773,4.300000,-1784.000000,2016-08-31,0.471001,in
2016-09-02,144774.000000,246387.000000,98.400000,93.100000,63433.000000,2016-09-07,0.180059,0.338468,-0.158410,5.300000,-781.000000,2016-09-07,0.444767,in
2016-09-09,143134.000000,248647.000000,97.100000,92.400000,62188.000000,2016-09-14,-0.085731,0.444240,-0.529971,4.700000,-854.000000,2016-09-14,0.359775,in
2016-09-16,141405.000000,244915.000000,93.100000,92.200000,62714.000000,2016-09-21,-0.389466,0.174385,-0.563851,0.900000,-3015.000000,2016-09-21,0.349675,in
2016-09-23,141039.000000,244251.000000,91.200000,90.400000,62083.000000,2016-09-28,-0.532401,0.096957,-0.629358,0.800000,-3721.000000,2016-09-28,0.219641,in
2016-09-30,142148.000000,239924.000000,88.000000,89.400000,62652.000000,2016-10-05,-0.440200,-0.228179,-0.212020,-1.400000,-4201.000000,2016-10-05,0.261622,in
2016-10-07,141058.000000,242927.000000,86.300000,86.000000,61334.000000,2016-10-12,-0.739157,-0.048932,-0.690225,0.300000,-2855.000000,2016-10-12,0.256508,in
2016-10-14,137611.000000,241382.000000,89.800000,86.100000,59699.000000,2016-10-19,-1.514933,-0.182146,-1.332787,3.700000,-529.000000,2016-10-19,0.328667,in
2016-10-21,136205.000000,243389.000000,92.200000,85.900000,58362.000000,2016-10-26,-1.886892,-0.057345,-1.829547,6.300000,721.000000,2016-10-26,0.382420,in
2016-10-28,138933.000000,251496.000000,90.200000,86.000000,58451.000000,2016-11-02,-1.401610,0.507689,-1.909300,4.200000,3051.000000,2016-11-02,0.497922,in
2016-11-04,139958.000000,250468.000000,92.200000,87.400000,58479.000000,2016-11-09,-1.248396,0.408476,-1.656872,4.800000,6806.000000,2016-11-09,0.506759,in
2016-11-11,141012.000000,255407.000000,92.500000,91.100000,59170.000000,2016-11-16,-1.060391,0.742550,-1.802941,1.400000,7338.000000,2016-11-16,0.480063,in
2016-11-18,142920.000000,253606.000000,91.900000,92.800000,59083.000000,2016-11-23,-0.627359,0.579378,-1.206736,-0.900000,7180.000000,2016-11-23,0.465397,in
2016-11-25,145964.000000,253361.000000,92.200000,92.900000,61502.000000,2016-11-30,0.125093,0.532800,-0.407707,-0.700000,4933.000000,2016-11-30,0.261017,in
2016-12-02,148511.000000,246450.000000,95.500000,91.800000,65285.000000,2016-12-07,0.755074,-0.034787,0.789861,3.700000,2224.000000,2016-12-07,0.237729,in
2016-12-09,148298.000000,246133.000000,94.200000,93.000000,66508.000000,2016-12-14,0.669303,-0.086420,0.755723,1.200000,422.000000,2016-12-14,0.256940,in
2016-12-16,149313.000000,245690.000000,96.000000,94.200000,66263.000000,2016-12-21,0.903979,-0.166260,1.070239,1.800000,-607.000000,2016-12-21,0.277182,in
2016-12-23,150699.000000,247632.000000,93.600000,94.800000,66435.000000,2016-12-28,1.224405,-0.043684,1.268089,-1.200000,-1063.000000,2016-12-28,0.283468,in
2016-12-30,151548.000000,240512.000000,94.000000,95.000000,67509.000000,2017-01-04,1.389157,-0.760193,2.149351,-1.000000,-3382.000000,2017-01-04,0.272575,in
2017-01-06,150900.000000,246278.000000,93.700000,96.400000,66930.000000,2017-01-11,1.174884,-0.299683,1.474567,-2.700000,-1660.000000,2017-01-11,0.213726,in
2017-01-13,150639.000000,247053.000000,94.600000,92.000000,65656.000000,2017-01-18,1.066009,-0.297538,1.363547,2.600000,-1088.000000,2017-01-18,0.195371,in
2017-01-20,149172.000000,248239.000000,93.200000,87.400000,65372.000000,2017-01-25,0.662994,-0.217099,0.880094,5.800000,-2332.000000,2017-01-25,0.192505,in
2017-01-27,149222.000000,256658.000000,95.100000,87.200000,64127.000000,2017-02-01,0.654196,0.794352,-0.140156,7.900000,-592.000000,2017-02-01,0.178565,in
2017-02-03,150956.000000,267571.000000,93.400000,86.200000,65270.000000,2017-02-08,1.066403,2.145196,-1.078793,7.200000,-868.000000,2017-02-08,0.266045,in
2017-02-10,149667.000000,274396.000000,92.200000,84.900000,64568.000000,2017-02-15,0.736010,2.889731,-2.153722,7.300000,1964.000000,2017-02-15,0.268368,in
2017-02-17,149740.000000,275283.000000,90.400000,84.200000,63040.000000,2017-02-22,0.753531,2.804973,-2.051442,6.200000,4911.000000,2017-02-22,0.273457,in
2017-02-24,150971.000000,277591.000000,91.500000,88.000000,63535.000000,2017-03-01,1.038204,2.801232,-1.763027,3.500000,4196.000000,2017-03-01,0.290778,in
2017-03-03,152761.000000,278599.000000,88.800000,88.800000,64402.000000,2017-03-08,1.438081,2.656278,-1.218197,0.000000,4742.000000,2017-03-08,0.216669,in
2017-03-10,151873.000000,276190.000000,90.700000,85.900000,66532.000000,2017-03-15,1.189595,2.226215,-1.036620,4.800000,2888.000000,2017-03-15,0.175539,in
2017-03-17,154850.000000,276200.000000,92.000000,89.000000,67951.000000,2017-03-22,1.820654,2.100429,-0.279775,3.000000,691.000000,2017-03-22,0.214743,in
2017-03-24,154022.000000,278197.000000,92.200000,91.900000,67731.000000,2017-03-29,1.567762,2.165240,-0.597478,0.300000,-292.000000,2017-03-29,0.205947,in
2017-03-31,154338.000000,280938.000000,94.600000,91.000000,69144.000000,2017-04-05,1.584894,2.256252,-0.671358,3.600000,-2433.000000,2017-04-05,0.260308,in
2017-04-07,156538.000000,277115.000000,94.800000,89.600000,69420.000000,2017-04-12,1.960977,1.837444,0.123533,5.200000,-3147.000000,2017-04-12,0.286113,in
2017-04-14,158442.000000,274111.000000,93.800000,93.400000,68642.000000,2017-04-19,2.209461,1.530371,0.679091,0.400000,-2334.000000,2017-04-19,0.272864,in
2017-04-21,156491.000000,272889.000000,95.700000,94.600000,67439.000000,2017-04-26,1.728301,1.393826,0.334475,1.100000,-1872.000000,2017-04-26,0.282074,in
2017-04-28,157852.000000,274402.000000,95.600000,94.500000,66711.000000,2017-05-03,1.920685,1.471513,0.449172,1.100000,-1891.000000,2017-05-03,0.338009,in
2017-05-05,159777.000000,268023.000000,89.800000,93.400000,66273.000000,2017-05-10,2.166439,0.927979,1.238460,-3.600000,-2897.000000,2017-05-10,0.326718,in
2017-05-12,160974.000000,262512.000000,93.900000,96.500000,66308.000000,2017-05-17,2.243532,0.476646,1.766887,-2.600000,-4088.000000,2017-05-17,0.337458,in
2017-05-19,159213.000000,260392.000000,96.400000,96.100000,65567.000000,2017-05-24,1.844510,0.299898,1.544612,0.300000,-4427.000000,2017-05-24,0.318720,in
2017-05-26,158389.000000,255884.000000,98.000000,97.300000,64820.000000,2017-05-31,1.634673,-0.065505,1.700179,0.700000,-3977.000000,2017-05-31,0.286236,in
2017-06-02,157869.000000,259282.000000,96.800000,95.700000,63376.000000,2017-06-07,1.486284,0.202581,1.283703,1.100000,-3867.000000,2017-06-07,0.285286,in
2017-06-09,156483.000000,257954.000000,98.700000,96.400000,62220.000000,2017-06-14,1.219247,0.087584,1.131663,2.300000,-4659.000000,2017-06-14,0.278470,in
2017-06-16,154264.000000,258852.000000,98.300000,95.800000,61140.000000,2017-06-21,0.839867,0.150889,0.688978,2.500000,-3602.000000,2017-06-21,0.258338,in
2017-06-23,153300.000000,260007.000000,95.200000,93.700000,60843.000000,2017-06-28,0.662065,0.232863,0.429203,1.500000,-5004.000000,2017-06-28,0.293410,in
2017-06-30,151669.000000,258940.000000,96.900000,95.100000,59509.000000,2017-07-05,0.382293,0.136810,0.245483,1.800000,-3709.000000,2017-07-05,0.240246,in
2017-07-07,149191.000000,252866.000000,97.400000,96.700000,57561.000000,2017-07-12,-0.026784,-0.362154,0.335371,0.700000,-1192.000000,2017-07-12,0.217303,in
2017-07-14,146591.000000,252145.000000,97.700000,96.000000,57538.000000,2017-07-19,-0.451980,-0.426949,-0.025031,1.700000,-491.000000,2017-07-19,0.245941,in
2017-07-21,144852.000000,247676.000000,96.300000,95.400000,55839.000000,2017-07-26,-0.730736,-0.786536,0.055799,0.900000,705.000000,2017-07-26,0.237538,in
2017-07-28,144535.000000,249429.000000,95.300000,97.000000,55800.000000,2017-08-02,-0.775198,-0.643305,-0.131893,-1.700000,1433.000000,2017-08-02,0.245697,in
2017-08-04,143868.000000,245337.000000,99.600000,96.500000,56369.000000,2017-08-09,-0.865188,-0.960706,0.095518,3.100000,1661.000000,2017-08-09,0.285650,in
2017-08-11,144019.000000,238118.000000,97.400000,97.000000,57047.000000,2017-08-16,-0.825837,-1.494394,0.668557,0.400000,2006.000000,2017-08-16,0.293993,in
2017-08-18,142269.000000,234360.000000,98.600000,95.300000,56544.000000,2017-08-23,-1.077839,-1.715705,0.637866,3.300000,3212.000000,2017-08-23,0.264594,in
2017-08-25,141248.000000,230221.000000,101.700000,96.000000,57233.000000,2017-08-30,-1.211232,-1.923492,0.712260,5.700000,3704.000000,2017-08-30,0.242975,in
2017-09-01,141753.000000,231950.000000,101.600000,63.400000,58030.000000,2017-09-06,-1.114887,-1.729396,0.614509,38.200000,4432.000000,2017-09-06,0.229748,in
2017-09-08,142808.000000,241830.000000,98.700000,60.700000,59053.000000,2017-09-13,-0.950951,-0.996300,0.045349,38.000000,4731.000000,2017-09-13,0.233571,in
2017-09-15,143571.000000,245483.000000,95.200000,73.000000,59756.000000,2017-09-20,-0.845763,-0.734632,-0.111132,22.200000,4230.000000,2017-09-20,0.233771,in
2017-09-22,145893.000000,241100.000000,90.100000,84.900000,60937.000000,2017-09-27,-0.507903,-1.041572,0.533669,5.200000,2812.000000,2017-09-27,0.218915,in
2017-09-29,149349.000000,236679.000000,89.700000,85.600000,62462.000000,2017-10-04,0.011576,-1.346546,1.358122,4.100000,1377.000000,2017-10-04,0.208468,in
2017-10-06,149347.000000,232137.000000,88.400000,88.500000,63784.000000,2017-10-11,-0.014242,-1.624610,1.610368,-0.100000,775.000000,2017-10-11,0.183181,in
2017-10-13,151098.000000,223185.000000,84.200000,83.700000,63986.000000,2017-10-18,0.234785,-2.142485,2.377270,0.500000,-931.000000,2017-10-18,0.193308,in
2017-10-20,149743.000000,223847.000000,85.200000,90.200000,63749.000000,2017-10-25,-0.037436,-2.000253,1.962816,-5.000000,-2521.000000,2017-10-25,0.209769,in
2017-10-27,150828.000000,217036.000000,86.700000,90.400000,63839.000000,2017-11-01,0.118273,-2.273370,2.391643,-3.700000,-5525.000000,2017-11-01,0.220254,in
2017-11-03,150571.000000,218667.000000,84.600000,92.300000,64559.000000,2017-11-08,0.034867,-2.045049,2.079916,-7.700000,-8998.000000,2017-11-08,0.229292,in
2017-11-10,150644.000000,221557.000000,88.400000,92.800000,63055.000000,2017-11-15,0.013947,-1.777597,1.791544,-4.400000,-10811.000000,2017-11-15,0.231669,in
2017-11-17,148172.000000,219114.000000,94.600000,90.600000,61228.000000,2017-11-22,-0.502717,-1.816199,1.313482,4.000000,-8230.000000,2017-11-22,0.198418,in
2017-11-24,144169.000000,218925.000000,93.900000,94.400000,58314.000000,2017-11-29,-1.289840,-1.735457,0.445617,-0.500000,-6900.000000,2017-11-29,0.198019,in
2017-12-01,140752.000000,217797.000000,94.900000,94.800000,55561.000000,2017-12-06,-1.875139,-1.714797,-0.160341,0.100000,-6588.000000,2017-12-06,0.157988,in
2017-12-08,137533.000000,217512.000000,92.500000,94.900000,52244.000000,2017-12-13,-2.323024,-1.654784,-0.668240,-2.400000,-5666.000000,2017-12-13,0.133795,in
2017-12-15,136121.000000,213880.000000,92.300000,95.900000,52998.000000,2017-12-20,-2.386214,-1.751937,-0.634277,-3.600000,-10604.000000,2017-12-20,0.150830,in
2017-12-22,136828.000000,208240.000000,95.200000,96.100000,51414.000000,2017-12-27,-2.117623,-1.916657,-0.200966,-0.900000,-12170.000000,2017-12-27,0.141701,in
2017-12-29,133352.000000,206173.000000,95.800000,97.900000,48973.000000,2018-01-03,-2.466435,-1.912101,-0.554334,-2.100000,-11953.000000,2018-01-03,0.159901,in
2018-01-05,130164.000000,203610.000000,94.100000,96.600000,46578.000000,2018-01-10,-2.680241,-1.916906,-0.763335,-2.500000,-10269.000000,2018-01-10,0.191821,in
2018-01-12,126244.000000,202629.000000,90.300000,94.700000,42394.000000,2018-01-17,-2.894689,-1.855138,-1.039551,-4.400000,-9727.000000,2018-01-17,0.234481,in
2018-01-19,122532.000000,204931.000000,88.700000,92.600000,39244.000000,2018-01-24,-2.998086,-1.673927,-1.324159,-3.900000,-9241.000000,2018-01-24,0.232495,in
2018-01-26,118613.000000,211402.000000,91.700000,86.600000,37020.000000,2018-01-31,-3.057182,-1.350248,-1.706934,5.100000,-8235.000000,2018-01-31,0.245051,in
2018-02-02,118482.000000,216224.000000,95.000000,92.700000,36309.000000,2018-02-07,-2.768842,-1.111356,-1.657486,2.300000,-8129.000000,2018-02-07,0.243830,in
2018-02-09,115361.000000,222326.000000,93.400000,89.400000,32667.000000,2018-02-14,-2.770895,-0.832786,-1.938109,4.000000,-4149.000000,2018-02-14,0.231811,in
2018-02-16,112854.000000,223777.000000,90.400000,86.800000,30003.000000,2018-02-21,-2.711368,-0.742714,-1.968655,3.600000,-580.000000,2018-02-21,0.264707,in
2018-02-23,110631.000000,228332.000000,87.300000,87.000000,28785.000000,2018-02-28,-2.633645,-0.527064,-2.106581,0.300000,2442.000000,2018-02-28,0.261622,in
2018-03-02,111375.000000,230915.000000,89.800000,87.800000,28180.000000,2018-03-07,-2.377500,-0.389974,-1.987526,2.000000,6713.000000,2018-03-07,0.260257,in
2018-03-09,109903.000000,236644.000000,89.500000,89.800000,28518.000000,2018-03-14,-2.301911,-0.114948,-2.186963,-0.300000,7504.000000,2018-03-14,0.274429,in
2018-03-16,111757.000000,232961.000000,91.200000,92.600000,29423.000000,2018-03-21,-2.039517,-0.246438,-1.793079,-1.400000,5484.000000,2018-03-21,0.273042,in
2018-03-23,115179.000000,227784.000000,92.900000,93.100000,31227.000000,2018-03-28,-1.718544,-0.449704,-1.268841,-0.200000,4139.000000,2018-03-28,0.252467,in
2018-03-30,120298.000000,220836.000000,93.700000,94.300000,34893.000000,2018-04-04,-1.327054,-0.745862,-0.581192,-0.600000,889.000000,2018-04-04,0.236164,in
2018-04-06,120716.000000,223468.000000,93.500000,94.100000,36022.000000,2018-04-11,-1.248726,-0.590561,-0.658166,-0.600000,1148.000000,2018-04-11,0.225542,in
2018-04-13,121604.000000,221970.000000,95.700000,92.400000,34907.000000,2018-04-18,-1.146931,-0.637333,-0.509597,3.300000,2316.000000,2018-04-18,0.195436,in
2018-04-20,123063.000000,221955.000000,96.300000,91.200000,35366.000000,2018-04-25,-1.013603,-0.610093,-0.403510,5.100000,734.000000,2018-04-25,0.192450,in
2018-04-27,123053.000000,222619.000000,96.100000,91.000000,35782.000000,2018-05-02,-0.976652,-0.546648,-0.430004,5.100000,-238.000000,2018-05-02,0.267387,in
2018-05-04,124573.000000,220083.000000,94.900000,89.700000,37170.000000,2018-05-09,-0.845147,-0.662537,-0.182610,5.200000,-2581.000000,2018-05-09,0.238634,in
2018-05-11,125352.000000,218583.000000,98.700000,89.100000,37223.000000,2018-05-16,-0.763106,-0.721808,-0.041299,9.600000,-3321.000000,2018-05-16,0.238995,in
2018-05-18,124668.000000,221764.000000,99.300000,90.700000,36100.000000,2018-05-23,-0.777474,-0.500091,-0.277383,8.600000,-3494.000000,2018-05-23,0.266900,in
2018-05-25,123695.000000,218680.000000,100.000000,93.400000,35544.000000,2018-05-30,-0.811821,-0.662609,-0.149212,6.600000,-5651.000000,2018-05-30,0.309429,in
2018-06-01,122341.000000,219902.000000,101.300000,94.600000,34589.000000,2018-06-06,-0.872866,-0.555763,-0.317104,6.700000,-6809.000000,2018-06-06,0.281681,in
2018-06-08,119783.000000,218946.000000,97.000000,94.800000,33902.000000,2018-06-13,-1.016682,-0.590445,-0.426236,2.200000,-8184.000000,2018-06-13,0.344456,in
2018-06-15,115611.000000,218211.000000,97.000000,97.100000,32606.000000,2018-06-20,-1.267178,-0.613905,-0.653273,-0.100000,-7748.000000,2018-06-20,0.358558,in
2018-06-22,111865.000000,213037.000000,96.700000,97.600000,29893.000000,2018-06-27,-1.476372,-0.967468,-0.508904,-0.900000,-6162.000000,2018-06-27,0.306717,in
2018-06-29,111102.000000,215990.000000,96.300000,97.600000,27780.000000,2018-07-04,-1.470762,-0.725680,-0.745082,-1.300000,-5387.000000,2018-07-05,0.329619,in
2018-07-06,110092.000000,208750.000000,95.000000,97.000000,25718.000000,2018-07-11,-1.479327,-1.282052,-0.197275,-2.000000,-3915.000000,2018-07-11,0.295639,in
2018-07-13,108623.000000,211795.000000,93.200000,94.200000,24858.000000,2018-07-18,-1.514752,-1.011019,-0.503732,-1.000000,-1412.000000,2018-07-18,0.275201,in
2018-07-20,107949.000000,211730.000000,93.300000,92.600000,23731.000000,2018-07-25,-1.493845,-0.992184,-0.501661,0.700000,487.000000,2018-07-25,0.240110,in
2018-07-27,107446.000000,217326.000000,99.100000,94.600000,22393.000000,2018-08-01,-1.463132,-0.458641,-1.004491,4.500000,1883.000000,2018-08-01,0.214123,in
2018-08-03,107056.000000,216465.000000,99.400000,97.300000,21803.000000,2018-08-08,-1.426932,-0.512509,-0.914423,2.100000,3022.000000,2018-08-08,0.184403,in
2018-08-10,108721.000000,216893.000000,98.900000,99.700000,23446.000000,2018-08-15,-1.262498,-0.440009,-0.822489,-0.800000,137.000000,2018-08-15,0.193808,in
2018-08-17,109289.000000,212771.000000,99.700000,99.400000,24218.000000,2018-08-22,-1.176768,-0.832269,-0.344499,0.300000,-1885.000000,2018-08-22,0.201033,in
2018-08-24,110377.000000,212783.000000,100.000000,95.800000,24276.000000,2018-08-29,-1.061767,-0.798769,-0.262997,4.200000,-1482.000000,2018-08-29,0.204827,in
2018-08-31,108820.000000,210341.000000,98.000000,97.200000,24825.000000,2018-09-05,-1.121736,-1.015534,-0.106202,0.800000,-332.000000,2018-09-05,0.215004,in
2018-09-07,105885.000000,208637.000000,97.400000,98.600000,23583.000000,2018-09-12,-1.267090,-1.175763,-0.091327,-1.200000,3269.000000,2018-09-12,0.239164,in
2018-09-14,105098.000000,207008.000000,96.100000,96.500000,22333.000000,2018-09-19,-1.269546,-1.366604,0.097058,-0.400000,6295.000000,2018-09-19,0.260318,in
2018-09-21,105763.000000,207391.000000,83.200000,93.300000,22794.000000,2018-09-26,-1.182367,-1.319259,0.136892,-10.100000,7205.000000,2018-09-26,0.291424,in
2018-09-28,109391.000000,213967.000000,78.900000,94.000000,24493.000000,2018-10-03,-0.907673,-0.469723,-0.437950,-15.100000,7384.000000,2018-10-03,0.246550,in
2018-10-05,113642.000000,216254.000000,73.300000,95.200000,26852.000000,2018-10-10,-0.586277,-0.132853,-0.453423,-21.900000,7444.000000,2018-10-10,0.227744,in
2018-10-12,115815.000000,217313.000000,70.000000,96.900000,28628.000000,2018-10-17,-0.400812,0.027922,-0.428734,-26.900000,6835.000000,2018-10-17,0.303674,in
2018-10-19,118812.000000,219563.000000,74.100000,95.900000,29999.000000,2018-10-24,-0.140934,0.352300,-0.493234,-21.800000,5348.000000,2018-10-24,0.354236,in
2018-10-26,121796.000000,218480.000000,75.400000,96.500000,31877.000000,2018-10-31,0.142257,0.197841,-0.055585,-21.100000,4647.000000,2018-10-31,0.464975,in
2018-11-02,124120.000000,223442.000000,77.300000,96.700000,34296.000000,2018-11-07,0.400978,0.868283,-0.467305,-19.400000,3957.000000,2018-11-07,0.516835,in
2018-11-09,126333.000000,228674.000000,83.900000,93.800000,35463.000000,2018-11-14,0.687008,1.539198,-0.852191,-9.900000,3938.000000,2018-11-14,0.486092,in
2018-11-16,125739.000000,232061.000000,91.400000,95.500000,35347.000000,2018-11-21,0.725521,1.892820,-1.167299,-4.100000,5145.000000,2018-11-21,0.516604,in
2018-11-23,127425.000000,237868.000000,95.700000,97.300000,36524.000000,2018-11-28,0.992418,2.442658,-1.450240,-1.600000,4767.000000,2018-11-28,0.596918,in
2018-11-30,128588.000000,228806.000000,94.300000,97.500000,38253.000000,2018-12-05,1.202651,1.286508,-0.083858,-3.200000,3679.000000,2018-12-06,0.577495,in
2018-12-07,128376.000000,232636.000000,97.900000,95.600000,39401.000000,2018-12-12,1.243217,1.664192,-0.420975,2.300000,2861.000000,2018-12-12,0.600984,in
2018-12-14,128792.000000,231776.000000,97.700000,97.800000,40492.000000,2018-12-19,1.350214,1.493252,-0.143038,-0.100000,1027.000000,2018-12-19,0.522571,in
2018-12-21,129151.000000,229321.000000,95.900000,97.900000,41291.000000,2018-12-26,1.463963,1.166538,0.297425,-2.000000,38.000000,2018-12-26,0.335124,in
2018-12-28,130347.000000,229868.000000,96.500000,99.400000,41932.000000,2019-01-02,1.645904,1.186900,0.459004,-2.900000,-748.000000,2019-01-02,0.334660,in
2019-01-04,131485.000000,226926.000000,97.100000,97.700000,42262.000000,2019-01-09,1.779253,0.817925,0.961328,-0.600000,363.000000,2019-01-09,0.316253,in
2019-01-11,130954.000000,227380.000000,97.900000,94.200000,41519.000000,2019-01-16,1.672003,0.846670,0.825333,3.700000,90.000000,2019-01-16,0.285897,in
2019-01-18,131431.000000,230485.000000,98.600000,92.100000,41329.000000,2019-01-23,1.668510,1.198193,0.470316,6.500000,3693.000000,2019-01-23,0.259000,in
2019-01-25,132477.000000,229557.000000,94.700000,90.400000,41184.000000,2019-01-30,1.712063,1.040757,0.671306,4.300000,5466.000000,2019-01-30,0.251613,in
2019-02-01,134005.000000,229293.000000,92.900000,90.900000,42625.000000,2019-02-06,1.797810,0.970183,0.827626,2.000000,4898.000000,2019-02-06,0.243062,in
2019-02-08,133834.000000,230975.000000,84.200000,88.500000,41609.000000,2019-02-13,1.688919,1.146596,0.542323,-4.300000,5242.000000,2019-02-13,0.230896,in
2019-02-15,137221.000000,232642.000000,85.000000,87.800000,45022.000000,2019-02-20,1.947265,1.311074,0.636191,-2.800000,1361.000000,2019-02-20,0.220921,in
2019-02-22,136617.000000,225880.000000,87.200000,89.100000,46650.000000,2019-02-27,1.784171,0.488843,1.295329,-1.900000,274.000000,2019-02-27,0.190520,in
2019-03-01,140004.000000,227470.000000,86.000000,89.600000,47523.000000,2019-03-06,2.013958,0.698122,1.315836,-3.600000,-398.000000,2019-03-06,0.178785,in
2019-03-08,141365.000000,222146.000000,86.400000,89.500000,46851.000000,2019-03-13,2.026626,0.074469,1.952157,-3.100000,-859.000000,2019-03-13,0.176802,in
2019-03-15,139516.000000,213527.000000,87.500000,90.000000,46383.000000,2019-03-20,1.749323,-0.997000,2.746323,-2.500000,-1934.000000,2019-03-20,0.194115,in
2019-03-22,137970.000000,218105.000000,87.000000,87.000000,46924.000000,2019-03-27,1.526155,-0.379644,1.905799,0.000000,-2012.000000,2019-03-27,0.193919,in
2019-03-29,138111.000000,226837.000000,84.700000,87.800000,47125.000000,2019-04-03,1.474259,0.743564,0.730695,-3.100000,-1948.000000,2019-04-03,0.230634,in
2019-04-05,137692.000000,232230.000000,86.500000,90.000000,45992.000000,2019-04-10,1.378393,1.396598,-0.018205,-3.500000,6.000000,2019-04-10,0.214338,in
2019-04-12,135271.000000,233677.000000,92.400000,89.300000,44449.000000,2019-04-17,1.119787,1.516587,-0.396801,3.100000,3354.000000,2019-04-17,0.216756,in
2019-04-19,135218.000000,235432.000000,91.800000,92.900000,44912.000000,2019-04-24,1.081150,1.655840,-0.574690,-1.100000,4157.000000,2019-04-24,0.204573,in
2019-04-26,135565.000000,244604.000000,85.900000,91.900000,45177.000000,2019-05-01,1.077863,2.536211,-1.458347,-6.000000,3876.000000,2019-05-01,0.301557,in
2019-05-03,137228.000000,239847.000000,87.600000,92.100000,45998.000000,2019-05-08,1.185670,1.885099,-0.699430,-4.500000,4846.000000,2019-05-08,0.357801,in
2019-05-10,139172.000000,242773.000000,87.300000,94.100000,47803.000000,2019-05-15,1.308339,2.063900,-0.755561,-6.800000,5137.000000,2019-05-15,0.403867,in
2019-05-17,142428.000000,245650.000000,82.700000,93.800000,49069.000000,2019-05-22,1.520116,2.202038,-0.681922,-11.100000,4513.000000,2019-05-22,0.472746,in
2019-05-24,142606.000000,244852.000000,84.200000,94.800000,49053.000000,2019-05-29,1.471760,1.993224,-0.521464,-10.600000,2783.000000,2019-05-29,0.437102,in
2019-05-31,143910.000000,248317.000000,83.800000,94.400000,50844.000000,2019-06-05,1.508978,2.166390,-0.657412,-10.600000,1644.000000,2019-06-05,0.385335,in
2019-06-07,145806.000000,247108.000000,88.100000,94.200000,52940.000000,2019-06-12,1.581495,1.935275,-0.353779,-6.100000,-762.000000,2019-06-12,0.355570,in
2019-06-14,146554.000000,241278.000000,95.900000,93.700000,53582.000000,2019-06-19,1.563039,1.362827,0.200212,2.200000,-2755.000000,2019-06-19,0.380983,in
2019-06-21,144213.000000,235018.000000,93.300000,96.100000,51836.000000,2019-06-26,1.329199,0.788638,0.540560,-2.800000,-1438.000000,2019-06-26,0.317804,in
2019-06-28,143795.000000,234733.000000,97.400000,95.800000,52488.000000,2019-07-03,1.247768,0.734037,0.513731,1.600000,-3623.000000,2019-07-03,0.396639,in
2019-07-05,141766.000000,227976.000000,97.800000,96.500000,52178.000000,2019-07-10,1.054754,0.114915,0.939839,1.300000,-4817.000000,2019-07-10,0.410410,in
2019-07-12,140264.000000,228538.000000,97.900000,95.400000,50827.000000,2019-07-17,0.906693,0.138820,0.767873,2.500000,-6006.000000,2019-07-17,0.480495,in
2019-07-19,139281.000000,220601.000000,99.500000,91.100000,50398.000000,2019-07-24,0.799848,-0.608435,1.408283,8.400000,-8062.000000,2019-07-24,0.478016,in
2019-07-26,138352.000000,217166.000000,95.100000,93.500000,48865.000000,2019-07-31,0.697403,-0.925446,1.622849,1.600000,-8509.000000,2019-07-31,0.486490,in
2019-08-02,135973.000000,222695.000000,100.800000,96.700000,47361.000000,2019-08-07,0.476309,-0.428978,0.905287,4.100000,-7235.000000,2019-08-07,0.364608,in
2019-08-09,132637.000000,224457.000000,99.200000,96.000000,44821.000000,2019-08-14,0.166414,-0.280803,0.447217,3.200000,-5493.000000,2019-08-14,0.311325,in
2019-08-16,129997.000000,225147.000000,99.900000,97.100000,42336.000000,2019-08-21,-0.097642,-0.242845,0.145203,2.800000,-3655.000000,2019-08-21,0.618576,in
2019-08-23,125122.000000,223993.000000,100.600000,95.800000,40356.000000,2019-08-28,-0.573945,-0.381296,-0.192649,4.800000,581.000000,2019-08-28,0.613419,in
2019-08-30,124832.000000,220356.000000,99.500000,95.600000,40126.000000,2019-09-04,-0.654735,-0.773720,0.118985,3.900000,610.000000,2019-09-04,0.592134,in
2019-09-06,124241.000000,217915.000000,100.100000,96.600000,39328.000000,2019-09-11,-0.789726,-1.065031,0.275305,3.500000,2349.000000,2019-09-11,0.576810,in
2019-09-13,122158.000000,219929.000000,96.900000,92.100000,38681.000000,2019-09-18,-1.106771,-0.921049,-0.185722,4.800000,4272.000000,2019-09-18,0.220489,in
2019-09-20,125266.000000,216548.000000,92.500000,92.500000,40937.000000,2019-09-25,-0.880775,-1.349686,0.468911,0.000000,3522.000000,2019-09-25,0.250304,in
2019-09-27,127455.000000,215774.000000,92.800000,88.300000,40736.000000,2019-10-02,-0.716874,-1.448352,0.731477,4.500000,5295.000000,2019-10-02,0.213062,in
2019-10-04,126556.000000,221415.000000,87.400000,87.400000,41677.000000,2019-10-09,-0.913283,-0.839409,-0.073874,0.000000,6068.000000,2019-10-09,0.263664,in
2019-10-11,128396.000000,226932.000000,85.900000,84.500000,42953.000000,2019-10-16,-0.736523,-0.239618,-0.496905,1.400000,3563.000000,2019-10-16,0.230475,in
2019-10-18,129911.000000,223224.000000,84.200000,88.400000,44459.000000,2019-10-23,-0.575726,-0.679641,0.103915,-4.200000,-238.000000,2019-10-23,0.266554,in
2019-10-25,131487.000000,224819.000000,90.100000,89.700000,46031.000000,2019-10-30,-0.381444,-0.515275,0.133830,0.400000,-1907.000000,2019-10-30,0.276298,in
2019-11-01,134634.000000,227577.000000,90.600000,87.000000,47745.000000,2019-11-06,0.070565,-0.201472,0.272037,3.600000,-3923.000000,2019-11-06,0.333230,in
2019-11-08,133668.000000,230242.000000,89.200000,89.700000,46516.000000,2019-11-13,-0.104306,0.109343,-0.213648,-0.500000,-6087.000000,2019-11-13,0.333948,in
2019-11-15,131497.000000,231817.000000,90.900000,92.400000,44221.000000,2019-11-20,-0.474825,0.295732,-0.770557,-1.500000,-4057.000000,2019-11-20,0.281074,in
2019-11-22,130901.000000,232564.000000,91.300000,91.100000,44124.000000,2019-11-27,-0.587526,0.399354,-0.986881,0.200000,-6353.000000,2019-11-27,0.268429,in
2019-11-29,131174.000000,229842.000000,94.400000,94.300000,43822.000000,2019-12-04,-0.554586,0.073037,-0.627623,0.100000,-7500.000000,2019-12-04,0.153549,in
2019-12-06,126533.000000,235275.000000,93.800000,93.300000,40429.000000,2019-12-11,-1.301854,0.711110,-2.012963,0.500000,-4928.000000,2019-12-11,0.245146,in
2019-12-13,127370.000000,232287.000000,93.100000,91.800000,40164.000000,2019-12-18,-1.155411,0.355437,-1.510848,1.300000,-4321.000000,2019-12-18,0.244436,in
2019-12-20,126294.000000,230365.000000,95.300000,96.100000,37771.000000,2019-12-25,-1.308188,0.125180,-1.433369,-0.800000,-2889.000000,2019-12-26,0.266209,in
2019-12-27,125860.000000,219267.000000,97.300000,97.700000,36322.000000,2020-01-01,-1.344990,-1.150651,-0.194339,-0.400000,-682.000000,2020-01-02,0.271716,in
2020-01-03,126477.000000,221402.000000,93.800000,97.600000,35501.000000,2020-01-08,-1.216109,-0.882153,-0.333957,-3.800000,1207.000000,2020-01-08,0.221197,in
2020-01-10,126223.000000,218434.000000,93.600000,97.100000,35843.000000,2020-01-15,-1.226075,-1.190036,-0.036039,-3.500000,2533.000000,2020-01-15,0.254437,in
2020-01-17,125893.000000,219249.000000,94.800000,94.100000,34882.000000,2020-01-22,-1.243182,-1.060240,-0.182942,0.700000,3361.000000,2020-01-22,0.264526,in
2020-01-24,125757.000000,221603.000000,87.300000,91.900000,35640.000000,2020-01-29,-1.226081,-0.771772,-0.454309,-4.600000,3509.000000,2020-01-29,0.309696,in
2020-01-31,126855.000000,226521.000000,90.300000,90.200000,36708.000000,2020-02-05,-1.029529,-0.211979,-0.817550,0.100000,470.000000,2020-02-05,0.371768,in
2020-02-07,127718.000000,229256.000000,91.100000,90.700000,38376.000000,2020-02-12,-0.877068,0.099636,-0.976704,0.400000,-494.000000,2020-02-12,1.166202,in
2020-02-14,126603.000000,230657.000000,91.900000,92.200000,38243.000000,2020-02-19,-1.003810,0.262160,-1.265969,-0.300000,202.000000,2020-02-19,1.455754,in
2020-02-21,126753.000000,232618.000000,90.700000,89.100000,39149.000000,2020-02-26,-0.947533,0.468104,-1.415637,1.600000,154.000000,2020-02-26,1.789743,in
2020-02-28,124256.000000,236084.000000,88.700000,88.300000,37178.000000,2020-03-04,-1.258155,0.834145,-2.092300,0.400000,5646.000000,2020-03-04,1.778834,in
2020-03-06,126666.000000,242203.000000,87.700000,89.600000,37882.000000,2020-03-11,-0.875747,1.451827,-2.327575,-1.900000,11359.000000,2020-03-11,1.815469,in
2020-03-13,127402.000000,243926.000000,85.500000,91.500000,38445.000000,2020-03-18,-0.738172,1.583791,-2.321963,-6.000000,16520.000000,2020-03-18,1.541987,in
2020-03-20,129723.000000,241310.000000,88.100000,91.000000,39303.000000,2020-03-25,-0.378005,1.246070,-1.624075,-2.900000,20438.000000,2020-03-25,,in
2020-03-27,134399.000000,247786.000000,81.400000,88.600000,42824.000000,2020-04-01,0.320791,1.853171,-1.532380,-7.200000,20554.000000,2020-04-01,,in
2020-04-03,141755.000000,253122.000000,74.200000,81.900000,49241.000000,2020-04-08,1.377980,2.256916,-0.878935,-7.700000,16205.000000,2020-04-08,,in
2020-04-10,147405.000000,263360.000000,65.300000,75.900000,54965.000000,2020-04-15,2.076213,2.944991,-0.868778,-10.600000,7479.000000,2020-04-15,,in
2020-04-17,152242.000000,273238.000000,65.000000,73.800000,59741.000000,2020-04-22,2.530429,3.343276,-0.812847,-8.800000,-2884.000000,2020-04-22,1.746020,in
2020-04-24,155570.000000,280353.000000,72.000000,74.700000,63378.000000,2020-04-29,2.697773,3.419572,-0.721800,-2.700000,-9916.000000,2020-04-29,1.079235,in
2020-05-01,156707.000000,282670.000000,73.500000,75.100000,65446.000000,2020-05-06,2.600496,3.162776,-0.562280,-1.600000,-13723.000000,2020-05-06,0.587899,in
2020-05-08,153336.000000,282453.000000,70.300000,71.800000,62444.000000,2020-05-13,2.099506,2.847141,-0.747635,-1.500000,-13000.000000,2020-05-13,0.668107,in
2020-05-15,147493.000000,284901.000000,73.300000,72.300000,56857.000000,2020-05-20,1.439637,2.731008,-1.291371,1.000000,-10021.000000,2020-05-20,0.543841,in
2020-05-22,143533.000000,295150.000000,77.700000,74.300000,53462.000000,2020-05-27,1.013481,2.953099,-1.939619,3.400000,-7617.000000,2020-05-27,0.553215,in
2020-05-29,141797.000000,296810.000000,75.300000,75.800000,51723.000000,2020-06-03,0.836485,2.762320,-1.925834,-0.500000,-6141.000000,2020-06-03,0.522722,in
2020-06-05,140744.000000,303681.000000,75.900000,77.800000,49444.000000,2020-06-10,0.742239,2.790040,-2.047801,-1.900000,-1656.000000,2020-06-10,0.479163,in
2020-06-12,137978.000000,307489.000000,76.100000,79.000000,46836.000000,2020-06-17,0.469051,2.681994,-2.212944,-2.900000,1901.000000,2020-06-17,0.349199,in
2020-06-19,137942.000000,307996.000000,81.900000,77.000000,45845.000000,2020-06-24,0.483713,2.479442,-1.995729,4.900000,4267.000000,2020-06-24,0.266539,in
2020-06-26,136846.000000,303967.000000,81.500000,78.300000,45582.000000,2020-07-01,0.381150,2.172342,-1.791193,3.200000,5839.000000,2020-07-01,0.267949,in
2020-07-03,136255.000000,309016.000000,83.000000,80.700000,47788.000000,2020-07-08,0.329152,2.187920,-1.858768,2.300000,4165.000000,2020-07-08,0.275314,in
2020-07-10,137174.000000,301119.000000,84.700000,80.200000,48737.000000,2020-07-15,0.441863,1.818141,-1.376278,4.500000,4552.000000,2020-07-15,0.253428,in
2020-07-17,137504.000000,305969.000000,86.000000,81.400000,50112.000000,2020-07-22,0.484416,1.866066,-1.381650,4.600000,2570.000000,2020-07-22,0.244244,in
2020-07-24,139735.000000,295507.000000,86.900000,83.200000,51421.000000,2020-07-29,0.734308,1.469171,-0.734863,3.700000,982.000000,2020-07-29,0.234152,in
2020-07-31,140217.000000,288121.000000,86.400000,82.300000,51953.000000,2020-08-05,0.775894,1.190717,-0.414822,4.100000,560.000000,2020-08-05,0.210754,in
2020-08-07,142390.000000,281416.000000,87.600000,81.000000,53289.000000,2020-08-12,0.990894,0.947147,0.043747,6.600000,1062.000000,2020-08-12,0.372628,in
2020-08-14,141833.000000,279175.000000,86.400000,82.100000,52682.000000,2020-08-19,0.897059,0.845383,0.051676,4.300000,1595.000000,2020-08-19,0.432941,in
2020-08-21,141323.000000,276721.000000,88.100000,83.700000,52403.000000,2020-08-26,0.807820,0.740117,0.067703,4.400000,1878.000000,2020-08-26,0.457304,in
2020-08-28,139908.000000,268661.000000,88.100000,73.600000,52513.000000,2020-09-02,0.621670,0.467007,0.154663,14.500000,3553.000000,2020-09-02,0.487380,in
2020-09-04,141098.000000,269394.000000,89.200000,63.900000,54351.000000,2020-09-09,0.724758,0.463767,0.260991,25.300000,2185.000000,2020-09-09,0.459259,in
2020-09-11,140507.000000,266618.000000,85.500000,72.800000,54277.000000,2020-09-16,0.628147,0.352348,0.275798,12.700000,5165.000000,2020-09-16,0.451482,in
2020-09-18,140534.000000,265000.000000,79.000000,73.400000,54281.000000,2020-09-23,0.602966,0.275578,0.327389,5.600000,6136.000000,2020-09-23,0.435952,in
2020-09-25,143316.000000,263512.000000,84.200000,73.200000,56066.000000,2020-09-30,0.891610,0.201603,0.690007,11.000000,3929.000000,2020-09-30,0.486573,in
2020-10-02,142731.000000,261453.000000,86.200000,74.800000,56536.000000,2020-10-07,0.791285,0.110603,0.680683,11.400000,4395.000000,2020-10-07,0.428743,in
2020-10-09,144749.000000,256333.000000,84.800000,72.000000,59442.000000,2020-10-14,0.988653,-0.078787,1.067440,12.800000,971.000000,2020-10-14,0.519776,in
2020-10-16,146848.000000,255886.000000,82.300000,69.800000,60417.000000,2020-10-21,1.185380,-0.116468,1.301848,12.500000,1196.000000,2020-10-21,0.520623,in
2020-10-23,145956.000000,261179.000000,84.400000,72.100000,59995.000000,2020-10-28,1.042120,0.040281,1.001839,12.300000,-103.000000,2020-10-28,0.454483,in
2020-10-30,146595.000000,253394.000000,79.600000,75.500000,60931.000000,2020-11-04,1.077128,-0.248216,1.325343,4.100000,-1356.000000,2020-11-04,0.416130,in
2020-11-06,146038.000000,258496.000000,80.600000,73.600000,60413.000000,2020-11-11,0.978808,-0.090144,1.068951,7.000000,-2202.000000,2020-11-11,0.264325,in
2020-11-13,148156.000000,260801.000000,82.600000,78.000000,61613.000000,2020-11-18,1.170252,-0.028781,1.199033,4.600000,-3204.000000,2020-11-18,0.222511,in
2020-11-20,146251.000000,262822.000000,83.800000,79.800000,59892.000000,2020-11-25,0.921999,0.022797,0.899202,4.000000,-1509.000000,2020-11-25,0.224451,in
2020-11-27,146859.000000,262170.000000,82.900000,79.800000,59575.000000,2020-12-02,0.952859,-0.023451,0.976310,3.100000,-1165.000000,2020-12-02,0.212278,in
2020-12-04,146740.000000,273963.000000,83.200000,80.600000,58211.000000,2020-12-09,0.904645,0.383831,0.520814,2.600000,991.000000,2020-12-09,0.278847,in
2020-12-11,146377.000000,270993.000000,81.500000,80.800000,58409.000000,2020-12-16,0.830758,0.250038,0.580721,0.700000,-1182.000000,2020-12-16,0.291282,in
2020-12-18,146410.000000,272147.000000,77.900000,80.500000,58383.000000,2020-12-23,0.802444,0.267272,0.535173,-2.600000,-5883.000000,2020-12-23,0.257396,in
2020-12-25,146858.000000,264855.000000,80.900000,81.200000,58410.000000,2020-12-30,0.822131,-0.044040,0.866171,-0.300000,-8191.000000,2020-12-30,0.256666,in
2021-01-01,146489.000000,258630.000000,86.400000,81.700000,59202.000000,2021-01-06,0.748367,-0.325480,1.073848,4.700000,-10500.000000,2021-01-06,0.213473,in
2021-01-08,144059.000000,257456.000000,87.500000,82.900000,57227.000000,2021-01-13,0.429625,-0.418612,0.848237,4.600000,-9183.000000,2021-01-13,0.200476,in
2021-01-15,139652.000000,263050.000000,87.900000,82.800000,52500.000000,2021-01-20,-0.146080,-0.228926,0.082845,5.100000,-7484.000000,2021-01-20,0.192360,in
2021-01-22,136977.000000,256623.000000,86.700000,83.000000,50219.000000,2021-01-27,-0.529269,-0.561372,0.032103,3.700000,-2396.000000,2021-01-27,0.230948,in
2021-01-29,135522.000000,255583.000000,85.300000,84.300000,48702.000000,2021-02-03,-0.763679,-0.656311,-0.107369,1.000000,-394.000000,2021-02-03,0.305172,in
2021-02-05,134589.000000,251042.000000,85.400000,85.300000,48044.000000,2021-02-10,-0.930442,-0.915896,-0.014545,0.100000,790.000000,2021-02-10,0.344390,in
2021-02-12,129497.000000,249388.000000,85.400000,86.500000,45016.000000,2021-02-17,-1.665868,-1.040903,-0.624965,-1.100000,3194.000000,2021-02-17,0.340002,in
2021-02-19,133989.000000,246878.000000,76.000000,62.800000,47823.000000,2021-02-24,-1.089786,-1.205392,0.115606,13.200000,-1548.000000,2021-02-24,0.509794,in
2021-02-26,135062.000000,267733.000000,71.200000,40.900000,48308.000000,2021-03-03,-1.020255,-0.181101,-0.839153,30.300000,-1251.000000,2021-03-03,0.538945,in
2021-03-05,133774.000000,282920.000000,79.900000,60.700000,48834.000000,2021-03-10,-1.288048,0.586747,-1.874795,19.200000,-2512.000000,2021-03-10,0.540678,in
2021-03-12,132155.000000,288181.000000,85.700000,70.700000,48210.000000,2021-03-17,-1.607177,0.836269,-2.443445,15.000000,-1542.000000,2021-03-17,0.565053,in
2021-03-19,130860.000000,293566.000000,87.200000,78.900000,46275.000000,2021-03-24,-1.836066,1.094398,-2.930464,8.300000,-925.000000,2021-03-24,0.387299,in
2021-03-26,129442.000000,294428.000000,86.200000,83.100000,47057.000000,2021-03-31,-2.002097,1.102302,-3.104399,3.100000,-985.000000,2021-03-31,0.312545,in
2021-04-02,128222.000000,290268.000000,88.700000,83.100000,46322.000000,2021-04-07,-2.062818,0.836152,-2.898970,5.600000,4.000000,2021-04-07,0.247135,in
2021-04-09,130466.000000,283813.000000,84.600000,86.300000,46668.000000,2021-04-14,-1.635024,0.451323,-2.086347,-1.700000,-763.000000,2021-04-14,0.195123,in
2021-04-16,129722.000000,285061.000000,83.200000,88.300000,45350.000000,2021-04-21,-1.680352,0.507797,-2.188149,-5.100000,413.000000,2021-04-21,0.270788,in
2021-04-23,132393.000000,279994.000000,80.500000,89.500000,46072.000000,2021-04-28,-1.254339,0.222537,-1.476876,-9.000000,-1317.000000,2021-04-28,0.312689,in
2021-04-30,134269.000000,269584.000000,82.900000,90.200000,46326.000000,2021-05-05,-0.949171,-0.350285,-0.598886,-7.300000,-787.000000,2021-05-05,0.300889,in
2021-05-07,133322.000000,271464.000000,84.700000,88.300000,45905.000000,2021-05-12,-1.084899,-0.232551,-0.852348,-3.600000,-201.000000,2021-05-12,0.297904,in
2021-05-14,134497.000000,272349.000000,84.800000,88.000000,45763.000000,2021-05-19,-0.848505,-0.169396,-0.679109,-3.200000,-2209.000000,2021-05-19,0.219687,in
2021-05-21,132803.000000,270447.000000,87.700000,88.300000,44755.000000,2021-05-26,-1.101040,-0.253175,-0.847865,-0.600000,-3034.000000,2021-05-26,0.171160,in
2021-05-28,133395.000000,264809.000000,91.500000,89.700000,45539.000000,2021-06-02,-0.963176,-0.547911,-0.415264,1.800000,-5278.000000,2021-06-02,0.164766,in
2021-06-04,133272.000000,258016.000000,90.900000,92.900000,45704.000000,2021-06-09,-0.951758,-0.910616,-0.041143,-2.000000,-6057.000000,2021-06-09,0.211367,in
2021-06-11,129623.000000,256259.000000,97.300000,93.000000,43554.000000,2021-06-16,-1.512779,-0.988276,-0.524503,4.300000,-5496.000000,2021-06-16,0.258682,in
2021-06-18,127529.000000,251186.000000,96.600000,92.500000,41721.000000,2021-06-23,-1.771174,-1.274133,-0.497041,4.100000,-5010.000000,2021-06-23,0.406556,in
2021-06-25,125122.000000,246253.000000,98.200000,92.700000,40261.000000,2021-06-30,-2.035643,-1.547370,-0.488273,5.500000,-4818.000000,2021-06-30,0.406983,in
2021-07-02,123286.000000,241844.000000,98.800000,91.300000,39647.000000,2021-07-07,-2.173323,-1.808529,-0.364794,7.500000,-4747.000000,2021-07-07,0.425014,in
2021-07-09,121272.000000,236498.000000,96.700000,91.900000,38058.000000,2021-07-14,-2.294716,-2.089202,-0.205514,4.800000,-3483.000000,2021-07-14,0.429612,in
2021-07-16,119041.000000,238398.000000,96.100000,92.300000,36711.000000,2021-07-21,-2.404526,-1.935343,-0.469183,3.800000,-3116.000000,2021-07-21,0.284672,in
2021-07-23,118588.000000,238618.000000,91.900000,92.600000,35443.000000,2021-07-28,-2.283738,-1.856892,-0.426847,-0.700000,-1778.000000,2021-07-28,0.372060,in
2021-07-30,118317.000000,241719.000000,89.400000,93.600000,34900.000000,2021-08-04,-2.160393,-1.579300,-0.581093,-4.200000,-399.000000,2021-08-04,0.332571,in
2021-08-06,117055.000000,242852.000000,90.300000,93.600000,34575.000000,2021-08-11,-2.155718,-1.438760,-0.716958,-3.300000,1844.000000,2021-08-11,0.316290,in
2021-08-13,114816.000000,240990.000000,93.900000,93.100000,33595.000000,2021-08-18,-2.239851,-1.499857,-0.739994,0.800000,1721.000000,2021-08-18,0.321056,in
2021-08-20,114510.000000,239570.000000,96.700000,91.700000,33665.000000,2021-08-25,-2.123309,-1.525478,-0.597831,5.000000,175.000000,2021-08-25,0.247055,in
2021-08-27,115114.000000,230600.000000,94.300000,92.400000,34501.000000,2021-09-01,-1.939220,-2.000248,0.061028,1.900000,-530.000000,2021-09-01,0.237199,in
2021-09-03,117089.000000,228007.000000,88.900000,75.700000,36419.000000,2021-09-08,-1.655709,-2.032870,0.377161,13.200000,-900.000000,2021-09-08,0.242458,in
2021-09-10,113872.000000,224156.000000,95.600000,72.900000,35316.000000,2021-09-15,-1.859560,-2.122383,0.262823,22.700000,-1765.000000,2021-09-15,0.206840,in
2021-09-17,111138.000000,223902.000000,96.100000,82.000000,33840.000000,2021-09-22,-1.989915,-2.006478,0.016563,14.100000,-2609.000000,2021-09-22,0.156828,in
2021-09-24,111120.000000,227770.000000,93.200000,86.400000,33971.000000,2021-09-29,-1.882134,-1.696483,-0.185651,6.800000,-6639.000000,2021-09-29,0.196908,in
2021-10-01,113437.000000,227843.000000,94.000000,88.500000,35519.000000,2021-10-06,-1.598325,-1.613378,0.015052,5.500000,-9103.000000,2021-10-06,0.216117,in
2021-10-08,110712.000000,236857.000000,87.300000,87.500000,33551.000000,2021-10-13,-1.745926,-1.092949,-0.652977,-0.200000,-7169.000000,2021-10-13,0.296365,in
2021-10-15,108497.000000,238768.000000,89.200000,82.900000,31231.000000,2021-10-20,-1.841156,-0.964340,-0.876816,6.300000,-4633.000000,2021-10-20,0.304677,in
2021-10-22,105461.000000,247390.000000,89.000000,84.200000,27332.000000,2021-10-27,-1.983584,-0.493405,-1.490179,4.800000,53.000000,2021-10-27,0.325118,in
2021-10-29,106523.000000,249348.000000,90.000000,87.100000,26416.000000,2021-11-03,-1.807674,-0.385504,-1.422171,2.900000,2128.000000,2021-11-03,0.613031,in
2021-11-05,107351.000000,247450.000000,90.300000,88.400000,26382.000000,2021-11-10,-1.665693,-0.473343,-1.192350,1.900000,4535.000000,2021-11-10,0.628376,in
2021-11-12,109486.000000,242578.000000,88.100000,89.700000,26598.000000,2021-11-17,-1.442345,-0.707991,-0.734354,-1.600000,5613.000000,2021-11-17,0.630948,in
2021-11-19,110796.000000,239960.000000,92.000000,89.300000,27385.000000,2021-11-24,-1.290439,-0.817567,-0.472873,2.700000,6289.000000,2021-11-24,0.655612,in
2021-11-26,113292.000000,237154.000000,89.900000,89.400000,28544.000000,2021-12-01,-1.052368,-0.931543,-0.120824,0.500000,6185.000000,2021-12-01,0.336896,in
2021-12-03,114416.000000,237947.000000,94.600000,88.900000,30917.000000,2021-12-08,-0.927888,-0.856576,-0.071311,5.700000,6389.000000,2021-12-08,0.303992,in
2021-12-10,113659.000000,234144.000000,94.200000,90.000000,32211.000000,2021-12-15,-0.960490,-1.013787,0.053297,4.200000,2627.000000,2021-12-15,0.317450,in
2021-12-17,113875.000000,230836.000000,92.600000,89.800000,33674.000000,2021-12-22,-0.912778,-1.138954,0.226176,2.800000,-150.000000,2021-12-22,0.241543,in
2021-12-24,114989.000000,226538.000000,90.900000,91.100000,34729.000000,2021-12-29,-0.787411,-1.304299,0.516888,-0.200000,-3028.000000,2021-12-29,0.275178,in
2021-12-31,117242.000000,223066.000000,93.000000,90.700000,37306.000000,2022-01-05,-0.551897,-1.417896,0.865999,2.300000,-6778.000000,2022-01-05,0.261192,in
2022-01-07,114299.000000,220327.000000,93.300000,89.700000,34838.000000,2022-01-12,-0.808518,-1.486036,0.677517,3.600000,-7111.000000,2022-01-12,0.250763,in
2022-01-14,113720.000000,222516.000000,94.000000,87.700000,33524.000000,2022-01-19,-0.835841,-1.322509,0.486668,6.300000,-7697.000000,2022-01-19,0.307899,in
2022-01-21,112288.000000,224872.000000,94.100000,86.900000,31701.000000,2022-01-26,-0.947721,-1.165136,0.217415,7.200000,-7923.000000,2022-01-26,0.280716,in
2022-01-28,111495.000000,222172.000000,91.900000,86.000000,30528.000000,2022-02-02,-0.993622,-1.244009,0.250387,5.900000,-7722.000000,2022-02-02,0.477211,in
2022-02-04,108701.000000,220652.000000,93.800000,88.900000,27727.000000,2022-02-09,-1.240624,-1.267000,0.026376,4.900000,-5506.000000,2022-02-09,0.736274,in
2022-02-11,105839.000000,224809.000000,92.400000,83.500000,25827.000000,2022-02-16,-1.474704,-1.042804,-0.431900,8.900000,-1820.000000,2022-02-16,0.845045,in
2022-02-18,103245.000000,229772.000000,96.000000,85.800000,23778.000000,2022-02-23,-1.670877,-0.797225,-0.873652,10.200000,1464.000000,2022-02-23,0.868834,in
2022-02-25,101872.000000,230419.000000,94.000000,87.500000,22806.000000,2022-03-02,-1.738946,-0.737822,-1.001124,6.500000,1427.000000,2022-03-02,0.846330,in
2022-03-04,100834.000000,229255.000000,89.800000,91.800000,22221.000000,2022-03-09,-1.766440,-0.760208,-1.006232,-2.000000,3666.000000,2022-03-09,0.718274,in
2022-03-11,101010.000000,234614.000000,87.600000,93.500000,24007.000000,2022-03-16,-1.673906,-0.482426,-1.191480,-5.900000,2330.000000,2022-03-16,0.702798,in
2022-03-18,103039.000000,228052.000000,88.700000,94.300000,25242.000000,2022-03-23,-1.411887,-0.777102,-0.634784,-5.600000,910.000000,2022-03-23,0.617258,in
2022-03-25,102399.000000,225541.000000,91.400000,95.600000,24233.000000,2022-03-30,-1.417530,-0.892320,-0.525210,-4.200000,3217.000000,2022-03-30,0.580905,in
2022-04-01,105444.000000,227705.000000,92.800000,95.200000,25887.000000,2022-04-06,-1.070185,-0.759704,-0.310481,-2.400000,2942.000000,2022-04-06,0.485407,in
2022-04-08,107251.000000,232569.000000,87.800000,94.100000,26337.000000,2022-04-13,-0.855183,-0.449614,-0.405569,-6.300000,1905.000000,2022-04-13,0.506312,in
2022-04-15,105845.000000,229068.000000,89.500000,94.700000,26152.000000,2022-04-20,-0.963233,-0.648509,-0.314725,-5.200000,-313.000000,2022-04-20,0.502937,in
2022-04-22,105934.000000,228329.000000,90.900000,94.200000,27450.000000,2022-04-27,-0.923482,-0.682098,-0.241384,-3.300000,-2672.000000,2022-04-27,0.484889,in
2022-04-29,105511.000000,231835.000000,86.400000,92.400000,28829.000000,2022-05-04,-0.943189,-0.398276,-0.544913,-6.000000,-3795.000000,2022-05-04,0.441374,in
2022-05-06,106882.000000,233928.000000,88.000000,93.900000,28242.000000,2022-05-11,-0.767436,-0.198432,-0.569004,-5.900000,-4801.000000,2022-05-11,0.289944,in
2022-05-13,106061.000000,234077.000000,89.800000,95.200000,25839.000000,2022-05-18,-0.842708,-0.138658,-0.704050,-5.400000,-3224.000000,2022-05-18,0.260320,in
2022-05-20,104726.000000,234189.000000,94.100000,97.400000,24778.000000,2022-05-25,-0.987213,-0.073557,-0.913656,-3.300000,-2735.000000,2022-05-25,0.400155,in
2022-05-27,105013.000000,227393.000000,93.900000,95.200000,25034.000000,2022-06-01,-0.942368,-0.748477,-0.193892,-1.300000,-3773.000000,2022-06-01,0.414029,in
2022-06-03,103774.000000,235440.000000,94.200000,96.500000,23441.000000,2022-06-08,-1.118190,0.197471,-1.315661,-2.300000,-2111.000000,2022-06-08,0.531727,in
2022-06-10,102386.000000,237361.000000,92.900000,96.500000,22615.000000,2022-06-15,-1.321327,0.503324,-1.824651,-3.600000,-969.000000,2022-06-15,0.598984,in
2022-06-17,102239.000000,236963.000000,94.400000,95.600000,22043.000000,2022-06-22,-1.338924,0.513174,-1.852098,-1.200000,746.000000,2022-06-22,0.603377,in
2022-06-24,100948.000000,236152.000000,94.600000,97.900000,21261.000000,2022-06-29,-1.532496,0.443612,-1.976108,-3.300000,2279.000000,2022-06-29,0.591830,in
2022-07-01,103181.000000,241711.000000,94.600000,97.600000,21330.000000,2022-07-06,-1.131575,1.211947,-2.343522,-3.000000,3136.000000,2022-07-06,0.540368,in
2022-07-08,103341.000000,243454.000000,93.800000,98.100000,21646.000000,2022-07-13,-1.077690,1.408875,-2.486565,-4.300000,3543.000000,2022-07-13,0.437812,in
2022-07-15,105301.000000,241744.000000,89.800000,98.000000,22789.000000,2022-07-20,-0.687508,1.158429,-1.845936,-8.200000,2592.000000,2022-07-20,0.422878,in
2022-07-22,104288.000000,239341.000000,85.200000,97.000000,23540.000000,2022-07-27,-0.850776,0.831992,-1.682767,-11.800000,2267.000000,2022-07-27,0.394994,in
2022-07-29,107751.000000,237682.000000,86.900000,95.300000,24466.000000,2022-08-03,-0.140245,0.625457,-0.765702,-8.400000,818.000000,2022-08-03,0.419686,in
2022-08-05,108752.000000,242364.000000,91.000000,98.000000,25189.000000,2022-08-10,0.097792,1.263878,-1.166086,-7.000000,-406.000000,2022-08-10,0.468274,in
2022-08-12,108494.000000,234876.000000,92.800000,96.900000,25381.000000,2022-08-17,0.070614,0.265450,-0.194836,-4.100000,-733.000000,2022-08-17,0.470843,in
2022-08-19,109443.000000,233140.000000,95.400000,95.900000,25807.000000,2022-08-24,0.298658,0.044336,0.254322,-0.500000,-816.000000,2022-08-24,0.434567,in
2022-08-26,107836.000000,231438.000000,92.700000,94.400000,25284.000000,2022-08-31,-0.019741,-0.193761,0.174019,-1.700000,399.000000,2022-08-31,0.449636,in
2022-09-02,107161.000000,241314.000000,83.100000,94.200000,24783.000000,2022-09-07,-0.132772,1.129966,-1.262738,-11.100000,1173.000000,2022-09-07,0.451005,in
2022-09-09,107846.000000,242488.000000,88.200000,94.700000,24648.000000,2022-09-14,0.053897,1.242407,-1.188509,-6.500000,999.000000,2022-09-14,0.472240,in
2022-09-16,106915.000000,244654.000000,94.800000,96.900000,24991.000000,2022-09-21,-0.148102,1.477970,-1.626072,-2.100000,1239.000000,2022-09-21,0.498478,in
2022-09-23,108223.000000,241777.000000,89.300000,93.700000,25683.000000,2022-09-28,0.177890,1.043557,-0.865667,-4.400000,1214.000000,2022-09-28,0.414320,in
2022-09-30,110222.000000,240843.000000,91.200000,94.000000,25956.000000,2022-10-05,0.683032,0.881903,-0.198871,-2.800000,2208.000000,2022-10-05,0.363942,in
2022-10-07,109416.000000,249123.000000,92.000000,91.900000,25647.000000,2022-10-12,0.494662,1.905745,-1.411083,0.100000,1594.000000,2022-10-12,0.394956,in
2022-10-14,109475.000000,247725.000000,91.900000,90.500000,26230.000000,2022-10-19,0.503583,1.657346,-1.153764,1.400000,-613.000000,2022-10-19,0.367648,in
2022-10-21,110310.000000,249505.000000,89.100000,89.700000,26897.000000,2022-10-26,0.683110,1.862690,-1.179580,-0.600000,-2167.000000,2022-10-26,0.409002,in
2022-10-28,112433.000000,246030.000000,89.600000,91.300000,28164.000000,2022-11-02,1.157567,1.449952,-0.292385,-1.700000,-3849.000000,2022-11-02,0.417653,in
2022-11-04,111547.000000,247393.000000,91.300000,92.600000,27241.000000,2022-11-09,0.917286,1.625644,-0.708358,-1.300000,-3299.000000,2022-11-09,0.378975,in
2022-11-11,108675.000000,245033.000000,87.500000,95.000000,25617.000000,2022-11-16,0.236343,1.306842,-1.070499,-7.500000,-1249.000000,2022-11-16,0.398758,in
2022-11-18,108535.000000,241154.000000,91.800000,95.900000,24730.000000,2022-11-23,0.214383,0.807050,-0.592667,-4.100000,491.000000,2022-11-23,0.367377,in
2022-11-25,106493.000000,230132.000000,92.000000,98.200000,24315.000000,2022-11-30,-0.248808,-0.578035,0.329226,-6.200000,711.000000,2022-11-30,0.351010,in
2022-12-02,105775.000000,226512.000000,95.000000,97.300000,23942.000000,2022-12-07,-0.394472,-1.001534,0.607063,-2.300000,1328.000000,2022-12-07,0.377499,in
2022-12-09,105839.000000,235270.000000,91.500000,94.300000,24368.000000,2022-12-14,-0.349084,0.099047,-0.448131,-2.800000,3413.000000,2022-12-14,0.360695,in
2022-12-16,106041.000000,230703.000000,88.900000,92.800000,25221.000000,2022-12-21,-0.266073,-0.475853,0.209780,-3.900000,6206.000000,2022-12-21,0.330314,in
2022-12-23,105851.000000,231664.000000,91.300000,94.300000,25026.000000,2022-12-28,-0.282484,-0.370453,0.087969,-3.000000,10668.000000,2022-12-28,0.329464,in
2022-12-30,106272.000000,233943.000000,79.200000,77.700000,25270.000000,2023-01-04,-0.117109,-0.109837,-0.007272,1.500000,12739.000000,2023-01-04,0.242672,in
2023-01-06,109991.000000,249493.000000,84.800000,84.300000,27781.000000,2023-01-11,1.086933,1.839265,-0.752332,0.500000,11271.000000,2023-01-11,0.292372,in
2023-01-13,115668.000000,250877.000000,86.700000,86.900000,31427.000000,2023-01-18,2.794808,1.928935,0.865873,-0.200000,8284.000000,2023-01-18,0.294426,in
2023-01-20,120588.000000,248918.000000,88.000000,87.700000,35694.000000,2023-01-25,3.736620,1.607544,2.129077,0.300000,4717.000000,2023-01-25,0.320779,in
2023-01-27,123400.000000,248993.000000,91.100000,87.400000,38009.000000,2023-02-01,3.802250,1.565120,2.237130,3.700000,2709.000000,2023-02-01,0.293896,in
2023-02-03,125125.000000,248582.000000,92.600000,88.200000,39052.000000,2023-02-08,3.569908,1.477147,2.092761,4.400000,776.000000,2023-02-08,0.267831,in
2023-02-10,127270.000000,263081.000000,91.900000,86.700000,39711.000000,2023-02-15,3.429049,3.058762,0.370286,5.200000,-1799.000000,2023-02-15,0.360502,in
2023-02-17,127938.000000,267926.000000,89.800000,86.700000,40411.000000,2023-02-22,3.125766,3.209197,-0.083432,3.100000,-3562.000000,2023-02-22,0.380165,in
2023-02-24,128572.000000,267239.000000,91.000000,86.200000,40718.000000,2023-03-01,2.897996,2.825461,0.072535,4.800000,-5501.000000,2023-03-01,0.409153,in
2023-03-03,128292.000000,269857.000000,91.200000,86.900000,39828.000000,2023-03-08,2.617517,2.798613,-0.181096,4.300000,-5581.000000,2023-03-08,0.447540,in
2023-03-10,125016.000000,272598.000000,92.400000,89.100000,37912.000000,2023-03-15,2.040690,2.760543,-0.719853,3.300000,-4074.000000,2023-03-15,0.336371,in
2023-03-17,123168.000000,275211.000000,88.700000,91.300000,36849.000000,2023-03-22,1.704885,2.721754,-1.016869,-2.600000,-4099.000000,2023-03-22,0.355933,in
2023-03-24,122567.000000,268822.000000,88.300000,94.700000,35217.000000,2023-03-29,1.553179,2.074284,-0.521105,-6.400000,-2148.000000,2023-03-29,0.347641,in
2023-03-31,122153.000000,265595.000000,88.900000,93.400000,34247.000000,2023-04-05,1.434386,1.730481,-0.296096,-4.500000,-637.000000,2023-04-05,0.349884,in
2023-04-07,119965.000000,267507.000000,85.400000,93.100000,33838.000000,2023-04-12,1.115134,1.782263,-0.667129,-7.700000,169.000000,2023-04-12,0.382559,in
2023-04-14,118613.000000,265294.000000,87.300000,95.000000,32750.000000,2023-04-19,0.911600,1.542803,-0.631203,-7.700000,2718.000000,2023-04-19,0.403011,in
2023-04-21,117944.000000,259862.000000,85.600000,95.400000,33069.000000,2023-04-26,0.797983,1.089625,-0.291642,-9.800000,4161.000000,2023-04-26,0.378488,in
2023-04-28,120023.000000,254925.000000,86.000000,96.700000,33610.000000,2023-05-03,1.016770,0.684455,0.332315,-10.700000,5248.000000,2023-05-03,0.356026,in
2023-05-05,119862.000000,253807.000000,85.500000,97.000000,34007.000000,2023-05-10,0.960594,0.572604,0.387989,-11.500000,6572.000000,2023-05-10,0.327029,in
2023-05-12,122727.000000,256187.000000,86.200000,97.600000,35468.000000,2023-05-17,1.260049,0.725795,0.534254,-11.400000,6665.000000,2023-05-17,0.384185,in
2023-05-19,122406.000000,244748.000000,89.300000,95.300000,37230.000000,2023-05-24,1.173461,-0.175396,1.348857,-6.000000,4805.000000,2023-05-24,0.421101,in
2023-05-26,123198.000000,248973.000000,91.000000,95.300000,38858.000000,2023-05-31,1.219269,0.124669,1.094600,-4.300000,4386.000000,2023-05-31,0.385437,in
2023-06-02,125194.000000,248164.000000,92.300000,98.800000,40579.000000,2023-06-07,1.399526,0.040891,1.358635,-6.500000,2265.000000,2023-06-07,0.390882,in
2023-06-09,126739.000000,254296.000000,92.900000,95.700000,42133.000000,2023-06-14,1.519291,0.511102,1.008189,-2.800000,-894.000000,2023-06-14,0.337897,in
2023-06-16,125929.000000,254912.000000,95.300000,92.700000,42035.000000,2023-06-21,1.369806,0.535773,0.834033,2.600000,-3687.000000,2023-06-21,0.310357,in
2023-06-23,126783.000000,246264.000000,97.100000,91.100000,43244.000000,2023-06-28,1.420191,-0.185498,1.605689,6.000000,-7505.000000,2023-06-28,0.244666,in
2023-06-30,127280.000000,244495.000000,94.800000,90.700000,42844.000000,2023-07-05,1.423206,-0.335896,1.759102,4.100000,-8364.000000,2023-07-05,0.250690,in
2023-07-07,124701.000000,252468.000000,98.600000,93.100000,41239.000000,2023-07-12,1.076239,0.306402,0.769836,5.500000,-6600.000000,2023-07-12,0.242256,in
2023-07-14,122056.000000,256432.000000,98.800000,94.800000,38348.000000,2023-07-19,0.726545,0.609473,0.117072,4.000000,-4546.000000,2023-07-19,0.249650,in
2023-07-21,118985.000000,258953.000000,97.700000,93.300000,35739.000000,2023-07-26,0.324471,0.786177,-0.461706,4.400000,-5070.000000,2023-07-26,0.242600,in
2023-07-28,119383.000000,243379.000000,91.800000,94.800000,34480.000000,2023-08-02,0.349749,-0.509131,0.858880,-3.000000,-5315.000000,2023-08-02,0.218851,in
2023-08-04,118980.000000,248471.000000,95.400000,94.600000,34639.000000,2023-08-09,0.276931,-0.096908,0.373839,0.800000,-7224.000000,2023-08-09,0.217711,in
2023-08-11,117443.000000,243540.000000,98.000000,94.300000,33802.000000,2023-08-16,0.061035,-0.527691,0.588726,3.700000,-8837.000000,2023-08-16,0.175840,in
2023-08-18,114121.000000,243462.000000,98.900000,93.900000,30669.000000,2023-08-23,-0.379163,-0.560413,0.181249,5.000000,-7768.000000,2023-08-23,0.159776,in
2023-08-25,111295.000000,234302.000000,100.700000,92.200000,29165.000000,2023-08-30,-0.759250,-1.359880,0.600630,8.500000,-7207.000000,2023-08-30,0.217611,in
2023-09-01,108869.000000,231423.000000,100.600000,90.500000,27415.000000,2023-09-06,-1.085213,-1.561602,0.476389,10.100000,-5325.000000,2023-09-06,0.299102,in
2023-09-08,104662.000000,238699.000000,98.600000,92.100000,24965.000000,2023-09-13,-1.609491,-0.934755,-0.674736,6.500000,-3194.000000,2023-09-13,0.353994,in
2023-09-15,101497.000000,239077.000000,90.400000,92.100000,22901.000000,2023-09-20,-1.961404,-0.888453,-1.072951,-1.700000,-1888.000000,2023-09-20,0.410899,in
2023-09-22,102890.000000,237997.000000,87.100000,92.200000,21958.000000,2023-09-27,-1.739209,-0.967916,-0.771293,-5.100000,-732.000000,2023-09-27,0.419910,in
2023-09-29,101873.000000,236353.000000,87.100000,87.000000,22090.000000,2023-10-04,-1.797390,-1.090424,-0.706966,0.100000,-592.000000,2023-10-04,0.406153,in
2023-10-06,102423.000000,245690.000000,85.900000,86.200000,21771.000000,2023-10-11,-1.678752,-0.311788,-1.366964,-0.300000,1314.000000,2023-10-11,0.408675,in
2023-10-13,101893.000000,242753.000000,85.800000,87.300000,21013.000000,2023-10-18,-1.686555,-0.545243,-1.141312,-1.500000,3997.000000,2023-10-18,0.353685,in
2023-10-20,102642.000000,242485.000000,85.700000,86.100000,21226.000000,2023-10-25,-1.551963,-0.554499,-0.997463,-0.400000,4642.000000,2023-10-25,0.402857,in
2023-10-27,103694.000000,241784.000000,87.100000,86.500000,21498.000000,2023-11-01,-1.388501,-0.603626,-0.784875,0.600000,6224.000000,2023-11-01,0.386498,in
2023-11-03,103930.000000,253217.000000,89.100000,85.400000,23085.000000,2023-11-08,-1.325433,0.324076,-1.649509,3.700000,6466.000000,2023-11-08,0.362650,in
2023-11-10,108142.000000,252373.000000,86.900000,87.200000,25010.000000,2023-11-15,-0.860385,0.243539,-1.103925,-0.300000,5769.000000,2023-11-15,0.403855,in
2023-11-17,109221.000000,257894.000000,88.000000,88.300000,25868.000000,2023-11-22,-0.744173,0.669660,-1.413833,-0.300000,6597.000000,2023-11-22,0.330633,in
2023-11-24,109539.000000,256369.000000,92.600000,90.900000,27722.000000,2023-11-29,-0.719817,0.515444,-1.235261,1.700000,6251.000000,2023-11-29,0.343278,in
2023-12-01,110657.000000,250711.000000,91.700000,91.300000,29551.000000,2023-12-06,-0.612214,0.001571,-0.613785,0.400000,5128.000000,2023-12-06,0.319148,in
2023-12-08,112020.000000,247895.000000,93.600000,90.400000,30779.000000,2023-12-13,-0.478598,-0.270744,-0.207854,3.200000,3394.000000,2023-12-13,0.323531,in
2023-12-15,112682.000000,248682.000000,96.000000,92.700000,32465.000000,2023-12-20,-0.423199,-0.239215,-0.183985,3.300000,-391.000000,2023-12-20,0.319462,in
2023-12-22,116611.000000,237654.000000,101.700000,92.500000,33973.000000,2023-12-27,0.001962,-1.286135,1.288096,9.200000,-3907.000000,2023-12-27,0.317374,in
2023-12-29,116109.000000,234662.000000,95.100000,94.500000,34679.000000,2024-01-03,-0.079290,-1.570759,1.491469,0.600000,-6585.000000,2024-01-03,0.307676,out
2024-01-05,117028.000000,235465.000000,95.200000,94.500000,34173.000000,2024-01-10,0.012951,-1.439827,1.452778,0.700000,-6112.000000,2024-01-10,0.273557,out
2024-01-12,114063.000000,235835.000000,97.300000,93.700000,32074.000000,2024-01-17,-0.334016,-1.353777,1.019761,3.600000,-3303.000000,2024-01-17,0.281966,out
2024-01-19,108895.000000,232043.000000,90.700000,83.800000,30066.000000,2024-01-24,-0.912601,-1.622432,0.709831,6.900000,-554.000000,2024-01-24,0.271001,out
2024-01-26,107531.000000,235139.000000,91.000000,80.100000,28094.000000,2024-01-31,-1.032374,-1.304750,0.272376,10.900000,2876.000000,2024-01-31,0.252188,out
2024-02-02,109459.000000,241374.000000,95.100000,77.100000,28061.000000,2024-02-07,-0.775180,-0.750704,-0.024476,18.000000,3610.000000,2024-02-07,0.236385,out
2024-02-09,112278.000000,248349.000000,83.100000,79.700000,28771.000000,2024-02-14,-0.416660,-0.129426,-0.287235,3.400000,2680.000000,2024-02-14,0.232729,out
2024-02-16,114077.000000,250264.000000,85.000000,79.800000,29512.000000,2024-02-21,-0.173720,0.068161,-0.241881,5.200000,1921.000000,2024-02-21,0.241727,out
2024-02-23,116226.000000,250413.000000,86.000000,81.200000,30970.000000,2024-02-28,0.120380,0.113117,0.007263,4.800000,2570.000000,2024-02-28,0.215917,out
2024-03-01,118233.000000,248260.000000,88.600000,85.300000,31671.000000,2024-03-06,0.406052,-0.047440,0.453491,3.300000,1492.000000,2024-03-06,0.207743,out
2024-03-08,117343.000000,248635.000000,84.700000,89.700000,31451.000000,2024-03-13,0.315598,0.033605,0.281993,-5.000000,1542.000000,2024-03-13,0.202579,out
2024-03-15,116664.000000,247865.000000,91.700000,88.700000,31433.000000,2024-03-20,0.246069,0.009915,0.236154,3.000000,1593.000000,2024-03-20,0.200221,out
2024-03-22,119156.000000,248320.000000,90.200000,90.000000,33540.000000,2024-03-27,0.587527,0.107592,0.479935,0.200000,-1173.000000,2024-03-27,0.193372,out
2024-03-29,119453.000000,250372.000000,90.000000,90.500000,33163.000000,2024-04-03,0.637510,0.392564,0.244946,-0.500000,293.000000,2024-04-03,0.210501,out
2024-04-05,119887.000000,257472.000000,84.000000,91.400000,32993.000000,2024-04-10,0.695784,1.322837,-0.627052,-7.400000,2343.000000,2024-04-10,0.196493,out
2024-04-12,118967.000000,260917.000000,85.000000,90.300000,33026.000000,2024-04-17,0.571672,1.803945,-1.232272,-5.300000,1969.000000,2024-04-17,0.180173,out
2024-04-19,119949.000000,254800.000000,84.600000,91.600000,32367.000000,2024-04-24,0.695587,1.052428,-0.356842,-7.000000,3953.000000,2024-04-24,0.197128,out
2024-04-26,120745.000000,261577.000000,84.400000,90.000000,33456.000000,2024-05-01,0.798583,1.870788,-1.072205,-5.600000,1098.000000,2024-05-01,0.188732,out
2024-05-03,122414.000000,259048.000000,85.200000,90.700000,35336.000000,2024-05-08,1.008279,1.513239,-0.504960,-5.500000,72.000000,2024-05-08,0.246180,out
2024-05-10,122713.000000,257882.000000,90.800000,92.700000,34995.000000,2024-05-15,1.047884,1.356355,-0.308471,-1.900000,-1180.000000,2024-05-15,0.257951,out
2024-05-17,120378.000000,261506.000000,94.800000,93.700000,36320.000000,2024-05-22,0.747781,1.715430,-0.967649,1.100000,-2198.000000,2024-05-22,0.268016,out
2024-05-24,119165.000000,258217.000000,98.600000,94.600000,34554.000000,2024-05-29,0.602433,1.276172,-0.673739,4.000000,-658.000000,2024-05-29,0.252232,out
2024-05-31,117361.000000,260563.000000,99.900000,96.300000,35408.000000,2024-06-05,0.388041,1.492248,-1.104207,3.600000,-1167.000000,2024-06-05,0.196210,out
2024-06-07,114942.000000,266673.000000,98.200000,95.900000,33815.000000,2024-06-12,0.091206,2.089294,-1.998088,2.300000,-276.000000,2024-06-12,0.183631,out
2024-06-14,117258.000000,262256.000000,93.600000,94.000000,34122.000000,2024-06-19,0.451464,1.551535,-1.100072,-0.400000,-1458.000000,2024-06-20,0.222056,out
2024-06-21,116311.000000,264305.000000,91.600000,93.500000,33896.000000,2024-06-26,0.355579,1.688391,-1.332812,-1.900000,-2940.000000,2024-06-26,0.247565,out
2024-06-28,116029.000000,257139.000000,93.100000,95.400000,34241.000000,2024-07-03,0.359893,0.894347,-0.534453,-2.300000,-4391.000000,2024-07-03,0.289010,out
2024-07-05,115915.000000,251458.000000,95.300000,97.000000,33539.000000,2024-07-10,0.379066,0.295906,0.083160,-1.700000,-3110.000000,2024-07-10,0.329817,out
2024-07-12,113516.000000,248530.000000,96.700000,92.700000,32664.000000,2024-07-17,0.022874,0.002168,0.020707,4.000000,-3900.000000,2024-07-17,0.365608,out
2024-07-19,112068.000000,246858.000000,92.500000,91.500000,30956.000000,2024-07-24,-0.192487,-0.153057,-0.039431,1.000000,-2752.000000,2024-07-24,0.363636,out
2024-07-26,111018.000000,242796.000000,87.300000,91.500000,29850.000000,2024-07-31,-0.341310,-0.589560,0.248250,-4.200000,-2314.000000,2024-07-31,0.371324,out
2024-08-02,110704.000000,238296.000000,89.300000,91.200000,30429.000000,2024-08-07,-0.369958,-1.042004,0.672046,-1.900000,-4035.000000,2024-08-07,0.383626,out
2024-08-09,108124.000000,243861.000000,86.200000,94.700000,28764.000000,2024-08-14,-0.770160,-0.449530,-0.320630,-8.500000,-4074.000000,2024-08-14,0.397868,out
2024-08-16,106600.000000,239672.000000,96.600000,92.000000,28204.000000,2024-08-21,-0.990808,-0.883657,-0.107151,4.600000,-5493.000000,2024-08-21,0.383381,out
2024-08-23,105131.000000,240185.000000,97.300000,92.700000,27536.000000,2024-08-28,-1.196919,-0.853308,-0.343610,4.600000,-4709.000000,2024-08-28,0.367110,out
2024-08-30,104100.000000,234443.000000,97.200000,92.600000,26394.000000,2024-09-04,-1.330410,-1.492949,0.162539,4.600000,-2727.000000,2024-09-04,0.318959,out
2024-09-06,101700.000000,239001.000000,95.400000,93.100000,24690.000000,2024-09-11,-1.683543,-0.998673,-0.684871,2.300000,224.000000,2024-09-11,0.370124,out
2024-09-13,99470.000000,240751.000000,94.900000,92.100000,22711.000000,2024-09-18,-2.006987,-0.814411,-1.192576,2.800000,2311.000000,2024-09-18,0.418252,out
2024-09-20,102358.000000,234545.000000,94.500000,89.900000,22827.000000,2024-09-25,-1.549523,-1.470471,-0.079051,4.600000,1849.000000,2024-09-25,0.417244,out
2024-09-27,103440.000000,237011.000000,85.000000,88.600000,23667.000000,2024-10-02,-1.395399,-1.207324,-0.188075,-3.600000,1690.000000,2024-10-02,0.469248,out
2024-10-04,106201.000000,239934.000000,84.000000,88.500000,24914.000000,2024-10-09,-0.987227,-0.872683,-0.114544,-4.500000,965.000000,2024-10-09,0.388244,out
2024-10-11,105170.000000,239936.000000,83.900000,89.900000,25022.000000,2024-10-16,-1.179168,-0.862968,-0.316200,-6.000000,169.000000,2024-10-16,0.356052,out
2024-10-18,104285.000000,244312.000000,88.200000,91.400000,24676.000000,2024-10-23,-1.337899,-0.398846,-0.939053,-3.200000,375.000000,2024-10-23,0.357390,out
2024-10-25,105627.000000,241561.000000,84.900000,92.400000,25357.000000,2024-10-30,-1.133876,-0.693339,-0.440537,-7.500000,-1215.000000,2024-10-30,0.289568,out
2024-11-01,106661.000000,243727.000000,88.400000,93.400000,25879.000000,2024-11-06,-0.982731,-0.441941,-0.540789,-5.000000,-1687.000000,2024-11-06,0.293404,out
2024-11-08,106095.000000,246198.000000,87.000000,95.400000,25191.000000,2024-11-13,-1.063931,-0.164182,-0.899750,-8.400000,-2297.000000,2024-11-13,0.276062,out
2024-11-15,107899.000000,242129.000000,87.500000,92.300000,25051.000000,2024-11-20,-0.759325,-0.574471,-0.184855,-4.800000,-2049.000000,2024-11-20,0.249370,out
2024-11-22,107379.000000,240549.000000,85.000000,93.700000,24142.000000,2024-11-27,-0.834357,-0.716099,-0.118258,-8.700000,-1460.000000,2024-11-27,0.214001,out
2024-11-29,107740.000000,235574.000000,93.200000,95.000000,24192.000000,2024-12-04,-0.762112,-1.210588,0.448476,-1.800000,-1652.000000,2024-12-04,0.185999,out
2024-12-06,105033.000000,235093.000000,92.800000,94.700000,22894.000000,2024-12-11,-1.166112,-1.217562,0.051451,-1.900000,-2856.000000,2024-12-11,0.197156,out
2024-12-13,105135.000000,233380.000000,93.200000,94.700000,23002.000000,2024-12-18,-1.112334,-1.343705,0.231371,-1.500000,-2199.000000,2024-12-18,0.253348,out
2024-12-20,103911.000000,231481.000000,93.400000,94.900000,22682.000000,2024-12-25,-1.254485,-1.506208,0.251723,-1.500000,-2027.000000,2024-12-26,0.284186,out
2024-12-27,105114.000000,227521.000000,95.500000,95.300000,22540.000000,2025-01-01,-1.025543,-1.857674,0.832131,0.200000,-1559.000000,2025-01-02,0.277916,out
2025-01-03,103240.000000,232423.000000,95.700000,95.700000,20038.000000,2025-01-08,-1.265451,-1.350028,0.084576,0.000000,909.000000,2025-01-08,0.283104,out
2025-01-10,102283.000000,230322.000000,94.800000,92.500000,20803.000000,2025-01-15,-1.355387,-1.527920,0.172533,2.300000,1016.000000,2025-01-15,0.207900,out
2025-01-17,102560.000000,228158.000000,94.300000,83.800000,20655.000000,2025-01-22,-1.274963,-1.713588,0.438625,10.500000,2636.000000,2025-01-22,0.202868,out
2025-01-24,102791.000000,232386.000000,92.600000,79.100000,20981.000000,2025-01-29,-1.211884,-1.289659,0.077775,13.500000,3592.000000,2025-01-29,0.244600,out
2025-01-31,102953.000000,238999.000000,92.600000,81.000000,20947.000000,2025-02-05,-1.154225,-0.644884,-0.509341,11.600000,4750.000000,2025-02-05,0.257127,out
2025-02-07,102709.000000,243498.000000,94.600000,82.000000,21819.000000,2025-02-12,-1.148082,-0.202380,-0.945702,12.600000,2650.000000,2025-02-12,0.250642,out
2025-02-14,105837.000000,247315.000000,91.800000,81.900000,23291.000000,2025-02-19,-0.671992,0.171314,-0.843305,9.900000,169.000000,2025-02-19,0.247566,out
2025-02-21,107368.000000,243233.000000,93.500000,84.900000,24573.000000,2025-02-26,-0.428914,-0.209883,-0.219031,8.600000,-1868.000000,2025-02-26,0.223161,out
2025-02-28,109676.000000,244787.000000,91.500000,86.000000,25697.000000,2025-03-05,-0.071683,-0.053141,-0.018542,5.500000,-619.000000,2025-03-05,0.184744,out
2025-03-07,107788.000000,248775.000000,93.200000,87.500000,24469.000000,2025-03-12,-0.325136,0.332619,-0.657755,5.700000,1290.000000,2025-03-12,0.449558,out
2025-03-14,105471.000000,252319.000000,90.900000,89.200000,23460.000000,2025-03-19,-0.640504,0.664810,-1.305314,1.700000,1645.000000,2025-03-19,0.475939,out
2025-03-21,105462.000000,248926.000000,89.500000,91.700000,22705.000000,2025-03-26,-0.612434,0.336403,-0.948837,-2.200000,2314.000000,2025-03-26,0.510121,out
2025-03-28,108607.000000,250622.000000,85.000000,91.800000,25078.000000,2025-04-02,-0.106496,0.499301,-0.605797,-6.800000,623.000000,2025-04-02,0.514255,out
2025-04-04,108839.000000,254321.000000,84.300000,92.000000,25759.000000,2025-04-09,-0.038595,0.866834,-0.905429,-7.700000,-798.000000,2025-04-09,0.386574,out
2025-04-11,107613.000000,254405.000000,84.900000,92.300000,25105.000000,2025-04-16,-0.204389,0.900561,-1.104950,-7.400000,-1213.000000,2025-04-16,0.382497,out
2025-04-18,108349.000000,253391.000000,87.000000,94.000000,25019.000000,2025-04-23,-0.049163,0.805340,-0.854503,-7.000000,-1584.000000,2025-04-23,0.330814,out
2025-04-25,108396.000000,249716.000000,84.900000,94.000000,25701.000000,2025-04-30,-0.001071,0.476790,-0.477861,-9.100000,-2191.000000,2025-04-30,0.290471,out
2025-05-02,108299.000000,249426.000000,88.800000,92.500000,24961.000000,2025-05-07,0.031782,0.474799,-0.443017,-3.700000,-875.000000,2025-05-07,0.252601,out
2025-05-09,107271.000000,251322.000000,91.800000,93.300000,23892.000000,2025-05-14,-0.115272,0.692372,-0.807644,-1.500000,-209.000000,2025-05-14,0.265865,out
2025-05-16,106531.000000,251324.000000,91.500000,92.400000,23435.000000,2025-05-21,-0.227783,0.732095,-0.959878,-0.900000,-747.000000,2025-05-21,0.356503,out
2025-05-23,107336.000000,248248.000000,91.000000,92.600000,23510.000000,2025-05-28,-0.000915,0.431639,-0.432554,-1.600000,-1286.000000,2025-05-28,0.551820,out
2025-05-30,107519.000000,245104.000000,94.000000,95.500000,24086.000000,2025-06-04,0.092077,0.124298,-0.032221,-1.500000,-3355.000000,2025-06-04,0.548053,out
2025-06-06,105372.000000,242627.000000,96.700000,94.900000,23683.000000,2025-06-11,-0.413878,-0.110801,-0.303077,1.800000,-2488.000000,2025-06-11,0.530888,out
2025-06-13,102873.000000,234870.000000,96.300000,92.800000,22688.000000,2025-06-18,-1.057911,-1.030895,-0.027016,3.500000,-1280.000000,2025-06-18,0.451104,out
2025-06-20,102262.000000,229864.000000,99.400000,94.500000,22224.000000,2025-06-25,-1.225384,-1.661791,0.436407,4.900000,-361.000000,2025-06-25,0.240685,out
2025-06-27,102975.000000,234906.000000,99.100000,95.200000,20731.000000,2025-07-02,-1.016547,-0.963298,-0.053248,3.900000,1822.000000,2025-07-02,0.273436,out
2025-07-04,102552.000000,240749.000000,98.300000,95.300000,21195.000000,2025-07-09,-1.173478,-0.135420,-1.038058,3.000000,1811.000000,2025-07-09,0.294498,out
2025-07-11,101538.000000,238774.000000,96.200000,94.800000,21408.000000,2025-07-16,-1.524759,-0.387938,-1.136821,1.400000,1643.000000,2025-07-16,0.252735,out
2025-07-18,102740.000000,237802.000000,97.800000,96.100000,21863.000000,2025-07-23,-1.065361,-0.501759,-0.563602,1.700000,1607.000000,2025-07-23,0.270648,out
2025-07-25,103562.000000,243850.000000,97.300000,96.500000,22553.000000,2025-07-30,-0.722850,0.348706,-1.071556,0.800000,79.000000,2025-07-30,0.229463,out
2025-08-01,103860.000000,242232.000000,99.100000,97.100000,23006.000000,2025-08-06,-0.575427,0.110048,-0.685474,2.000000,1216.000000,2025-08-06,0.234542,out
2025-08-08,102355.000000,248448.000000,101.200000,96.500000,23051.000000,2025-08-13,-1.163821,0.967694,-2.131515,4.700000,806.000000,2025-08-13,0.265358,out
2025-08-15,104097.000000,240911.000000,100.800000,96.600000,23470.000000,2025-08-20,-0.410180,-0.091697,-0.318483,4.200000,91.000000,2025-08-20,0.246087,out
2025-08-22,103664.000000,239758.000000,97.500000,95.100000,22632.000000,2025-08-27,-0.579237,-0.252122,-0.327115,2.400000,1106.000000,2025-08-27,0.241132,out
2025-08-29,105793.000000,239388.000000,93.800000,95.800000,24222.000000,2025-09-03,0.303644,-0.320181,0.623824,-2.000000,-755.000000,2025-09-03,0.250399,out
2025-09-05,104131.000000,244880.000000,98.300000,95.700000,23857.000000,2025-09-10,-0.424169,0.440300,-0.864470,2.600000,-1153.000000,2025-09-10,0.245721,out
2025-09-12,102954.000000,237426.000000,95.300000,95.500000,23561.000000,2025-09-17,-1.009623,-0.602208,-0.407414,-0.200000,-1560.000000,2025-09-17,0.273762,out
2025-09-19,103239.000000,234311.000000,94.200000,94.000000,23738.000000,2025-09-24,-0.895992,-1.039681,0.143689,0.200000,-2507.000000,2025-09-24,0.254813,out
2025-09-26,101583.000000,238342.000000,94.900000,90.800000,23467.000000,2025-10-01,-1.603029,-0.476828,-1.126201,4.100000,-902.000000,2025-10-01,0.306816,out
2025-10-03,100714.000000,244467.000000,94.700000,93.500000,22704.000000,2025-10-08,-1.878651,0.374617,-2.253268,1.200000,161.000000,2025-10-08,0.294244,out
2025-10-10,102024.000000,244582.000000,85.500000,87.100000,22001.000000,2025-10-15,-1.265720,0.377957,-1.643676,-1.600000,518.000000,2025-10-15,0.288477,out
2025-10-17,101606.000000,244299.000000,86.500000,92.000000,21231.000000,2025-10-22,-1.394893,0.338134,-1.733027,-5.500000,590.000000,2025-10-22,0.307612,out
2025-10-24,103747.000000,234313.000000,81.000000,91.000000,22565.000000,2025-10-29,-0.485895,-1.037502,0.551607,-10.000000,-812.000000,2025-10-29,0.246991,out
2025-10-31,104511.000000,237478.000000,83.100000,89.200000,22865.000000,2025-11-05,-0.151226,-0.578254,0.427028,-6.100000,-1569.000000,2025-11-05,0.251239,out
2025-11-07,103925.000000,243315.000000,88.600000,93.200000,22519.000000,2025-11-12,-0.379529,0.241472,-0.621000,-4.600000,-915.000000,2025-11-12,0.213160,out
2025-11-14,102115.000000,241257.000000,95.300000,92.300000,21821.000000,2025-11-19,-1.096629,-0.043187,-1.053442,3.000000,-959.000000,2025-11-19,0.202489,out
2025-11-21,100905.000000,247021.000000,94.500000,95.100000,21753.000000,2025-11-26,-1.536017,0.739373,-2.275390,-0.600000,-184.000000,2025-11-26,0.222680,out
2025-11-28,100960.000000,246544.000000,95.100000,97.400000,21296.000000,2025-12-03,-1.452845,0.645912,-2.098757,-2.300000,816.000000,2025-12-03,0.231971,out
2025-12-05,102046.000000,242806.000000,97.600000,97.000000,21604.000000,2025-12-10,-0.970085,0.106082,-1.076167,0.600000,1236.000000,2025-12-10,0.282118,out
2025-12-12,102092.000000,241716.000000,99.200000,96.400000,20862.000000,2025-12-17,-0.920084,-0.070508,-0.849576,2.800000,2723.000000,2025-12-17,0.320724,out
2025-12-19,104349.000000,241062.000000,97.600000,97.100000,21569.000000,2025-12-24,-0.003200,-0.194503,0.191302,0.500000,3494.000000,2025-12-24,0.340132,out
2025-12-26,105197.000000,238177.000000,97.500000,97.800000,22112.000000,2025-12-31,0.341967,-0.674994,1.016961,-0.300000,2673.000000,2025-12-31,0.340672,out
2026-01-02,105198.000000,235616.000000,96.200000,98.600000,22840.000000,2026-01-07,0.327350,-1.088968,1.416318,-2.400000,1202.000000,2026-01-07,0.399391,out
2026-01-09,106631.000000,237779.000000,96.700000,98.600000,23585.000000,2026-01-14,0.877953,-0.801496,1.679449,-1.900000,1528.000000,2026-01-14,0.388564,out
2026-01-16,108512.000000,238044.000000,96.700000,95.100000,25063.000000,2026-01-21,1.568714,-0.830703,2.399417,1.600000,-1045.000000,2026-01-21,0.381534,out
2026-01-23,108036.000000,237891.000000,97.400000,90.500000,24785.000000,2026-01-28,1.321092,-0.895938,2.217030,6.900000,114.000000,2026-01-28,0.349031,out
2026-01-30,105757.000000,236562.000000,92.400000,92.200000,24042.000000,2026-02-04,0.399865,-1.108169,1.508034,0.200000,2421.000000,2026-02-04,0.451319,out
2026-02-06,106469.000000,242400.000000,94.500000,89.200000,25113.000000,2026-02-11,0.655107,-0.107999,0.763106,5.300000,1467.000000,2026-02-11,0.819515,out
2026-02-13,106512.000000,234299.000000,94.900000,90.400000,24018.000000,2026-02-18,0.665171,-1.425948,2.091119,4.500000,3506.000000,2026-02-18,0.834849,out
2026-02-20,107242.000000,248220.000000,86.100000,91.100000,24899.000000,2026-02-25,0.956471,0.890769,0.065702,-5.000000,6046.000000,2026-02-25,0.961160,out
2026-02-27,108282.000000,250446.000000,92.700000,89.500000,26463.000000,2026-03-04,1.405227,1.226229,0.178999,3.200000,5002.000000,2026-03-04,0.965201,out
2026-03-06,109038.000000,257352.000000,92.800000,91.300000,26580.000000,2026-03-11,1.677079,2.235126,-0.558048,1.500000,4909.000000,2026-03-11,1.025208,out
2026-03-13,109954.000000,260245.000000,90.900000,94.700000,27524.000000,2026-03-18,1.932568,2.541804,-0.609236,-3.800000,2238.000000,2026-03-18,1.000602,out
2026-03-20,112451.000000,265907.000000,90.000000,96.700000,30945.000000,2026-03-25,2.635432,3.039609,-0.404177,-6.700000,-377.000000,2026-03-25,1.037441,out
2026-03-27,113989.000000,268607.000000,86.700000,97.400000,31465.000000,2026-04-01,2.913892,3.058309,-0.144417,-10.700000,-1693.000000,2026-04-01,1.041245,out
2026-04-03,114611.000000,271274.000000,88.600000,95.600000,31489.000000,2026-04-08,2.861436,3.068406,-0.206970,-7.000000,-2365.000000,2026-04-08,0.794735,out
2026-04-10,112387.000000,271014.000000,84.800000,94.100000,29762.000000,2026-04-15,2.069028,2.795194,-0.726166,-9.300000,-2340.000000,2026-04-15,0.736251,out
2026-04-17,113834.000000,272136.000000,84.200000,95.400000,30568.000000,2026-04-22,2.342917,2.683956,-0.341039,-11.200000,-4750.000000,2026-04-22,0.641847,out
2026-04-24,114403.000000,266087.000000,84.900000,95.800000,29772.000000,2026-04-29,2.345862,1.977309,0.368553,-10.900000,-6748.000000,2026-04-29,0.593440,out
2026-05-01,112064.000000,264101.000000,86.000000,95.900000,29124.000000,2026-05-06,1.665713,1.711836,-0.046123,-9.900000,-6683.000000,2026-05-06,0.555869,out
2026-05-08,111215.000000,263160.000000,88.800000,96.400000,27422.000000,2026-05-13,1.399835,1.568315,-0.168480,-7.600000,-5782.000000,2026-05-13,0.550094,out
2026-05-15,108509.000000,259165.000000,87.100000,97.200000,25818.000000,2026-05-20,0.697019,1.179828,-0.482809,-10.100000,-5784.000000,2026-05-20,0.471455,out
2026-05-22,103794.000000,259157.000000,95.900000,98.000000,23024.000000,2026-05-27,-0.482264,1.145529,-1.627793,-2.100000,-4067.000000,2026-05-27,0.465286,out
2026-05-29,102952.000000,252500.000000,97.100000,98.100000,22441.000000,2026-06-03,-0.671967,0.544314,-1.216281,-1.000000,-2775.000000,2026-06-03,0.387029,out
2026-06-05,102314.000000,248644.000000,98.300000,97.400000,21640.000000,2026-06-10,-0.813140,0.195176,-1.008316,0.900000,-2026.000000,2026-06-10,0.428632,out
2026-06-12,97804.000000,243814.000000,101.200000,96.200000,20034.000000,2026-06-17,-1.862973,-0.247410,-1.615562,5.000000,10.000000,2026-06-17,0.497895,out
2026-06-19,97273.000000,239835.000000,100.000000,96.700000,18957.000000,2026-06-24,-1.907537,-0.629677,-1.277859,3.300000,413.000000,2026-06-24,0.477958,out
2026-06-26,98058.000000,237498.000000,99.800000,98.100000,19666.000000,2026-07-01,-1.657819,-0.849544,-0.808275,1.700000,-1067.000000,2026-07-01,0.619737,out
2026-07-03,97942.000000,237212.000000,100.300000,96.500000,19614.000000,2026-07-08,-1.625872,-0.865491,-0.760381,3.800000,1341.000000,2026-07-08,0.678559,out
2026-07-10,97885.000000,235123.000000,99.100000,96.800000,20044.000000,2026-07-15,-1.591909,-1.042295,-0.549614,2.300000,2522.000000,2026-07-15,0.623101,out
2026-07-17,97068.000000,239799.000000,100.300000,96.700000,19370.000000,2026-07-22,-1.701357,-0.626392,-1.074965,3.600000,1882.000000,2026-07-22,0.609045,out
2026-07-24,96941.000000,233284.000000,101.400000,97.800000,18599.000000,2026-07-29,-1.655579,-1.180055,-0.475523,3.600000,3829.000000,2026-07-29,0.426136,out
2026-07-31,99573.000000,230555.000000,98.200000,97.300000,20955.000000,2026-08-05,-1.076258,-1.378187,0.301928,0.900000,1553.000000,2026-08-05,0.347480,out
2026-08-07,101893.000000,245235.000000,98.600000,97.900000,22566.000000,2026-08-12,-0.594539,-0.088824,-0.505714,0.700000,,2026-08-12,,out
2026-08-14,100382.000000,253645.000000,101.200000,97.900000,21252.000000,2026-08-19,-0.884791,0.624449,-1.509240,3.300000,,2026-08-19,,out
2026-08-21,101195.000000,251424.000000,101.800000,97.000000,22428.000000,2026-08-26,-0.705359,0.411609,-1.116968,4.800000,,2026-08-26,,out
2026-08-28,100484.000000,245061.000000,103.500000,97.700000,22508.000000,2026-09-02,-0.824281,-0.155254,-0.669027,5.800000,,2026-09-02,,out
