retail_week_end_date,regular_usd_per_gal,diesel_usd_per_gal,wti_prior_friday_usd_per_bbl,d_regular_usd_per_gal,d_diesel_usd_per_gal,d_wti_prior_friday_usd_per_bbl
1994-03-21,0.984000,1.087000,14.880000,,,
1994-03-28,0.992000,1.089000,15.190000,0.008000,0.002000,0.310000
1994-04-04,0.989000,1.087000,14.780000,-0.003000,-0.002000,-0.410000
1994-04-11,1.019000,1.090000,15.570000,0.030000,0.003000,0.790000
1994-04-18,1.025000,1.086000,16.580000,0.006000,-0.004000,1.010000
1994-04-25,1.029000,1.085000,17.840000,0.004000,-0.001000,1.260000
1994-05-02,1.029000,1.085000,16.920000,0.000000,0.000000,-0.920000
1994-05-09,1.036000,1.080000,17.740000,0.007000,-0.005000,0.820000
1994-05-16,1.034000,1.080000,18.200000,-0.002000,0.000000,0.460000
1994-05-23,1.045000,1.081000,18.930000,0.011000,0.001000,0.730000
1994-05-30,1.053000,1.082000,18.020000,0.008000,0.001000,-0.910000
1994-06-06,1.059000,1.083000,18.110000,0.006000,0.001000,0.090000
1994-06-13,1.067000,1.081000,18.480000,0.008000,-0.002000,0.370000
1994-06-20,1.075000,1.086000,20.720000,0.008000,0.005000,2.240000
1994-06-27,1.097000,1.092000,19.280000,0.022000,0.006000,-1.440000
1994-07-04,1.095000,1.094000,19.520000,-0.002000,0.002000,0.240000
1994-07-11,1.099000,1.094000,19.480000,0.004000,0.000000,-0.040000
1994-07-18,1.109000,1.094000,19.890000,0.010000,0.000000,0.410000
1994-07-25,1.119000,1.094000,19.590000,0.010000,0.000000,-0.300000
1994-08-01,1.140000,1.102000,20.300000,0.021000,0.008000,0.710000
1994-08-08,1.175000,1.116000,19.370000,0.035000,0.014000,-0.930000
1994-08-15,1.172000,1.116000,18.050000,-0.003000,0.000000,-1.320000
1994-08-22,1.179000,1.109000,17.560000,0.007000,-0.007000,-0.490000
1994-08-29,1.164000,1.108000,17.140000,-0.015000,-0.001000,-0.420000
1994-09-05,1.158000,1.107000,17.520000,-0.006000,-0.001000,0.380000
1994-09-12,1.145000,1.107000,17.530000,-0.013000,0.000000,0.010000
1994-09-19,1.128000,1.103000,16.840000,-0.017000,-0.004000,-0.690000
1994-09-26,1.110000,1.092000,17.760000,-0.018000,-0.011000,0.920000
1994-10-03,1.092000,1.089000,18.360000,-0.018000,-0.003000,0.600000
1994-10-10,1.087000,1.091000,18.270000,-0.005000,0.002000,-0.090000
1994-10-17,1.073000,1.091000,16.980000,-0.014000,0.000000,-1.290000
1994-10-24,1.072000,1.094000,17.310000,-0.001000,0.003000,0.330000
1994-10-31,1.094000,1.107000,18.250000,0.022000,0.013000,0.940000
1994-11-07,1.092000,1.104000,18.760000,-0.002000,-0.003000,0.510000
1994-11-14,1.087000,1.107000,18.070000,-0.005000,0.003000,-0.690000
1994-11-21,1.072000,1.099000,17.470000,-0.015000,-0.008000,-0.600000
1994-11-28,1.064000,1.095000,18.050000,-0.008000,-0.004000,0.580000
1994-12-05,1.061000,1.095000,17.000000,-0.003000,0.000000,-1.050000
1994-12-12,1.054000,1.085000,17.120000,-0.007000,-0.010000,0.120000
1994-12-19,1.053000,1.082000,16.840000,-0.001000,-0.003000,-0.280000
1994-12-26,1.041000,1.084000,17.410000,-0.012000,0.002000,0.570000
1995-01-02,1.045000,1.081000,17.770000,0.004000,-0.003000,0.360000
1995-01-09,1.066000,1.078000,17.690000,0.021000,-0.003000,-0.080000
1995-01-16,1.051000,1.077000,17.520000,-0.015000,-0.001000,-0.170000
1995-01-23,1.071000,1.069000,18.460000,0.020000,-0.008000,0.940000
1995-01-30,1.072000,1.065000,17.950000,0.001000,-0.004000,-0.510000
1995-02-06,1.062000,1.062000,18.780000,-0.010000,-0.003000,0.830000
1995-02-13,1.058000,1.065000,18.470000,-0.004000,0.003000,-0.310000
1995-02-20,1.049000,1.065000,18.940000,-0.009000,0.000000,0.470000
1995-02-27,1.068000,1.069000,18.700000,0.019000,0.004000,-0.240000
1995-03-06,1.068000,1.067000,18.630000,0.000000,-0.002000,-0.070000
1995-03-13,1.057000,1.069000,17.920000,-0.011000,0.002000,-0.710000
1995-03-20,1.064000,1.065000,18.270000,0.007000,-0.004000,0.350000
1995-03-27,1.080000,1.069000,18.680000,0.016000,0.004000,0.410000
1995-04-03,1.104000,1.076000,19.180000,0.024000,0.007000,0.500000
1995-04-10,1.122000,1.083000,19.670000,0.018000,0.007000,0.490000
1995-04-17,1.137000,1.085000,19.160000,0.015000,0.002000,-0.510000
1995-04-24,1.160000,1.093000,20.460000,0.023000,0.008000,1.300000
1995-05-01,1.158000,1.094000,20.360000,-0.002000,0.001000,-0.100000
1995-05-08,1.191000,1.103000,20.330000,0.033000,0.009000,-0.030000
1995-05-15,1.197000,1.100000,19.550000,0.006000,-0.003000,-0.780000
1995-05-22,1.224000,1.097000,20.060000,0.027000,-0.003000,0.510000
1995-05-29,1.217000,1.107000,18.700000,-0.007000,0.010000,-1.360000
1995-06-05,1.217000,1.100000,19.140000,0.000000,-0.007000,0.440000
1995-06-12,1.210000,1.099000,18.830000,-0.007000,-0.001000,-0.310000
1995-06-19,1.197000,1.094000,18.800000,-0.013000,-0.005000,-0.030000
1995-06-26,1.185000,1.090000,17.810000,-0.012000,-0.004000,-0.990000
1995-07-03,1.174000,1.081000,17.380000,-0.011000,-0.009000,-0.430000
1995-07-10,1.157000,1.077000,17.140000,-0.017000,-0.004000,-0.240000
1995-07-17,1.142000,1.073000,17.320000,-0.015000,-0.004000,0.180000
1995-07-24,1.129000,1.077000,17.070000,-0.013000,0.004000,-0.250000
1995-07-31,1.114000,1.067000,17.430000,-0.015000,-0.010000,0.360000
1995-08-07,1.116000,1.077000,17.740000,0.002000,0.010000,0.310000
1995-08-14,1.117000,1.089000,17.860000,0.001000,0.012000,0.120000
1995-08-21,1.122000,1.086000,17.870000,0.005000,-0.003000,0.010000
1995-08-28,1.110000,1.089000,19.910000,-0.012000,0.003000,2.040000
1995-09-04,1.112000,1.093000,18.080000,0.002000,0.004000,-1.830000
1995-09-11,1.109000,1.100000,18.440000,-0.003000,0.007000,0.360000
1995-09-18,1.112000,1.104000,18.940000,0.003000,0.004000,0.500000
1995-09-25,1.114000,1.099000,17.270000,0.002000,-0.005000,-1.670000
1995-10-02,1.106000,1.093000,17.540000,-0.008000,-0.006000,0.270000
1995-10-09,1.092000,1.091000,17.030000,-0.014000,-0.002000,-0.510000
1995-10-16,1.076000,1.092000,17.380000,-0.016000,0.001000,0.350000
1995-10-23,1.066000,1.086000,17.440000,-0.010000,-0.006000,0.060000
1995-10-30,1.049000,1.080000,17.540000,-0.017000,-0.006000,0.100000
1995-11-06,1.056000,1.096000,17.930000,0.007000,0.016000,0.390000
1995-11-13,1.059000,1.095000,17.830000,0.003000,-0.001000,-0.100000
1995-11-20,1.056000,1.096000,18.560000,-0.003000,0.001000,0.730000
1995-11-27,1.061000,1.105000,17.930000,0.005000,0.009000,-0.630000
1995-12-04,1.068000,1.104000,18.430000,0.007000,-0.001000,0.500000
1995-12-11,1.066000,1.104000,18.970000,-0.002000,0.000000,0.540000
1995-12-18,1.103000,1.108000,19.510000,0.037000,0.004000,0.540000
1995-12-25,1.103000,1.123000,19.120000,0.000000,0.015000,-0.390000
1996-01-01,1.104000,1.125000,19.540000,0.001000,0.002000,0.420000
1996-01-08,1.124000,1.120000,20.260000,0.020000,-0.005000,0.720000
1996-01-15,1.122000,1.126000,18.280000,-0.002000,0.006000,-1.980000
1996-01-22,1.107000,1.116000,18.940000,-0.015000,-0.010000,0.660000
1996-01-29,1.094000,1.110000,17.680000,-0.013000,-0.006000,-1.260000
1996-02-05,1.094000,1.104000,17.830000,0.000000,-0.006000,0.150000
1996-02-12,1.092000,1.111000,17.830000,-0.002000,0.007000,0.000000
1996-02-19,1.103000,1.130000,19.160000,0.011000,0.019000,1.330000
1996-02-26,1.144000,1.148000,20.970000,0.041000,0.018000,1.810000
1996-03-04,1.160000,1.165000,19.450000,0.016000,0.017000,-1.520000
1996-03-11,1.151000,1.163000,19.660000,-0.009000,-0.002000,0.210000
1996-03-18,1.167000,1.160000,21.990000,0.016000,-0.003000,2.330000
1996-03-25,1.202000,1.198000,22.850000,0.035000,0.038000,0.860000
1996-04-01,1.209000,1.208000,21.430000,0.007000,0.010000,-1.420000
1996-04-08,1.232000,1.236000,22.750000,0.023000,0.028000,1.320000
1996-04-15,1.268000,1.301000,24.290000,0.036000,0.065000,1.540000
1996-04-22,1.258000,1.287000,23.960000,-0.010000,-0.014000,-0.330000
1996-04-29,1.270000,1.260000,22.330000,0.012000,-0.027000,-1.630000
1996-05-06,1.260000,1.267000,21.190000,-0.010000,0.007000,-1.140000
1996-05-13,1.266000,1.262000,21.010000,0.006000,-0.005000,-0.180000
1996-05-20,1.284000,1.248000,20.640000,0.018000,-0.014000,-0.370000
1996-05-27,1.267000,1.226000,21.580000,-0.017000,-0.022000,0.940000
1996-06-03,1.256000,1.208000,19.770000,-0.011000,-0.018000,-1.810000
1996-06-10,1.251000,1.176000,20.280000,-0.005000,-0.032000,0.510000
1996-06-17,1.247000,1.154000,20.280000,-0.004000,-0.022000,0.000000
1996-06-24,1.233000,1.142000,20.380000,-0.014000,-0.012000,0.100000
1996-07-01,1.218000,1.135000,20.920000,-0.015000,-0.007000,0.540000
1996-07-08,1.222000,1.140000,21.650000,0.004000,0.005000,0.730000
1996-07-15,1.225000,1.150000,21.900000,0.003000,0.010000,0.250000
1996-07-22,1.228000,1.161000,20.950000,0.003000,0.011000,-0.950000
1996-07-29,1.213000,1.156000,20.130000,-0.015000,-0.005000,-0.820000
1996-08-05,1.198000,1.168000,21.350000,-0.015000,0.012000,1.220000
1996-08-12,1.192000,1.176000,21.600000,-0.006000,0.008000,0.250000
1996-08-19,1.208000,1.193000,22.600000,0.016000,0.017000,1.000000
1996-08-26,1.218000,1.207000,22.230000,0.010000,0.014000,-0.370000
1996-09-02,1.204000,1.220000,22.250000,-0.014000,0.013000,0.020000
1996-09-09,1.221000,1.237000,23.850000,0.017000,0.017000,1.600000
1996-09-16,1.224000,1.260000,24.500000,0.003000,0.023000,0.650000
1996-09-23,1.226000,1.260000,23.600000,0.002000,0.000000,-0.900000
1996-09-30,1.218000,1.270000,24.600000,-0.008000,0.010000,1.000000
1996-10-07,1.205000,1.291000,24.750000,-0.013000,0.021000,0.150000
1996-10-14,1.228000,1.309000,24.650000,0.023000,0.018000,-0.100000
1996-10-21,1.227000,1.312000,25.800000,-0.001000,0.003000,1.150000
1996-10-28,1.252000,1.316000,24.800000,0.025000,0.004000,-1.000000
1996-11-04,1.264000,1.309000,23.000000,0.012000,-0.007000,-1.800000
1996-11-11,1.274000,1.303000,23.600000,0.010000,-0.006000,0.600000
1996-11-18,1.284000,1.320000,24.150000,0.010000,0.017000,0.550000
1996-11-25,1.296000,1.323000,24.150000,0.012000,0.003000,0.000000
1996-12-02,1.292000,1.321000,23.700000,-0.004000,-0.002000,-0.450000
1996-12-09,1.288000,1.317000,25.600000,-0.004000,-0.004000,1.900000
1996-12-16,1.271000,1.298000,24.450000,-0.017000,-0.019000,-1.150000
1996-12-23,1.260000,1.280000,26.100000,-0.011000,-0.018000,1.650000
1996-12-30,1.253000,1.274000,25.200000,-0.007000,-0.006000,-0.900000
1997-01-06,1.245000,1.266000,25.550000,-0.008000,-0.008000,0.350000
1997-01-13,1.275000,1.274000,26.150000,0.030000,0.008000,0.600000
1997-01-20,1.273000,1.270000,25.400000,-0.002000,-0.004000,-0.750000
1997-01-27,1.265000,1.259000,23.850000,-0.008000,-0.011000,-1.550000
1997-02-03,1.260000,1.269000,24.150000,-0.005000,0.010000,0.300000
1997-02-10,1.246000,1.262000,22.300000,-0.014000,-0.007000,-1.850000
1997-02-17,1.232000,1.253000,22.400000,-0.014000,-0.009000,0.100000
1997-02-24,1.232000,1.244000,21.600000,0.000000,-0.009000,-0.800000
1997-03-03,1.216000,1.226000,20.300000,-0.016000,-0.018000,-1.300000
1997-03-10,1.202000,1.205000,21.350000,-0.014000,-0.021000,1.050000
1997-03-17,1.188000,1.193000,21.300000,-0.014000,-0.012000,-0.050000
1997-03-24,1.203000,1.196000,21.700000,0.015000,0.003000,0.400000
1997-03-31,1.193000,1.202000,20.700000,-0.010000,0.006000,-1.000000
1997-04-07,1.190000,1.188000,19.150000,-0.003000,-0.014000,-1.550000
1997-04-14,1.185000,1.192000,19.500000,-0.005000,0.004000,0.350000
1997-04-21,1.194000,1.188000,19.900000,0.009000,-0.004000,0.400000
1997-04-28,1.194000,1.185000,19.800000,0.000000,-0.003000,-0.100000
1997-05-05,1.195000,1.188000,19.600000,0.001000,0.003000,-0.200000
1997-05-12,1.199000,1.183000,20.450000,0.004000,-0.005000,0.850000
1997-05-19,1.228000,1.185000,22.100000,0.029000,0.002000,1.650000
1997-05-26,1.247000,1.198000,21.250000,0.019000,0.013000,-0.850000
1997-06-02,1.250000,1.187000,21.000000,0.003000,-0.011000,-0.250000
1997-06-09,1.240000,1.184000,19.000000,-0.010000,-0.003000,-2.000000
1997-06-16,1.225000,1.167000,18.950000,-0.015000,-0.017000,-0.050000
1997-06-23,1.211000,1.154000,18.600000,-0.014000,-0.013000,-0.350000
1997-06-30,1.198000,1.144000,19.420000,-0.013000,-0.010000,0.820000
1997-07-07,1.198000,1.150000,19.480000,0.000000,0.006000,0.060000
1997-07-14,1.192000,1.141000,19.390000,-0.006000,-0.009000,-0.090000
1997-07-21,1.209000,1.137000,19.220000,0.017000,-0.004000,-0.170000
1997-07-28,1.196000,1.137000,19.710000,-0.013000,0.000000,0.490000
1997-08-04,1.228000,1.145000,20.270000,0.032000,0.008000,0.560000
1997-08-11,1.273000,1.152000,19.580000,0.045000,0.007000,-0.690000
1997-08-18,1.260000,1.149000,20.080000,-0.013000,-0.003000,0.500000
1997-08-25,1.271000,1.144000,19.700000,0.011000,-0.005000,-0.380000
1997-09-01,1.262000,1.141000,19.660000,-0.009000,-0.003000,-0.040000
1997-09-08,1.252000,1.134000,19.610000,-0.010000,-0.007000,-0.050000
1997-09-15,1.236000,1.125000,19.370000,-0.016000,-0.009000,-0.240000
1997-09-22,1.215000,1.126000,19.370000,-0.021000,0.001000,0.000000
1997-09-29,1.193000,1.135000,20.870000,-0.022000,0.009000,1.500000
1997-10-06,1.201000,1.154000,22.860000,0.008000,0.019000,1.990000
1997-10-13,1.186000,1.162000,22.010000,-0.015000,0.008000,-0.850000
1997-10-20,1.173000,1.164000,21.410000,-0.013000,0.002000,-0.600000
1997-10-27,1.161000,1.162000,20.990000,-0.012000,-0.002000,-0.420000
1997-11-03,1.157000,1.162000,21.100000,-0.004000,0.000000,0.110000
1997-11-10,1.167000,1.164000,20.800000,0.010000,0.002000,-0.300000
1997-11-17,1.155000,1.170000,21.010000,-0.012000,0.006000,0.210000
1997-11-24,1.156000,1.171000,19.760000,0.001000,0.001000,-1.250000
1997-12-01,1.140000,1.166000,19.130000,-0.016000,-0.005000,-0.630000
1997-12-08,1.121000,1.151000,18.720000,-0.019000,-0.015000,-0.410000
1997-12-15,1.108000,1.136000,18.210000,-0.013000,-0.015000,-0.510000
1997-12-22,1.099000,1.127000,18.460000,-0.009000,-0.009000,0.250000
1997-12-29,1.086000,1.120000,18.190000,-0.013000,-0.007000,-0.270000
1998-01-05,1.072000,1.114000,17.410000,-0.014000,-0.006000,-0.780000
1998-01-12,1.071000,1.091000,16.650000,-0.001000,-0.023000,-0.760000
1998-01-19,1.057000,1.076000,16.480000,-0.014000,-0.015000,-0.170000
1998-01-26,1.033000,1.062000,15.650000,-0.024000,-0.014000,-0.830000
1998-02-02,1.048000,1.060000,17.210000,0.015000,-0.002000,1.560000
1998-02-09,1.048000,1.058000,16.720000,0.000000,-0.002000,-0.490000
1998-02-16,1.035000,1.059000,16.030000,-0.013000,0.001000,-0.690000
1998-02-23,1.062000,1.063000,16.130000,0.027000,0.004000,0.100000
1998-03-02,1.044000,1.062000,15.440000,-0.018000,-0.001000,-0.690000
1998-03-09,1.036000,1.052000,14.900000,-0.008000,-0.010000,-0.540000
1998-03-16,1.030000,1.043000,14.190000,-0.006000,-0.009000,-0.710000
1998-03-23,1.026000,1.033000,14.310000,-0.004000,-0.010000,0.120000
1998-03-30,1.069000,1.054000,16.840000,0.043000,0.021000,2.530000
1998-04-06,1.057000,1.048000,16.080000,-0.012000,-0.006000,-0.760000
1998-04-13,1.045000,1.047000,15.610000,-0.012000,-0.001000,-0.470000
1998-04-20,1.058000,1.046000,15.490000,0.013000,-0.001000,-0.120000
1998-04-27,1.078000,1.053000,13.230000,0.020000,0.007000,-2.260000
1998-05-04,1.085000,1.052000,16.250000,0.007000,-0.001000,3.020000
1998-05-11,1.103000,1.054000,15.210000,0.018000,0.002000,-1.040000
1998-05-18,1.110000,1.048000,14.510000,0.007000,-0.006000,-0.700000
1998-05-25,1.105000,1.038000,14.810000,-0.005000,-0.010000,0.300000
1998-06-01,1.096000,1.033000,15.210000,-0.009000,-0.005000,0.400000
1998-06-08,1.119000,1.028000,15.130000,0.023000,-0.005000,-0.080000
1998-06-15,1.099000,1.022000,12.660000,-0.020000,-0.006000,-2.470000
1998-06-22,1.085000,1.012000,11.800000,-0.014000,-0.010000,-0.860000
1998-06-29,1.090000,1.014000,14.210000,0.005000,0.002000,2.410000
1998-07-06,1.100000,1.018000,14.580000,0.010000,0.004000,0.370000
1998-07-13,1.087000,1.012000,13.960000,-0.013000,-0.006000,-0.620000
1998-07-20,1.102000,1.009000,14.020000,0.015000,-0.003000,0.060000
1998-07-27,1.086000,0.998000,13.930000,-0.016000,-0.011000,-0.090000
1998-08-03,1.068000,0.992000,14.270000,-0.018000,-0.006000,0.340000
1998-08-10,1.060000,0.986000,13.850000,-0.008000,-0.006000,-0.420000
1998-08-17,1.048000,0.984000,13.400000,-0.012000,-0.002000,-0.450000
1998-08-24,1.035000,0.981000,13.440000,-0.013000,-0.003000,0.040000
1998-08-31,1.032000,0.980000,13.540000,-0.003000,-0.001000,0.100000
1998-09-07,1.027000,0.991000,14.590000,-0.005000,0.011000,1.050000
1998-09-14,1.020000,1.003000,14.390000,-0.007000,0.012000,-0.200000
1998-09-21,1.047000,1.016000,15.530000,0.027000,0.013000,1.140000
1998-09-28,1.041000,1.024000,15.800000,-0.006000,0.008000,0.270000
1998-10-05,1.050000,1.024000,15.710000,0.009000,0.000000,-0.090000
1998-10-12,1.045000,1.023000,14.640000,-0.005000,-0.001000,-1.070000
1998-10-19,1.038000,1.017000,14.160000,-0.007000,-0.006000,-0.480000
1998-10-26,1.032000,1.017000,14.060000,-0.006000,0.000000,-0.100000
1998-11-02,1.025000,1.016000,14.480000,-0.007000,-0.001000,0.420000
1998-11-09,1.026000,1.015000,13.930000,0.001000,-0.001000,-0.550000
1998-11-16,1.000000,1.008000,13.570000,-0.026000,-0.007000,-0.360000
1998-11-23,0.991000,0.994000,12.200000,-0.009000,-0.014000,-1.370000
1998-11-30,0.965000,0.983000,10.860000,-0.026000,-0.011000,-1.340000
1998-12-07,0.935000,0.962000,11.200000,-0.030000,-0.021000,0.340000
1998-12-14,0.932000,0.949000,10.860000,-0.003000,-0.013000,-0.340000
1998-12-21,0.939000,0.946000,10.950000,0.007000,-0.003000,0.090000
1998-12-28,0.930000,0.941000,11.030000,-0.009000,-0.005000,0.080000
1999-01-04,0.927000,0.937000,12.140000,-0.003000,-0.004000,1.110000
1999-01-11,0.946000,0.947000,13.060000,0.019000,0.010000,0.920000
1999-01-18,0.952000,0.949000,12.210000,0.006000,0.002000,-0.850000
1999-01-25,0.941000,0.944000,12.620000,-0.011000,-0.005000,0.410000
1999-02-01,0.933000,0.944000,12.810000,-0.008000,0.000000,0.190000
1999-02-08,0.933000,0.943000,11.850000,0.000000,-0.001000,-0.960000
1999-02-15,0.919000,0.940000,11.900000,-0.014000,-0.003000,0.050000
1999-02-22,0.892000,0.930000,11.790000,-0.027000,-0.010000,-0.110000
1999-03-01,0.914000,0.935000,12.310000,0.022000,0.005000,0.520000
1999-03-08,0.923000,0.943000,13.330000,0.009000,0.008000,1.020000
1999-03-15,1.009000,0.974000,14.510000,0.086000,0.031000,1.180000
1999-03-22,1.057000,0.995000,15.260000,0.048000,0.021000,0.750000
1999-03-29,1.109000,1.020000,16.160000,0.052000,0.025000,0.900000
1999-04-05,1.122000,1.043000,16.650000,0.013000,0.023000,0.490000
1999-04-12,1.139000,1.050000,16.590000,0.017000,0.007000,-0.060000
1999-04-19,1.124000,1.046000,17.340000,-0.015000,-0.004000,0.750000
1999-04-26,1.115000,1.047000,17.960000,-0.009000,0.001000,0.620000
1999-05-03,1.128000,1.051000,18.690000,0.013000,0.004000,0.730000
1999-05-10,1.136000,1.059000,18.230000,0.008000,0.008000,-0.460000
1999-05-17,1.145000,1.048000,18.040000,0.009000,-0.011000,-0.190000
1999-05-24,1.122000,1.040000,17.220000,-0.023000,-0.008000,-0.820000
1999-05-31,1.102000,1.038000,16.850000,-0.020000,-0.002000,-0.370000
1999-06-07,1.118000,1.027000,17.360000,0.016000,-0.011000,0.510000
1999-06-14,1.114000,1.033000,18.450000,-0.004000,0.006000,1.090000
1999-06-21,1.145000,1.052000,18.010000,0.031000,0.019000,-0.440000
1999-06-28,1.119000,1.059000,18.170000,-0.026000,0.007000,0.160000
1999-07-05,1.139000,1.071000,19.700000,0.020000,0.012000,1.530000
1999-07-12,1.149000,1.083000,19.940000,0.010000,0.012000,0.240000
1999-07-19,1.171000,1.104000,20.660000,0.022000,0.021000,0.720000
1999-07-26,1.207000,1.105000,20.410000,0.036000,0.001000,-0.250000
1999-08-02,1.196000,1.117000,20.520000,-0.011000,0.012000,0.110000
1999-08-09,1.192000,1.122000,20.890000,-0.004000,0.005000,0.370000
1999-08-16,1.250000,1.153000,21.670000,0.058000,0.031000,0.780000
1999-08-23,1.234000,1.164000,21.660000,-0.016000,0.011000,-0.010000
1999-08-30,1.229000,1.174000,21.310000,-0.005000,0.010000,-0.350000
1999-09-06,1.259000,1.182000,22.000000,0.030000,0.008000,0.690000
1999-09-13,1.264000,1.196000,23.550000,0.005000,0.014000,1.550000
1999-09-20,1.300000,1.220000,24.720000,0.036000,0.024000,1.170000
1999-09-27,1.284000,1.218000,24.810000,-0.016000,-0.002000,0.090000
1999-10-04,1.265000,1.228000,24.510000,-0.019000,0.010000,-0.300000
1999-10-11,1.246000,1.217000,20.810000,-0.019000,-0.011000,-3.700000
1999-10-18,1.218000,1.216000,22.810000,-0.028000,-0.001000,2.000000
1999-10-25,1.232000,1.219000,23.480000,0.014000,0.003000,0.670000
1999-11-01,1.227000,1.220000,21.790000,-0.005000,0.001000,-1.690000
1999-11-08,1.244000,1.225000,22.930000,0.017000,0.005000,1.140000
1999-11-15,1.282000,1.257000,24.910000,0.038000,0.032000,1.980000
1999-11-22,1.302000,1.292000,26.610000,0.020000,0.035000,1.700000
1999-11-29,1.291000,1.307000,27.220000,-0.011000,0.015000,0.610000
1999-12-06,1.281000,1.291000,25.710000,-0.010000,-0.016000,-1.510000
1999-12-13,1.290000,1.282000,25.210000,0.009000,-0.009000,-0.500000
1999-12-20,1.280000,1.277000,26.760000,-0.010000,-0.005000,1.550000
1999-12-27,1.295000,1.296000,25.860000,0.015000,0.019000,-0.900000
2000-01-03,1.291000,1.301000,25.760000,-0.004000,0.005000,-0.100000
2000-01-10,1.274000,1.294000,24.790000,-0.017000,-0.007000,-0.970000
2000-01-17,1.314000,1.286000,28.010000,0.040000,-0.008000,3.220000
2000-01-24,1.379000,1.369000,29.710000,0.065000,0.083000,1.700000
2000-01-31,1.358000,1.370000,27.270000,-0.021000,0.001000,-2.440000
2000-02-07,1.366000,1.406000,28.670000,0.008000,0.036000,1.400000
2000-02-14,1.412000,1.418000,29.510000,0.046000,0.012000,0.840000
2000-02-21,1.487000,1.439000,29.510000,0.075000,0.021000,0.000000
2000-02-28,1.482000,1.454000,30.340000,-0.005000,0.015000,0.830000
2000-03-06,1.555000,1.484000,31.460000,0.073000,0.030000,1.120000
2000-03-13,1.544000,1.482000,31.760000,-0.011000,-0.002000,0.300000
2000-03-20,1.517000,1.460000,30.860000,-0.027000,-0.022000,-0.900000
2000-03-27,1.477000,1.426000,27.860000,-0.040000,-0.034000,-3.000000
2000-04-03,1.482000,1.426000,26.860000,0.005000,0.000000,-1.000000
2000-04-10,1.439000,1.406000,24.970000,-0.043000,-0.020000,-1.890000
2000-04-17,1.396000,1.382000,25.480000,-0.043000,-0.024000,0.510000
2000-04-24,1.413000,1.440000,27.290000,0.017000,0.058000,1.810000
2000-05-01,1.389000,1.423000,25.710000,-0.024000,-0.017000,-1.580000
2000-05-08,1.471000,1.400000,27.370000,0.082000,-0.023000,1.660000
2000-05-15,1.533000,1.422000,29.640000,0.062000,0.022000,2.270000
2000-05-22,1.585000,1.442000,30.020000,0.052000,0.020000,0.380000
2000-05-29,1.631000,1.441000,29.760000,0.046000,-0.001000,-0.260000
2000-06-05,1.676000,1.424000,30.340000,0.045000,-0.017000,0.580000
2000-06-12,1.826000,1.410000,30.220000,0.150000,-0.014000,-0.120000
2000-06-19,1.902000,1.435000,32.350000,0.076000,0.025000,2.130000
2000-06-26,1.822000,1.442000,34.760000,-0.080000,0.007000,2.410000
2000-07-03,1.708000,1.453000,32.440000,-0.114000,0.011000,-2.320000
2000-07-10,1.620000,1.442000,30.260000,-0.088000,-0.011000,-2.180000
2000-07-17,1.518000,1.422000,31.310000,-0.102000,-0.020000,1.050000
2000-07-24,1.476000,1.407000,28.560000,-0.042000,-0.015000,-2.750000
2000-07-31,1.392000,1.378000,28.220000,-0.084000,-0.029000,-0.340000
2000-08-07,1.404000,1.382000,29.940000,0.012000,0.004000,1.720000
2000-08-14,1.382000,1.423000,31.020000,-0.022000,0.041000,1.080000
2000-08-21,1.439000,1.441000,31.970000,0.057000,0.018000,0.950000
2000-08-28,1.460000,1.498000,34.010000,0.021000,0.057000,2.040000
2000-09-04,1.557000,1.580000,33.420000,0.097000,0.082000,-0.590000
2000-09-11,1.583000,1.602000,33.620000,0.026000,0.022000,0.200000
2000-09-18,1.580000,1.629000,35.870000,-0.003000,0.027000,2.250000
2000-09-25,1.543000,1.629000,32.660000,-0.037000,0.000000,-3.210000
2000-10-02,1.498000,1.589000,30.870000,-0.045000,-0.040000,-1.790000
2000-10-09,1.466000,1.572000,30.860000,-0.032000,-0.017000,-0.010000
2000-10-16,1.553000,1.643000,34.960000,0.087000,0.071000,4.100000
2000-10-23,1.590000,1.611000,34.310000,0.037000,-0.032000,-0.650000
2000-10-30,1.573000,1.590000,32.780000,-0.017000,-0.021000,-1.530000
2000-11-06,1.535000,1.570000,32.620000,-0.038000,-0.020000,-0.160000
2000-11-13,1.539000,1.561000,34.050000,0.004000,-0.009000,1.430000
2000-11-20,1.523000,1.582000,35.620000,-0.016000,0.021000,1.570000
2000-11-27,1.526000,1.606000,36.060000,0.003000,0.024000,0.440000
2000-12-04,1.487000,1.577000,32.060000,-0.039000,-0.029000,-4.000000
2000-12-11,1.429000,1.519000,28.310000,-0.058000,-0.058000,-3.750000
2000-12-18,1.403000,1.493000,28.860000,-0.026000,-0.026000,0.550000
2000-12-25,1.414000,1.470000,26.160000,0.011000,-0.023000,-2.700000
2001-01-01,1.410000,1.486000,26.720000,-0.004000,0.016000,0.560000
2001-01-08,1.461000,1.494000,28.020000,0.051000,0.008000,1.300000
2001-01-15,1.537000,1.487000,30.070000,0.076000,-0.007000,2.050000
2001-01-22,1.520000,1.515000,32.120000,-0.017000,0.028000,2.050000
2001-01-29,1.500000,1.524000,29.790000,-0.020000,0.009000,-2.330000
2001-02-05,1.463000,1.502000,31.270000,-0.037000,-0.022000,1.480000
2001-02-12,1.524000,1.506000,30.930000,0.061000,0.004000,-0.340000
2001-02-19,1.456000,1.460000,29.220000,-0.068000,-0.046000,-1.710000
2001-02-26,1.423000,1.428000,28.830000,-0.033000,-0.032000,-0.390000
2001-03-05,1.399000,1.394000,27.890000,-0.024000,-0.034000,-0.940000
2001-03-12,1.406000,1.381000,27.970000,0.007000,-0.013000,0.080000
2001-03-19,1.401000,1.367000,26.680000,-0.005000,-0.014000,-1.290000
2001-03-26,1.411000,1.356000,27.310000,0.010000,-0.011000,0.630000
2001-04-02,1.481000,1.366000,26.370000,0.070000,0.010000,-0.940000
2001-04-09,1.553000,1.371000,27.070000,0.072000,0.005000,0.700000
2001-04-16,1.623000,1.424000,28.750000,0.070000,0.053000,1.680000
2001-04-23,1.704000,1.424000,27.000000,0.081000,0.000000,-1.750000
2001-04-30,1.693000,1.423000,28.350000,-0.011000,-0.001000,1.350000
2001-05-07,1.834000,1.489000,28.410000,0.141000,0.066000,0.060000
2001-05-14,1.840000,1.535000,28.590000,0.006000,0.046000,0.180000
2001-05-21,1.782000,1.535000,29.900000,-0.058000,0.000000,1.310000
2001-05-28,1.815000,1.588000,28.080000,0.033000,0.053000,-1.820000
2001-06-04,1.767000,1.561000,27.880000,-0.048000,-0.027000,-0.200000
2001-06-11,1.677000,1.511000,28.430000,-0.090000,-0.050000,0.550000
2001-06-18,1.578000,1.482000,28.520000,-0.099000,-0.029000,0.090000
2001-06-25,1.453000,1.424000,27.020000,-0.125000,-0.058000,-1.500000
2001-07-02,1.352000,1.371000,26.370000,-0.101000,-0.053000,-0.650000
2001-07-09,1.325000,1.365000,28.100000,-0.027000,-0.006000,1.730000
2001-07-16,1.329000,1.359000,26.570000,0.004000,-0.006000,-1.530000
2001-07-23,1.338000,1.321000,25.670000,0.009000,-0.038000,-0.900000
2001-07-30,1.358000,1.332000,26.980000,0.020000,0.011000,1.310000
2001-08-06,1.370000,1.337000,27.510000,0.012000,0.005000,0.530000
2001-08-13,1.427000,1.368000,28.120000,0.057000,0.031000,0.610000
2001-08-20,1.523000,1.409000,26.650000,0.096000,0.041000,-1.470000
2001-08-27,1.689000,1.521000,28.340000,0.166000,0.112000,1.690000
2001-09-03,1.753000,1.559000,26.650000,0.064000,0.038000,-1.690000
2001-09-10,1.676000,1.550000,27.990000,-0.077000,-0.009000,1.340000
2001-09-17,1.659000,1.594000,29.590000,-0.017000,0.044000,1.600000
2001-09-24,1.557000,1.515000,25.460000,-0.102000,-0.079000,-4.130000
2001-10-01,1.428000,1.412000,23.440000,-0.129000,-0.103000,-2.020000
2001-10-08,1.319000,1.398000,22.320000,-0.109000,-0.014000,-1.120000
2001-10-15,1.259000,1.373000,22.490000,-0.060000,-0.025000,0.170000
2001-10-22,1.212000,1.329000,21.990000,-0.047000,-0.044000,-0.500000
2001-10-29,1.188000,1.323000,22.070000,-0.024000,-0.006000,0.080000
2001-11-05,1.175000,1.300000,20.240000,-0.013000,-0.023000,-1.830000
2001-11-12,1.165000,1.275000,22.230000,-0.010000,-0.025000,1.990000
2001-11-19,1.178000,1.260000,18.090000,0.013000,-0.015000,-4.140000
2001-11-26,1.122000,1.230000,18.380000,-0.056000,-0.030000,0.290000
2001-12-03,1.124000,1.198000,19.460000,0.002000,-0.032000,1.080000
2001-12-10,1.127000,1.174000,19.080000,0.003000,-0.024000,-0.380000
2001-12-17,1.062000,1.138000,19.310000,-0.065000,-0.036000,0.230000
2001-12-24,1.116000,1.140000,19.300000,0.054000,0.002000,-0.010000
2001-12-31,1.166000,1.148000,20.420000,0.050000,0.008000,1.120000
2002-01-07,1.172000,1.147000,21.470000,0.006000,-0.001000,1.050000
2002-01-14,1.124000,1.134000,19.670000,-0.048000,-0.013000,-1.800000
2002-01-21,1.116000,1.112000,18.020000,-0.008000,-0.022000,-1.650000
2002-01-28,1.104000,1.119000,19.800000,-0.012000,0.007000,1.780000
2002-02-04,1.147000,1.119000,20.400000,0.043000,0.000000,0.600000
2002-02-11,1.113000,1.128000,20.250000,-0.034000,0.009000,-0.150000
2002-02-18,1.125000,1.130000,21.470000,0.012000,0.002000,1.220000
2002-02-25,1.117000,1.128000,20.920000,-0.008000,-0.002000,-0.550000
2002-03-04,1.184000,1.151000,22.370000,0.067000,0.023000,1.450000
2002-03-11,1.261000,1.193000,23.870000,0.077000,0.042000,1.500000
2002-03-18,1.336000,1.228000,24.470000,0.075000,0.035000,0.600000
2002-03-25,1.376000,1.259000,25.560000,0.040000,0.031000,1.090000
2002-04-01,1.403000,1.278000,26.210000,0.027000,0.019000,0.650000
2002-04-08,1.455000,1.315000,26.210000,0.052000,0.037000,0.000000
2002-04-15,1.408000,1.309000,23.510000,-0.047000,-0.006000,-2.700000
2002-04-22,1.410000,1.285000,26.430000,0.002000,-0.024000,2.920000
2002-04-29,1.384000,1.281000,27.120000,-0.026000,-0.004000,0.690000
2002-05-06,1.399000,1.283000,26.750000,0.015000,0.002000,-0.370000
2002-05-13,1.396000,1.277000,27.920000,-0.003000,-0.006000,1.170000
2002-05-20,1.437000,1.294000,28.190000,0.041000,0.017000,0.270000
2002-05-27,1.409000,1.292000,26.690000,-0.028000,-0.002000,-1.500000
2002-06-03,1.428000,1.283000,25.370000,0.019000,-0.009000,-1.320000
2002-06-10,1.386000,1.261000,24.720000,-0.042000,-0.022000,-0.650000
2002-06-17,1.394000,1.253000,25.900000,0.008000,-0.008000,1.180000
2002-06-24,1.401000,1.260000,25.510000,0.007000,0.007000,-0.390000
2002-07-01,1.431000,1.273000,26.790000,0.030000,0.013000,1.280000
2002-07-08,1.402000,1.279000,26.820000,-0.029000,0.006000,0.030000
2002-07-15,1.437000,1.289000,27.480000,0.035000,0.010000,0.660000
2002-07-22,1.448000,1.302000,27.830000,0.011000,0.013000,0.350000
2002-07-29,1.444000,1.291000,26.550000,-0.004000,-0.011000,-1.280000
2002-08-05,1.398000,1.288000,26.870000,-0.046000,-0.003000,0.320000
2002-08-12,1.399000,1.286000,26.870000,0.001000,-0.002000,0.000000
2002-08-19,1.405000,1.316000,29.240000,0.006000,0.030000,2.370000
2002-08-26,1.432000,1.361000,29.990000,0.027000,0.045000,0.750000
2002-09-02,1.403000,1.380000,28.970000,-0.029000,0.019000,-1.020000
2002-09-09,1.414000,1.381000,29.510000,0.011000,0.001000,0.540000
2002-09-16,1.427000,1.399000,29.830000,0.013000,0.018000,0.320000
2002-09-23,1.406000,1.408000,29.650000,-0.021000,0.009000,-0.180000
2002-09-30,1.440000,1.434000,30.530000,0.034000,0.026000,0.880000
2002-10-07,1.495000,1.458000,29.650000,0.055000,0.024000,-0.880000
2002-10-14,1.503000,1.459000,29.360000,0.008000,0.001000,-0.290000
2002-10-21,1.532000,1.471000,29.560000,0.029000,0.012000,0.200000
2002-10-28,1.495000,1.457000,27.090000,-0.037000,-0.014000,-2.470000
2002-11-04,1.499000,1.441000,27.040000,0.004000,-0.016000,-0.050000
2002-11-11,1.461000,1.425000,25.830000,-0.038000,-0.016000,-1.210000
2002-11-18,1.394000,1.406000,25.500000,-0.067000,-0.019000,-0.330000
2002-11-25,1.338000,1.412000,27.730000,-0.056000,0.006000,2.230000
2002-12-02,1.307000,1.410000,26.870000,-0.031000,-0.002000,-0.860000
2002-12-09,1.322000,1.408000,27.030000,0.015000,-0.002000,0.160000
2002-12-16,1.352000,1.399000,28.390000,0.030000,-0.009000,1.360000
2002-12-23,1.422000,1.438000,30.570000,0.070000,0.039000,2.180000
2002-12-30,1.481000,1.493000,32.680000,0.059000,0.055000,2.110000
2003-01-06,1.449000,1.495000,33.260000,-0.032000,0.002000,0.580000
2003-01-13,1.472000,1.467000,31.590000,0.023000,-0.028000,-1.670000
2003-01-20,1.469000,1.459000,33.880000,-0.003000,-0.008000,2.290000
2003-01-27,1.489000,1.472000,34.980000,0.020000,0.013000,1.100000
2003-02-03,1.555000,1.532000,33.510000,0.066000,0.060000,-1.470000
2003-02-10,1.638000,1.652000,35.050000,0.083000,0.120000,1.540000
2003-02-17,1.695000,1.681000,36.610000,0.057000,0.029000,1.560000
2003-02-24,1.653000,1.689000,36.760000,-0.042000,0.008000,0.150000
2003-03-03,1.695000,1.735000,36.760000,0.042000,0.046000,0.000000
2003-03-10,1.722000,1.738000,37.760000,0.027000,0.003000,1.000000
2003-03-17,1.713000,1.708000,35.410000,-0.009000,-0.030000,-2.350000
2003-03-24,1.627000,1.596000,27.180000,-0.086000,-0.112000,-8.230000
2003-03-31,1.553000,1.526000,30.210000,-0.074000,-0.070000,3.030000
2003-04-07,1.544000,1.496000,28.410000,-0.009000,-0.030000,-1.800000
2003-04-14,1.503000,1.496000,28.280000,-0.041000,0.000000,-0.130000
2003-04-21,1.512000,1.500000,30.100000,0.009000,0.004000,1.820000
2003-04-28,1.504000,1.488000,25.920000,-0.008000,-0.012000,-4.180000
2003-05-05,1.434000,1.460000,25.740000,-0.070000,-0.028000,-0.180000
2003-05-12,1.443000,1.424000,27.650000,0.009000,-0.036000,1.910000
2003-05-19,1.503000,1.434000,29.070000,0.060000,0.010000,1.420000
2003-05-26,1.499000,1.424000,29.740000,-0.004000,-0.010000,0.670000
2003-06-02,1.476000,1.416000,29.560000,-0.023000,-0.008000,-0.180000
2003-06-09,1.533000,1.418000,31.260000,0.057000,0.002000,1.700000
2003-06-16,1.545000,1.410000,30.630000,0.012000,-0.008000,-0.630000
2003-06-23,1.478000,1.401000,30.630000,-0.067000,-0.009000,0.000000
2003-06-30,1.470000,1.398000,29.180000,-0.008000,-0.003000,-1.450000
2003-07-07,1.477000,1.404000,30.390000,0.007000,0.006000,1.210000
2003-07-14,1.522000,1.408000,31.330000,0.045000,0.004000,0.940000
2003-07-21,1.525000,1.410000,31.960000,0.003000,0.002000,0.630000
2003-07-28,1.510000,1.409000,30.310000,-0.015000,-0.001000,-1.650000
2003-08-04,1.567000,1.430000,32.230000,0.057000,0.021000,1.920000
2003-08-11,1.594000,1.474000,32.230000,0.027000,0.044000,0.000000
2003-08-18,1.624000,1.474000,31.010000,0.030000,0.000000,-1.220000
2003-08-25,1.751000,1.479000,31.640000,0.127000,0.005000,0.630000
2003-09-01,1.725000,1.479000,31.760000,-0.026000,0.000000,0.120000
2003-09-08,1.676000,1.472000,28.930000,-0.049000,-0.007000,-2.830000
2003-09-15,1.685000,1.460000,28.260000,0.009000,-0.012000,-0.670000
2003-09-22,1.598000,1.426000,26.930000,-0.087000,-0.034000,-1.330000
2003-09-29,1.518000,1.411000,28.210000,-0.080000,-0.015000,1.280000
2003-10-06,1.532000,1.435000,30.370000,0.014000,0.024000,2.160000
2003-10-13,1.555000,1.486000,32.010000,0.023000,0.051000,1.640000
2003-10-20,1.590000,1.508000,30.610000,0.035000,0.022000,-1.400000
2003-10-27,1.539000,1.498000,29.990000,-0.051000,-0.010000,-0.620000
2003-11-03,1.548000,1.478000,29.240000,0.009000,-0.020000,-0.750000
2003-11-10,1.491000,1.467000,30.730000,-0.057000,-0.011000,1.490000
2003-11-17,1.479000,1.465000,32.310000,-0.012000,-0.002000,1.580000
2003-11-24,1.515000,1.469000,32.260000,0.036000,0.004000,-0.050000
2003-12-01,1.463000,1.448000,30.330000,-0.052000,-0.021000,-1.930000
2003-12-08,1.453000,1.448000,30.680000,-0.010000,0.000000,0.350000
2003-12-15,1.442000,1.454000,33.060000,-0.011000,0.006000,2.380000
2003-12-22,1.486000,1.476000,32.810000,0.044000,0.022000,-0.250000
2003-12-29,1.469000,1.472000,32.990000,-0.017000,-0.004000,0.180000
2004-01-05,1.529000,1.473000,32.510000,0.060000,0.001000,-0.480000
2004-01-12,1.573000,1.518000,34.380000,0.044000,0.045000,1.870000
2004-01-19,1.609000,1.526000,35.160000,0.036000,0.008000,0.780000
2004-01-26,1.647000,1.564000,34.940000,0.038000,0.038000,-0.220000
2004-02-02,1.609000,1.551000,33.160000,-0.038000,-0.013000,-1.780000
2004-02-09,1.649000,1.525000,32.490000,0.040000,-0.026000,-0.670000
2004-02-16,1.652000,1.544000,34.510000,0.003000,0.019000,2.020000
2004-02-23,1.680000,1.555000,35.800000,0.028000,0.011000,1.290000
2004-03-01,1.702000,1.579000,36.080000,0.022000,0.024000,0.280000
2004-03-08,1.713000,1.588000,37.310000,0.011000,0.009000,1.230000
2004-03-15,1.675000,1.582000,36.210000,-0.038000,-0.006000,-1.100000
2004-03-22,1.712000,1.615000,38.090000,0.037000,0.033000,1.880000
2004-03-29,1.744000,1.616000,35.610000,0.032000,0.001000,-2.480000
2004-04-05,1.758000,1.610000,34.390000,0.014000,-0.006000,-1.220000
2004-04-12,1.765000,1.631000,37.140000,0.007000,0.021000,2.750000
2004-04-19,1.806000,1.679000,37.700000,0.041000,0.048000,0.560000
2004-04-26,1.802000,1.670000,37.220000,-0.004000,-0.009000,-0.480000
2004-05-03,1.848000,1.657000,37.310000,0.046000,-0.013000,0.090000
2004-05-10,1.938000,1.667000,39.980000,0.090000,0.010000,2.670000
2004-05-17,2.030000,1.688000,41.420000,0.092000,0.021000,1.440000
2004-05-24,2.077000,1.687000,39.830000,0.047000,-0.001000,-1.590000
2004-05-31,2.027000,1.684000,39.900000,-0.050000,-0.003000,0.070000
2004-06-07,2.003000,1.675000,38.440000,-0.024000,-0.009000,-1.460000
2004-06-14,1.911000,1.657000,38.450000,-0.092000,-0.018000,0.010000
2004-06-21,1.842000,1.652000,38.680000,-0.069000,-0.005000,0.230000
2004-06-28,1.846000,1.650000,37.340000,0.004000,-0.002000,-1.340000
2004-07-05,1.832000,1.670000,38.370000,-0.014000,0.020000,1.030000
2004-07-12,1.895000,1.694000,39.900000,0.063000,0.024000,1.530000
2004-07-19,1.920000,1.699000,41.100000,0.025000,0.005000,1.200000
2004-07-26,1.875000,1.709000,41.820000,-0.045000,0.010000,0.720000
2004-08-02,1.873000,1.738000,43.720000,-0.002000,0.029000,1.900000
2004-08-09,1.875000,1.781000,43.950000,0.002000,0.043000,0.230000
2004-08-16,1.889000,1.797000,46.610000,0.014000,0.016000,2.660000
2004-08-23,1.892000,1.846000,47.600000,0.003000,0.049000,0.990000
2004-08-30,1.838000,1.844000,43.110000,-0.054000,-0.002000,-4.490000
2004-09-06,1.822000,1.845000,43.940000,-0.016000,0.001000,0.830000
2004-09-13,1.832000,1.847000,42.840000,0.010000,0.002000,-1.100000
2004-09-20,1.877000,1.882000,45.630000,0.045000,0.035000,2.790000
2004-09-27,1.936000,1.982000,48.860000,0.059000,0.100000,3.230000
2004-10-04,1.923000,2.019000,50.160000,-0.013000,0.037000,1.300000
2004-10-11,1.978000,2.055000,53.400000,0.055000,0.036000,3.240000
2004-10-18,2.019000,2.161000,54.890000,0.041000,0.106000,1.490000
2004-10-25,1.997000,2.185000,55.830000,-0.022000,0.024000,0.940000
2004-11-01,2.014000,2.172000,51.780000,0.017000,-0.013000,-4.050000
2004-11-08,1.954000,2.123000,49.650000,-0.060000,-0.049000,-2.130000
2004-11-15,1.906000,2.096000,47.300000,-0.048000,-0.027000,-2.350000
2004-11-22,1.901000,2.083000,48.900000,-0.005000,-0.013000,1.600000
2004-11-29,1.914000,2.086000,49.140000,0.013000,0.003000,0.240000
2004-12-06,1.862000,2.033000,42.560000,-0.052000,-0.053000,-6.580000
2004-12-13,1.759000,1.953000,40.710000,-0.103000,-0.080000,-1.850000
2004-12-20,1.758000,1.944000,46.310000,-0.001000,-0.009000,5.600000
2004-12-27,1.734000,1.959000,42.190000,-0.024000,0.015000,-4.120000
2005-01-03,1.749000,1.929000,43.360000,0.015000,-0.030000,1.170000
2005-01-10,1.802000,1.911000,45.320000,0.053000,-0.018000,1.960000
2005-01-17,1.833000,1.928000,48.410000,0.031000,0.017000,3.090000
2005-01-24,1.877000,1.928000,48.310000,0.044000,0.000000,-0.100000
2005-01-31,1.942000,1.954000,47.150000,0.065000,0.026000,-1.160000
2005-02-07,1.926000,1.938000,46.450000,-0.016000,-0.016000,-0.700000
2005-02-14,1.896000,1.935000,47.150000,-0.030000,-0.003000,0.700000
2005-02-21,1.902000,1.953000,48.450000,0.006000,0.018000,1.300000
2005-02-28,1.948000,2.064000,52.200000,0.046000,0.111000,3.750000
2005-03-07,2.039000,2.113000,53.700000,0.091000,0.049000,1.500000
2005-03-14,2.084000,2.140000,54.400000,0.045000,0.027000,0.700000
2005-03-21,2.147000,2.196000,56.800000,0.063000,0.056000,2.400000
2005-03-28,2.167000,2.203000,49.700000,0.020000,0.007000,-7.100000
2005-04-04,2.226000,2.258000,57.260000,0.059000,0.055000,7.560000
2005-04-11,2.276000,2.263000,53.460000,0.050000,0.005000,-3.800000
2005-04-18,2.178000,2.194000,50.610000,-0.098000,-0.069000,-2.850000
2005-04-25,2.194000,2.230000,54.160000,0.016000,0.036000,3.550000
2005-05-02,2.185000,2.194000,49.200000,-0.009000,-0.036000,-4.960000
2005-05-09,2.105000,2.157000,51.300000,-0.080000,-0.037000,2.100000
2005-05-16,2.100000,2.129000,48.650000,-0.005000,-0.028000,-2.650000
2005-05-23,2.058000,2.097000,47.250000,-0.042000,-0.032000,-1.400000
2005-05-30,2.030000,2.111000,51.650000,-0.028000,0.014000,4.400000
2005-06-06,2.078000,2.198000,55.080000,0.048000,0.087000,3.430000
2005-06-13,2.110000,2.248000,53.550000,0.032000,0.050000,-1.530000
2005-06-20,2.152000,2.294000,58.400000,0.042000,0.046000,4.850000
2005-06-27,2.229000,2.314000,59.630000,0.077000,0.020000,1.230000
2005-07-04,2.223000,2.328000,59.110000,-0.006000,0.014000,-0.520000
2005-07-11,2.344000,2.384000,59.710000,0.121000,0.056000,0.600000
2005-07-18,2.296000,2.361000,58.360000,-0.048000,-0.023000,-1.350000
2005-07-25,2.227000,2.292000,57.750000,-0.069000,-0.069000,-0.610000
2005-08-01,2.248000,2.292000,60.710000,0.021000,0.000000,2.960000
2005-08-08,2.357000,2.336000,62.440000,0.109000,0.044000,1.730000
2005-08-15,2.560000,2.524000,66.710000,0.203000,0.188000,4.270000
2005-08-22,2.635000,2.540000,65.510000,0.075000,0.016000,-1.200000
2005-08-29,2.633000,2.532000,66.050000,-0.002000,-0.008000,0.540000
2005-09-05,3.067000,2.843000,66.910000,0.434000,0.311000,0.860000
2005-09-12,2.922000,2.782000,64.210000,-0.145000,-0.061000,-2.700000
2005-09-19,2.708000,2.648000,62.910000,-0.214000,-0.134000,-1.300000
2005-09-26,2.750000,2.739000,64.670000,0.042000,0.091000,1.760000
2005-10-03,2.932000,3.083000,66.210000,0.182000,0.344000,1.540000
2005-10-10,2.793000,3.123000,61.810000,-0.139000,0.040000,-4.400000
2005-10-17,2.627000,3.144000,62.610000,-0.166000,0.021000,0.800000
2005-10-24,2.483000,3.235000,61.050000,-0.144000,0.091000,-1.560000
2005-10-31,2.357000,2.907000,61.300000,-0.126000,-0.328000,0.250000
2005-11-07,2.262000,2.671000,60.600000,-0.095000,-0.236000,-0.700000
2005-11-14,2.210000,2.575000,57.450000,-0.052000,-0.096000,-3.150000
2005-11-21,2.116000,2.477000,56.300000,-0.094000,-0.098000,-1.150000
2005-11-28,2.083000,2.442000,58.350000,-0.033000,-0.035000,2.050000
2005-12-05,2.149000,2.390000,59.310000,0.066000,-0.052000,0.960000
2005-12-12,2.208000,2.409000,59.410000,0.059000,0.019000,0.100000
2005-12-19,2.247000,2.443000,58.010000,0.039000,0.034000,-1.400000
2005-12-26,2.224000,2.420000,58.080000,-0.023000,-0.023000,0.070000
2006-01-02,2.292000,2.412000,61.060000,0.068000,-0.008000,2.980000
2006-01-09,2.362000,2.451000,64.210000,0.070000,0.039000,3.150000
2006-01-16,2.293000,2.408000,63.860000,-0.069000,-0.043000,-0.350000
2006-01-23,2.313000,2.423000,68.160000,0.020000,0.015000,4.300000
2006-01-30,2.344000,2.431000,67.810000,0.031000,0.008000,-0.350000
2006-02-06,2.310000,2.445000,65.410000,-0.034000,0.014000,-2.400000
2006-02-13,2.219000,2.419000,62.010000,-0.091000,-0.026000,-3.400000
2006-02-20,2.196000,2.398000,59.760000,-0.023000,-0.021000,-2.250000
2006-02-27,2.288000,2.417000,61.460000,0.092000,0.019000,1.700000
2006-03-06,2.410000,2.500000,63.610000,0.122000,0.083000,2.150000
2006-03-13,2.415000,2.491000,59.910000,0.005000,-0.009000,-3.700000
2006-03-20,2.532000,2.533000,62.810000,0.117000,0.042000,2.900000
2006-03-27,2.501000,2.523000,63.900000,-0.031000,-0.010000,1.090000
2006-04-03,2.606000,2.578000,66.250000,0.105000,0.055000,2.350000
2006-04-10,2.684000,2.614000,67.020000,0.078000,0.036000,0.770000
2006-04-17,2.787000,2.735000,69.530000,0.103000,0.121000,2.510000
2006-04-24,2.899000,2.847000,73.730000,0.112000,0.112000,4.200000
2006-05-01,2.856000,2.853000,71.800000,-0.043000,0.006000,-1.930000
2006-05-08,2.814000,2.841000,70.090000,-0.042000,-0.012000,-1.710000
2006-05-15,2.896000,2.870000,71.870000,0.082000,0.029000,1.780000
2006-05-22,2.786000,2.836000,68.440000,-0.110000,-0.034000,-3.430000
2006-05-29,2.790000,2.824000,71.350000,0.004000,-0.012000,2.910000
2006-06-05,2.846000,2.837000,72.730000,0.056000,0.013000,1.380000
2006-06-12,2.860000,2.874000,71.620000,0.014000,0.037000,-1.110000
2006-06-19,2.807000,2.873000,69.750000,-0.053000,-0.001000,-1.870000
2006-06-26,2.851000,2.819000,70.500000,0.044000,-0.054000,0.750000
2006-07-03,2.943000,2.887000,73.940000,0.092000,0.068000,3.440000
2006-07-10,2.998000,2.919000,73.760000,0.055000,0.032000,-0.180000
2006-07-17,3.015000,2.927000,76.800000,0.017000,0.008000,3.040000
2006-07-24,3.023000,2.951000,73.520000,0.008000,0.024000,-3.280000
2006-07-31,3.016000,2.988000,73.300000,-0.007000,0.037000,-0.220000
2006-08-07,3.083000,3.070000,74.780000,0.067000,0.082000,1.480000
2006-08-14,3.000000,3.065000,74.380000,-0.083000,-0.005000,-0.400000
2006-08-21,2.889000,3.041000,70.930000,-0.111000,-0.024000,-3.450000
2006-08-28,2.791000,3.026000,72.130000,-0.098000,-0.015000,1.200000
2006-09-04,2.628000,2.937000,69.240000,-0.163000,-0.089000,-2.890000
2006-09-11,2.480000,2.787000,66.300000,-0.148000,-0.150000,-2.940000
2006-09-18,2.351000,2.624000,63.300000,-0.129000,-0.163000,-3.000000
2006-09-25,2.240000,2.506000,59.790000,-0.111000,-0.118000,-3.510000
2006-10-02,2.201000,2.467000,62.900000,-0.039000,-0.039000,3.110000
2006-10-09,2.184000,2.448000,59.680000,-0.017000,-0.019000,-3.220000
2006-10-16,2.161000,2.459000,58.690000,-0.023000,0.011000,-0.990000
2006-10-23,2.179000,2.502000,57.350000,0.018000,0.043000,-1.340000
2006-10-30,2.226000,2.501000,60.750000,0.047000,-0.001000,3.400000
2006-11-06,2.219000,2.493000,59.130000,-0.007000,-0.008000,-1.620000
2006-11-13,2.249000,2.562000,59.660000,0.030000,0.069000,0.530000
2006-11-20,2.240000,2.554000,55.900000,-0.009000,-0.008000,-3.760000
2006-11-27,2.237000,2.554000,57.280000,-0.003000,0.000000,1.380000
2006-12-04,2.291000,2.578000,63.430000,0.054000,0.024000,6.150000
2006-12-11,2.254000,2.563000,62.060000,-0.037000,-0.015000,-1.370000
2006-12-18,2.303000,2.555000,63.400000,0.049000,-0.008000,1.340000
2006-12-25,2.304000,2.550000,61.810000,0.001000,-0.005000,-1.590000
2007-01-01,2.295000,2.534000,60.850000,-0.009000,-0.016000,-0.960000
2007-01-08,2.242000,2.483000,56.290000,-0.053000,-0.051000,-4.560000
2007-01-15,2.110000,2.408000,52.960000,-0.132000,-0.075000,-3.330000
2007-01-22,2.025000,2.371000,51.980000,-0.085000,-0.037000,-0.980000
2007-01-29,2.115000,2.349000,55.380000,0.090000,-0.022000,3.400000
2007-02-05,2.174000,2.377000,59.010000,0.059000,0.028000,3.630000
2007-02-12,2.256000,2.429000,59.860000,0.082000,0.052000,0.850000
2007-02-19,2.316000,2.444000,59.380000,0.060000,0.015000,-0.480000
2007-02-26,2.400000,2.523000,60.280000,0.084000,0.079000,0.900000
2007-03-05,2.496000,2.606000,61.580000,0.096000,0.083000,1.300000
2007-03-12,2.517000,2.673000,60.060000,0.021000,0.067000,-1.520000
2007-03-19,2.516000,2.666000,57.060000,-0.001000,-0.007000,-3.000000
2007-03-26,2.548000,2.655000,61.070000,0.032000,-0.011000,4.010000
2007-04-02,2.643000,2.780000,65.940000,0.095000,0.125000,4.870000
2007-04-09,2.776000,2.835000,64.260000,0.133000,0.055000,-1.680000
2007-04-16,2.838000,2.864000,63.630000,0.062000,0.029000,-0.630000
2007-04-23,2.808000,2.831000,63.560000,-0.030000,-0.033000,-0.070000
2007-04-30,2.957000,2.775000,66.450000,0.149000,-0.056000,2.890000
2007-05-07,3.106000,2.754000,61.890000,0.149000,-0.021000,-4.560000
2007-05-14,3.200000,2.740000,62.350000,0.094000,-0.014000,0.460000
2007-05-21,3.353000,2.773000,64.930000,0.153000,0.033000,2.580000
2007-05-28,3.350000,2.783000,64.590000,-0.003000,0.010000,-0.340000
2007-06-04,3.256000,2.764000,65.090000,-0.094000,-0.019000,0.500000
2007-06-11,3.105000,2.753000,64.780000,-0.151000,-0.011000,-0.310000
2007-06-18,3.015000,2.774000,68.040000,-0.090000,0.021000,3.260000
2007-06-25,3.000000,2.806000,68.850000,-0.015000,0.032000,0.810000
2007-07-02,2.984000,2.805000,70.470000,-0.016000,-0.001000,1.620000
2007-07-09,3.072000,2.822000,72.800000,0.088000,0.017000,2.330000
2007-07-16,3.197000,2.878000,73.890000,0.125000,0.056000,1.090000
2007-07-23,3.011000,2.882000,75.530000,-0.186000,0.004000,1.640000
2007-07-30,2.877000,2.885000,77.030000,-0.134000,0.003000,1.500000
2007-08-06,2.857000,2.887000,75.410000,-0.020000,0.002000,-1.620000
2007-08-13,2.799000,2.835000,71.490000,-0.058000,-0.052000,-3.920000
2007-08-20,2.901000,2.864000,71.900000,0.102000,0.029000,0.410000
2007-08-27,2.869000,2.870000,71.170000,-0.032000,0.006000,-0.730000
2007-09-03,3.002000,2.910000,73.980000,0.133000,0.040000,2.810000
2007-09-10,3.007000,2.942000,76.700000,0.005000,0.032000,2.720000
2007-09-17,2.889000,2.984000,79.140000,-0.118000,0.042000,2.440000
2007-09-24,2.892000,3.054000,83.380000,0.003000,0.070000,4.240000
2007-10-01,2.814000,3.061000,81.640000,-0.078000,0.007000,-1.740000
2007-10-08,2.788000,3.028000,81.200000,-0.026000,-0.033000,-0.440000
2007-10-15,2.769000,3.025000,83.730000,-0.019000,-0.003000,2.530000
2007-10-22,2.821000,3.067000,88.580000,0.052000,0.042000,4.850000
2007-10-29,2.898000,3.122000,91.730000,0.077000,0.055000,3.150000
2007-11-05,3.069000,3.278000,95.810000,0.171000,0.156000,4.080000
2007-11-12,3.158000,3.403000,96.360000,0.089000,0.125000,0.550000
2007-11-19,3.101000,3.389000,94.810000,-0.057000,-0.014000,-1.550000
2007-11-26,3.090000,3.423000,98.240000,-0.011000,0.034000,3.430000
2007-12-03,3.028000,3.385000,88.600000,-0.062000,-0.038000,-9.640000
2007-12-10,2.929000,3.276000,88.230000,-0.099000,-0.109000,-0.370000
2007-12-17,2.977000,3.271000,91.310000,0.048000,-0.005000,3.080000
2007-12-24,2.950000,3.277000,93.190000,-0.027000,0.006000,1.880000
2007-12-31,3.064000,3.309000,96.030000,0.114000,0.032000,2.840000
2008-01-07,3.133000,3.345000,97.900000,0.069000,0.036000,1.870000
2008-01-14,3.043000,3.288000,92.740000,-0.090000,-0.057000,-5.160000
2008-01-21,2.991000,3.228000,90.550000,-0.052000,-0.060000,-2.190000
2008-01-28,2.955000,3.218000,90.370000,-0.036000,-0.010000,-0.180000
2008-02-04,2.995000,3.243000,89.030000,0.040000,0.025000,-1.340000
2008-02-11,2.974000,3.249000,91.770000,-0.021000,0.006000,2.740000
2008-02-18,3.078000,3.365000,95.570000,0.104000,0.116000,3.800000
2008-02-25,3.111000,3.525000,99.030000,0.033000,0.160000,3.460000
2008-03-03,3.111000,3.639000,101.780000,0.000000,0.114000,2.750000
2008-03-10,3.224000,3.784000,105.120000,0.113000,0.145000,3.340000
2008-03-17,3.284000,3.958000,110.030000,0.060000,0.174000,4.910000
2008-03-24,3.225000,3.964000,102.570000,-0.059000,0.006000,-7.460000
2008-03-31,3.280000,3.929000,105.590000,0.055000,-0.035000,3.020000
2008-04-07,3.330000,3.917000,106.090000,0.050000,-0.012000,0.500000
2008-04-14,3.391000,4.013000,110.140000,0.061000,0.096000,4.050000
2008-04-21,3.502000,4.098000,116.560000,0.111000,0.085000,6.420000
2008-04-28,3.600000,4.133000,119.640000,0.098000,0.035000,3.080000
2008-05-05,3.611000,4.101000,116.360000,0.011000,-0.032000,-3.280000
2008-05-12,3.769000,4.298000,125.940000,0.158000,0.197000,9.580000
2008-05-19,3.832000,4.463000,126.500000,0.063000,0.165000,0.560000
2008-05-26,3.983000,4.667000,131.580000,0.151000,0.204000,5.080000
2008-06-02,3.984000,4.643000,127.350000,0.001000,-0.024000,-4.230000
2008-06-09,4.015000,4.615000,138.510000,0.031000,-0.028000,11.160000
2008-06-16,4.030000,4.618000,134.840000,0.015000,0.003000,-3.670000
2008-06-23,4.030000,4.574000,134.780000,0.000000,-0.044000,-0.060000
2008-06-30,4.064000,4.571000,139.690000,0.034000,-0.003000,4.910000
2008-07-07,4.092000,4.654000,145.310000,0.028000,0.083000,5.620000
2008-07-14,4.099000,4.698000,144.960000,0.007000,0.044000,-0.350000
2008-07-21,4.014000,4.649000,128.940000,-0.085000,-0.049000,-16.020000
2008-07-28,3.860000,4.518000,122.590000,-0.154000,-0.131000,-6.350000
2008-08-04,3.806000,4.419000,125.030000,-0.054000,-0.099000,2.440000
2008-08-11,3.765000,4.267000,115.420000,-0.041000,-0.152000,-9.610000
2008-08-18,3.740000,4.130000,113.460000,-0.025000,-0.137000,-1.960000
2008-08-25,3.719000,4.073000,114.480000,-0.021000,-0.057000,1.020000
2008-09-01,3.705000,4.066000,115.550000,-0.014000,-0.007000,1.070000
2008-09-08,3.669000,4.015000,106.470000,-0.036000,-0.051000,-9.080000
2008-09-15,3.984000,3.973000,101.190000,0.315000,-0.042000,-5.280000
2008-09-22,3.792000,3.931000,104.050000,-0.192000,-0.042000,2.860000
2008-09-29,3.647000,3.936000,106.770000,-0.145000,0.005000,2.720000
2008-10-06,3.431000,3.858000,93.910000,-0.216000,-0.078000,-12.860000
2008-10-13,3.028000,3.641000,77.440000,-0.403000,-0.217000,-16.470000
2008-10-20,2.807000,3.447000,71.900000,-0.221000,-0.194000,-5.540000
2008-10-27,2.534000,3.244000,63.340000,-0.273000,-0.203000,-8.560000
2008-11-03,2.272000,3.018000,68.100000,-0.262000,-0.226000,4.760000
2008-11-10,2.095000,2.888000,61.060000,-0.177000,-0.130000,-7.040000
2008-11-17,1.967000,2.764000,57.180000,-0.128000,-0.124000,-3.880000
2008-11-24,1.785000,2.624000,49.220000,-0.182000,-0.140000,-7.960000
2008-12-01,1.753000,2.578000,55.210000,-0.032000,-0.046000,5.990000
2008-12-08,1.636000,2.491000,41.010000,-0.117000,-0.087000,-14.200000
2008-12-15,1.678000,2.406000,46.270000,0.042000,-0.085000,5.260000
2008-12-22,1.657000,2.359000,33.170000,-0.021000,-0.047000,-13.100000
2008-12-29,1.601000,2.314000,37.580000,-0.056000,-0.045000,4.410000
2009-01-05,1.767000,2.272000,46.170000,0.166000,-0.042000,8.590000
2009-01-12,1.857000,2.289000,40.690000,0.090000,0.017000,-5.480000
2009-01-19,1.908000,2.264000,35.380000,0.051000,-0.025000,-5.310000
2009-01-26,1.853000,2.232000,45.120000,-0.055000,-0.032000,9.740000
2009-02-02,1.904000,2.201000,41.730000,0.051000,-0.031000,-3.390000
2009-02-09,1.897000,2.173000,40.240000,-0.007000,-0.028000,-1.490000
2009-02-16,1.939000,2.137000,37.630000,0.042000,-0.036000,-2.610000
2009-02-23,1.843000,2.071000,39.350000,-0.096000,-0.066000,1.720000
2009-03-02,1.921000,2.030000,44.150000,0.078000,-0.041000,4.800000
2009-03-09,1.952000,1.988000,45.430000,0.031000,-0.042000,1.280000
2009-03-16,1.885000,1.965000,46.220000,-0.067000,-0.023000,0.790000
2009-03-23,1.982000,2.038000,51.550000,0.097000,0.073000,5.330000
2009-03-30,2.064000,2.176000,52.410000,0.082000,0.138000,0.860000
2009-04-06,2.020000,2.178000,52.520000,-0.044000,0.002000,0.110000
2009-04-13,2.040000,2.175000,52.240000,0.020000,-0.003000,-0.280000
2009-04-20,2.042000,2.166000,50.360000,0.002000,-0.009000,-1.880000
2009-04-27,2.023000,2.142000,50.650000,-0.019000,-0.024000,0.290000
2009-05-04,2.085000,2.124000,52.180000,0.062000,-0.018000,1.530000
2009-05-11,2.292000,2.156000,58.580000,0.207000,0.032000,6.400000
2009-05-18,2.333000,2.170000,56.520000,0.041000,0.014000,-2.060000
2009-05-25,2.504000,2.229000,61.150000,0.171000,0.059000,4.630000
2009-06-01,2.619000,2.322000,66.310000,0.115000,0.093000,5.160000
2009-06-08,2.738000,2.474000,68.430000,0.119000,0.152000,2.120000
2009-06-15,2.721000,2.546000,72.130000,-0.017000,0.072000,3.700000
2009-06-22,2.699000,2.587000,69.600000,-0.022000,0.041000,-2.530000
2009-06-29,2.607000,2.578000,69.160000,-0.092000,-0.009000,-0.440000
2009-07-06,2.583000,2.565000,66.680000,-0.024000,-0.013000,-2.480000
2009-07-13,2.469000,2.512000,59.930000,-0.114000,-0.053000,-6.750000
2009-07-20,2.392000,2.470000,63.560000,-0.077000,-0.042000,3.630000
2009-07-27,2.493000,2.500000,66.960000,0.101000,0.030000,3.400000
2009-08-03,2.547000,2.520000,69.260000,0.054000,0.020000,2.300000
2009-08-10,2.628000,2.601000,70.970000,0.081000,0.081000,1.710000
2009-08-17,2.581000,2.623000,67.510000,-0.047000,0.022000,-3.460000
2009-08-24,2.580000,2.637000,73.120000,-0.001000,0.014000,5.610000
2009-08-31,2.555000,2.649000,72.720000,-0.025000,0.012000,-0.400000
2009-09-07,2.497000,2.628000,67.950000,-0.058000,-0.021000,-4.770000
2009-09-14,2.498000,2.607000,69.340000,0.001000,-0.021000,1.390000
2009-09-21,2.480000,2.598000,71.950000,-0.018000,-0.009000,2.610000
2009-09-28,2.410000,2.585000,65.910000,-0.070000,-0.013000,-6.040000
2009-10-05,2.393000,2.561000,69.800000,-0.017000,-0.024000,3.890000
2009-10-12,2.474000,2.581000,71.750000,0.081000,0.020000,1.950000
2009-10-19,2.574000,2.693000,78.540000,0.100000,0.112000,6.790000
2009-10-26,2.690000,2.790000,80.110000,0.116000,0.097000,1.570000
2009-11-02,2.705000,2.786000,77.040000,0.015000,-0.004000,-3.070000
2009-11-09,2.648000,2.779000,77.400000,-0.057000,-0.007000,0.360000
2009-11-16,2.579000,2.769000,76.340000,-0.069000,-0.010000,-1.060000
2009-11-23,2.616000,2.762000,76.830000,0.037000,-0.007000,0.490000
2009-11-30,2.604000,2.748000,75.950000,-0.012000,-0.014000,-0.880000
2009-12-07,2.601000,2.742000,75.410000,-0.003000,-0.006000,-0.540000
2009-12-14,2.550000,2.720000,69.860000,-0.051000,-0.022000,-5.550000
2009-12-21,2.560000,2.708000,73.300000,0.010000,-0.012000,3.440000
2009-12-28,2.593000,2.707000,76.830000,0.033000,-0.001000,3.530000
2010-01-04,2.671000,2.771000,79.390000,0.078000,0.064000,2.560000
2010-01-11,2.761000,2.844000,82.740000,0.090000,0.073000,3.350000
2010-01-18,2.716000,2.834000,77.960000,-0.045000,-0.010000,-4.780000
2010-01-25,2.659000,2.790000,74.250000,-0.057000,-0.044000,-3.710000
2010-02-01,2.598000,2.731000,72.850000,-0.061000,-0.059000,-1.400000
2010-02-08,2.610000,2.724000,71.150000,0.012000,-0.007000,-1.700000
2010-02-15,2.538000,2.705000,74.110000,-0.072000,-0.019000,2.960000
2010-02-22,2.641000,2.794000,79.770000,0.103000,0.089000,5.660000
2010-03-01,2.676000,2.825000,79.720000,0.035000,0.031000,-0.050000
2010-03-08,2.730000,2.871000,81.500000,0.054000,0.046000,1.780000
2010-03-15,2.774000,2.895000,81.260000,0.044000,0.024000,-0.240000
2010-03-22,2.839000,2.922000,80.580000,0.065000,0.027000,-0.680000
2010-03-29,2.789000,2.910000,79.750000,-0.050000,-0.012000,-0.830000
2010-04-05,2.839000,2.989000,84.530000,0.050000,0.079000,4.780000
2010-04-12,2.869000,3.045000,84.600000,0.030000,0.056000,0.070000
2010-04-19,2.881000,3.044000,82.970000,0.012000,-0.001000,-1.630000
2010-04-26,2.843000,3.053000,84.340000,-0.038000,0.009000,1.370000
2010-05-03,2.918000,3.096000,86.070000,0.075000,0.043000,1.730000
2010-05-10,2.906000,3.102000,75.100000,-0.012000,0.006000,-10.970000
2010-05-17,2.838000,3.067000,71.610000,-0.068000,-0.035000,-3.490000
2010-05-24,2.731000,2.985000,68.030000,-0.107000,-0.082000,-3.580000
2010-05-31,2.665000,2.940000,74.000000,-0.066000,-0.045000,5.970000
2010-06-07,2.700000,2.904000,71.430000,0.035000,-0.036000,-2.570000
2010-06-14,2.680000,2.892000,73.890000,-0.020000,-0.012000,2.460000
2010-06-21,2.749000,2.936000,77.180000,0.069000,0.044000,3.290000
2010-06-28,2.766000,2.930000,78.450000,0.017000,-0.006000,1.270000
2010-07-05,2.710000,2.890000,72.060000,-0.056000,-0.040000,-6.390000
2010-07-12,2.716000,2.865000,76.080000,0.006000,-0.025000,4.020000
2010-07-19,2.736000,2.866000,75.960000,0.020000,0.001000,-0.120000
2010-07-26,2.774000,2.891000,78.680000,0.038000,0.025000,2.720000
2010-08-02,2.730000,2.900000,78.850000,-0.044000,0.009000,0.170000
2010-08-09,2.791000,2.966000,80.670000,0.061000,0.066000,1.820000
2010-08-16,2.717000,2.953000,75.390000,-0.074000,-0.013000,-5.280000
2010-08-23,2.662000,2.927000,73.450000,-0.055000,-0.026000,-1.940000
2010-08-30,2.672000,2.909000,75.170000,0.010000,-0.018000,1.720000
2010-09-06,2.709000,2.900000,74.520000,0.037000,-0.009000,-0.650000
2010-09-13,2.813000,2.920000,76.400000,0.104000,0.020000,1.880000
2010-09-20,2.778000,2.944000,73.630000,-0.035000,0.024000,-2.770000
2010-09-27,2.712000,2.928000,74.630000,-0.066000,-0.016000,1.000000
2010-10-04,2.771000,2.990000,81.570000,0.059000,0.062000,6.940000
2010-10-11,2.867000,3.055000,82.660000,0.096000,0.065000,1.090000
2010-10-18,2.842000,3.063000,81.230000,-0.025000,0.008000,-1.430000
2010-10-25,2.801000,3.048000,81.150000,-0.041000,-0.015000,-0.080000
2010-11-01,2.795000,3.049000,81.450000,-0.006000,0.001000,0.300000
2010-11-08,2.928000,3.102000,86.850000,0.133000,0.053000,5.400000
2010-11-15,2.913000,3.167000,84.890000,-0.015000,0.065000,-1.960000
2010-11-22,2.861000,3.156000,81.650000,-0.052000,-0.011000,-3.240000
2010-11-29,2.823000,3.144000,83.870000,-0.038000,-0.012000,2.220000
2010-12-06,2.962000,3.175000,89.180000,0.139000,0.031000,5.310000
2010-12-13,2.967000,3.205000,87.810000,0.005000,0.030000,-1.370000
2010-12-20,2.972000,3.229000,88.020000,0.005000,0.024000,0.210000
2010-12-27,3.085000,3.278000,90.840000,0.113000,0.049000,2.820000
2011-01-03,3.100000,3.303000,91.380000,0.015000,0.025000,0.540000
2011-01-10,3.120000,3.302000,88.070000,0.020000,-0.001000,-3.310000
2011-01-17,3.125000,3.371000,91.530000,0.005000,0.069000,3.460000
2011-01-24,3.122000,3.392000,88.220000,-0.003000,0.021000,-3.310000
2011-01-31,3.122000,3.399000,88.150000,0.000000,0.007000,-0.070000
2011-02-07,3.159000,3.475000,87.870000,0.037000,0.076000,-0.280000
2011-02-14,3.125000,3.479000,84.390000,-0.034000,0.004000,-3.480000
2011-02-21,3.175000,3.517000,85.030000,0.050000,0.038000,0.640000
2011-02-28,3.403000,3.661000,96.520000,0.228000,0.144000,11.490000
2011-03-07,3.521000,3.823000,104.340000,0.118000,0.162000,7.820000
2011-03-14,3.561000,3.859000,101.140000,0.040000,0.036000,-3.200000
2011-03-21,3.554000,3.855000,101.060000,-0.007000,-0.004000,-0.080000
2011-03-28,3.587000,3.883000,104.890000,0.033000,0.028000,3.830000
2011-04-04,3.718000,3.932000,107.550000,0.131000,0.049000,2.660000
2011-04-11,3.841000,4.040000,112.270000,0.123000,0.108000,4.720000
2011-04-18,3.883000,4.068000,109.170000,0.042000,0.028000,-3.100000
2011-04-25,3.938000,4.061000,111.720000,0.055000,-0.007000,2.550000
2011-05-02,4.047000,4.086000,113.390000,0.109000,0.025000,1.670000
2011-05-09,4.018000,4.066000,96.870000,-0.029000,-0.020000,-16.520000
2011-05-16,4.010000,4.015000,99.210000,-0.008000,-0.051000,2.340000
2011-05-23,3.852000,3.942000,99.150000,-0.158000,-0.073000,-0.060000
2011-05-30,3.836000,3.896000,100.580000,-0.016000,-0.046000,1.430000
2011-06-06,3.894000,3.889000,100.280000,0.058000,-0.007000,-0.300000
2011-06-13,3.760000,3.905000,99.300000,-0.134000,0.016000,-0.980000
2011-06-20,3.651000,3.904000,93.020000,-0.109000,-0.001000,-6.280000
2011-06-27,3.529000,3.842000,90.890000,-0.122000,-0.062000,-2.130000
2011-07-04,3.631000,3.818000,94.810000,0.102000,-0.024000,3.920000
2011-07-11,3.704000,3.875000,96.200000,0.073000,0.057000,1.390000
2011-07-18,3.729000,3.903000,97.240000,0.025000,0.028000,1.040000
2011-07-25,3.730000,3.925000,99.530000,0.001000,0.022000,2.290000
2011-08-01,3.753000,3.918000,95.680000,0.023000,-0.007000,-3.850000
2011-08-08,3.701000,3.875000,86.890000,-0.052000,-0.043000,-8.790000
2011-08-15,3.619000,3.815000,85.190000,-0.082000,-0.060000,-1.700000
2011-08-22,3.605000,3.789000,82.330000,-0.014000,-0.026000,-2.860000
2011-08-29,3.709000,3.803000,85.370000,0.104000,0.014000,3.040000
2011-09-05,3.745000,3.852000,86.450000,0.036000,0.049000,1.080000
2011-09-12,3.717000,3.841000,87.240000,-0.028000,-0.011000,0.790000
2011-09-19,3.609000,3.799000,87.960000,-0.108000,-0.042000,0.720000
2011-09-26,3.467000,3.738000,79.580000,-0.142000,-0.061000,-8.380000
2011-10-03,3.358000,3.699000,78.930000,-0.109000,-0.039000,-0.650000
2011-10-10,3.373000,3.671000,82.700000,0.015000,-0.028000,3.770000
2011-10-17,3.450000,3.754000,86.800000,0.077000,0.083000,4.100000
2011-10-24,3.396000,3.782000,87.190000,-0.054000,0.028000,0.390000
2011-10-31,3.422000,3.866000,93.320000,0.026000,0.084000,6.130000
2011-11-07,3.375000,3.863000,94.260000,-0.047000,-0.003000,0.940000
2011-11-14,3.414000,3.987000,98.990000,0.039000,0.124000,4.730000
2011-11-21,3.308000,4.010000,97.670000,-0.106000,0.023000,-1.320000
2011-11-28,3.227000,3.949000,96.910000,-0.081000,-0.061000,-0.760000
2011-12-05,3.251000,3.907000,100.970000,0.024000,-0.042000,4.060000
2011-12-12,3.266000,3.848000,99.400000,0.015000,-0.059000,-1.570000
2011-12-19,3.186000,3.765000,93.550000,-0.080000,-0.083000,-5.850000
2011-12-26,3.270000,3.706000,99.720000,0.084000,-0.059000,6.170000
2012-01-02,3.308000,3.683000,98.830000,0.038000,-0.023000,-0.890000
2012-01-09,3.395000,3.717000,101.560000,0.087000,0.034000,2.730000
2012-01-16,3.403000,3.746000,98.690000,0.008000,0.029000,-2.870000
2012-01-23,3.346000,3.736000,98.150000,-0.057000,-0.010000,-0.540000
2012-01-30,3.390000,3.734000,99.470000,0.044000,-0.002000,1.320000
2012-02-06,3.450000,3.751000,97.800000,0.060000,0.017000,-1.670000
2012-02-13,3.444000,3.857000,98.680000,-0.006000,0.106000,0.880000
2012-02-20,3.504000,3.848000,103.270000,0.060000,-0.009000,4.590000
2012-02-27,3.662000,3.914000,109.390000,0.158000,0.066000,6.120000
2012-03-05,3.781000,3.974000,106.680000,0.119000,0.060000,-2.710000
2012-03-12,3.847000,4.016000,107.400000,0.066000,0.042000,0.720000
2012-03-19,3.877000,4.040000,107.030000,0.030000,0.024000,-0.370000
2012-03-26,3.937000,4.046000,106.430000,0.060000,0.006000,-0.600000
2012-04-02,3.941000,4.042000,103.030000,0.004000,-0.004000,-3.400000
2012-04-09,3.897000,4.055000,103.290000,-0.044000,0.013000,0.260000
2012-04-16,3.891000,4.021000,102.840000,-0.006000,-0.034000,-0.450000
2012-04-23,3.811000,3.974000,103.580000,-0.080000,-0.047000,0.740000
2012-04-30,3.788000,3.971000,104.860000,-0.023000,-0.003000,1.280000
2012-05-07,3.761000,3.962000,98.490000,-0.027000,-0.009000,-6.370000
2012-05-14,3.679000,3.897000,96.030000,-0.082000,-0.065000,-2.460000
2012-05-21,3.665000,3.854000,91.510000,-0.014000,-0.043000,-4.520000
2012-05-28,3.631000,3.795000,90.640000,-0.034000,-0.059000,-0.870000
2012-06-04,3.558000,3.746000,83.170000,-0.073000,-0.049000,-7.470000
2012-06-11,3.578000,3.696000,84.080000,0.020000,-0.050000,0.910000
2012-06-18,3.598000,3.655000,84.030000,0.020000,-0.041000,-0.050000
2012-06-25,3.466000,3.606000,79.330000,-0.132000,-0.049000,-4.700000
2012-07-02,3.357000,3.580000,85.040000,-0.109000,-0.026000,5.710000
2012-07-09,3.480000,3.638000,84.370000,0.123000,0.058000,-0.670000
2012-07-16,3.458000,3.659000,87.150000,-0.022000,0.021000,2.780000
2012-07-23,3.520000,3.749000,91.560000,0.062000,0.090000,4.410000
2012-07-30,3.553000,3.782000,90.130000,0.033000,0.033000,-1.430000
2012-08-06,3.813000,3.851000,91.400000,0.260000,0.069000,1.270000
2012-08-13,3.826000,3.968000,92.940000,0.013000,0.117000,1.540000
2012-08-20,3.801000,4.015000,96.000000,-0.025000,0.047000,3.060000
2012-08-27,3.818000,4.050000,95.780000,0.017000,0.035000,-0.220000
2012-09-03,3.914000,4.072000,96.470000,0.096000,0.022000,0.690000
2012-09-10,3.897000,4.079000,96.410000,-0.017000,0.007000,-0.060000
2012-09-17,3.932000,4.080000,98.940000,0.035000,0.001000,2.530000
2012-09-24,3.853000,4.017000,92.640000,-0.079000,-0.063000,-6.300000
2012-10-01,3.823000,4.013000,92.180000,-0.030000,-0.004000,-0.460000
2012-10-08,3.812000,4.040000,89.870000,-0.011000,0.027000,-2.310000
2012-10-15,3.726000,4.150000,91.830000,-0.086000,0.110000,1.960000
2012-10-22,3.528000,4.101000,90.000000,-0.198000,-0.049000,-1.830000
2012-10-29,3.435000,3.984000,85.840000,-0.093000,-0.117000,-4.160000
2012-11-05,3.367000,3.959000,84.900000,-0.068000,-0.025000,-0.940000
2012-11-12,3.377000,3.908000,86.080000,0.010000,-0.051000,1.180000
2012-11-19,3.387000,3.909000,86.620000,0.010000,0.001000,0.540000
2012-11-26,3.432000,4.023000,87.010000,0.045000,0.114000,0.390000
2012-12-03,3.364000,4.014000,88.540000,-0.068000,-0.009000,1.530000
2012-12-10,3.328000,3.977000,85.450000,-0.036000,-0.037000,-3.090000
2012-12-17,3.187000,3.918000,86.320000,-0.141000,-0.059000,0.870000
2012-12-24,3.217000,3.893000,88.200000,0.030000,-0.025000,1.880000
2012-12-31,3.266000,3.885000,90.660000,0.049000,-0.008000,2.460000
2013-01-07,3.190000,3.870000,93.120000,-0.076000,-0.015000,2.460000
2013-01-14,3.204000,3.834000,93.600000,0.014000,-0.036000,0.480000
2013-01-21,3.269000,3.845000,95.610000,0.065000,0.011000,2.010000
2013-01-28,3.333000,3.866000,95.150000,0.064000,0.021000,-0.460000
2013-02-04,3.556000,3.978000,97.460000,0.223000,0.112000,2.310000
2013-02-11,3.624000,4.080000,95.710000,0.068000,0.102000,-1.750000
2013-02-18,3.806000,4.132000,95.950000,0.182000,0.052000,0.240000
2013-02-25,3.778000,4.121000,93.120000,-0.028000,-0.011000,-2.830000
2013-03-04,3.752000,4.085000,90.710000,-0.026000,-0.036000,-2.410000
2013-03-11,3.661000,4.043000,92.010000,-0.091000,-0.042000,1.300000
2013-03-18,3.689000,4.015000,93.490000,0.028000,-0.028000,1.480000
2013-03-25,3.699000,3.979000,93.410000,0.010000,-0.036000,-0.080000
2013-04-01,3.641000,3.970000,97.240000,-0.058000,-0.009000,3.830000
2013-04-08,3.596000,3.956000,92.760000,-0.045000,-0.014000,-4.480000
2013-04-15,3.497000,3.923000,91.230000,-0.099000,-0.033000,-1.530000
2013-04-22,3.591000,3.868000,88.040000,0.094000,-0.055000,-3.190000
2013-04-29,3.596000,3.839000,92.630000,0.005000,-0.029000,4.590000
2013-05-06,3.651000,3.868000,95.250000,0.055000,0.029000,2.620000
2013-05-13,3.715000,3.909000,95.810000,0.064000,0.041000,0.560000
2013-05-20,3.903000,3.934000,95.720000,0.188000,0.025000,-0.090000
2013-05-27,3.818000,3.916000,93.840000,-0.085000,-0.018000,-1.880000
2013-06-03,3.877000,3.900000,91.930000,0.059000,-0.016000,-1.910000
2013-06-10,3.910000,3.877000,96.110000,0.033000,-0.023000,4.180000
2013-06-17,3.780000,3.859000,97.830000,-0.130000,-0.018000,1.720000
2013-06-24,3.590000,3.847000,93.810000,-0.190000,-0.012000,-4.020000
2013-07-01,3.439000,3.815000,96.360000,-0.151000,-0.032000,2.550000
2013-07-08,3.456000,3.821000,103.090000,0.017000,0.006000,6.730000
2013-07-15,3.686000,3.852000,105.850000,0.230000,0.031000,2.760000
2013-07-22,3.708000,3.875000,108.000000,0.022000,0.023000,2.150000
2013-07-29,3.623000,3.886000,104.760000,-0.085000,0.011000,-3.240000
2013-08-05,3.637000,3.878000,106.940000,0.014000,-0.008000,2.180000
2013-08-12,3.525000,3.862000,106.040000,-0.112000,-0.016000,-0.900000
2013-08-19,3.548000,3.868000,107.580000,0.023000,0.006000,1.540000
2013-08-26,3.572000,3.884000,106.480000,0.024000,0.016000,-1.100000
2013-09-02,3.679000,3.967000,107.980000,0.107000,0.083000,1.500000
2013-09-09,3.619000,3.964000,110.620000,-0.060000,-0.003000,2.640000
2013-09-16,3.535000,3.957000,108.310000,-0.084000,-0.007000,-2.310000
2013-09-23,3.506000,3.929000,104.700000,-0.029000,-0.028000,-3.610000
2013-09-30,3.399000,3.894000,102.860000,-0.107000,-0.035000,-1.840000
2013-10-07,3.324000,3.876000,103.830000,-0.075000,-0.018000,0.970000
2013-10-14,3.349000,3.854000,102.170000,0.025000,-0.022000,-1.660000
2013-10-21,3.367000,3.853000,100.870000,0.018000,-0.001000,-1.300000
2013-10-28,3.255000,3.837000,97.400000,-0.112000,-0.016000,-3.470000
2013-11-04,3.243000,3.826000,94.560000,-0.012000,-0.011000,-2.840000
2013-11-11,3.133000,3.798000,94.560000,-0.110000,-0.028000,0.000000
2013-11-18,3.185000,3.794000,93.800000,0.052000,-0.004000,-0.760000
2013-11-25,3.249000,3.829000,94.530000,0.064000,0.035000,0.730000
2013-12-02,3.179000,3.879000,92.550000,-0.070000,0.050000,-1.980000
2013-12-09,3.190000,3.870000,97.480000,0.011000,-0.009000,4.930000
2013-12-16,3.135000,3.852000,96.270000,-0.055000,-0.018000,-1.210000
2013-12-23,3.216000,3.847000,99.110000,0.081000,-0.005000,2.840000
2013-12-30,3.319000,3.887000,99.940000,0.103000,0.040000,0.830000
2014-01-06,3.278000,3.888000,93.660000,-0.041000,0.001000,-6.280000
2014-01-13,3.309000,3.854000,92.390000,0.031000,-0.034000,-1.270000
2014-01-20,3.255000,3.830000,93.960000,-0.054000,-0.024000,1.570000
2014-01-27,3.272000,3.874000,96.660000,0.017000,0.044000,2.700000
2014-02-03,3.289000,3.942000,97.550000,0.017000,0.068000,0.890000
2014-02-10,3.339000,3.969000,99.980000,0.050000,0.027000,2.430000
2014-02-17,3.413000,3.993000,100.310000,0.074000,0.024000,0.330000
2014-02-24,3.493000,4.025000,102.530000,0.080000,0.032000,2.220000
2014-03-03,3.550000,4.019000,102.880000,0.057000,-0.006000,0.350000
2014-03-10,3.589000,4.013000,102.820000,0.039000,-0.006000,-0.060000
2014-03-17,3.627000,3.994000,99.230000,0.038000,-0.019000,-3.590000
2014-03-24,3.604000,3.975000,99.970000,-0.023000,-0.019000,0.740000
2014-03-31,3.641000,3.959000,101.730000,0.037000,-0.016000,1.760000
2014-04-07,3.632000,3.942000,101.160000,-0.009000,-0.017000,-0.570000
2014-04-14,3.687000,3.932000,103.680000,0.055000,-0.010000,2.520000
2014-04-21,3.695000,3.946000,104.330000,0.008000,0.014000,0.650000
2014-04-28,3.717000,3.947000,100.850000,0.022000,0.001000,-3.480000
2014-05-05,3.650000,3.935000,100.090000,-0.067000,-0.012000,-0.760000
2014-05-12,3.653000,3.921000,100.320000,0.003000,-0.014000,0.230000
2014-05-19,3.667000,3.901000,102.310000,0.014000,-0.020000,1.990000
2014-05-26,3.708000,3.884000,105.010000,0.041000,-0.017000,2.700000
2014-06-02,3.771000,3.874000,103.400000,0.063000,-0.010000,-1.610000
2014-06-09,3.747000,3.845000,103.320000,-0.024000,-0.029000,-0.080000
2014-06-16,3.769000,3.835000,107.490000,0.022000,-0.010000,4.170000
2014-06-23,3.748000,3.875000,107.950000,-0.021000,0.040000,0.460000
2014-06-30,3.724000,3.869000,106.460000,-0.024000,-0.006000,-1.490000
2014-07-07,3.669000,3.862000,104.760000,-0.055000,-0.007000,-1.700000
2014-07-14,3.593000,3.837000,101.480000,-0.076000,-0.025000,-3.280000
2014-07-21,3.552000,3.810000,103.830000,-0.041000,-0.027000,2.350000
2014-07-28,3.464000,3.801000,105.230000,-0.088000,-0.009000,1.400000
2014-08-04,3.473000,3.798000,97.860000,0.009000,-0.003000,-7.370000
2014-08-11,3.508000,3.787000,97.610000,0.035000,-0.011000,-0.250000
2014-08-18,3.451000,3.780000,97.300000,-0.057000,-0.007000,-0.310000
2014-08-25,3.456000,3.763000,93.610000,0.005000,-0.017000,-3.690000
2014-09-01,3.493000,3.752000,97.860000,0.037000,-0.011000,4.250000
2014-09-08,3.499000,3.751000,93.320000,0.006000,-0.001000,-4.540000
2014-09-15,3.416000,3.743000,92.180000,-0.083000,-0.008000,-1.140000
2014-09-22,3.334000,3.713000,92.430000,-0.082000,-0.030000,0.250000
2014-09-29,3.359000,3.694000,95.550000,0.025000,-0.019000,3.120000
2014-10-06,3.257000,3.670000,89.760000,-0.102000,-0.024000,-5.790000
2014-10-13,3.144000,3.636000,85.870000,-0.113000,-0.034000,-3.890000
2014-10-20,3.089000,3.606000,82.800000,-0.055000,-0.030000,-3.070000
2014-10-27,3.075000,3.611000,81.270000,-0.014000,0.005000,-1.530000
2014-11-03,3.020000,3.624000,80.530000,-0.055000,0.013000,-0.740000
2014-11-10,2.966000,3.788000,78.710000,-0.054000,0.164000,-1.820000
2014-11-17,2.918000,3.786000,75.910000,-0.048000,-0.002000,-2.800000
2014-11-24,2.825000,3.743000,76.520000,-0.093000,-0.043000,0.610000
2014-12-01,2.778000,3.702000,65.940000,-0.047000,-0.041000,-10.580000
2014-12-08,2.650000,3.623000,65.890000,-0.128000,-0.079000,-0.050000
2014-12-15,2.479000,3.473000,57.810000,-0.171000,-0.150000,-8.080000
2014-12-22,2.288000,3.294000,56.910000,-0.191000,-0.179000,-0.900000
2014-12-29,2.151000,3.206000,54.590000,-0.137000,-0.088000,-2.320000
2015-01-05,2.038000,3.102000,52.720000,-0.113000,-0.104000,-1.870000
2015-01-12,2.018000,3.010000,48.350000,-0.020000,-0.092000,-4.370000
2015-01-19,1.984000,2.889000,48.490000,-0.034000,-0.121000,0.140000
2015-01-26,2.001000,2.804000,45.260000,0.017000,-0.085000,-3.230000
2015-02-02,2.093000,2.765000,47.790000,0.092000,-0.039000,2.530000
2015-02-09,2.231000,2.769000,51.660000,0.138000,0.004000,3.870000
2015-02-16,2.302000,2.792000,52.660000,0.071000,0.023000,1.000000
2015-02-23,2.336000,2.826000,49.950000,0.034000,0.034000,-2.710000
2015-03-02,2.440000,2.850000,49.840000,0.104000,0.024000,-0.110000
2015-03-09,2.400000,2.852000,49.610000,-0.040000,0.002000,-0.230000
2015-03-16,2.344000,2.820000,44.880000,-0.056000,-0.032000,-4.730000
2015-03-23,2.451000,2.768000,46.000000,0.107000,-0.052000,1.120000
2015-03-30,2.440000,2.727000,48.830000,-0.011000,-0.041000,2.830000
2015-04-06,2.375000,2.675000,49.130000,-0.065000,-0.052000,0.300000
2015-04-13,2.367000,2.633000,51.630000,-0.008000,-0.042000,2.500000
2015-04-20,2.463000,2.659000,55.710000,0.096000,0.026000,4.080000
2015-04-27,2.506000,2.691000,55.980000,0.043000,0.032000,0.270000
2015-05-04,2.565000,2.715000,59.100000,0.059000,0.024000,3.120000
2015-05-11,2.573000,2.748000,59.410000,0.008000,0.033000,0.310000
2015-05-18,2.664000,2.791000,59.730000,0.091000,0.043000,0.320000
2015-05-25,2.721000,2.800000,58.880000,0.057000,0.009000,-0.850000
2015-06-01,2.762000,2.804000,60.250000,0.041000,0.004000,1.370000
2015-06-08,2.745000,2.774000,59.110000,-0.017000,-0.030000,-1.140000
2015-06-15,2.862000,2.754000,59.960000,0.117000,-0.020000,0.850000
2015-06-22,2.811000,2.746000,59.620000,-0.051000,-0.008000,-0.340000
2015-06-29,2.806000,2.731000,59.410000,-0.005000,-0.015000,-0.210000
2015-07-06,2.805000,2.724000,56.930000,-0.001000,-0.007000,-2.480000
2015-07-13,2.791000,2.704000,52.740000,-0.014000,-0.020000,-4.190000
2015-07-20,2.738000,2.679000,50.880000,-0.053000,-0.025000,-1.860000
2015-07-27,2.649000,2.619000,47.980000,-0.089000,-0.060000,-2.900000
2015-08-03,2.584000,2.561000,47.110000,-0.065000,-0.058000,-0.870000
2015-08-10,2.544000,2.515000,43.870000,-0.040000,-0.046000,-3.240000
2015-08-17,2.866000,2.539000,42.450000,0.322000,0.024000,-1.420000
2015-08-24,2.746000,2.487000,40.450000,-0.120000,-0.052000,-2.000000
2015-08-31,2.545000,2.443000,45.290000,-0.201000,-0.044000,4.840000
2015-09-07,2.419000,2.483000,46.020000,-0.126000,0.040000,0.730000
2015-09-14,2.359000,2.471000,44.750000,-0.060000,-0.012000,-1.270000
2015-09-21,2.354000,2.447000,44.710000,-0.005000,-0.024000,-0.040000
2015-09-28,2.407000,2.434000,45.550000,0.053000,-0.013000,0.840000
2015-10-05,2.435000,2.489000,45.540000,0.028000,0.055000,-0.010000
2015-10-12,2.486000,2.634000,49.670000,0.051000,0.145000,4.130000
2015-10-19,2.382000,2.600000,47.300000,-0.104000,-0.034000,-2.370000
2015-10-26,2.308000,2.540000,43.910000,-0.074000,-0.060000,-3.390000
2015-11-02,2.351000,2.516000,46.600000,0.043000,-0.024000,2.690000
2015-11-09,2.299000,2.526000,44.320000,-0.052000,0.010000,-2.280000
2015-11-16,2.168000,2.494000,40.690000,-0.131000,-0.032000,-3.630000
2015-11-23,2.015000,2.441000,39.390000,-0.153000,-0.053000,-1.300000
2015-11-30,1.959000,2.411000,40.570000,-0.056000,-0.030000,1.180000
2015-12-07,1.974000,2.348000,40.000000,0.015000,-0.063000,-0.570000
2015-12-14,1.986000,2.294000,35.650000,0.012000,-0.054000,-4.350000
2015-12-21,1.929000,2.227000,34.720000,-0.057000,-0.067000,-0.930000
2015-12-28,1.959000,2.163000,37.620000,0.030000,-0.064000,2.900000
2016-01-04,1.945000,2.130000,37.130000,-0.014000,-0.033000,-0.490000
2016-01-11,1.906000,2.096000,33.200000,-0.039000,-0.034000,-3.930000
2016-01-18,1.796000,2.023000,29.450000,-0.110000,-0.073000,-3.750000
2016-01-25,1.714000,1.987000,32.070000,-0.082000,-0.036000,2.620000
2016-02-01,1.708000,1.941000,33.660000,-0.006000,-0.046000,1.590000
2016-02-08,1.602000,1.929000,30.860000,-0.106000,-0.012000,-2.800000
2016-02-15,1.606000,1.908000,29.320000,0.004000,-0.021000,-1.540000
2016-02-22,1.693000,1.921000,29.590000,0.087000,0.013000,0.270000
2016-02-29,1.803000,1.937000,31.650000,0.110000,0.016000,2.060000
2016-03-07,1.896000,1.983000,35.910000,0.093000,0.046000,4.260000
2016-03-14,2.012000,2.065000,38.510000,0.116000,0.082000,2.600000
2016-03-21,2.021000,2.090000,39.470000,0.009000,0.025000,0.960000
2016-03-28,2.038000,2.077000,38.140000,0.017000,-0.013000,-1.330000
2016-04-04,2.070000,2.065000,35.360000,0.032000,-0.012000,-2.780000
2016-04-11,2.048000,2.082000,39.740000,-0.022000,0.017000,4.380000
2016-04-18,2.139000,2.112000,40.400000,0.091000,0.030000,0.660000
2016-04-25,2.181000,2.156000,42.760000,0.042000,0.044000,2.360000
2016-05-02,2.269000,2.232000,45.980000,0.088000,0.076000,3.220000
2016-05-09,2.202000,2.241000,44.580000,-0.067000,0.009000,-1.400000
2016-05-16,2.263000,2.271000,46.220000,0.061000,0.030000,1.640000
2016-05-23,2.365000,2.325000,47.670000,0.102000,0.054000,1.450000
2016-05-30,2.425000,2.342000,49.360000,0.060000,0.017000,1.690000
2016-06-06,2.495000,2.361000,48.690000,0.070000,0.019000,-0.670000
2016-06-13,2.554000,2.390000,49.090000,0.059000,0.029000,0.400000
2016-06-20,2.458000,2.386000,48.000000,-0.096000,-0.004000,-1.090000
2016-06-27,2.378000,2.389000,46.700000,-0.080000,0.003000,-1.300000
2016-07-04,2.297000,2.389000,49.020000,-0.081000,0.000000,2.320000
2016-07-11,2.243000,2.385000,45.370000,-0.054000,-0.004000,-3.650000
2016-07-18,2.242000,2.369000,45.930000,-0.001000,-0.016000,0.560000
2016-07-25,2.165000,2.341000,43.410000,-0.077000,-0.028000,-2.520000
2016-08-01,2.164000,2.304000,41.540000,-0.001000,-0.037000,-1.870000
2016-08-08,2.204000,2.275000,41.830000,0.040000,-0.029000,0.290000
2016-08-15,2.208000,2.273000,44.470000,0.004000,-0.002000,2.640000
2016-08-22,2.259000,2.342000,48.480000,0.051000,0.069000,4.010000
2016-08-29,2.313000,2.391000,47.640000,0.054000,0.049000,-0.840000
2016-09-05,2.269000,2.387000,44.390000,-0.044000,-0.004000,-3.250000
2016-09-12,2.222000,2.376000,45.880000,-0.047000,-0.011000,1.490000
2016-09-19,2.244000,2.366000,43.040000,0.022000,-0.010000,-2.840000
2016-09-26,2.236000,2.359000,44.360000,-0.008000,-0.007000,1.320000
2016-10-03,2.266000,2.356000,47.720000,0.030000,-0.003000,3.360000
2016-10-10,2.313000,2.417000,49.760000,0.047000,0.061000,2.040000
2016-10-17,2.247000,2.458000,50.350000,-0.066000,0.041000,0.590000
2016-10-24,2.198000,2.451000,50.610000,-0.049000,-0.007000,0.260000
2016-10-31,2.166000,2.443000,48.720000,-0.032000,-0.008000,-1.890000
2016-11-07,2.174000,2.425000,44.070000,0.008000,-0.018000,-4.650000
2016-11-14,2.087000,2.387000,43.390000,-0.087000,-0.038000,-0.680000
2016-11-21,2.108000,2.356000,45.690000,0.021000,-0.031000,2.300000
2016-11-28,2.131000,2.356000,46.720000,0.023000,0.000000,1.030000
2016-12-05,2.201000,2.431000,51.700000,0.070000,0.075000,4.980000
2016-12-12,2.254000,2.446000,51.510000,0.053000,0.015000,-0.190000
2016-12-19,2.284000,2.479000,51.930000,0.030000,0.033000,0.420000
2016-12-26,2.372000,2.489000,52.010000,0.088000,0.010000,0.080000
2017-01-02,2.435000,2.540000,53.750000,0.063000,0.051000,1.740000
2017-01-09,2.433000,2.547000,53.980000,-0.002000,0.007000,0.230000
2017-01-16,2.370000,2.541000,52.360000,-0.063000,-0.006000,-1.620000
2017-01-23,2.306000,2.512000,52.330000,-0.064000,-0.029000,-0.030000
2017-01-30,2.255000,2.500000,53.180000,-0.051000,-0.012000,0.850000
2017-02-06,2.269000,2.492000,53.810000,0.014000,-0.008000,0.630000
2017-02-13,2.302000,2.487000,53.840000,0.033000,-0.005000,0.030000
2017-02-20,2.279000,2.495000,53.410000,-0.023000,0.008000,-0.430000
2017-02-27,2.301000,2.499000,53.990000,0.022000,0.004000,0.580000
2017-03-06,2.358000,2.502000,53.330000,0.057000,0.003000,-0.660000
2017-03-13,2.306000,2.491000,48.050000,-0.052000,-0.011000,-5.280000
2017-03-20,2.313000,2.464000,48.340000,0.007000,-0.027000,0.290000
2017-03-27,2.276000,2.458000,47.300000,-0.037000,-0.006000,-1.040000
2017-04-03,2.372000,2.481000,50.540000,0.096000,0.023000,3.240000
2017-04-10,2.454000,2.515000,52.250000,0.082000,0.034000,1.710000
2017-04-17,2.431000,2.536000,53.190000,-0.023000,0.021000,0.940000
2017-04-24,2.451000,2.530000,49.640000,0.020000,-0.006000,-3.550000
2017-05-01,2.382000,2.516000,49.310000,-0.069000,-0.014000,-0.330000
2017-05-08,2.323000,2.497000,46.230000,-0.059000,-0.019000,-3.080000
2017-05-15,2.363000,2.479000,47.830000,0.040000,-0.018000,1.600000
2017-05-22,2.409000,2.468000,50.320000,0.046000,-0.011000,2.490000
2017-05-29,2.393000,2.512000,49.580000,-0.016000,0.044000,-0.740000
2017-06-05,2.414000,2.505000,47.680000,0.021000,-0.007000,-1.900000
2017-06-12,2.341000,2.454000,45.820000,-0.073000,-0.051000,-1.860000
2017-06-19,2.277000,2.411000,44.730000,-0.064000,-0.043000,-1.090000
2017-06-26,2.269000,2.386000,42.860000,-0.008000,-0.025000,-1.870000
2017-07-03,2.235000,2.403000,46.020000,-0.034000,0.017000,3.160000
2017-07-10,2.323000,2.421000,44.250000,0.088000,0.018000,-1.770000
2017-07-17,2.277000,2.438000,46.530000,-0.046000,0.017000,2.280000
2017-07-24,2.312000,2.452000,45.780000,0.035000,0.014000,-0.750000
2017-07-31,2.377000,2.486000,49.720000,0.065000,0.034000,3.940000
2017-08-07,2.380000,2.543000,49.570000,0.003000,0.057000,-0.150000
2017-08-14,2.396000,2.570000,48.810000,0.016000,0.027000,-0.760000
2017-08-21,2.345000,2.567000,48.590000,-0.051000,-0.003000,-0.220000
2017-08-28,2.406000,2.566000,47.650000,0.061000,-0.001000,-0.940000
2017-09-04,2.639000,2.707000,47.320000,0.233000,0.141000,-0.330000
2017-09-11,2.640000,2.753000,47.440000,0.001000,0.046000,0.120000
2017-09-18,2.544000,2.743000,49.900000,-0.096000,-0.010000,2.460000
2017-09-25,2.466000,2.741000,50.330000,-0.078000,-0.002000,0.430000
2017-10-02,2.503000,2.747000,51.670000,0.037000,0.006000,1.340000
2017-10-09,2.432000,2.738000,49.340000,-0.071000,-0.009000,-2.330000
2017-10-16,2.474000,2.757000,51.430000,0.042000,0.019000,2.090000
2017-10-23,2.490000,2.779000,51.630000,0.016000,0.022000,0.200000
2017-10-30,2.524000,2.810000,53.920000,0.034000,0.031000,2.290000
2017-11-06,2.645000,2.861000,55.630000,0.121000,0.051000,1.710000
2017-11-13,2.622000,2.884000,56.750000,-0.023000,0.023000,1.120000
2017-11-20,2.595000,2.873000,56.210000,-0.027000,-0.011000,-0.540000
2017-11-27,2.520000,2.884000,58.940000,-0.075000,0.011000,2.730000
2017-12-04,2.455000,2.877000,58.350000,-0.065000,-0.007000,-0.590000
2017-12-11,2.470000,2.863000,57.150000,0.015000,-0.014000,-1.200000
2017-12-18,2.422000,2.853000,57.290000,-0.048000,-0.010000,0.140000
2017-12-25,2.508000,2.854000,58.250000,0.086000,0.001000,0.960000
2018-01-01,2.553000,2.935000,60.460000,0.045000,0.081000,2.210000
2018-01-08,2.527000,2.947000,61.490000,-0.026000,0.012000,1.030000
2018-01-15,2.605000,2.981000,64.220000,0.078000,0.034000,2.730000
2018-01-22,2.567000,2.971000,63.380000,-0.038000,-0.010000,-0.840000
2018-01-29,2.608000,3.030000,66.270000,0.041000,0.059000,2.890000
2018-02-05,2.633000,3.044000,65.500000,0.025000,0.014000,-0.770000
2018-02-12,2.560000,3.020000,59.200000,-0.073000,-0.024000,-6.300000
2018-02-19,2.487000,2.970000,61.890000,-0.073000,-0.050000,2.690000
2018-02-26,2.502000,2.947000,63.520000,0.015000,-0.023000,1.630000
2018-03-05,2.526000,2.920000,61.190000,0.024000,-0.027000,-2.330000
2018-03-12,2.537000,2.899000,62.020000,0.011000,-0.021000,0.830000
2018-03-19,2.594000,2.898000,62.290000,0.057000,-0.001000,0.270000
2018-03-26,2.612000,2.934000,65.800000,0.018000,0.036000,3.510000
2018-04-02,2.661000,2.962000,64.870000,0.049000,0.028000,-0.930000
2018-04-09,2.651000,2.957000,62.030000,-0.010000,-0.005000,-2.840000
2018-04-16,2.701000,3.016000,67.350000,0.050000,0.059000,5.320000
2018-04-23,2.757000,3.047000,68.260000,0.056000,0.031000,0.910000
2018-04-30,2.823000,3.083000,68.110000,0.066000,0.036000,-0.150000
2018-05-07,2.796000,3.092000,69.710000,-0.027000,0.009000,1.600000
2018-05-14,2.835000,3.175000,70.690000,0.039000,0.083000,0.980000
2018-05-21,2.904000,3.218000,71.230000,0.069000,0.043000,0.540000
2018-05-28,2.935000,3.230000,67.920000,0.031000,0.012000,-3.310000
2018-06-04,2.902000,3.224000,65.810000,-0.033000,-0.006000,-2.110000
2018-06-11,2.871000,3.199000,65.770000,-0.031000,-0.025000,-0.040000
2018-06-18,2.844000,3.173000,65.010000,-0.027000,-0.026000,-0.760000
2018-06-25,2.773000,3.143000,69.020000,-0.071000,-0.030000,4.010000
2018-07-02,2.818000,3.171000,74.130000,0.045000,0.028000,5.110000
2018-07-09,2.838000,3.176000,73.780000,0.020000,0.005000,-0.350000
2018-07-16,2.851000,3.171000,71.030000,0.013000,-0.005000,-2.750000
2018-07-23,2.793000,3.142000,70.310000,-0.058000,-0.029000,-0.720000
2018-07-30,2.821000,3.156000,68.660000,0.028000,0.014000,-1.650000
2018-08-06,2.828000,3.151000,68.490000,0.007000,-0.005000,-0.170000
2018-08-13,2.803000,3.139000,67.610000,-0.025000,-0.012000,-0.880000
2018-08-20,2.785000,3.129000,65.930000,-0.018000,-0.010000,-1.680000
2018-08-27,2.814000,3.153000,69.710000,0.029000,0.024000,3.780000
2018-09-03,2.784000,3.191000,69.840000,-0.030000,0.038000,0.130000
2018-09-10,2.794000,3.194000,67.730000,0.010000,0.003000,-2.110000
2018-09-17,2.815000,3.208000,68.980000,0.021000,0.014000,1.250000
2018-09-24,2.843000,3.218000,70.800000,0.028000,0.010000,1.820000
2018-10-01,2.843000,3.278000,73.160000,0.000000,0.060000,2.360000
2018-10-08,2.876000,3.351000,74.260000,0.033000,0.073000,1.100000
2018-10-15,2.811000,3.351000,71.410000,-0.065000,0.000000,-2.850000
2018-10-22,2.742000,3.333000,69.160000,-0.069000,-0.018000,-2.250000
2018-10-29,2.735000,3.310000,67.580000,-0.007000,-0.023000,-1.580000
2018-11-05,2.659000,3.286000,63.120000,-0.076000,-0.024000,-4.460000
2018-11-12,2.567000,3.262000,60.190000,-0.092000,-0.024000,-2.930000
2018-11-19,2.472000,3.216000,56.490000,-0.095000,-0.046000,-3.700000
2018-11-26,2.372000,3.185000,54.410000,-0.100000,-0.031000,-2.080000
2018-12-03,2.256000,3.117000,50.780000,-0.116000,-0.068000,-3.630000
2018-12-10,2.268000,3.066000,52.760000,0.012000,-0.051000,1.980000
2018-12-17,2.192000,3.018000,51.260000,-0.076000,-0.048000,-1.500000
2018-12-24,2.139000,2.944000,45.380000,-0.053000,-0.074000,-5.880000
2018-12-31,2.060000,2.907000,45.150000,-0.079000,-0.037000,-0.230000
2019-01-07,2.059000,2.869000,47.760000,-0.001000,-0.038000,2.610000
2019-01-14,2.102000,2.823000,51.440000,0.043000,-0.046000,3.680000
2019-01-21,2.094000,2.807000,53.600000,-0.008000,-0.016000,2.160000
2019-01-28,2.104000,2.806000,53.530000,0.010000,-0.001000,-0.070000
2019-02-04,2.132000,2.839000,55.290000,0.028000,0.033000,1.760000
2019-02-11,2.203000,2.849000,52.750000,0.071000,0.010000,-2.540000
2019-02-18,2.259000,2.904000,55.580000,0.056000,0.055000,2.830000
2019-02-25,2.357000,2.969000,57.010000,0.098000,0.065000,1.430000
2019-03-04,2.380000,3.014000,55.760000,0.023000,0.045000,-1.250000
2019-03-11,2.450000,3.011000,55.770000,0.070000,-0.003000,0.010000
2019-03-18,2.527000,2.992000,58.510000,0.077000,-0.019000,2.740000
2019-03-25,2.614000,2.993000,58.870000,0.087000,0.001000,0.360000
2019-04-01,2.679000,2.984000,60.190000,0.065000,-0.009000,1.320000
2019-04-08,2.724000,2.993000,63.100000,0.045000,0.009000,2.910000
2019-04-15,2.788000,3.010000,63.860000,0.064000,0.017000,0.760000
2019-04-22,2.775000,3.042000,64.020000,-0.013000,0.032000,0.160000
2019-04-29,2.817000,3.058000,63.290000,0.042000,0.016000,-0.730000
2019-05-06,2.821000,3.064000,61.980000,0.004000,0.006000,-1.310000
2019-05-13,2.791000,3.046000,61.650000,-0.030000,-0.018000,-0.330000
2019-05-20,2.796000,3.049000,62.770000,0.005000,0.003000,1.120000
2019-05-27,2.766000,3.038000,58.400000,-0.030000,-0.011000,-4.370000
2019-06-03,2.801000,3.026000,53.490000,0.035000,-0.012000,-4.910000
2019-06-10,2.676000,3.002000,53.950000,-0.125000,-0.024000,0.460000
2019-06-17,2.597000,2.957000,52.470000,-0.079000,-0.045000,-1.480000
2019-06-24,2.619000,2.926000,57.350000,0.022000,-0.031000,4.880000
2019-07-01,2.684000,2.924000,58.200000,0.065000,-0.002000,0.850000
2019-07-08,2.724000,2.968000,57.060000,0.040000,0.044000,-1.140000
2019-07-15,2.820000,2.956000,59.990000,0.096000,-0.012000,2.930000
2019-07-22,2.745000,2.948000,55.420000,-0.075000,-0.008000,-4.570000
2019-07-29,2.716000,2.940000,56.040000,-0.029000,-0.008000,0.620000
2019-08-05,2.690000,2.942000,55.670000,-0.026000,0.002000,-0.370000
2019-08-12,2.579000,2.924000,54.410000,-0.111000,-0.018000,-1.260000
2019-08-19,2.574000,2.900000,54.830000,-0.005000,-0.024000,0.420000
2019-08-26,2.552000,2.890000,54.080000,-0.022000,-0.010000,-0.750000
2019-09-02,2.521000,2.874000,55.070000,-0.031000,-0.016000,0.990000
2019-09-09,2.494000,2.864000,56.450000,-0.027000,-0.010000,1.380000
2019-09-16,2.513000,2.882000,54.760000,0.019000,0.018000,-1.690000
2019-09-23,2.641000,2.992000,57.920000,0.128000,0.110000,3.160000
2019-09-30,2.545000,2.987000,55.950000,-0.096000,-0.005000,-1.970000
2019-10-07,2.556000,2.967000,52.840000,0.011000,-0.020000,-3.110000
2019-10-14,2.536000,2.967000,54.760000,-0.020000,0.000000,1.920000
2019-10-21,2.532000,2.957000,53.750000,-0.004000,-0.010000,-1.010000
2019-10-28,2.466000,2.963000,56.520000,-0.066000,0.006000,2.770000
2019-11-04,2.471000,2.955000,56.040000,0.005000,-0.008000,-0.480000
2019-11-11,2.493000,2.972000,57.020000,0.022000,0.017000,0.980000
2019-11-18,2.493000,2.971000,57.540000,0.000000,-0.001000,0.520000
2019-11-25,2.461000,2.969000,57.680000,-0.032000,-0.002000,0.140000
2019-12-02,2.480000,2.982000,58.120000,0.019000,0.013000,0.440000
2019-12-09,2.482000,2.966000,59.200000,0.002000,-0.016000,1.080000
2019-12-16,2.448000,2.970000,60.110000,-0.034000,0.004000,0.910000
2019-12-23,2.460000,2.968000,60.430000,0.012000,-0.002000,0.320000
2019-12-30,2.507000,2.978000,61.760000,0.047000,0.010000,1.330000
2020-01-06,2.490000,2.977000,63.000000,-0.017000,-0.001000,1.240000
2020-01-13,2.498000,2.965000,59.020000,0.008000,-0.012000,-3.980000
2020-01-20,2.447000,2.937000,58.550000,-0.051000,-0.028000,-0.470000
2020-01-27,2.430000,2.901000,54.090000,-0.017000,-0.036000,-4.460000
2020-02-03,2.372000,2.839000,51.580000,-0.058000,-0.062000,-2.510000
2020-02-10,2.319000,2.776000,50.340000,-0.053000,-0.063000,-1.240000
2020-02-17,2.363000,2.757000,52.030000,0.044000,-0.019000,1.690000
2020-02-24,2.412000,2.756000,53.360000,0.049000,-0.001000,1.330000
2020-03-02,2.360000,2.725000,44.830000,-0.052000,-0.031000,-8.530000
2020-03-09,2.294000,2.689000,41.140000,-0.066000,-0.036000,-3.690000
2020-03-16,2.098000,2.591000,31.720000,-0.196000,-0.098000,-9.420000
2020-03-23,1.935000,2.499000,19.480000,-0.163000,-0.092000,-12.240000
2020-03-30,1.799000,2.432000,15.480000,-0.136000,-0.067000,-4.000000
2020-04-06,1.691000,2.394000,28.360000,-0.108000,-0.038000,12.880000
2020-04-13,1.613000,2.353000,22.900000,-0.078000,-0.041000,-5.460000
2020-04-20,1.572000,2.326000,18.310000,-0.041000,-0.027000,-4.590000
2020-04-27,1.539000,2.287000,15.990000,-0.033000,-0.039000,-2.320000
2020-05-04,1.633000,2.248000,19.720000,0.094000,-0.039000,3.730000
2020-05-11,1.808000,2.240000,24.730000,0.175000,-0.008000,5.010000
2020-05-18,1.841000,2.229000,29.440000,0.033000,-0.011000,4.710000
2020-05-25,1.943000,2.230000,33.490000,0.102000,0.001000,4.050000
2020-06-01,1.951000,2.226000,35.570000,0.008000,-0.004000,2.080000
2020-06-08,2.043000,2.240000,39.490000,0.092000,0.014000,3.920000
2020-06-15,2.081000,2.256000,36.240000,0.038000,0.016000,-3.250000
2020-06-22,2.112000,2.289000,39.720000,0.031000,0.033000,3.480000
2020-06-29,2.166000,2.299000,38.530000,0.054000,0.010000,-1.190000
2020-07-06,2.158000,2.306000,40.570000,-0.008000,0.007000,2.040000
2020-07-13,2.182000,2.313000,40.560000,0.024000,0.007000,-0.010000
2020-07-20,2.148000,2.309000,40.550000,-0.034000,-0.004000,-0.010000
2020-07-27,2.134000,2.301000,41.230000,-0.014000,-0.008000,0.680000
2020-08-03,2.113000,2.298000,40.100000,-0.021000,-0.003000,-1.130000
2020-08-10,2.117000,2.305000,41.160000,0.004000,0.007000,1.060000
2020-08-17,2.108000,2.308000,42.050000,-0.009000,0.003000,0.890000
2020-08-24,2.130000,2.308000,42.320000,0.022000,0.000000,0.270000
2020-08-31,2.179000,2.329000,42.960000,0.049000,0.021000,0.640000
2020-09-07,2.124000,2.321000,39.690000,-0.055000,-0.008000,-3.270000
2020-09-14,2.085000,2.308000,37.330000,-0.039000,-0.013000,-2.360000
2020-09-21,2.091000,2.282000,41.090000,0.006000,-0.026000,3.760000
2020-09-28,2.116000,2.269000,40.060000,0.025000,-0.013000,-1.030000
2020-10-05,2.106000,2.259000,36.900000,-0.010000,-0.010000,-3.160000
2020-10-12,2.089000,2.275000,40.440000,-0.017000,0.016000,3.540000
2020-10-19,2.057000,2.269000,40.700000,-0.032000,-0.006000,0.260000
2020-10-26,2.069000,2.262000,39.730000,0.012000,-0.007000,-0.970000
2020-11-02,2.026000,2.246000,35.640000,-0.043000,-0.016000,-4.090000
2020-11-09,2.025000,2.261000,36.970000,-0.001000,0.015000,1.330000
2020-11-16,2.021000,2.339000,39.930000,-0.004000,0.078000,2.960000
2020-11-23,1.999000,2.359000,41.990000,-0.022000,0.020000,2.060000
2020-11-30,2.005000,2.404000,45.580000,0.006000,0.045000,3.590000
2020-12-07,2.063000,2.435000,46.230000,0.058000,0.031000,0.650000
2020-12-14,2.065000,2.478000,46.590000,0.002000,0.043000,0.360000
2020-12-21,2.174000,2.559000,49.040000,0.109000,0.081000,2.450000
2020-12-28,2.227000,2.585000,48.180000,0.053000,0.026000,-0.860000
2021-01-04,2.207000,2.592000,48.350000,-0.020000,0.007000,0.170000
2021-01-11,2.272000,2.606000,52.140000,0.065000,0.014000,3.790000
2021-01-18,2.335000,2.632000,52.250000,0.063000,0.026000,0.110000
2021-01-25,2.335000,2.656000,52.280000,0.000000,0.024000,0.030000
2021-02-01,2.370000,2.676000,52.160000,0.035000,0.020000,-0.120000
2021-02-08,2.418000,2.748000,56.800000,0.048000,0.072000,4.640000
2021-02-15,2.455000,2.852000,59.500000,0.037000,0.104000,2.700000
2021-02-22,2.618000,2.945000,59.120000,0.163000,0.093000,-0.380000
2021-03-01,2.718000,3.041000,61.550000,0.100000,0.096000,2.430000
2021-03-08,2.763000,3.127000,66.080000,0.045000,0.086000,4.530000
2021-03-15,2.822000,3.169000,65.590000,0.059000,0.042000,-0.490000
2021-03-22,2.801000,3.149000,61.430000,-0.021000,-0.020000,-4.160000
2021-03-29,2.804000,3.104000,60.930000,0.003000,-0.045000,-0.500000
2021-04-05,2.840000,3.083000,61.410000,0.036000,-0.021000,0.480000
2021-04-12,2.812000,3.061000,59.290000,-0.028000,-0.022000,-2.120000
2021-04-19,2.830000,3.054000,63.160000,0.018000,-0.007000,3.870000
2021-04-26,2.853000,3.058000,62.180000,0.023000,0.004000,-0.980000
2021-05-03,2.864000,3.085000,63.500000,0.011000,0.027000,1.320000
2021-05-10,2.922000,3.130000,64.960000,0.058000,0.045000,1.460000
2021-05-17,2.973000,3.197000,65.320000,0.051000,0.067000,0.360000
2021-05-24,2.955000,3.199000,63.610000,-0.018000,0.002000,-1.710000
2021-05-31,2.989000,3.197000,66.310000,0.034000,-0.002000,2.700000
2021-06-07,3.010000,3.222000,69.570000,0.021000,0.025000,3.260000
2021-06-14,3.046000,3.233000,71.000000,0.036000,0.011000,1.430000
2021-06-21,3.024000,3.231000,71.640000,-0.022000,-0.002000,0.640000
2021-06-28,3.049000,3.239000,74.210000,0.025000,0.008000,2.570000
2021-07-05,3.086000,3.264000,75.370000,0.037000,0.025000,1.160000
2021-07-12,3.082000,3.261000,74.560000,-0.004000,-0.003000,-0.810000
2021-07-19,3.120000,3.264000,71.760000,0.038000,0.003000,-2.800000
2021-07-26,3.089000,3.258000,72.240000,-0.031000,-0.006000,0.480000
2021-08-02,3.109000,3.278000,73.930000,0.020000,0.020000,1.690000
2021-08-09,3.124000,3.271000,68.260000,0.015000,-0.007000,-5.670000
2021-08-16,3.113000,3.259000,68.360000,-0.011000,-0.012000,0.100000
2021-08-23,3.059000,3.216000,62.250000,-0.054000,-0.043000,-6.110000
2021-08-30,3.064000,3.241000,68.840000,0.005000,0.025000,6.590000
2021-09-06,3.106000,3.284000,69.340000,0.042000,0.043000,0.500000
2021-09-13,3.088000,3.282000,69.820000,-0.018000,-0.002000,0.480000
2021-09-20,3.124000,3.290000,72.090000,0.036000,0.008000,2.270000
2021-09-27,3.095000,3.326000,74.180000,-0.029000,0.036000,2.090000
2021-10-04,3.130000,3.430000,76.010000,0.035000,0.104000,1.830000
2021-10-11,3.201000,3.538000,79.550000,0.071000,0.108000,3.540000
2021-10-18,3.261000,3.615000,82.390000,0.060000,0.077000,2.840000
2021-10-25,3.275000,3.632000,84.530000,0.014000,0.017000,2.140000
2021-11-01,3.271000,3.639000,83.500000,-0.004000,0.007000,-1.030000
2021-11-08,3.316000,3.633000,81.250000,0.045000,-0.006000,-2.250000
2021-11-15,3.277000,3.631000,80.870000,-0.039000,-0.002000,-0.380000
2021-11-22,3.256000,3.617000,76.110000,-0.021000,-0.014000,-4.760000
2021-11-29,3.229000,3.602000,78.320000,-0.027000,-0.015000,2.210000
2021-12-06,3.167000,3.536000,66.390000,-0.062000,-0.066000,-11.930000
2021-12-13,3.144000,3.512000,71.710000,-0.023000,-0.024000,5.320000
2021-12-20,3.111000,3.492000,70.930000,-0.033000,-0.020000,-0.780000
2021-12-27,3.092000,3.479000,73.890000,-0.019000,-0.013000,2.960000
2022-01-03,3.093000,3.477000,75.330000,0.001000,-0.002000,1.440000
2022-01-10,3.168000,3.522000,79.000000,0.075000,0.045000,3.670000
2022-01-17,3.166000,3.603000,83.820000,-0.002000,0.081000,4.820000
2022-01-24,3.183000,3.656000,85.160000,0.017000,0.053000,1.340000
2022-01-31,3.246000,3.714000,87.670000,0.063000,0.058000,2.510000
2022-02-07,3.346000,3.808000,92.270000,0.100000,0.094000,4.600000
2022-02-14,3.379000,3.884000,93.100000,0.033000,0.076000,0.830000
2022-02-21,3.411000,3.905000,91.260000,0.032000,0.021000,-1.840000
2022-02-28,3.526000,3.968000,91.680000,0.115000,0.063000,0.420000
2022-03-07,3.975000,4.649000,115.770000,0.449000,0.681000,24.090000
2022-03-14,4.152000,5.044000,109.310000,0.177000,0.395000,-6.460000
2022-03-21,4.097000,4.959000,104.690000,-0.055000,-0.085000,-4.620000
2022-03-28,4.114000,4.994000,116.200000,0.017000,0.035000,11.510000
2022-04-04,4.034000,4.947000,99.320000,-0.080000,-0.047000,-16.880000
2022-04-11,3.955000,4.887000,98.350000,-0.079000,-0.060000,-0.970000
2022-04-18,3.938000,4.921000,106.840000,-0.017000,0.034000,8.490000
2022-04-25,3.982000,4.987000,102.860000,0.044000,0.066000,-3.980000
2022-05-02,4.051000,5.329000,104.590000,0.069000,0.342000,1.730000
2022-05-09,4.214000,5.386000,109.720000,0.163000,0.057000,5.130000
2022-05-16,4.363000,5.346000,110.520000,0.149000,-0.040000,0.800000
2022-05-23,4.464000,5.293000,112.630000,0.101000,-0.053000,2.110000
2022-05-30,4.523000,5.247000,114.960000,0.059000,-0.046000,2.330000
2022-06-06,4.880000,5.468000,118.970000,0.357000,0.221000,4.010000
2022-06-13,5.039000,5.631000,120.730000,0.159000,0.163000,1.760000
2022-06-20,4.979000,5.780000,109.560000,-0.060000,0.149000,-11.170000
2022-06-27,4.894000,5.767000,109.070000,-0.085000,-0.013000,-0.490000
2022-07-04,4.800000,5.647000,110.300000,-0.094000,-0.120000,1.230000
2022-07-11,4.670000,5.542000,106.780000,-0.130000,-0.105000,-3.520000
2022-07-18,4.499000,5.409000,99.590000,-0.171000,-0.133000,-7.190000
2022-07-25,4.299000,5.241000,97.710000,-0.200000,-0.168000,-1.880000
2022-08-01,4.108000,5.108000,101.310000,-0.191000,-0.133000,3.600000
2022-08-08,3.923000,4.959000,91.770000,-0.185000,-0.149000,-9.540000
2022-08-15,3.826000,4.872000,94.860000,-0.097000,-0.087000,3.090000
2022-08-22,3.801000,4.890000,93.550000,-0.025000,0.018000,-1.310000
2022-08-29,3.747000,5.172000,93.630000,-0.054000,0.282000,0.080000
2022-09-05,3.710000,5.132000,87.290000,-0.037000,-0.040000,-6.340000
2022-09-12,3.642000,5.085000,87.270000,-0.068000,-0.047000,-0.020000
2022-09-19,3.588000,4.995000,85.570000,-0.054000,-0.090000,-1.700000
2022-09-26,3.699000,4.881000,79.070000,0.111000,-0.114000,-6.500000
2022-10-03,3.789000,4.819000,79.910000,0.090000,-0.062000,0.840000
2022-10-10,3.950000,5.270000,93.070000,0.161000,0.451000,13.160000
2022-10-17,3.859000,5.346000,86.100000,-0.091000,0.076000,-6.970000
2022-10-24,3.760000,5.369000,85.470000,-0.099000,0.023000,-0.630000
2022-10-31,3.713000,5.327000,87.850000,-0.047000,-0.042000,2.380000
2022-11-07,3.848000,5.351000,92.580000,0.135000,0.024000,4.730000
2022-11-14,3.751000,5.321000,89.140000,-0.097000,-0.030000,-3.440000
2022-11-21,3.593000,5.231000,80.070000,-0.158000,-0.090000,-9.070000
2022-11-28,3.448000,5.108000,76.450000,-0.145000,-0.123000,-3.620000
2022-12-05,3.286000,4.907000,79.860000,-0.162000,-0.201000,3.410000
2022-12-12,3.109000,4.651000,71.050000,-0.177000,-0.256000,-8.810000
2022-12-19,2.985000,4.477000,74.190000,-0.124000,-0.174000,3.140000
2022-12-26,2.972000,4.402000,79.570000,-0.013000,-0.075000,5.380000
2023-01-02,3.120000,4.423000,80.160000,0.148000,0.021000,0.590000
2023-01-09,3.214000,4.390000,73.770000,0.094000,-0.033000,-6.390000
2023-01-16,3.275000,4.374000,79.900000,0.061000,-0.016000,6.130000
2023-01-23,3.374000,4.473000,81.270000,0.099000,0.099000,1.370000
2023-01-30,3.454000,4.474000,79.730000,0.080000,0.001000,-1.540000
2023-02-06,3.369000,4.378000,73.400000,-0.085000,-0.096000,-6.330000
2023-02-13,3.308000,4.274000,79.740000,-0.061000,-0.104000,6.340000
2023-02-20,3.292000,4.194000,76.310000,-0.016000,-0.080000,-3.430000
2023-02-27,3.241000,4.120000,76.190000,-0.051000,-0.074000,-0.120000
2023-03-06,3.335000,4.131000,79.620000,0.094000,0.011000,3.430000
2023-03-13,3.380000,4.094000,76.550000,0.045000,-0.037000,-3.070000
2023-03-20,3.333000,4.021000,66.610000,-0.047000,-0.073000,-9.940000
2023-03-27,3.313000,3.974000,69.220000,-0.020000,-0.047000,2.610000
2023-04-03,3.460000,3.952000,75.680000,0.147000,-0.022000,6.460000
2023-04-10,3.588000,3.968000,80.700000,0.128000,0.016000,5.020000
2023-04-17,3.662000,4.027000,82.580000,0.074000,0.059000,1.880000
2023-04-24,3.625000,3.984000,77.860000,-0.037000,-0.043000,-4.720000
2023-05-01,3.558000,3.917000,76.780000,-0.067000,-0.067000,-1.080000
2023-05-08,3.468000,3.827000,71.320000,-0.090000,-0.090000,-5.460000
2023-05-15,3.513000,3.823000,70.020000,0.045000,-0.004000,-1.300000
2023-05-22,3.544000,3.810000,71.570000,0.031000,-0.013000,1.550000
2023-05-29,3.557000,3.781000,72.350000,0.013000,-0.029000,0.780000
2023-06-05,3.505000,3.732000,71.760000,-0.052000,-0.049000,-0.590000
2023-06-12,3.588000,3.717000,70.160000,0.083000,-0.015000,-1.600000
2023-06-19,3.566000,3.739000,71.810000,-0.022000,0.022000,1.650000
2023-06-26,3.530000,3.734000,68.910000,-0.036000,-0.005000,-2.900000
2023-07-03,3.465000,3.704000,70.660000,-0.065000,-0.030000,1.750000
2023-07-10,3.438000,3.742000,73.910000,-0.027000,0.038000,3.250000
2023-07-17,3.488000,3.726000,75.440000,0.050000,-0.016000,1.530000
2023-07-24,3.480000,3.814000,77.060000,-0.008000,0.088000,1.620000
2023-07-31,3.685000,4.105000,80.550000,0.205000,0.291000,3.490000
2023-08-07,3.750000,4.195000,82.760000,0.065000,0.090000,2.210000
2023-08-14,3.842000,4.317000,83.170000,0.092000,0.122000,0.410000
2023-08-21,3.795000,4.302000,81.250000,-0.047000,-0.015000,-1.920000
2023-08-28,3.713000,4.385000,80.470000,-0.082000,0.083000,-0.780000
2023-09-04,3.705000,4.383000,85.520000,-0.008000,-0.002000,5.050000
2023-09-11,3.756000,4.427000,87.510000,0.051000,0.044000,1.990000
2023-09-18,3.783000,4.492000,90.830000,0.027000,0.065000,3.320000
2023-09-25,3.712000,4.439000,90.000000,-0.071000,-0.053000,-0.830000
2023-10-02,3.613000,4.449000,90.770000,-0.099000,0.010000,0.770000
2023-10-09,3.495000,4.376000,82.830000,-0.118000,-0.073000,-7.940000
2023-10-16,3.401000,4.304000,87.670000,-0.094000,-0.072000,4.840000
2023-10-23,3.390000,4.554000,89.120000,-0.011000,0.250000,1.450000
2023-10-30,3.328000,4.441000,86.040000,-0.062000,-0.113000,-3.080000
2023-11-06,3.284000,4.334000,81.190000,-0.044000,-0.107000,-4.850000
2023-11-13,3.261000,4.308000,76.340000,-0.023000,-0.026000,-4.850000
2023-11-20,3.201000,4.207000,76.470000,-0.060000,-0.101000,0.130000
2023-11-27,3.108000,4.115000,74.830000,-0.093000,-0.092000,-1.640000
2023-12-04,3.068000,4.025000,73.700000,-0.040000,-0.090000,-1.130000
2023-12-11,2.978000,3.900000,70.870000,-0.090000,-0.125000,-2.830000
2023-12-18,2.874000,3.806000,71.050000,-0.104000,-0.094000,0.180000
2023-12-25,2.934000,3.798000,73.290000,0.060000,-0.008000,2.240000
2024-01-01,2.870000,3.750000,71.890000,-0.064000,-0.048000,-1.400000
2024-01-08,2.844000,3.692000,74.000000,-0.026000,-0.058000,2.110000
2024-01-15,2.898000,3.729000,72.940000,0.054000,0.037000,-1.060000
2024-01-22,2.966000,3.704000,73.690000,0.068000,-0.025000,0.750000
2024-01-29,2.948000,3.704000,78.450000,-0.018000,0.000000,4.760000
2024-02-05,2.985000,3.738000,72.720000,0.037000,0.034000,-5.730000
2024-02-12,3.119000,4.042000,77.260000,0.134000,0.304000,4.540000
2024-02-19,3.198000,4.010000,79.650000,0.079000,-0.032000,2.390000
2024-02-26,3.172000,3.961000,77.600000,-0.026000,-0.049000,-2.050000
2024-03-04,3.346000,3.919000,80.900000,0.174000,-0.042000,3.300000
2024-03-11,3.363000,3.913000,78.960000,0.017000,-0.006000,-1.940000
2024-03-18,3.384000,3.955000,81.940000,0.021000,0.042000,2.980000
2024-03-25,3.482000,3.986000,81.100000,0.098000,0.031000,-0.840000
2024-04-01,3.442000,3.949000,83.960000,-0.040000,-0.037000,2.860000
2024-04-08,3.536000,4.011000,87.690000,0.094000,0.062000,3.730000
2024-04-15,3.543000,3.965000,86.460000,0.007000,-0.046000,-1.230000
2024-04-22,3.540000,3.935000,83.790000,-0.003000,-0.030000,-2.670000
2024-04-29,3.533000,3.882000,85.380000,-0.007000,-0.053000,1.590000
2024-05-06,3.474000,3.814000,79.650000,-0.059000,-0.068000,-5.730000
2024-05-13,3.513000,3.768000,79.810000,0.039000,-0.046000,0.160000
2024-05-20,3.511000,3.685000,81.660000,-0.002000,-0.083000,1.850000
2024-05-27,3.539000,3.633000,78.480000,0.028000,-0.052000,-3.180000
2024-06-03,3.430000,3.592000,77.970000,-0.109000,-0.041000,-0.510000
2024-06-10,3.343000,3.512000,76.530000,-0.087000,-0.080000,-1.440000
2024-06-17,3.396000,3.621000,79.410000,0.053000,0.109000,2.880000
2024-06-24,3.403000,3.662000,81.710000,0.007000,0.041000,2.300000
2024-07-01,3.495000,3.729000,82.830000,0.092000,0.067000,1.120000
2024-07-08,3.448000,3.803000,84.440000,-0.047000,0.074000,1.610000
2024-07-15,3.450000,3.745000,83.490000,0.002000,-0.058000,-0.950000
2024-07-22,3.507000,3.732000,81.430000,0.057000,-0.013000,-2.060000
2024-07-29,3.557000,3.727000,78.580000,0.050000,-0.005000,-2.850000
2024-08-05,3.509000,3.729000,74.990000,-0.048000,0.002000,-3.590000
2024-08-12,3.475000,3.681000,78.280000,-0.034000,-0.048000,3.290000
2024-08-19,3.403000,3.674000,78.050000,-0.072000,-0.007000,-0.230000
2024-08-26,3.289000,3.627000,75.820000,-0.114000,-0.047000,-2.230000
2024-09-02,3.250000,3.613000,74.520000,-0.039000,-0.014000,-1.300000
2024-09-09,3.179000,3.528000,68.580000,-0.071000,-0.085000,-5.940000
2024-09-16,3.085000,3.481000,69.590000,-0.094000,-0.047000,1.010000
2024-09-23,3.156000,3.511000,72.720000,0.071000,0.030000,3.130000
2024-09-30,3.186000,3.520000,68.720000,0.030000,0.009000,-4.000000
2024-10-07,3.117000,3.587000,74.930000,-0.069000,0.067000,6.210000
2024-10-14,3.181000,3.651000,76.110000,0.064000,0.064000,1.180000
2024-10-21,3.087000,3.543000,69.780000,-0.094000,-0.108000,-6.330000
2024-10-28,3.003000,3.569000,72.020000,-0.084000,0.026000,2.240000
2024-11-04,3.017000,3.517000,69.810000,0.014000,-0.052000,-2.210000
2024-11-11,2.946000,3.504000,70.690000,-0.071000,-0.013000,0.880000
2024-11-18,2.962000,3.466000,67.330000,0.016000,-0.038000,-3.360000
2024-11-25,2.947000,3.531000,71.680000,-0.015000,0.065000,4.350000
2024-12-02,2.984000,3.521000,68.260000,0.037000,-0.010000,-3.420000
2024-12-09,2.891000,3.425000,68.580000,-0.093000,-0.096000,0.320000
2024-12-16,2.965000,3.450000,71.540000,0.074000,0.025000,2.960000
2024-12-23,3.016000,3.449000,69.710000,0.051000,-0.001000,-1.830000
2024-12-30,2.957000,3.469000,71.280000,-0.059000,0.020000,1.570000
2025-01-06,3.018000,3.530000,74.640000,0.061000,0.061000,3.360000
2025-01-13,2.979000,3.532000,77.270000,-0.039000,0.002000,2.630000
2025-01-20,3.064000,3.648000,78.560000,0.085000,0.116000,1.290000
2025-01-27,3.027000,3.568000,74.970000,-0.037000,-0.080000,-3.590000
2025-02-03,3.000000,3.568000,72.840000,-0.027000,0.000000,-2.130000
2025-02-10,3.065000,3.582000,71.320000,0.065000,0.014000,-1.520000
2025-02-17,3.063000,3.602000,71.050000,-0.002000,0.020000,-0.270000
2025-02-24,3.019000,3.615000,70.720000,-0.044000,0.013000,-0.330000
2025-03-03,2.962000,3.551000,69.970000,-0.057000,-0.064000,-0.750000
2025-03-10,2.979000,3.497000,67.290000,0.017000,-0.054000,-2.680000
2025-03-17,2.974000,3.463000,67.430000,-0.005000,-0.034000,0.140000
2025-03-24,3.101000,3.491000,68.520000,0.127000,0.028000,1.090000
2025-03-31,3.156000,3.519000,69.740000,0.055000,0.028000,1.220000
2025-04-07,3.184000,3.579000,62.420000,0.028000,0.060000,-7.320000
2025-04-14,3.089000,3.510000,61.910000,-0.095000,-0.069000,-0.510000
2025-04-21,3.093000,3.475000,65.070000,0.004000,-0.035000,3.160000
2025-04-28,3.074000,3.456000,63.850000,-0.019000,-0.019000,-1.220000
2025-05-05,3.107000,3.432000,59.670000,0.033000,-0.024000,-4.180000
2025-05-12,3.060000,3.416000,62.370000,-0.047000,-0.016000,2.700000
2025-05-19,3.109000,3.481000,63.840000,0.049000,0.065000,1.470000
2025-05-26,3.100000,3.428000,62.890000,-0.009000,-0.053000,-0.950000
2025-06-02,3.050000,3.388000,61.460000,-0.050000,-0.040000,-1.430000
2025-06-09,3.047000,3.429000,65.300000,-0.003000,0.041000,3.840000
2025-06-16,3.110000,3.537000,73.840000,0.063000,0.108000,8.540000
2025-06-23,3.169000,3.777000,75.720000,0.059000,0.240000,1.880000
2025-06-30,3.133000,3.715000,66.660000,-0.036000,-0.062000,-9.060000
2025-07-07,3.064000,3.733000,68.130000,-0.069000,0.018000,1.470000
2025-07-14,3.116000,3.733000,69.630000,0.052000,0.000000,1.500000
2025-07-21,3.069000,3.795000,68.530000,-0.047000,0.062000,-1.100000
2025-07-28,3.095000,3.794000,66.380000,0.026000,-0.001000,-2.150000
2025-08-04,3.127000,3.792000,68.390000,0.032000,-0.002000,2.010000
2025-08-11,3.080000,3.747000,64.940000,-0.047000,-0.045000,-3.450000
2025-08-18,3.079000,3.702000,63.780000,-0.001000,-0.045000,-1.160000
2025-08-25,3.160000,3.698000,64.080000,0.081000,-0.004000,0.300000
2025-09-01,3.174000,3.722000,64.360000,0.014000,0.024000,0.280000
2025-09-08,3.140000,3.754000,62.220000,-0.034000,0.032000,-2.140000
2025-09-15,3.065000,3.710000,63.020000,-0.075000,-0.044000,0.800000
2025-09-22,3.093000,3.731000,63.020000,0.028000,0.021000,0.000000
2025-09-29,3.013000,3.731000,66.500000,-0.080000,0.000000,3.480000
2025-10-06,3.019000,3.670000,61.650000,0.006000,-0.061000,-4.850000
2025-10-13,2.897000,3.606000,59.750000,-0.122000,-0.064000,-1.900000
2025-10-20,2.890000,3.564000,58.300000,-0.007000,-0.042000,-1.450000
2025-10-27,2.957000,3.715000,62.270000,0.067000,0.151000,3.970000
2025-11-03,2.913000,3.773000,61.750000,-0.044000,0.058000,-0.520000
2025-11-10,2.994000,3.891000,60.540000,0.081000,0.118000,-1.210000
2025-11-17,2.991000,3.913000,60.870000,-0.003000,0.022000,0.330000
2025-11-24,2.943000,3.850000,58.860000,-0.048000,-0.063000,-2.010000
2025-12-01,2.825000,3.755000,58.580000,-0.118000,-0.095000,-0.280000
2025-12-08,2.804000,3.635000,60.230000,-0.021000,-0.120000,1.650000
2025-12-15,2.774000,3.567000,57.610000,-0.030000,-0.068000,-2.620000
2025-12-22,2.690000,3.483000,56.800000,-0.084000,-0.084000,-0.810000
2025-12-29,2.692000,3.424000,56.600000,0.002000,-0.059000,-0.200000
2026-01-05,2.670000,3.387000,57.210000,-0.022000,-0.037000,0.610000
2026-01-12,2.688000,3.365000,58.960000,0.018000,-0.022000,1.750000
2026-01-19,2.732000,3.445000,59.400000,0.044000,0.080000,0.440000
2026-01-26,2.777000,3.579000,60.700000,0.045000,0.134000,1.300000
2026-02-02,2.734000,3.625000,64.500000,-0.043000,0.046000,3.800000
2026-02-09,2.774000,3.636000,63.770000,0.040000,0.011000,-0.730000
2026-02-16,2.769000,3.664000,63.050000,-0.005000,0.028000,-0.720000
2026-02-23,2.760000,3.798000,66.690000,-0.009000,0.134000,3.640000
2026-03-02,2.879000,3.888000,66.960000,0.119000,0.090000,0.270000
2026-03-09,3.361000,4.801000,90.770000,0.482000,0.913000,23.810000
2026-03-16,3.476000,4.970000,98.480000,0.115000,0.169000,7.710000
2026-03-23,3.772000,5.160000,98.710000,0.296000,0.190000,0.230000
2026-03-30,3.797000,5.105000,101.260000,0.025000,-0.055000,2.550000
2026-04-06,3.858000,5.304000,113.230000,0.061000,0.199000,11.970000
2026-04-13,3.971000,5.382000,98.340000,0.113000,0.078000,-14.890000
2026-04-20,3.875000,5.165000,85.910000,-0.096000,-0.217000,-12.430000
2026-04-27,3.969000,5.131000,98.420000,0.094000,-0.034000,12.510000
2026-05-04,4.486000,5.742000,105.380000,0.517000,0.611000,6.960000
2026-05-11,4.491000,5.815000,98.870000,0.005000,0.073000,-6.510000
2026-05-18,4.488000,5.749000,108.990000,-0.003000,-0.066000,10.120000
2026-05-25,4.438000,5.623000,100.350000,-0.050000,-0.126000,-8.640000
2026-06-01,4.223000,5.392000,91.160000,-0.215000,-0.231000,-9.190000
2026-06-08,4.030000,5.182000,94.320000,-0.193000,-0.210000,3.160000
2026-06-15,3.948000,5.011000,88.620000,-0.082000,-0.171000,-5.700000
2026-06-22,3.812000,4.751000,80.350000,-0.136000,-0.260000,-8.270000
2026-06-29,3.714000,4.583000,70.300000,-0.098000,-0.168000,-10.050000
2026-07-06,3.621000,4.458000,69.730000,-0.093000,-0.125000,-0.570000
2026-07-13,3.751000,4.659000,72.450000,0.130000,0.201000,2.720000
2026-07-20,3.869000,4.988000,83.430000,0.118000,0.329000,10.980000
2026-07-27,3.968000,5.196000,91.740000,0.099000,0.208000,8.310000
2026-08-03,4.016000,5.262000,86.160000,0.048000,0.066000,-5.580000
2026-08-10,3.906000,5.181000,79.770000,-0.110000,-0.081000,-6.390000
2026-08-17,4.027000,5.435000,83.990000,0.121000,0.254000,4.220000
2026-08-24,4.024000,5.636000,87.210000,-0.003000,0.201000,3.220000
2026-08-31,3.938000,5.571000,84.570000,-0.086000,-0.065000,-2.640000
