date,usd_gal,usd_l,fuel_50l,month
1990-08-20,1.191,0.31462906263786483,15.731453131893241,1990-08
1990-08-27,1.245,0.3288943601881963,16.444718009409815,1990-08
1990-09-03,1.242,0.3281018436576223,16.405092182881116,1990-09
1990-09-10,1.252,0.33074356542620215,16.537178271310108,1990-09
1990-09-17,1.266,0.33444197590221403,16.7220987951107,1990-09
1990-09-24,1.272,0.33602700896336196,16.801350448168098,1990-09
1990-10-01,1.321,0.3489714456294034,17.44857228147017,1990-10
1990-10-08,1.333,0.3521415117516993,17.607075587584966,1990-10
1990-10-15,1.339,0.3537265448128472,17.68632724064236,1990-10
1990-10-22,1.345,0.35531157787399514,17.765578893699757,1990-10
1990-10-29,1.339,0.3537265448128472,17.68632724064236,1990-10
1990-11-05,1.334,0.35240568392855726,17.620284196427864,1990-11
1990-11-12,1.328,0.3508206508674093,17.541032543370466,1990-11
1990-11-19,1.323,0.34949978998311937,17.474989499155967,1990-11
1990-11-26,1.311,0.3463297238608235,17.316486193041175,1990-11
1990-12-03,1.341,0.35425488916656317,17.71274445832816,1990-12
1991-01-21,1.192,0.3148932348147228,15.74466174073614,1991-01
1991-01-28,1.168,0.3085531025701311,15.427655128506554,1991-01
1991-02-04,1.139,0.30089210944124944,15.044605472062472,1991-02
1991-02-11,1.106,0.2921744276049358,14.60872138024679,1991-02
1991-02-18,1.078,0.28477760665291213,14.238880332645607,1991-02
1991-02-25,1.054,0.27843747440832034,13.921873720416016,1991-02
1991-03-04,1.025,0.27077648127943865,13.538824063971933,1991-03
1991-03-11,1.045,0.2760599248165984,13.80299624082992,1991-03
1991-03-18,1.043,0.27553158046288245,13.776579023144123,1991-03
1991-03-25,1.047,0.2765882691703144,13.829413458515722,1991-03
1991-04-01,1.052,0.2779091300546044,13.89545650273022,1991-04
1991-04-08,1.066,0.28160754053061626,14.080377026530813,1991-04
1991-04-15,1.069,0.2824000570611902,14.12000285305951,1991-04
1991-04-22,1.09,0.287947672775208,14.3973836387604,1991-04
1991-04-29,1.104,0.2916460832512198,14.582304162560991,1991-04
1991-05-06,1.113,0.2940236328429417,14.701181642147084,1991-05
1991-05-13,1.121,0.2961370102578056,14.806850512890279,1991-05
1991-05-20,1.129,0.29825038767266954,14.912519383633477,1991-05
1991-05-27,1.14,0.30115628161810737,15.057814080905368,1991-05
1991-06-03,1.138,0.3006279372643914,15.03139686321957,1991-06
1991-06-10,1.135,0.29983542073381747,14.991771036690874,1991-06
1991-06-17,1.126,0.29745787114209554,14.872893557104778,1991-06
1991-06-24,1.114,0.29428780501979973,14.714390250989986,1991-06
1991-07-01,1.104,0.2916460832512198,14.582304162560991,1991-07
1991-07-08,1.098,0.2900610501900719,14.503052509503595,1991-07
1991-07-15,1.094,0.2890043614826399,14.450218074131996,1991-07
1991-07-22,1.091,0.2882118449520659,14.410592247603295,1991-07
1991-07-29,1.091,0.2882118449520659,14.410592247603295,1991-07
1991-08-05,1.099,0.29032522236692987,14.516261118346494,1991-08
1991-08-12,1.112,0.2937594606660837,14.687973033304186,1991-08
1991-08-19,1.124,0.2969295267883796,14.84647633941898,1991-08
1991-08-26,1.124,0.2969295267883796,14.84647633941898,1991-08
1991-09-02,1.127,0.2977220433189535,14.886102165947676,1991-09
1991-09-09,1.12,0.29587283808094766,14.793641904047384,1991-09
1991-09-16,1.11,0.29323111631236776,14.661555815618389,1991-09
1991-09-23,1.097,0.28979687801321385,14.489843900660693,1991-09
1991-09-30,1.092,0.28847601712892396,14.423800856446197,1991-09
1991-10-07,1.089,0.28768350059834996,14.384175029917499,1991-10
1991-10-14,1.084,0.28636263971406006,14.318131985703003,1991-10
1991-10-21,1.088,0.287419328421492,14.370966421074598,1991-10
1991-10-28,1.091,0.2882118449520659,14.410592247603295,1991-10
1991-11-04,1.091,0.2882118449520659,14.410592247603295,1991-11
1991-11-11,1.102,0.29111773889750386,14.555886944875192,1991-11
1991-11-18,1.104,0.2916460832512198,14.582304162560991,1991-11
1991-11-25,1.099,0.29032522236692987,14.516261118346494,1991-11
1991-12-02,1.099,0.29032522236692987,14.516261118346494,1991-12
1991-12-09,1.091,0.2882118449520659,14.410592247603295,1991-12
1991-12-16,1.075,0.28398509012233814,14.199254506116906,1991-12
1991-12-23,1.063,0.28081502400004227,14.040751200002113,1991-12
1991-12-30,1.053,0.27817330223146236,13.908665111573118,1991-12
1992-01-06,1.042,0.2752674082860245,13.763370414301225,1992-01
1992-01-13,1.026,0.2710406534562967,13.552032672814834,1992-01
1992-01-20,1.014,0.2678705873340008,13.39352936670004,1992-01
1992-01-27,1.006,0.26575720991913687,13.287860495956844,1992-01
1992-02-03,0.995,0.262851315973699,13.142565798684949,1992-02
1992-02-10,1.004,0.2652288655654209,13.261443278271045,1992-02
1992-02-17,1.011,0.2670780708034268,13.353903540171341,1992-02
1992-02-24,1.014,0.2678705873340008,13.39352936670004,1992-02
1992-03-02,1.012,0.2673422429802848,13.36711214901424,1992-03
1992-03-09,1.013,0.2676064151571428,13.38032075785714,1992-03
1992-03-16,1.01,0.26681389862656885,13.340694931328443,1992-03
1992-03-23,1.015,0.26813475951085874,13.406737975542937,1992-03
1992-03-30,1.013,0.2676064151571428,13.38032075785714,1992-03
1992-04-06,1.026,0.2710406534562967,13.552032672814834,1992-04
1992-04-13,1.051,0.27764495787774635,13.882247893887318,1992-04
1992-04-20,1.058,0.2794941631157523,13.974708155787615,1992-04
1992-04-27,1.072,0.2831925735917642,14.15962867958821,1992-04
1992-05-04,1.089,0.28768350059834996,14.384175029917499,1992-05
1992-05-11,1.102,0.29111773889750386,14.555886944875192,1992-05
1992-05-18,1.118,0.29534449372723165,14.767224686361583,1992-05
1992-05-25,1.12,0.29587283808094766,14.793641904047384,1992-05
1992-06-01,1.128,0.2979862154958115,14.899310774790575,1992-06
1992-06-08,1.143,0.30194879814868136,15.097439907434069,1992-06
1992-06-15,1.151,0.3040621755635453,15.203108778177265,1992-06
1992-06-22,1.153,0.30459051991726127,15.229525995863064,1992-06
1992-06-29,1.149,0.3035338312098293,15.176691560491465,1992-06
1992-07-06,1.147,0.30300548685611334,15.150274342805666,1992-07
1992-07-13,1.139,0.30089210944124944,15.044605472062472,1992-07
1992-07-20,1.132,0.2990429042032435,14.952145210162174,1992-07
1992-07-27,1.128,0.2979862154958115,14.899310774790575,1992-07
1992-08-03,1.126,0.29745787114209554,14.872893557104778,1992-08
1992-08-10,1.123,0.2966653546115216,14.83326773057608,1992-08
1992-08-17,1.116,0.2948161493735157,14.740807468675785,1992-08
1992-08-24,1.123,0.2966653546115216,14.83326773057608,1992-08
1992-08-31,1.121,0.2961370102578056,14.806850512890279,1992-08
1992-09-07,1.121,0.2961370102578056,14.806850512890279,1992-09
1992-09-14,1.124,0.2969295267883796,14.84647633941898,1992-09
1992-09-21,1.123,0.2966653546115216,14.83326773057608,1992-09
1992-09-28,1.118,0.29534449372723165,14.767224686361583,1992-09
1992-10-05,1.115,0.29455197719665765,14.727598859832883,1992-10
1992-10-12,1.115,0.29455197719665765,14.727598859832883,1992-10
1992-10-19,1.113,0.2940236328429417,14.701181642147084,1992-10
1992-10-26,1.113,0.2940236328429417,14.701181642147084,1992-10
1992-11-02,1.12,0.29587283808094766,14.793641904047384,1992-11
1992-11-09,1.12,0.29587283808094766,14.793641904047384,1992-11
1992-11-16,1.112,0.2937594606660837,14.687973033304186,1992-11
1992-11-23,1.106,0.2921744276049358,14.60872138024679,1992-11
1992-11-30,1.098,0.2900610501900719,14.503052509503595,1992-11
1992-12-07,1.089,0.28768350059834996,14.384175029917499,1992-12
1992-12-14,1.078,0.28477760665291213,14.238880332645607,1992-12
1992-12-21,1.074,0.28372091794548016,14.186045897274008,1992-12
1992-12-28,1.069,0.2824000570611902,14.12000285305951,1992-12
1993-01-04,1.065,0.2813433683537582,14.067168417687911,1993-01
1993-01-11,1.066,0.28160754053061626,14.080377026530813,1993-01
1993-01-18,1.061,0.28028667964632625,14.014333982316312,1993-01
1993-01-25,1.055,0.2787016465851783,13.935082329258917,1993-01
1993-02-01,1.055,0.2787016465851783,13.935082329258917,1993-02
1993-02-08,1.062,0.2805508518231843,14.027542591159214,1993-02
1993-02-15,1.053,0.27817330223146236,13.908665111573118,1993-02
1993-02-22,1.047,0.2765882691703144,13.829413458515722,1993-02
1993-03-01,1.042,0.2752674082860245,13.763370414301225,1993-03
1993-03-08,1.048,0.2768524413471724,13.84262206735862,1993-03
1993-03-15,1.058,0.2794941631157523,13.974708155787615,1993-03
1993-03-22,1.056,0.27896581876203635,13.948290938101819,1993-03
1993-03-29,1.057,0.2792299909388943,13.961499546944713,1993-03
1993-04-05,1.068,0.2821358848843322,14.10679424421661,1993-04
1993-04-12,1.079,0.28504177882977005,14.252088941488502,1993-04
1993-04-19,1.079,0.28504177882977005,14.252088941488502,1993-04
1993-04-26,1.086,0.286890984067776,14.344549203388802,1993-04
1993-05-03,1.086,0.286890984067776,14.344549203388802,1993-05
1993-05-10,1.097,0.28979687801321385,14.489843900660693,1993-05
1993-05-17,1.106,0.2921744276049358,14.60872138024679,1993-05
1993-05-24,1.106,0.2921744276049358,14.60872138024679,1993-05
1993-05-31,1.107,0.29243859978179376,14.621929989089688,1993-05
1993-06-07,1.104,0.2916460832512198,14.582304162560991,1993-06
1993-06-14,1.101,0.29085356672064583,14.542678336032292,1993-06
1993-06-21,1.095,0.2892685336594979,14.463426682974895,1993-06
1993-06-28,1.089,0.28768350059834996,14.384175029917499,1993-06
1993-07-05,1.086,0.286890984067776,14.344549203388802,1993-07
1993-07-12,1.081,0.28557012318348607,14.278506159174304,1993-07
1993-07-19,1.075,0.28398509012233814,14.199254506116906,1993-07
1993-07-26,1.069,0.2824000570611902,14.12000285305951,1993-07
1993-08-02,1.062,0.2805508518231843,14.027542591159214,1993-08
1993-08-09,1.06,0.28002250746946833,14.001125373473416,1993-08
1993-08-16,1.059,0.2797583352926103,13.987916764630516,1993-08
1993-08-23,1.065,0.2813433683537582,14.067168417687911,1993-08
1993-08-30,1.062,0.2805508518231843,14.027542591159214,1993-08
1993-09-06,1.055,0.2787016465851783,13.935082329258917,1993-09
1993-09-13,1.051,0.27764495787774635,13.882247893887318,1993-09
1993-09-20,1.045,0.2760599248165984,13.80299624082992,1993-09
1993-09-27,1.047,0.2765882691703144,13.829413458515722,1993-09
1993-10-04,1.092,0.28847601712892396,14.423800856446197,1993-10
1993-10-11,1.09,0.287947672775208,14.3973836387604,1993-10
1993-10-18,1.093,0.28874018930578194,14.437009465289098,1993-10
1993-10-25,1.092,0.28847601712892396,14.423800856446197,1993-10
1993-11-01,1.084,0.28636263971406006,14.318131985703003,1993-11
1993-11-08,1.075,0.28398509012233814,14.199254506116906,1993-11
1993-11-15,1.064,0.28107919617690025,14.053959808845013,1993-11
1993-11-22,1.058,0.2794941631157523,13.974708155787615,1993-11
1993-11-29,1.051,0.27764495787774635,13.882247893887318,1993-11
1993-12-06,1.036,0.27368237522487654,13.684118761243827,1993-12
1993-12-13,1.018,0.26892727604143274,13.446363802071637,1993-12
1993-12-20,1.003,0.2649646933885629,13.248234669428143,1993-12
1993-12-27,0.999,0.26390800468113096,13.195400234056548,1993-12
1994-01-03,0.992,0.26205879944312505,13.102939972156252,1994-01
1994-01-10,0.995,0.262851315973699,13.142565798684949,1994-01
1994-01-17,1.001,0.2644363490348469,13.221817451742346,1994-01
1994-01-24,0.999,0.26390800468113096,13.195400234056548,1994-01
1994-01-31,1.005,0.2654930377422789,13.274651887113945,1994-01
1994-02-07,1.007,0.26602138209599485,13.301069104799742,1994-02
1994-02-14,1.016,0.2683989316877168,13.419946584385839,1994-02
1994-02-21,1.009,0.2665497264497108,13.32748632248554,1994-02
1994-02-28,1.004,0.2652288655654209,13.261443278271045,1994-02
1994-03-07,1.007,0.26602138209599485,13.301069104799742,1994-03
1994-03-14,1.005,0.2654930377422789,13.274651887113945,1994-03
1994-03-21,1.007,0.26602138209599485,13.301069104799742,1994-03
1994-03-28,1.012,0.2673422429802848,13.36711214901424,1994-03
1994-04-04,1.011,0.2670780708034268,13.353903540171341,1994-04
1994-04-11,1.028,0.27156899781001265,13.578449890500632,1994-04
1994-04-18,1.033,0.27288985869430255,13.644492934715128,1994-04
1994-04-25,1.037,0.2739465474017345,13.697327370086725,1994-04
1994-05-02,1.04,0.2747390639323085,13.736953196615426,1994-05
1994-05-09,1.045,0.2760599248165984,13.80299624082992,1994-05
1994-05-16,1.046,0.27632409699345645,13.816204849672822,1994-05
1994-05-23,1.05,0.2773807857008884,13.86903928504442,1994-05
1994-05-30,1.056,0.27896581876203635,13.948290938101819,1994-05
1994-06-06,1.065,0.2813433683537582,14.067168417687911,1994-06
1994-06-13,1.073,0.2834567457686221,14.172837288431106,1994-06
1994-06-20,1.079,0.28504177882977005,14.252088941488502,1994-06
1994-06-27,1.095,0.2892685336594979,14.463426682974895,1994-06
1994-07-04,1.097,0.28979687801321385,14.489843900660693,1994-07
1994-07-11,1.103,0.2913819110743618,14.569095553718089,1994-07
1994-07-18,1.109,0.2929669441355097,14.648347206775487,1994-07
1994-07-25,1.114,0.29428780501979973,14.714390250989986,1994-07
1994-08-01,1.13,0.29851455984952746,14.925727992476373,1994-08
1994-08-08,1.157,0.30564720862469325,15.282360431234663,1994-08
1994-08-15,1.161,0.30670389733212516,15.335194866606258,1994-08
1994-08-22,1.165,0.30776058603955714,15.388029301977857,1994-08
1994-08-29,1.161,0.30670389733212516,15.335194866606258,1994-08
1994-09-05,1.156,0.3053830364478352,15.26915182239176,1994-09
1994-09-12,1.15,0.3037980033866873,15.189900169334363,1994-09
1994-09-19,1.14,0.30115628161810737,15.057814080905368,1994-09
1994-09-26,1.129,0.29825038767266954,14.912519383633477,1994-09
1994-10-03,1.12,0.29587283808094766,14.793641904047384,1994-10
1994-10-10,1.114,0.29428780501979973,14.714390250989986,1994-10
1994-10-17,1.106,0.2921744276049358,14.60872138024679,1994-10
1994-10-24,1.107,0.29243859978179376,14.621929989089688,1994-10
1994-10-31,1.121,0.2961370102578056,14.806850512890279,1994-10
1994-11-07,1.123,0.2966653546115216,14.83326773057608,1994-11
1994-11-14,1.122,0.2964011824346636,14.82005912173318,1994-11
1994-11-21,1.113,0.2940236328429417,14.701181642147084,1994-11
1994-11-28,1.105,0.2919102554280778,14.59551277140389,1994-11
1994-12-05,1.103,0.2913819110743618,14.569095553718089,1994-12
1994-12-12,1.095,0.2892685336594979,14.463426682974895,1994-12
1994-12-19,1.087,0.287155156244634,14.3577578122317,1994-12
1994-12-26,1.077,0.2845134344760541,14.225671723802705,1994-12
1995-01-02,1.079,0.28504177882977005,14.252088941488502,1995-01
1995-01-09,1.086,0.286890984067776,14.344549203388802,1995-01
1995-01-16,1.078,0.28477760665291213,14.238880332645607,1995-01
1995-01-23,1.083,0.28609846753720203,14.304923376860101,1995-01
1995-01-30,1.083,0.28609846753720203,14.304923376860101,1995-01
1995-02-06,1.076,0.2842492622991961,14.212463114959807,1995-02
1995-02-13,1.074,0.28372091794548016,14.186045897274008,1995-02
1995-02-20,1.067,0.2818717127074742,14.09358563537371,1995-02
1995-02-27,1.073,0.2834567457686221,14.172837288431106,1995-02
1995-03-06,1.076,0.2842492622991961,14.212463114959807,1995-03
1995-03-13,1.069,0.2824000570611902,14.12000285305951,1995-03
1995-03-20,1.068,0.2821358848843322,14.10679424421661,1995-03
1995-03-27,1.075,0.28398509012233814,14.199254506116906,1995-03
1995-04-03,1.087,0.287155156244634,14.3577578122317,1995-04
1995-04-10,1.103,0.2913819110743618,14.569095553718089,1995-04
1995-04-17,1.117,0.29508032155037367,14.754016077518683,1995-04
1995-04-24,1.138,0.3006279372643914,15.03139686321957,1995-04
1995-05-01,1.148,0.3032696590329713,15.163482951648566,1995-05
1995-05-08,1.169,0.3088172747469891,15.440863737349456,1995-05
1995-05-15,1.179,0.31145899651556896,15.572949825778448,1995-05
1995-05-22,1.197,0.31621409569901276,15.810704784950639,1995-05
1995-05-29,1.199,0.3167424400527288,15.83712200263644,1995-05
1995-06-05,1.199,0.3167424400527288,15.83712200263644,1995-06
1995-06-12,1.196,0.3159499235221548,15.797496176107739,1995-06
1995-06-19,1.189,0.31410071828414887,15.705035914207443,1995-06
1995-06-26,1.182,0.3122515130461429,15.612575652307145,1995-06
1995-07-03,1.175,0.31040230780813705,15.520115390406852,1995-07
1995-07-10,1.165,0.30776058603955714,15.388029301977857,1995-07
1995-07-17,1.153,0.30459051991726127,15.229525995863064,1995-07
1995-07-24,1.144,0.30221297032553934,15.110648516276967,1995-07
1995-07-31,1.132,0.2990429042032435,14.952145210162174,1995-07
1995-08-07,1.127,0.2977220433189535,14.886102165947676,1995-08
1995-08-14,1.125,0.29719369896523756,14.859684948261878,1995-08
1995-08-21,1.124,0.2969295267883796,14.84647633941898,1995-08
1995-08-28,1.117,0.29508032155037367,14.754016077518683,1995-08
1995-09-04,1.113,0.2940236328429417,14.701181642147084,1995-09
1995-09-11,1.111,0.29349528848922574,14.674764424461287,1995-09
1995-09-18,1.11,0.29323111631236776,14.661555815618389,1995-09
1995-09-25,1.109,0.2929669441355097,14.648347206775487,1995-09
1995-10-02,1.105,0.2919102554280778,14.59551277140389,1995-10
1995-10-09,1.097,0.28979687801321385,14.489843900660693,1995-10
1995-10-16,1.087,0.287155156244634,14.3577578122317,1995-10
1995-10-23,1.079,0.28504177882977005,14.252088941488502,1995-10
1995-10-30,1.068,0.2821358848843322,14.10679424421661,1995-10
1995-11-06,1.065,0.2813433683537582,14.067168417687911,1995-11
1995-11-13,1.063,0.28081502400004227,14.040751200002113,1995-11
1995-11-20,1.06,0.28002250746946833,14.001125373473416,1995-11
1995-11-27,1.061,0.28028667964632625,14.014333982316312,1995-11
1995-12-04,1.062,0.2805508518231843,14.027542591159214,1995-12
1995-12-11,1.063,0.28081502400004227,14.040751200002113,1995-12
1995-12-18,1.078,0.28477760665291213,14.238880332645607,1995-12
1995-12-25,1.082,0.28583429536034405,14.291714768017203,1995-12
1996-01-01,1.083,0.28609846753720203,14.304923376860101,1996-01
1996-01-08,1.093,0.28874018930578194,14.437009465289098,1996-01
1996-01-15,1.098,0.2900610501900719,14.503052509503595,1996-01
1996-01-22,1.091,0.2882118449520659,14.410592247603295,1996-01
1996-01-29,1.087,0.287155156244634,14.3577578122317,1996-01
1996-02-05,1.083,0.28609846753720203,14.304923376860101,1996-02
1996-02-12,1.08,0.2853059510066281,14.265297550331404,1996-02
1996-02-19,1.087,0.287155156244634,14.3577578122317,1996-02
1996-02-26,1.107,0.29243859978179376,14.621929989089688,1996-02
1996-03-04,1.124,0.2969295267883796,14.84647633941898,1996-03
1996-03-11,1.125,0.29719369896523756,14.859684948261878,1996-03
1996-03-18,1.135,0.29983542073381747,14.991771036690874,1996-03
1996-03-25,1.164,0.3074964138626991,15.374820693134955,1996-03
1996-04-01,1.178,0.311194824338711,15.55974121693555,1996-04
1996-04-08,1.204,0.3180633009370187,15.903165046850933,1996-04
1996-04-15,1.242,0.3281018436576223,16.405092182881116,1996-04
1996-04-22,1.256,0.3318002541336341,16.590012706681705,1996-04
1996-04-29,1.273,0.3362911811402199,16.814559057010996,1996-04
1996-05-06,1.275,0.3368195254939359,16.840976274696796,1996-05
1996-05-13,1.277,0.33734786984765186,16.867393492382593,1996-05
1996-05-20,1.285,0.3394612472625158,16.97306236312579,1996-05
1996-05-27,1.275,0.3368195254939359,16.840976274696796,1996-05
1996-06-03,1.269,0.33523449243278797,16.7617246216394,1996-06
1996-06-10,1.262,0.33338528719478205,16.669264359739103,1996-06
1996-06-17,1.258,0.3323285984873501,16.616429924367505,1996-06
1996-06-24,1.245,0.3288943601881963,16.444718009409815,1996-06
1996-07-01,1.234,0.32598846624275835,16.299423312137918,1996-07
1996-07-08,1.231,0.3251959497121844,16.25979748560922,1996-07
1996-07-15,1.228,0.3244034331816104,16.22017165908052,1996-07
1996-07-22,1.227,0.3241392610047525,16.206963050237626,1996-07
1996-07-29,1.218,0.32176171141303056,16.08808557065153,1996-07
1996-08-05,1.207,0.3188558174675927,15.942790873379634,1996-08
1996-08-12,1.203,0.31779912876016075,15.889956438008038,1996-08
1996-08-19,1.205,0.3183274731138767,15.916373655693835,1996-08
1996-08-26,1.209,0.3193841618213087,15.969208091065434,1996-08
1996-09-02,1.197,0.31621409569901276,15.810704784950639,1996-09
1996-09-09,1.203,0.31779912876016075,15.889956438008038,1996-09
1996-09-16,1.206,0.31859164529073464,15.929582264536732,1996-09
1996-09-23,1.206,0.31859164529073464,15.929582264536732,1996-09
1996-09-30,1.2,0.3170066122295867,15.850330611479336,1996-09
1996-10-07,1.194,0.31542157916843877,15.771078958421938,1996-10
1996-10-14,1.203,0.31779912876016075,15.889956438008038,1996-10
1996-10-21,1.204,0.3180633009370187,15.903165046850933,1996-10
1996-10-28,1.215,0.3209691948824566,16.04845974412283,1996-10
1996-11-04,1.223,0.3230825722973205,16.154128614866025,1996-11
1996-11-11,1.226,0.32387508882789445,16.193754441394724,1996-11
1996-11-18,1.236,0.32651681059647436,16.32584052982372,1996-11
1996-11-25,1.244,0.32863018801133825,16.431509400566913,1996-11
1996-12-02,1.241,0.3278376714807643,16.391883574038214,1996-12
1996-12-09,1.241,0.3278376714807643,16.391883574038214,1996-12
1996-12-16,1.236,0.32651681059647436,16.32584052982372,1996-12
1996-12-23,1.231,0.3251959497121844,16.25979748560922,1996-12
1996-12-30,1.227,0.3241392610047525,16.206963050237626,1996-12
1997-01-06,1.225,0.3236109166510365,16.180545832551825,1997-01
1997-01-13,1.241,0.3278376714807643,16.391883574038214,1997-01
1997-01-20,1.241,0.3278376714807643,16.391883574038214,1997-01
1997-01-27,1.238,0.3270451549501903,16.352257747509515,1997-01
1997-02-03,1.236,0.32651681059647436,16.32584052982372,1997-02
1997-02-10,1.234,0.32598846624275835,16.299423312137918,1997-02
1997-02-17,1.227,0.3241392610047525,16.206963050237626,1997-02
1997-02-24,1.223,0.3230825722973205,16.154128614866025,1997-02
1997-03-03,1.215,0.3209691948824566,16.04845974412283,1997-03
1997-03-10,1.206,0.31859164529073464,15.929582264536732,1997-03
1997-03-17,1.2,0.3170066122295867,15.850330611479336,1997-03
1997-03-24,1.204,0.3180633009370187,15.903165046850933,1997-03
1997-03-31,1.2,0.3170066122295867,15.850330611479336,1997-03
1997-04-07,1.203,0.31779912876016075,15.889956438008038,1997-04
1997-04-14,1.199,0.3167424400527288,15.83712200263644,1997-04
1997-04-21,1.199,0.3167424400527288,15.83712200263644,1997-04
1997-04-28,1.195,0.3156857513452968,15.78428756726484,1997-04
1997-05-05,1.193,0.31515740699158085,15.757870349579042,1997-05
1997-05-12,1.193,0.31515740699158085,15.757870349579042,1997-05
1997-05-19,1.203,0.31779912876016075,15.889956438008038,1997-05
1997-05-26,1.212,0.3201766783518826,16.00883391759413,1997-05
1997-06-02,1.215,0.3209691948824566,16.04845974412283,1997-06
1997-06-09,1.207,0.3188558174675927,15.942790873379634,1997-06
1997-06-16,1.198,0.31647826787587074,15.823913393793537,1997-06
1997-06-23,1.187,0.3135723739304329,15.678618696521646,1997-06
1997-06-30,1.181,0.311987340869285,15.599367043464248,1997-06
1997-07-07,1.177,0.310930652161853,15.546532608092651,1997-07
1997-07-14,1.173,0.30987396345442103,15.493698172721052,1997-07
1997-07-21,1.177,0.310930652161853,15.546532608092651,1997-07
1997-07-28,1.17,0.30908144692384704,15.454072346192351,1997-07
1997-08-04,1.193,0.31515740699158085,15.757870349579042,1997-08
1997-08-11,1.228,0.3244034331816104,16.22017165908052,1997-08
1997-08-18,1.229,0.32466760535846845,16.233380267923422,1997-08
1997-08-25,1.244,0.32863018801133825,16.431509400566913,1997-08
1997-09-01,1.243,0.3283660158344803,16.418300791724015,1997-09
1997-09-08,1.243,0.3283660158344803,16.418300791724015,1997-09
1997-09-15,1.236,0.32651681059647436,16.32584052982372,1997-09
1997-09-22,1.225,0.3236109166510365,16.180545832551825,1997-09
1997-09-29,1.21,0.3196483339981666,15.982416699908331,1997-09
1997-10-06,1.209,0.3193841618213087,15.969208091065434,1997-10
1997-10-13,1.203,0.31779912876016075,15.889956438008038,1997-10
1997-10-20,1.193,0.31515740699158085,15.757870349579042,1997-10
1997-10-27,1.182,0.3122515130461429,15.612575652307145,1997-10
1997-11-03,1.176,0.31066647998499497,15.533323999249749,1997-11
1997-11-10,1.177,0.310930652161853,15.546532608092651,1997-11
1997-11-17,1.168,0.3085531025701311,15.427655128506554,1997-11
1997-11-24,1.162,0.30696806950898314,15.348403475449157,1997-11
1997-12-01,1.152,0.30432634774040324,15.216317387020162,1997-12
1997-12-08,1.141,0.3014204537949654,15.07102268974827,1997-12
1997-12-15,1.131,0.2987787320263855,14.938936601319275,1997-12
1997-12-22,1.121,0.2961370102578056,14.806850512890279,1997-12
1997-12-29,1.112,0.2937594606660837,14.687973033304186,1997-12
1998-01-05,1.102,0.29111773889750386,14.555886944875192,1998-01
1998-01-12,1.094,0.2890043614826399,14.450218074131996,1998-01
1998-01-19,1.083,0.28609846753720203,14.304923376860101,1998-01
1998-01-26,1.066,0.28160754053061626,14.080377026530813,1998-01
1998-02-02,1.061,0.28028667964632625,14.014333982316312,1998-02
1998-02-09,1.053,0.27817330223146236,13.908665111573118,1998-02
1998-02-16,1.038,0.27421071957859255,13.710535978929627,1998-02
1998-02-23,1.044,0.2757957526397405,13.789787631987025,1998-02
1998-03-02,1.028,0.27156899781001265,13.578449890500632,1998-03
1998-03-09,1.018,0.26892727604143274,13.446363802071637,1998-03
1998-03-16,1.008,0.2662855542728529,13.314277713642644,1998-03
1998-03-23,1.0,0.26417217685798894,13.208608842899446,1998-03
1998-03-30,1.03,0.2720973421637286,13.604867108186431,1998-03
1998-04-06,1.028,0.27156899781001265,13.578449890500632,1998-04
1998-04-13,1.025,0.27077648127943865,13.538824063971933,1998-04
1998-04-20,1.028,0.27156899781001265,13.578449890500632,1998-04
1998-04-27,1.04,0.2747390639323085,13.736953196615426,1998-04
1998-05-04,1.049,0.2771166135240304,13.855830676201519,1998-05
1998-05-11,1.063,0.28081502400004227,14.040751200002113,1998-05
1998-05-18,1.072,0.2831925735917642,14.15962867958821,1998-05
1998-05-25,1.07,0.2826642292380482,14.133211461902409,1998-05
1998-06-01,1.066,0.28160754053061626,14.080377026530813,1998-06
1998-06-08,1.075,0.28398509012233814,14.199254506116906,1998-06
1998-06-15,1.066,0.28160754053061626,14.080377026530813,1998-06
1998-06-22,1.058,0.2794941631157523,13.974708155787615,1998-06
1998-06-29,1.057,0.2792299909388943,13.961499546944713,1998-06
1998-07-06,1.058,0.2794941631157523,13.974708155787615,1998-07
1998-07-13,1.054,0.27843747440832034,13.921873720416016,1998-07
1998-07-20,1.059,0.2797583352926103,13.987916764630516,1998-07
1998-07-27,1.05,0.2773807857008884,13.86903928504442,1998-07
1998-08-03,1.039,0.2744748917554505,13.723744587772524,1998-08
1998-08-10,1.033,0.27288985869430255,13.644492934715128,1998-08
1998-08-17,1.026,0.2710406534562967,13.552032672814834,1998-08
1998-08-24,1.019,0.2691914482182907,13.459572410914536,1998-08
1998-08-31,1.013,0.2676064151571428,13.38032075785714,1998-08
1998-09-07,1.007,0.26602138209599485,13.301069104799742,1998-09
1998-09-14,1.002,0.26470052121170495,13.235026060585248,1998-09
1998-09-21,1.014,0.2678705873340008,13.39352936670004,1998-09
1998-09-28,1.014,0.2678705873340008,13.39352936670004,1998-09
1998-10-05,1.019,0.2691914482182907,13.459572410914536,1998-10
1998-10-12,1.022,0.2699839647488647,13.499198237443236,1998-10
1998-10-19,1.019,0.2691914482182907,13.459572410914536,1998-10
1998-10-26,1.015,0.26813475951085874,13.406737975542937,1998-10
1998-11-02,1.01,0.26681389862656885,13.340694931328443,1998-11
1998-11-09,1.008,0.2662855542728529,13.314277713642644,1998-11
1998-11-16,0.996,0.263115488150557,13.15577440752785,1998-11
1998-11-23,0.989,0.26126628291255105,13.063314145627553,1998-11
1998-11-30,0.974,0.25730370025968125,12.865185012984062,1998-11
1998-12-07,0.954,0.25202025672252143,12.601012836126072,1998-12
1998-12-14,0.945,0.24964270713079956,12.482135356539978,1998-12
1998-12-21,0.944,0.24937853495394155,12.468926747697077,1998-12
1998-12-28,0.937,0.24752932971593566,12.376466485796783,1998-12
1999-01-04,0.935,0.24700098536221968,12.350049268110984,1999-01
1999-01-11,0.941,0.24858601842336758,12.429300921168378,1999-01
1999-01-18,0.944,0.24937853495394155,12.468926747697077,1999-01
1999-01-25,0.936,0.24726515753907768,12.363257876953885,1999-01
1999-02-01,0.929,0.24541595230107174,12.270797615053587,1999-02
1999-02-08,0.927,0.24488760794735576,12.244380397367788,1999-02
1999-02-15,0.919,0.24277423053249186,12.138711526624594,1999-02
1999-02-22,0.907,0.239604164410196,11.9802082205098,1999-02
1999-03-01,0.913,0.24118919747134393,12.059459873567196,1999-03
1999-03-08,0.921,0.24330257488620782,12.16512874431039,1999-03
1999-03-15,0.977,0.2580962167902552,12.90481083951276,1999-03
1999-03-22,1.017,0.26866310386457476,13.433155193228737,1999-03
1999-03-29,1.082,0.28583429536034405,14.291714768017203,1999-03
1999-04-05,1.118,0.29534449372723165,14.767224686361583,1999-04
1999-04-12,1.14,0.30115628161810737,15.057814080905368,1999-04
1999-04-19,1.135,0.29983542073381747,14.991771036690874,1999-04
1999-04-26,1.131,0.2987787320263855,14.938936601319275,1999-04
1999-05-03,1.136,0.3000995929106754,15.00497964553377,1999-05
1999-05-10,1.14,0.30115628161810737,15.057814080905368,1999-05
1999-05-17,1.14,0.30115628161810737,15.057814080905368,1999-05
1999-05-24,1.126,0.29745787114209554,14.872893557104778,1999-05
1999-05-31,1.111,0.29349528848922574,14.674764424461287,1999-05
1999-06-07,1.112,0.2937594606660837,14.687973033304186,1999-06
1999-06-14,1.108,0.2927027719586518,14.63513859793259,1999-06
1999-06-21,1.124,0.2969295267883796,14.84647633941898,1999-06
1999-06-28,1.113,0.2940236328429417,14.701181642147084,1999-06
1999-07-05,1.125,0.29719369896523756,14.859684948261878,1999-07
1999-07-12,1.143,0.30194879814868136,15.097439907434069,1999-07
1999-07-19,1.169,0.3088172747469891,15.440863737349456,1999-07
1999-07-26,1.193,0.31515740699158085,15.757870349579042,1999-07
1999-08-02,1.195,0.3156857513452968,15.78428756726484,1999-08
1999-08-09,1.206,0.31859164529073464,15.929582264536732,1999-08
1999-08-16,1.236,0.32651681059647436,16.32584052982372,1999-08
1999-08-23,1.234,0.32598846624275835,16.299423312137918,1999-08
1999-08-30,1.233,0.3257242940659004,16.28621470329502,1999-08
1999-09-06,1.242,0.3281018436576223,16.405092182881116,1999-09
1999-09-13,1.25,0.3302152210724862,16.51076105362431,1999-09
1999-09-20,1.268,0.33497032025593,16.7485160127965,1999-09
1999-09-27,1.262,0.33338528719478205,16.669264359739103,1999-09
1999-10-04,1.255,0.3315360819567761,16.576804097838803,1999-10
1999-10-11,1.249,0.3299510488956282,16.49755244478141,1999-10
1999-10-18,1.236,0.32651681059647436,16.32584052982372,1999-10
1999-10-25,1.237,0.32678098277333234,16.339049138666617,1999-10
1999-11-01,1.23,0.3249317775353264,16.24658887676632,1999-11
1999-11-08,1.233,0.3257242940659004,16.28621470329502,1999-11
1999-11-15,1.251,0.33047939324934417,16.52396966246721,1999-11
1999-11-22,1.269,0.33523449243278797,16.7617246216394,1999-11
1999-11-29,1.274,0.3365553533170779,16.827767665853894,1999-11
1999-12-06,1.273,0.3362911811402199,16.814559057010996,1999-12
1999-12-13,1.275,0.3368195254939359,16.840976274696796,1999-12
1999-12-20,1.269,0.33523449243278797,16.7617246216394,1999-12
1999-12-27,1.273,0.3362911811402199,16.814559057010996,1999-12
2000-01-03,1.272,0.33602700896336196,16.801350448168098,2000-01
2000-01-10,1.264,0.333913631548498,16.6956815774249,2000-01
2000-01-17,1.277,0.33734786984765186,16.867393492382593,2000-01
2000-01-24,1.315,0.3473864125682555,17.369320628412773,2000-01
2000-01-31,1.316,0.34765058474511346,17.382529237255675,2000-01
2000-02-07,1.325,0.35002813433683533,17.501406716841768,2000-02
2000-02-14,1.356,0.35821747181943303,17.91087359097165,2000-02
2000-02-21,1.406,0.37142608066233246,18.571304033116622,2000-02
2000-02-28,1.421,0.3753886633152023,18.769433165760116,2000-02
2000-03-06,1.501,0.39652243746384136,19.82612187319207,2000-03
2000-03-13,1.527,0.4033909140621491,20.169545703107456,2000-03
2000-03-20,1.529,0.40391925841586507,20.195962920793253,2000-03
2000-03-27,1.508,0.39837164270184733,19.918582135092365,2000-03
2000-04-03,1.503,0.3970507818175574,19.85253909087787,2000-04
2000-04-10,1.475,0.3896539608655337,19.482698043276685,2000-04
2000-04-17,1.444,0.381464623382936,19.0732311691468,2000-04
2000-04-24,1.437,0.37961541814493016,18.98077090724651,2000-04
2000-05-01,1.42,0.3751244911383443,18.756224556917214,2000-05
2000-05-08,1.455,0.38437051732837396,19.218525866418698,2000-05
2000-05-15,1.492,0.3941448878721195,19.707244393605976,2000-05
2000-05-22,1.527,0.4033909140621491,20.169545703107456,2000-05
2000-05-29,1.54,0.406825152361303,20.34125761806515,2000-05
2000-06-05,1.563,0.4129011124290367,20.645055621451835,2000-06
2000-06-12,1.631,0.43086482045538,21.543241022769,2000-06
2000-06-19,1.681,0.4440734292982794,22.20367146491397,2000-06
2000-06-26,1.658,0.43799746923054567,21.89987346152728,2000-06
2000-07-03,1.625,0.42927978739423206,21.4639893697116,2000-07
2000-07-10,1.593,0.4208262777347764,21.04131388673882,2000-07
2000-07-17,1.546,0.40841018542245094,20.420509271122548,2000-07
2000-07-24,1.52,0.4015417088241432,20.07708544120716,2000-07
2000-07-31,1.471,0.38859727215810175,19.429863607905087,2000-07
2000-08-07,1.462,0.3862197225663798,19.31098612831899,2000-08
2000-08-14,1.447,0.38225713991351,19.1128569956755,2000-08
2000-08-21,1.468,0.38780475562752775,19.39023778137639,2000-08
2000-08-28,1.481,0.39123899392668166,19.561949696334082,2000-08
2000-09-04,1.53,0.4041834305927231,20.209171529636155,2000-09
2000-09-11,1.561,0.41237276807532075,20.618638403766038,2000-09
2000-09-18,1.562,0.41263694025217873,20.631847012608937,2000-09
2000-09-25,1.548,0.4089385297761669,20.446926488808344,2000-09
2000-10-02,1.524,0.40259839753157517,20.129919876578757,2000-10
2000-10-09,1.502,0.3967866096406994,19.83933048203497,2000-10
2000-10-16,1.539,0.406560980184445,20.328049009222248,2000-10
2000-10-23,1.551,0.40973104630674084,20.486552315337043,2000-10
2000-10-30,1.545,0.4081460132455929,20.407300662279646,2000-10
2000-11-06,1.526,0.40312674188529113,20.156337094264558,2000-11
2000-11-13,1.523,0.40233422535471713,20.116711267735855,2000-11
2000-11-20,1.51,0.39889998705556334,19.94499935277817,2000-11
2000-11-27,1.51,0.39889998705556334,19.94499935277817,2000-11
2000-12-04,1.486,0.39255985481097155,19.627992740548578,2000-12
2000-12-11,1.449,0.38278548426722603,19.1392742133613,2000-12
2000-12-18,1.422,0.37565283549206024,18.78264177460301,2000-12
2000-12-25,1.414,0.37353945807719635,18.676972903859816,2000-12
2001-01-01,1.406,0.37142608066233246,18.571304033116622,2001-01
2001-01-08,1.425,0.3764453520226343,18.822267601131713,2001-01
2001-01-15,1.474,0.3893897886886757,19.469489434433783,2001-01
2001-01-22,1.471,0.38859727215810175,19.429863607905087,2001-01
2001-01-29,1.46,0.38569137821266386,19.284568910633194,2001-01
2001-02-05,1.443,0.3812004512060781,19.060022560303906,2001-02
2001-02-12,1.476,0.3899181330423917,19.495906652119587,2001-02
2001-02-19,1.449,0.38278548426722603,19.1392742133613,2001-02
2001-02-26,1.431,0.3780303850837822,18.90151925418911,2001-02
2001-03-05,1.417,0.37433197460777035,18.71659873038852,2001-03
2001-03-12,1.412,0.3730111137234804,18.65055568617402,2001-03
2001-03-19,1.404,0.37089773630861644,18.54488681543082,2001-03
2001-03-26,1.404,0.37089773630861644,18.54488681543082,2001-03
2001-04-02,1.442,0.38093627902922006,19.046813951461004,2001-04
2001-04-09,1.5,0.39625826528698344,19.81291326434917,2001-04
2001-04-16,1.571,0.4150144898439006,20.75072449219503,2001-04
2001-04-23,1.619,0.4276947543330841,21.384737716654207,2001-04
2001-04-30,1.626,0.42954395957109,21.4771979785545,2001-04
2001-05-07,1.703,0.4498852171891552,22.49426085945776,2001-05
2001-05-14,1.713,0.4525269389577351,22.626346947886756,2001-05
2001-05-21,1.687,0.44565846235942735,22.282923117971368,2001-05
2001-05-28,1.704,0.4501493893660132,22.50746946830066,2001-05
2001-06-04,1.679,0.44354508494456346,22.177254247228174,2001-06
2001-06-11,1.647,0.43509157528510783,21.754578764255392,2001-06
2001-06-18,1.601,0.4229396551496403,21.146982757482018,2001-06
2001-06-25,1.538,0.406296808007587,20.31484040037935,2001-06
2001-07-02,1.474,0.3893897886886757,19.469489434433783,2001-07
2001-07-09,1.437,0.37961541814493016,18.98077090724651,2001-07
2001-07-16,1.413,0.37327528590033837,18.663764295016918,2001-07
2001-07-23,1.395,0.36852018671689457,18.42600933584473,2001-07
2001-07-30,1.384,0.3656142927714567,18.280714638572835,2001-07
2001-08-06,1.376,0.3635009153565928,18.17504576782964,2001-08
2001-08-13,1.392,0.3677276701863206,18.38638350931603,2001-08
2001-08-20,1.427,0.37697369637635025,18.848684818817514,2001-08
2001-08-27,1.488,0.39308819916468757,19.65440995823438,2001-08
2001-09-03,1.545,0.4081460132455929,20.407300662279646,2001-09
2001-09-10,1.527,0.4033909140621491,20.169545703107456,2001-09
2001-09-17,1.529,0.40391925841586507,20.195962920793253,2001-09
2001-09-24,1.485,0.39229568263411363,19.614784131705683,2001-09
2001-10-01,1.416,0.3740678024309123,18.703390121545617,2001-10
2001-10-08,1.352,0.3571607831120011,17.858039155600057,2001-10
2001-10-15,1.309,0.34580137950710754,17.29006897535538,2001-10
2001-10-22,1.265,0.334177803725356,16.7088901862678,2001-10
2001-10-29,1.235,0.3262526384196164,16.31263192098082,2001-10
2001-11-05,1.206,0.31859164529073464,15.929582264536732,2001-11
2001-11-12,1.182,0.3122515130461429,15.612575652307145,2001-11
2001-11-19,1.167,0.3082889303932731,15.414446519663654,2001-11
2001-11-26,1.127,0.2977220433189535,14.886102165947676,2001-11
2001-12-03,1.108,0.2927027719586518,14.63513859793259,2001-12
2001-12-10,1.095,0.2892685336594979,14.463426682974895,2001-12
2001-12-17,1.059,0.2797583352926103,13.987916764630516,2001-12
2001-12-24,1.072,0.2831925735917642,14.15962867958821,2001-12
2001-12-31,1.096,0.28953270583635593,14.476635291817797,2001-12
2002-01-07,1.112,0.2937594606660837,14.687973033304186,2002-01
2002-01-14,1.111,0.29349528848922574,14.674764424461287,2002-01
2002-01-21,1.105,0.2919102554280778,14.59551277140389,2002-01
2002-01-28,1.101,0.29085356672064583,14.542678336032292,2002-01
2002-02-04,1.116,0.2948161493735157,14.740807468675785,2002-02
2002-02-11,1.107,0.29243859978179376,14.621929989089688,2002-02
2002-02-18,1.116,0.2948161493735157,14.740807468675785,2002-02
2002-02-25,1.116,0.2948161493735157,14.740807468675785,2002-02
2002-03-04,1.144,0.30221297032553934,15.110648516276967,2002-03
2002-03-11,1.223,0.3230825722973205,16.154128614866025,2002-03
2002-03-18,1.288,0.3402537637930898,17.01268818965449,2002-03
2002-03-25,1.342,0.3545190613434212,17.72595306717106,2002-03
2002-04-01,1.371,0.36218005447230284,18.10900272361514,2002-04
2002-04-08,1.413,0.37327528590033837,18.663764295016918,2002-04
2002-04-15,1.404,0.37089773630861644,18.54488681543082,2002-04
2002-04-22,1.404,0.37089773630861644,18.54488681543082,2002-04
2002-04-29,1.393,0.3679918423631786,18.39959211815893,2002-04
2002-05-06,1.395,0.36852018671689457,18.42600933584473,2002-05
2002-05-13,1.388,0.36667098147888866,18.333549073944432,2002-05
2002-05-20,1.397,0.3690485310706106,18.45242655353053,2002-05
2002-05-27,1.387,0.3664068093020307,18.320340465101534,2002-05
2002-06-03,1.392,0.3677276701863206,18.38638350931603,2002-06
2002-06-10,1.375,0.3632367431797348,18.161837158986742,2002-06
2002-06-17,1.378,0.36402925971030875,18.201462985515438,2002-06
2002-06-24,1.384,0.3656142927714567,18.280714638572835,2002-06
2002-07-01,1.392,0.3677276701863206,18.38638350931603,2002-07
2002-07-08,1.382,0.3650859484177407,18.254297420887035,2002-07
2002-07-15,1.394,0.3682560145400366,18.41280072700183,2002-07
2002-07-22,1.41,0.3724827693697644,18.62413846848822,2002-07
2002-07-29,1.407,0.37169025283919044,18.58451264195952,2002-07
2002-08-05,1.395,0.36852018671689457,18.42600933584473,2002-08
2002-08-12,1.393,0.3679918423631786,18.39959211815893,2002-08
2002-08-19,1.392,0.3677276701863206,18.38638350931603,2002-08
2002-08-26,1.403,0.3706335641317585,18.531678206587927,2002-08
2002-09-02,1.394,0.3682560145400366,18.41280072700183,2002-09
2002-09-09,1.395,0.36852018671689457,18.42600933584473,2002-09
2002-09-16,1.401,0.3701052197780425,18.505260988902126,2002-09
2002-09-23,1.395,0.36852018671689457,18.42600933584473,2002-09
2002-09-30,1.413,0.37327528590033837,18.663764295016918,2002-09
2002-10-07,1.439,0.3801437624986461,19.007188124932306,2002-10
2002-10-14,1.44,0.3804079346755041,19.020396733775204,2002-10
2002-10-21,1.458,0.3851630338589479,19.258151692947393,2002-10
2002-10-28,1.444,0.381464623382936,19.0732311691468,2002-10
2002-11-04,1.448,0.382521312090368,19.1260656045184,2002-11
2002-11-11,1.439,0.3801437624986461,19.007188124932306,2002-11
2002-11-18,1.409,0.37221859719290645,18.610929859645324,2002-11
2002-11-25,1.38,0.3645576040640247,18.227880203201234,2002-11
2002-12-02,1.364,0.360330849234297,18.01654246171485,2002-12
2002-12-09,1.36,0.359274160526865,17.96370802634325,2002-12
2002-12-16,1.363,0.36006667705743894,18.003333852871947,2002-12
2002-12-23,1.401,0.3701052197780425,18.505260988902126,2002-12
2002-12-30,1.441,0.3806721068523621,19.033605342618102,2002-12
2003-01-06,1.444,0.381464623382936,19.0732311691468,2003-01
2003-01-13,1.454,0.3841063451515159,19.205317257575796,2003-01
2003-01-20,1.459,0.3854272060358059,19.271360301790295,2003-01
2003-01-27,1.473,0.38912561651181776,19.456280825590888,2003-01
2003-02-03,1.527,0.4033909140621491,20.169545703107456,2003-02
2003-02-10,1.607,0.42452468821078826,21.226234410539412,2003-02
2003-02-17,1.66,0.4385258135842616,21.926290679213082,2003-02
2003-02-24,1.658,0.43799746923054567,21.89987346152728,2003-02
2003-03-03,1.686,0.4453942901825694,22.26971450912847,2003-03
2003-03-10,1.712,0.45226276678087707,22.613138339043854,2003-03
2003-03-17,1.728,0.4564895216106049,22.824476080530246,2003-03
2003-03-24,1.69,0.4464509788900013,22.322548944500063,2003-03
2003-03-31,1.649,0.4356199196388238,21.78099598194119,2003-03
2003-04-07,1.63,0.43060064827852196,21.530032413926097,2003-04
2003-04-14,1.595,0.4213546220884924,21.06773110442462,2003-04
2003-04-21,1.574,0.41580700637447465,20.790350318723732,2003-04
2003-04-28,1.557,0.4113160793678888,20.565803968394437,2003-04
2003-05-05,1.513,0.3996925035861373,19.984625179306864,2003-05
2003-05-12,1.491,0.39388071569526156,19.694035784763077,2003-05
2003-05-19,1.498,0.3957299209332675,19.786496046663373,2003-05
2003-05-26,1.487,0.3928240269878296,19.64120134939148,2003-05
2003-06-02,1.473,0.38912561651181776,19.456280825590888,2003-06
2003-06-09,1.49,0.3936165435184035,19.680827175920175,2003-06
2003-06-16,1.518,0.40101336447042724,20.050668223521363,2003-06
2003-06-23,1.496,0.39520157657955146,19.760078828977573,2003-06
2003-06-30,1.487,0.3928240269878296,19.64120134939148,2003-06
2003-07-07,1.489,0.39335237134154555,19.667618567077277,2003-07
2003-07-14,1.521,0.4018058810010012,20.09029405005006,2003-07
2003-07-21,1.524,0.40259839753157517,20.129919876578757,2003-07
2003-07-28,1.516,0.4004850201167113,20.024251005835563,2003-07
2003-08-04,1.536,0.40576846365387104,20.288423182693553,2003-08
2003-08-11,1.571,0.4150144898439006,20.75072449219503,2003-08
2003-08-18,1.627,0.429808131747948,21.490406587397402,2003-08
2003-08-25,1.747,0.46150879297090674,23.075439648545338,2003-08
2003-09-01,1.746,0.4612446207940487,23.062231039702436,2003-09
2003-09-08,1.717,0.4535836276651671,22.679181383258353,2003-09
2003-09-15,1.697,0.44830018412800726,22.415009206400363,2003-09
2003-09-22,1.643,0.43403488657767586,21.701744328883795,2003-09
2003-09-29,1.591,0.4202979333810604,21.01489666905302,2003-09
2003-10-06,1.573,0.4155428341976166,20.77714170988083,2003-10
2003-10-13,1.568,0.4142219733133267,20.711098665666334,2003-10
2003-10-20,1.571,0.4150144898439006,20.75072449219503,2003-10
2003-10-27,1.542,0.40735349671501897,20.367674835750947,2003-10
2003-11-03,1.535,0.405504291477013,20.27521457385065,2003-11
2003-11-10,1.504,0.3973149539944154,19.86574769972077,2003-11
2003-11-17,1.497,0.3954657487564095,19.773287437820475,2003-11
2003-11-24,1.512,0.3994283314092793,19.971416570463965,2003-11
2003-12-01,1.49,0.3936165435184035,19.680827175920175,2003-12
2003-12-08,1.476,0.3899181330423917,19.495906652119587,2003-12
2003-12-15,1.465,0.3870122390969538,19.35061195484769,2003-12
2003-12-22,1.485,0.39229568263411363,19.614784131705683,2003-12
2003-12-29,1.478,0.39044647739610766,19.522323869805383,2003-12
2004-01-05,1.51,0.39889998705556334,19.94499935277817,2004-01
2004-01-12,1.56,0.41210859589846277,20.60542979492314,2004-01
2004-01-19,1.595,0.4213546220884924,21.06773110442462,2004-01
2004-01-26,1.622,0.4284872708636581,21.424363543182906,2004-01
2004-02-02,1.616,0.4269022378025102,21.34511189012551,2004-02
2004-02-09,1.638,0.43271402569338585,21.63570128466929,2004-02
2004-02-16,1.648,0.43535574746196576,21.767787373098287,2004-02
2004-02-23,1.688,0.44592263453628533,22.296131726814266,2004-02
2004-03-01,1.717,0.4535836276651671,22.679181383258353,2004-03
2004-03-08,1.738,0.4591312433791848,22.95656216895924,2004-03
2004-03-15,1.724,0.45543283290317293,22.771641645158645,2004-03
2004-03-22,1.743,0.46045210426347477,23.022605213173737,2004-03
2004-03-29,1.758,0.4644146869163446,23.220734345817228,2004-03
2004-04-05,1.78,0.47022647480722035,23.511323740361018,2004-04
2004-04-12,1.786,0.4718115078683683,23.590575393418415,2004-04
2004-04-19,1.813,0.47894415664353396,23.947207832176698,2004-04
2004-04-26,1.812,0.478679984466676,23.9339992233338,2004-04
2004-05-03,1.844,0.48713349412613166,24.356674706306585,2004-05
2004-05-10,1.941,0.5127581952813566,25.637909764067828,2004-05
2004-05-17,2.017,0.5328352807225637,26.641764036128183,2004-05
2004-05-24,2.064,0.5452513730348892,27.262568651744463,2004-05
2004-05-31,2.051,0.5418171347357353,27.090856736786765,2004-05
2004-06-07,2.034,0.5373262077291495,26.866310386457474,2004-06
2004-06-14,1.985,0.5243817710631081,26.219088553155405,2004-06
2004-06-21,1.937,0.5117015065739247,25.585075328696234,2004-06
2004-06-28,1.921,0.5074747517441968,25.37373758720984,2004-06
2004-07-05,1.895,0.5006062751458891,25.030313757294454,2004-07
2004-07-12,1.917,0.5064180630367648,25.32090315183824,2004-07
2004-07-19,1.928,0.5093239569822027,25.466197849110134,2004-07
2004-07-26,1.905,0.503247996914469,25.16239984572345,2004-07
2004-08-02,1.888,0.4987570699078831,24.937853495394155,2004-08
2004-08-09,1.877,0.49585117596244527,24.792558798122265,2004-08
2004-08-16,1.875,0.4953228316087293,24.766141580436464,2004-08
2004-08-23,1.884,0.4977003812004512,24.885019060022557,2004-08
2004-08-30,1.866,0.49294528201700744,24.64726410085037,2004-08
2004-09-06,1.85,0.4887185271872796,24.43592635936398,2004-09
2004-09-13,1.846,0.4876618384798476,24.38309192399238,2004-09
2004-09-20,1.866,0.49294528201700744,24.64726410085037,2004-09
2004-09-27,1.917,0.5064180630367648,25.32090315183824,2004-09
2004-10-04,1.938,0.5119656787507826,25.59828393753913,2004-10
2004-10-11,1.993,0.526495148477972,26.3247574238986,2004-10
2004-10-18,2.035,0.5375903799060076,26.879518995300376,2004-10
2004-10-25,2.032,0.5367978633754336,26.839893168771678,2004-10
2004-11-01,2.034,0.5373262077291495,26.866310386457474,2004-11
2004-11-08,2.001,0.5286085258928359,26.430426294641794,2004-11
2004-11-15,1.969,0.5201550162333802,26.007750811669013,2004-11
2004-11-22,1.948,0.5146074005193625,25.730370025968124,2004-11
2004-11-29,1.945,0.5138148839887885,25.690744199439425,2004-11
2004-12-06,1.911,0.5048330299756169,25.241651498780843,2004-12
2004-12-13,1.847,0.4879260106567056,24.39630053283528,2004-12
2004-12-20,1.815,0.4794725009972499,23.973625049862495,2004-12
2004-12-27,1.791,0.4731323687526582,23.656618437632908,2004-12
2005-01-03,1.778,0.46969813045350434,23.484906522675217,2005-01
2005-01-10,1.793,0.4736607131063742,23.68303565531871,2005-01
2005-01-17,1.819,0.4805291897046819,24.026459485234096,2005-01
2005-01-24,1.853,0.48951104371785353,24.475552185892678,2005-01
2005-01-31,1.911,0.5048330299756169,25.241651498780843,2005-01
2005-02-07,1.909,0.5043046856219009,25.215234281095043,2005-02
2005-02-14,1.898,0.501398791676463,25.069939583823146,2005-02
2005-02-21,1.905,0.503247996914469,25.16239984572345,2005-02
2005-02-28,1.928,0.5093239569822027,25.466197849110134,2005-02
2005-03-07,1.999,0.52808018153912,26.404009076955997,2005-03
2005-03-14,2.056,0.5431379956200253,27.156899781001265,2005-03
2005-03-21,2.109,0.5571391209934987,27.856956049674935,2005-03
2005-03-28,2.153,0.5687626967752503,28.43813483876251,2005-03
2005-04-04,2.217,0.5856697160941615,29.283485804708075,2005-04
2005-04-11,2.28,0.6023125632362147,30.115628161810736,2005-04
2005-04-18,2.237,0.5909531596313213,29.54765798156607,2005-04
2005-04-25,2.236,0.5906889874544633,29.534449372723167,2005-04
2005-05-02,2.235,0.5904248152776053,29.521240763880265,2005-05
2005-05-09,2.186,0.5774803786115639,28.874018930578195,2005-05
2005-05-16,2.163,0.5714044185438301,28.570220927191503,2005-05
2005-05-23,2.125,0.5613658758232265,28.068293791161324,2005-05
2005-05-30,2.097,0.5539690548712028,27.698452743560143,2005-05
2005-06-06,2.116,0.5589883262315046,27.94941631157523,2005-06
2005-06-13,2.13,0.5626867367075165,28.134336835375823,2005-06
2005-06-20,2.161,0.5708760741901141,28.543803709505706,2005-06
2005-06-27,2.215,0.5851413717404454,29.25706858702227,2005-06
2005-07-04,2.226,0.5880472656858834,29.402363284294168,2005-07
2005-07-11,2.328,0.6149928277253982,30.74964138626991,2005-07
2005-07-18,2.317,0.6120869337799605,30.604346688998024,2005-07
2005-07-25,2.289,0.6046901128279367,30.234505641396836,2005-07
2005-08-01,2.291,0.6052184571816527,30.260922859082633,2005-08
2005-08-08,2.368,0.6255597147997178,31.27798573998589,2005-08
2005-08-15,2.55,0.6736390509878718,33.68195254939359,2005-08
2005-08-22,2.612,0.6900177259530672,34.50088629765336,2005-08
2005-08-29,2.61,0.6894893815993511,34.474469079967555,2005-08
2005-09-05,3.069,0.8107444107771681,40.537220538858406,2005-09
2005-09-12,2.955,0.7806287826153574,39.03143913076787,2005-09
2005-09-19,2.786,0.7359836847263572,36.79918423631786,2005-09
2005-09-26,2.803,0.740474611732943,37.023730586647154,2005-09
2005-10-03,2.928,0.7734961338401917,38.67480669200958,2005-10
2005-10-10,2.848,0.7523623596915525,37.61811798457762,2005-10
2005-10-17,2.725,0.71986918193802,35.993459096901,2005-10
2005-10-24,2.603,0.6876401763613453,34.38200881806727,2005-10
2005-10-31,2.48,0.6551469986078126,32.757349930390625,2005-10
2005-11-07,2.376,0.6276730922145817,31.383654610729085,2005-11
2005-11-14,2.296,0.6065393180659426,30.326965903297133,2005-11
2005-11-21,2.201,0.5814429612644337,29.072148063221686,2005-11
2005-11-28,2.154,0.5690268689521082,28.45134344760541,2005-11
2005-12-05,2.147,0.5671776637141023,28.358883185705114,2005-12
2005-12-12,2.185,0.5772162064347058,28.860810321735293,2005-12
2005-12-19,2.211,0.5840846830330135,29.204234151650677,2005-12
2005-12-26,2.197,0.5803862725570017,29.019313627850085,2005-12
2006-01-02,2.238,0.5912173318081793,29.560866590408963,2006-01
2006-01-09,2.327,0.6147286555485403,30.736432777427012,2006-01
2006-01-16,2.32,0.6128794503105344,30.64397251552672,2006-01
2006-01-23,2.336,0.6171062051402622,30.85531025701311,2006-01
2006-01-30,2.357,0.62265382085428,31.132691042714,2006-01
2006-02-06,2.342,0.6186912382014101,30.934561910070506,2006-02
2006-02-13,2.284,0.6033692519436468,30.168462597182337,2006-02
2006-02-20,2.24,0.5917456761618953,29.587283808094767,2006-02
2006-02-27,2.254,0.595444086637907,29.772204331895352,2006-02
2006-03-06,2.331,0.6157853442559722,30.78926721279861,2006-03
2006-03-13,2.366,0.6250313704460019,31.251568522300094,2006-03
2006-03-20,2.504,0.6614871308524043,33.074356542620215,2006-03
2006-03-27,2.498,0.6599020977912564,32.99510488956282,2006-03
2006-04-03,2.588,0.6836775937084755,34.183879685423776,2006-04
2006-04-10,2.683,0.7087739505099843,35.438697525499215,2006-04
2006-04-17,2.783,0.7351911681957832,36.759558409789165,2006-04
2006-04-24,2.914,0.7697977233641798,38.48988616820899,2006-04
2006-05-01,2.919,0.7711185842484698,38.55592921242349,2006-05
2006-05-08,2.909,0.7684768624798898,38.42384312399449,2006-05
2006-05-15,2.947,0.7785154052004934,38.92577026002467,2006-05
2006-05-22,2.892,0.7639859354733041,38.1992967736652,2006-05
2006-05-29,2.867,0.7573816310518543,37.86908155259272,2006-05
2006-06-05,2.892,0.7639859354733041,38.1992967736652,2006-06
2006-06-12,2.906,0.7676843459493159,38.384217297465796,2006-06
2006-06-19,2.871,0.7584383197592863,37.92191598796432,2006-06
2006-06-26,2.869,0.7579099754055704,37.89549877027852,2006-06
2006-07-03,2.934,0.7750811669013397,38.75405834506698,2006-07
2006-07-10,2.973,0.7853838817988011,39.26919408994006,2006-07
2006-07-17,2.989,0.7896106366285289,39.48053183142645,2006-07
2006-07-24,3.003,0.7933090471045409,39.665452355227046,2006-07
2006-07-31,3.004,0.7935732192813988,39.67866096406994,2006-07
2006-08-07,3.038,0.8025550732945704,40.12775366472852,2006-08
2006-08-14,3.0,0.7925165305739669,39.62582652869834,2006-08
2006-08-21,2.924,0.7724394451327596,38.62197225663798,2006-08
2006-08-28,2.845,0.7515698431609786,37.57849215804893,2006-08
2006-09-04,2.727,0.7203975262917358,36.01987631458679,2006-09
2006-09-11,2.618,0.6916027590142151,34.58013795071076,2006-09
2006-09-18,2.497,0.6596379256143984,32.981896280719916,2006-09
2006-09-25,2.378,0.6282014365682977,31.410071828414885,2006-09
2006-10-02,2.31,0.6102377285419545,30.51188642709772,2006-10
2006-10-09,2.261,0.5972932918759131,29.864664593795652,2006-10
2006-10-16,2.226,0.5880472656858834,29.402363284294168,2006-10
2006-10-23,2.208,0.5832921665024396,29.164608325121982,2006-10
2006-10-30,2.218,0.5859338882710194,29.296694413550973,2006-10
2006-11-06,2.2,0.5811787890875757,29.058939454378784,2006-11
2006-11-13,2.232,0.5896322987470314,29.48161493735157,2006-11
2006-11-20,2.239,0.5914815039850372,29.57407519925186,2006-11
2006-11-27,2.246,0.5933307092230432,29.66653546115216,2006-11
2006-12-04,2.297,0.6068034902428007,30.340174512140035,2006-12
2006-12-11,2.293,0.6057468015353688,30.287340076768437,2006-12
2006-12-18,2.32,0.6128794503105344,30.64397251552672,2006-12
2006-12-25,2.341,0.6184270660245522,30.92135330122761,2006-12
2007-01-01,2.334,0.6165778607865462,30.82889303932731,2007-01
2007-01-08,2.306,0.6091810398345225,30.459051991726128,2007-01
2007-01-15,2.229,0.5888397822164574,29.44198911082287,2007-01
2007-01-22,2.165,0.5719327628975461,28.596638144877307,2007-01
2007-01-29,2.165,0.5719327628975461,28.596638144877307,2007-01
2007-02-05,2.191,0.5788012394958537,28.940061974792684,2007-02
2007-02-12,2.241,0.5920098483387533,29.600492416937662,2007-02
2007-02-19,2.296,0.6065393180659426,30.326965903297133,2007-02
2007-02-26,2.383,0.6295222974525877,31.476114872629385,2007-02
2007-03-05,2.505,0.6617513030292623,33.08756515146312,2007-03
2007-03-12,2.559,0.6760166005795938,33.80083002897969,2007-03
2007-03-19,2.577,0.6807716997630375,34.038584988151875,2007-03
2007-03-26,2.61,0.6894893815993511,34.474469079967555,2007-03
2007-04-02,2.707,0.715114082754576,35.7557041377288,2007-04
2007-04-09,2.802,0.740210439556085,37.01052197780425,2007-04
2007-04-16,2.876,0.7597591806435762,37.98795903217881,2007-04
2007-04-23,2.869,0.7579099754055704,37.89549877027852,2007-04
2007-04-30,2.971,0.7848555374450852,39.24277687225426,2007-04
2007-05-07,3.054,0.8067818281242982,40.33909140621491,2007-05
2007-05-14,3.103,0.8197262647903397,40.98631323951699,2007-05
2007-05-21,3.218,0.8501060651290084,42.505303256450425,2007-05
2007-05-28,3.209,0.8477285155372866,42.38642577686433,2007-05
2007-06-04,3.157,0.8339915623406712,41.69957811703356,2007-06
2007-06-11,3.076,0.812593616015174,40.6296808007587,2007-06
2007-06-18,3.009,0.7948940801656887,39.74470400828444,2007-06
2007-06-25,2.982,0.7877614313905231,39.388071569526154,2007-06
2007-07-02,2.959,0.7816854713227893,39.084273566139466,2007-07
2007-07-09,2.981,0.787497259213665,39.37486296068325,2007-07
2007-07-16,3.049,0.8054609672400083,40.27304836200042,2007-07
2007-07-23,2.958,0.7814212991459314,39.07106495729657,2007-07
2007-07-30,2.876,0.7597591806435762,37.98795903217881,2007-07
2007-08-06,2.838,0.7497206379229726,37.48603189614863,2007-08
2007-08-13,2.771,0.7320211020734874,36.60105510367437,2007-08
2007-08-20,2.785,0.7357195125494993,36.78597562747497,2007-08
2007-08-27,2.749,0.7262093141826117,36.31046570913058,2007-08
2007-09-03,2.796,0.738625406494937,36.93127032474685,2007-09
2007-09-10,2.818,0.7444371943858129,37.22185971929065,2007-09
2007-09-17,2.787,0.7362478569032151,36.81239284516076,2007-09
2007-09-24,2.812,0.7428521613246649,37.142608066233244,2007-09
2007-10-01,2.788,0.7365120290800732,36.82560145400366,2007-10
2007-10-08,2.77,0.7317569298966294,36.587846494831474,2007-10
2007-10-15,2.762,0.7296435524817655,36.48217762408827,2007-10
2007-10-22,2.823,0.7457580552701027,37.28790276350514,2007-10
2007-10-29,2.872,0.7587024919361443,37.93512459680721,2007-10
2007-11-05,3.013,0.7959507688731207,39.79753844365603,2007-11
2007-11-12,3.111,0.8218396422052037,41.09198211026018,2007-11
2007-11-19,3.099,0.8186695760829078,40.93347880414539,2007-11
2007-11-26,3.097,0.8181412317291917,40.907061586459584,2007-11
2007-12-03,3.061,0.8086310333623041,40.431551668115205,2007-12
2007-12-10,3.0,0.7925165305739669,39.62582652869834,2007-12
2007-12-17,2.998,0.7919881862202509,39.59940931101254,2007-12
2007-12-24,2.98,0.787233087036807,39.36165435184035,2007-12
2007-12-31,3.053,0.8065176559474403,40.32588279737202,2007-12
2008-01-07,3.109,0.8213112978514876,41.06556489257438,2008-01
2008-01-14,3.068,0.8104802386003102,40.524011930015504,2008-01
2008-01-21,3.017,0.7970074575805527,39.85037287902763,2008-01
2008-01-28,2.977,0.7864405705062331,39.32202852531165,2008-01
2008-02-04,2.978,0.7867047426830911,39.33523713415455,2008-02
2008-02-11,2.96,0.7819496434996472,39.09748217498236,2008-02
2008-02-18,3.042,0.8036117620020023,40.18058810010012,2008-02
2008-02-25,3.13,0.8268589135655053,41.342945678275264,2008-02
2008-03-03,3.162,0.835312423224961,41.76562116124805,2008-03
2008-03-10,3.225,0.8519552703670144,42.59776351835072,2008-03
2008-03-17,3.284,0.8675414288016357,43.377071440081785,2008-03
2008-03-24,3.259,0.860937124380186,43.0468562190093,2008-03
2008-03-31,3.29,0.8691264618627836,43.45632309313918,2008-03
2008-04-07,3.332,0.8802216932908191,44.01108466454096,2008-04
2008-04-14,3.389,0.8952795073717245,44.76397536858622,2008-04
2008-04-21,3.508,0.9267159964178252,46.33579982089126,2008-04
2008-04-28,3.603,0.9518123532193342,47.590617660966714,2008-04
2008-05-05,3.613,0.9544540749879141,47.722703749395706,2008-05
2008-05-12,3.722,0.9832488422654349,49.162442113271744,2008-05
2008-05-19,3.791,1.001476722468636,50.0738361234318,2008-05
2008-05-26,3.937,1.0400458602899025,52.00229301449512,2008-05
2008-06-02,3.976,1.050348575187364,52.5174287593682,2008-06
2008-06-09,4.039,1.0669914223294172,53.34957111647086,2008-06
2008-06-16,4.082,1.0783508259343109,53.91754129671554,2008-06
2008-06-23,4.079,1.0775583094037369,53.87791547018684,2008-06
2008-06-30,4.095,1.0817850642334648,54.08925321167324,2008-06
2008-07-07,4.114,1.0868043355937664,54.34021677968832,2008-07
2008-07-14,4.113,1.0865401634169087,54.32700817084544,2008-07
2008-07-21,4.064,1.0735957267508671,53.679786337543355,2008-07
2008-07-28,3.955,1.0448009594733463,52.240047973667316,2008-07
2008-08-04,3.88,1.024988046208997,51.24940231044985,2008-08
2008-08-11,3.809,1.00623182165208,50.311591082604004,2008-08
2008-08-18,3.74,0.9880039414488787,49.40019707244394,2008-08
2008-08-25,3.685,0.9734744717216893,48.67372358608446,2008-08
2008-09-01,3.68,0.9721536108373994,48.60768054186997,2008-09
2008-09-08,3.648,0.9637001011779437,48.18500505889718,2008-09
2008-09-15,3.835,1.0131002982503876,50.65501491251938,2008-09
2008-09-22,3.718,0.9821921535580029,49.109607677900144,2008-09
2008-09-29,3.632,0.9594733463482159,47.97366731741079,2008-09
2008-10-06,3.484,0.9203758641732335,46.01879320866168,2008-10
2008-10-13,3.151,0.8324065292795232,41.62032646397616,2008-10
2008-10-20,2.914,0.7697977233641798,38.48988616820899,2008-10
2008-10-27,2.656,0.7016413017348186,35.08206508674093,2008-10
2008-11-03,2.4,0.6340132244591734,31.700661222958672,2008-11
2008-11-10,2.224,0.5875189213321674,29.37594606660837,2008-11
2008-11-17,2.072,0.5473647504497531,27.368237522487654,2008-11
2008-11-24,1.892,0.4998137586153151,24.990687930765752,2008-11
2008-12-01,1.811,0.478415812289818,23.9207906144909,2008-12
2008-12-08,1.699,0.4488285284817232,22.44142642408616,2008-12
2008-12-15,1.659,0.4382616414074037,21.913082070370184,2008-12
2008-12-22,1.653,0.43667660834625577,21.83383041731279,2008-12
2008-12-29,1.613,0.4261097212719362,21.30548606359681,2008-12
2009-01-05,1.684,0.44486594582885336,22.24329729144267,2009-01
2009-01-12,1.784,0.47128316351465227,23.564158175732615,2009-01
2009-01-19,1.847,0.4879260106567056,24.39630053283528,2009-01
2009-01-26,1.838,0.4855484610649837,24.277423053249187,2009-01
2009-02-02,1.892,0.4998137586153151,24.990687930765752,2009-02
2009-02-09,1.926,0.5087956126284867,25.439780631424334,2009-02
2009-02-16,1.964,0.5188341553490903,25.941707767454513,2009-02
2009-02-23,1.909,0.5043046856219009,25.215234281095043,2009-02
2009-03-02,1.934,0.5109089900433507,25.545449502167532,2009-03
2009-03-09,1.941,0.5127581952813566,25.637909764067828,2009-03
2009-03-16,1.91,0.5045688577987589,25.228442889937945,2009-03
2009-03-23,1.962,0.5183058109953743,25.915290549768716,2009-03
2009-03-30,2.046,0.5404962738514454,27.02481369257227,2009-03
2009-04-06,2.037,0.5381187242597235,26.905936212986177,2009-04
2009-04-13,2.051,0.5418171347357353,27.090856736786765,2009-04
2009-04-20,2.059,0.5439305121505993,27.196525607529964,2009-04
2009-04-27,2.049,0.5412887903820194,27.06443951910097,2009-04
2009-05-04,2.078,0.548949783510901,27.447489175545048,2009-05
2009-05-11,2.24,0.5917456761618953,29.587283808094767,2009-05
2009-05-18,2.309,0.6099735563650965,30.498677818254826,2009-05
2009-05-25,2.435,0.6432592506492031,32.162962532460156,2009-05
2009-06-01,2.524,0.6667705743895641,33.338528719478205,2009-06
2009-06-08,2.624,0.6931877920753631,34.659389603768155,2009-06
2009-06-15,2.672,0.7058680565645465,35.29340282822733,2009-06
2009-06-22,2.691,0.7108873279248482,35.54436639624241,2009-06
2009-06-29,2.642,0.6979428912588068,34.89714456294034,2009-06
2009-07-06,2.612,0.6900177259530672,34.50088629765336,2009-07
2009-07-13,2.528,0.667827263096996,33.3913631548498,2009-07
2009-07-20,2.463,0.6506560716012268,32.53280358006134,2009-07
2009-07-27,2.503,0.6612229586755464,33.06114793377732,2009-07
2009-08-03,2.557,0.6754882562258777,33.774412811293885,2009-08
2009-08-10,2.647,0.6992637521430967,34.963187607154836,2009-08
2009-08-17,2.637,0.6966220303745169,34.831101518725845,2009-08
2009-08-24,2.628,0.694244480782795,34.71222403913975,2009-08
2009-08-31,2.613,0.6902818981299251,34.514094906496254,2009-08
2009-09-07,2.588,0.6836775937084755,34.183879685423776,2009-09
2009-09-14,2.577,0.6807716997630375,34.038584988151875,2009-09
2009-09-21,2.552,0.6741673953415879,33.7083697670794,2009-09
2009-09-28,2.499,0.6601662699681144,33.00831349840572,2009-09
2009-10-05,2.468,0.6519769324855167,32.598846624275836,2009-10
2009-10-12,2.489,0.6575245481995344,32.87622740997672,2009-10
2009-10-19,2.574,0.6799791832324635,33.998959161623176,2009-10
2009-10-26,2.674,0.7063964009182624,35.31982004591312,2009-10
2009-11-02,2.694,0.7116798444554222,35.58399222277111,2009-11
2009-11-09,2.666,0.7042830235033986,35.21415117516993,2009-11
2009-11-16,2.629,0.6945086529596529,34.72543264798264,2009-11
2009-11-23,2.639,0.6971503747282328,34.85751873641164,2009-11
2009-11-30,2.629,0.6945086529596529,34.72543264798264,2009-11
2009-12-07,2.634,0.6958295138439429,34.791475692197146,2009-12
2009-12-14,2.599,0.6865834876539133,34.32917438269566,2009-12
2009-12-21,2.589,0.6839417658853334,34.19708829426667,2009-12
2009-12-28,2.607,0.6886968650687773,34.43484325343886,2009-12
2010-01-04,2.665,0.7040188513265405,35.20094256632703,2010-01
2010-01-11,2.751,0.7267376585363275,36.33688292681638,2010-01
2010-01-18,2.739,0.7235675924140317,36.178379620701584,2010-01
2010-01-25,2.705,0.7145857384008601,35.72928692004301,2010-01
2010-02-01,2.661,0.7029621626191086,35.14810813095543,2010-02
2010-02-08,2.652,0.7005846130273867,35.02923065136934,2010-02
2010-02-15,2.608,0.6889610372456352,34.44805186228176,2010-02
2010-02-22,2.655,0.7013771295579606,35.06885647789803,2010-02
2010-03-01,2.702,0.7137932218702862,35.68966109351431,2010-03
2010-03-08,2.751,0.7267376585363275,36.33688292681638,2010-03
2010-03-15,2.788,0.7365120290800732,36.82560145400366,2010-03
2010-03-22,2.819,0.7447013665626708,37.23506832813354,2010-03
2010-03-29,2.798,0.7391537508486531,36.95768754243265,2010-03
2010-04-05,2.826,0.7465505718006767,37.327528590033836,2010-04
2010-04-12,2.858,0.7550040814601324,37.75020407300662,2010-04
2010-04-19,2.86,0.7555324258138484,37.77662129069242,2010-04
2010-04-26,2.849,0.7526265318684106,37.631326593420525,2010-04
2010-05-03,2.898,0.7655709685344521,38.2785484267226,2010-05
2010-05-10,2.905,0.7674201737724579,38.371008688622894,2010-05
2010-05-17,2.864,0.7565891145212803,37.82945572606401,2010-05
2010-05-24,2.786,0.7359836847263572,36.79918423631786,2010-05
2010-05-31,2.728,0.720661698468594,36.0330849234297,2010-05
2010-06-07,2.725,0.71986918193802,35.993459096901,2010-06
2010-06-14,2.701,0.7135290496934282,35.67645248467141,2010-06
2010-06-21,2.743,0.7246242811214637,36.231214056073185,2010-06
2010-06-28,2.757,0.7283226915974755,36.41613457987378,2010-06
2010-07-05,2.726,0.7201333541148779,36.006667705743894,2010-07
2010-07-12,2.718,0.7180199767000139,35.9009988350007,2010-07
2010-07-19,2.722,0.719076665407446,35.9538332703723,2010-07
2010-07-26,2.749,0.7262093141826117,36.31046570913058,2010-07
2010-08-02,2.735,0.7225109037065998,36.12554518532999,2010-08
2010-08-09,2.783,0.7351911681957832,36.759558409789165,2010-08
2010-08-16,2.745,0.7251526254751797,36.25763127375898,2010-08
2010-08-23,2.704,0.7143215662240022,35.716078311200114,2010-08
2010-08-30,2.682,0.7085097783331263,35.42548891665632,2010-08
2010-09-06,2.682,0.7085097783331263,35.42548891665632,2010-09
2010-09-13,2.721,0.7188124932305879,35.9406246615294,2010-09
2010-09-20,2.723,0.7193408375843039,35.967041879215195,2010-09
2010-09-27,2.694,0.7116798444554222,35.58399222277111,2010-09
2010-10-04,2.732,0.7217183871760259,36.08591935880129,2010-10
2010-10-11,2.819,0.7447013665626708,37.23506832813354,2010-10
2010-10-18,2.834,0.7486639492155407,37.43319746077704,2010-10
2010-10-25,2.817,0.7441730222089549,37.20865111044775,2010-10
2010-11-01,2.806,0.741267128263517,37.06335641317585,2010-11
2010-11-08,2.865,0.7568532866981384,37.84266433490692,2010-11
2010-11-15,2.892,0.7639859354733041,38.1992967736652,2010-11
2010-11-22,2.876,0.7597591806435762,37.98795903217881,2010-11
2010-11-29,2.856,0.7544757371064165,37.723786855320824,2010-11
2010-12-06,2.958,0.7814212991459314,39.07106495729657,2010-12
2010-12-13,2.98,0.787233087036807,39.36165435184035,2010-12
2010-12-20,2.982,0.7877614313905231,39.388071569526154,2010-12
2010-12-27,3.052,0.8062534837705823,40.312674188529115,2010-12
2011-01-03,3.07,0.811008582954026,40.5504291477013,2011-01
2011-01-10,3.089,0.8160278543143279,40.801392715716396,2011-01
2011-01-17,3.104,0.8199904369671978,40.99952184835989,2011-01
2011-01-24,3.11,0.8215754700283456,41.07877350141728,2011-01
2011-01-31,3.101,0.8191979204366238,40.959896021831184,2011-01
2011-02-07,3.132,0.8273872579192214,41.36936289596107,2011-02
2011-02-14,3.14,0.8295006353340854,41.47503176670427,2011-02
2011-02-21,3.189,0.8424450720001267,42.12225360000634,2011-02
2011-02-28,3.383,0.8936944743105766,44.68472371552883,2011-02
2011-03-07,3.52,0.9298860625401211,46.494303127006056,2011-03
2011-03-14,3.567,0.9423021548524466,47.11510774262233,2011-03
2011-03-21,3.562,0.9409812939681566,47.049064698407825,2011-03
2011-03-28,3.596,0.9499631479813283,47.498157399066415,2011-03
2011-04-04,3.684,0.9732102995448313,48.66051497724156,2011-04
2011-04-11,3.791,1.001476722468636,50.0738361234318,2011-04
2011-04-18,3.844,1.0154778478421096,50.77389239210548,2011-04
2011-04-25,3.879,1.0247238740321392,51.23619370160696,2011-04
2011-05-02,3.963,1.0469143368882103,52.34571684441052,2011-05
2011-05-09,3.965,1.0474426812419262,52.37213406209631,2011-05
2011-05-16,3.96,1.0461218203576363,52.30609101788182,2011-05
2011-05-23,3.849,1.0167987087263994,50.83993543631997,2011-05
2011-05-30,3.794,1.00226923899921,50.1134619499605,2011-05
2011-06-06,3.781,0.9988350007000563,49.94175003500281,2011-06
2011-06-13,3.713,0.980871292673713,49.04356463368565,2011-06
2011-06-20,3.652,0.9647567898853757,48.23783949426878,2011-06
2011-06-27,3.574,0.9441513600904524,47.20756800452262,2011-06
2011-07-04,3.579,0.9454722209747425,47.27361104873712,2011-07
2011-07-11,3.641,0.9618508959399378,48.09254479699689,2011-07
2011-07-18,3.682,0.9726819551911153,48.634097759555765,2011-07
2011-07-25,3.699,0.977172882197701,48.85864410988505,2011-07
2011-08-01,3.711,0.9803429483199969,49.017147415999844,2011-08
2011-08-08,3.674,0.9705685777762514,48.52842888881257,2011-08
2011-08-15,3.604,0.9520765253961923,47.603826269809616,2011-08
2011-08-22,3.581,0.9460005653284584,47.30002826642292,2011-08
2011-08-29,3.627,0.9581524854639258,47.90762427319629,2011-08
2011-09-05,3.674,0.9705685777762514,48.52842888881257,2011-09
2011-09-12,3.661,0.9671343394770976,48.35671697385488,2011-09
2011-09-19,3.601,0.9512840088656183,47.56420044328091,2011-09
2011-09-26,3.509,0.9269801685946832,46.34900842973416,2011-09
2011-10-03,3.433,0.906903083153476,45.345154157673804,2011-10
2011-10-10,3.417,0.9026763283237482,45.133816416187415,2011-10
2011-10-17,3.476,0.9182624867583696,45.91312433791848,2011-10
2011-10-24,3.462,0.9145640762823578,45.72820381411789,2011-10
2011-10-31,3.452,0.9119223545137779,45.59611772568889,2011-10
2011-11-07,3.424,0.9045255335617541,45.22627667808771,2011-11
2011-11-14,3.436,0.90769559968405,45.3847799842025,2011-11
2011-11-21,3.368,0.8897318916577067,44.48659458288534,2011-11
2011-11-28,3.307,0.8736173888693695,43.680869443468474,2011-11
2011-12-05,3.29,0.8691264618627836,43.45632309313918,2011-12
2011-12-12,3.286,0.8680697731553517,43.40348865776759,2011-12
2011-12-19,3.229,0.8530119590744464,42.65059795372232,2011-12
2011-12-26,3.258,0.860672952203328,43.0336476101664,2011-12
2012-01-02,3.299,0.8715040114545055,43.57520057272527,2012-01
2012-01-09,3.382,0.8934303021337187,44.67151510668593,2012-01
2012-01-16,3.391,0.8958078517254405,44.79039258627203,2012-01
2012-01-23,3.389,0.8952795073717245,44.76397536858622,2012-01
2012-01-30,3.439,0.908488116214624,45.4244058107312,2012-01
2012-02-06,3.482,0.9198475198195176,45.99237599097588,2012-02
2012-02-13,3.523,0.9306785790706951,46.533928953534755,2012-02
2012-02-20,3.591,0.9486422870970384,47.43211435485192,2012-02
2012-02-27,3.721,0.9829846700885769,49.14923350442885,2012-02
2012-03-05,3.793,1.0020050668223521,50.10025334111761,2012-03
2012-03-12,3.829,1.0115152651892398,50.57576325946199,2012-03
2012-03-19,3.867,1.0215538079098432,51.07769039549216,2012-03
2012-03-26,3.918,1.0350265889296006,51.751329446480035,2012-03
2012-04-02,3.941,1.0411025489973345,52.055127449866724,2012-04
2012-04-09,3.939,1.0405742046436186,52.02871023218093,2012-04
2012-04-16,3.922,1.0360832776370328,51.804163881851636,2012-04
2012-04-23,3.87,1.0223463244404172,51.11731622202086,2012-04
2012-04-30,3.83,1.0117794373660978,50.58897186830489,2012-04
2012-05-07,3.79,1.0012125502917781,50.06062751458891,2012-05
2012-05-14,3.754,0.9917023519248905,49.58511759624453,2012-05
2012-05-21,3.715,0.9813996370274289,49.069981851371445,2012-05
2012-05-28,3.67,0.9695118890688195,48.475594453440976,2012-05
2012-06-04,3.613,0.9544540749879141,47.722703749395706,2012-06
2012-06-11,3.572,0.9436230157367366,47.18115078683683,2012-06
2012-06-18,3.533,0.933320300839275,46.666015041963746,2012-06
2012-06-25,3.437,0.9079597718609079,45.3979885930454,2012-06
2012-07-02,3.356,0.8865618255354109,44.32809127677054,2012-07
2012-07-09,3.411,0.9010912952626003,45.05456476313002,2012-07
2012-07-16,3.427,0.9053180500923281,45.265902504616406,2012-07
2012-07-23,3.494,0.9230175859418135,46.150879297090675,2012-07
2012-07-30,3.508,0.9267159964178252,46.33579982089126,2012-07
2012-08-06,3.645,0.9629075846473697,48.145379232368484,2012-08
2012-08-13,3.721,0.9829846700885769,49.14923350442885,2012-08
2012-08-20,3.744,0.9890606301563107,49.45303150781554,2012-08
2012-08-27,3.776,0.9975141398157662,49.87570699078831,2012-08
2012-09-03,3.843,1.0152136756652514,50.76068378326257,2012-09
2012-09-10,3.847,1.0162703643726836,50.81351821863418,2012-09
2012-09-17,3.878,1.0244597018552812,51.22298509276406,2012-09
2012-09-24,3.826,1.0107227486586658,50.536137432933295,2012-09
2012-10-01,3.804,1.00491096076779,50.2455480383895,2012-10
2012-10-08,3.85,1.0170628809032576,50.85314404516288,2012-10
2012-10-15,3.819,1.0088735434206597,50.44367717103299,2012-10
2012-10-22,3.687,0.9740028160754052,48.70014080377026,2012-10
2012-10-29,3.568,0.9425663270293045,47.12831635146523,2012-10
2012-11-05,3.492,0.9224892415880974,46.12446207940487,2012-11
2012-11-12,3.449,0.9111298379832039,45.55649189916019,2012-11
2012-11-19,3.429,0.9058463944460441,45.2923197223022,2012-11
2012-11-26,3.437,0.9079597718609079,45.3979885930454,2012-11
2012-12-03,3.394,0.8966003682560145,44.830018412800726,2012-12
2012-12-10,3.349,0.884712620297405,44.23563101487025,2012-12
2012-12-17,3.254,0.859616263495896,42.980813174794804,2012-12
2012-12-24,3.257,0.86040878002647,43.0204390013235,2012-12
2012-12-31,3.298,0.8712398392776476,43.56199196388238,2012-12
2013-01-07,3.299,0.8715040114545055,43.57520057272527,2013-01
2013-01-14,3.303,0.8725607001619375,43.62803500809688,2013-01
2013-01-21,3.315,0.8757307662842334,43.78653831421167,2013-01
2013-01-28,3.357,0.886825997712269,44.34129988561345,2013-01
2013-02-04,3.538,0.9346411617235648,46.73205808617824,2013-02
2013-02-11,3.611,0.9539257306341982,47.69628653170991,2013-02
2013-02-18,3.747,0.9898531466868846,49.49265733434423,2013-02
2013-02-25,3.784,0.9996275172306301,49.981375861531504,2013-02
2013-03-04,3.759,0.9930232128091805,49.651160640459025,2013-03
2013-03-11,3.71,0.980078776143139,49.00393880715695,2013-03
2013-03-18,3.696,0.9763803656671272,48.81901828335636,2013-03
2013-03-25,3.68,0.9721536108373994,48.60768054186997,2013-03
2013-04-01,3.645,0.9629075846473697,48.145379232368484,2013-04
2013-04-08,3.608,0.9531332141036242,47.65666070518121,2013-04
2013-04-15,3.542,0.9356978504309968,46.78489252154984,2013-04
2013-04-22,3.536,0.934112817369849,46.70564086849245,2013-04
2013-04-29,3.52,0.9298860625401211,46.494303127006056,2013-04
2013-05-06,3.538,0.9346411617235648,46.73205808617824,2013-05
2013-05-13,3.603,0.9518123532193342,47.590617660966714,2013-05
2013-05-20,3.673,0.9703044055993935,48.515220279969675,2013-05
2013-05-27,3.645,0.9629075846473697,48.145379232368484,2013-05
2013-06-03,3.646,0.9631717568242277,48.158587841211386,2013-06
2013-06-10,3.655,0.9655493064159496,48.27746532079748,2013-06
2013-06-17,3.626,0.9578883132870679,47.894415664353396,2013-06
2013-06-24,3.577,0.9449438766210264,47.24719383105132,2013-06
2013-07-01,3.496,0.9235459302955293,46.177296514776465,2013-07
2013-07-08,3.492,0.9224892415880974,46.12446207940487,2013-07
2013-07-15,3.639,0.9613225515862217,48.066127579311086,2013-07
2013-07-22,3.682,0.9726819551911153,48.634097759555765,2013-07
2013-07-29,3.646,0.9631717568242277,48.158587841211386,2013-07
2013-08-05,3.632,0.9594733463482159,47.97366731741079,2013-08
2013-08-12,3.561,0.9407171217912986,47.03585608956493,2013-08
2013-08-19,3.55,0.9378112278458607,46.89056139229304,2013-08
2013-08-26,3.552,0.9383395721995768,46.91697860997884,2013-08
2013-09-02,3.608,0.9531332141036242,47.65666070518121,2013-09
2013-09-09,3.587,0.9475855983896064,47.379279919480325,2013-09
2013-09-16,3.547,0.9370187113152868,46.85093556576434,2013-09
2013-09-23,3.495,0.9232817581186714,46.16408790593357,2013-09
2013-09-30,3.425,0.9047897057386121,45.2394852869306,2013-09
2013-10-07,3.367,0.8894677194808488,44.473385974042436,2013-10
2013-10-14,3.354,0.886033481181695,44.30167405908475,2013-10
2013-10-21,3.36,0.8876185142428429,44.380925712142144,2013-10
2013-10-28,3.294,0.8701831505702157,43.509157528510784,2013-10
2013-11-04,3.265,0.862522157441334,43.1261078720667,2013-11
2013-11-11,3.194,0.8437659328844167,42.188296644220834,2013-11
2013-11-18,3.219,0.8503702373058664,42.51851186529332,2013-11
2013-11-25,3.293,0.8699189783933576,43.49594891966788,2013-11
2013-12-02,3.272,0.8643713626793398,43.21856813396699,2013-12
2013-12-09,3.269,0.8635788461487659,43.1789423074383,2013-12
2013-12-16,3.239,0.8556536808430262,42.78268404215131,2013-12
2013-12-23,3.271,0.8641071905024819,43.205359525124095,2013-12
2013-12-30,3.331,0.8799575211139612,43.99787605569806,2013-12
2014-01-06,3.332,0.8802216932908191,44.01108466454096,2014-01
2014-01-13,3.327,0.8789008324065293,43.945041620326464,2014-01
2014-01-20,3.296,0.8707114949239315,43.53557474619657,2014-01
2014-01-27,3.295,0.8704473227470736,43.52236613735368,2014-01
2014-02-03,3.292,0.8696548062164996,43.48274031082498,2014-02
2014-02-10,3.309,0.8741457332230855,43.70728666115428,2014-02
2014-02-17,3.38,0.8929019577800026,44.64509788900013,2014-02
2014-02-24,3.444,0.909808977098914,45.4904488549457,2014-02
2014-03-03,3.479,0.9190550032889436,45.95275016444718,2014-03
2014-03-10,3.512,0.9277726851252572,46.38863425626286,2014-03
2014-03-17,3.547,0.9370187113152868,46.85093556576434,2014-03
2014-03-24,3.549,0.9375470556690028,46.877352783450135,2014-03
2014-03-31,3.579,0.9454722209747425,47.27361104873712,2014-03
2014-04-07,3.596,0.9499631479813283,47.498157399066415,2014-04
2014-04-14,3.651,0.9644926177085176,48.22463088542588,2014-04
2014-04-21,3.683,0.9729461273679733,48.64730636839866,2014-04
2014-04-28,3.713,0.980871292673713,49.04356463368565,2014-04
2014-05-05,3.684,0.9732102995448313,48.66051497724156,2014-05
2014-05-12,3.668,0.9689835447151035,48.44917723575517,2014-05
2014-05-19,3.665,0.9681910281845295,48.409551409226474,2014-05
2014-05-26,3.674,0.9705685777762514,48.52842888881257,2014-05
2014-06-02,3.69,0.9747953326059792,48.73976663029896,2014-06
2014-06-09,3.674,0.9705685777762514,48.52842888881257,2014-06
2014-06-16,3.686,0.9737386438985473,48.686932194927365,2014-06
2014-06-23,3.704,0.9784937430819911,48.92468715409956,2014-06
2014-06-30,3.704,0.9784937430819911,48.92468715409956,2014-06
2014-07-07,3.678,0.9716252664836833,48.581263324184164,2014-07
2014-07-14,3.635,0.9602658628787898,48.01329314393949,2014-07
2014-07-21,3.593,0.9491706314507543,47.458531572537716,2014-07
2014-07-28,3.539,0.934905333900423,46.74526669502115,2014-07
2014-08-04,3.515,0.9285652016558312,46.42826008279156,2014-08
2014-08-11,3.505,0.9259234798872512,46.29617399436256,2014-08
2014-08-18,3.472,0.9172057980509376,45.86028990254688,2014-08
2014-08-25,3.454,0.9124506988674939,45.622534943374696,2014-08
2014-09-01,3.459,0.9137715597517838,45.68857798758919,2014-09
2014-09-08,3.457,0.9132432153980677,45.66216076990339,2014-09
2014-09-15,3.408,0.9002987787320264,45.01493893660132,2014-09
2014-09-22,3.353,0.885769309004837,44.28846545024185,2014-09
2014-09-29,3.354,0.886033481181695,44.30167405908475,2014-09
2014-10-06,3.299,0.8715040114545055,43.57520057272527,2014-10
2014-10-13,3.207,0.8472001711835705,42.360008559178524,2014-10
2014-10-20,3.12,0.8242171917969255,41.21085958984628,2014-10
2014-10-27,3.056,0.8073101724780143,40.365508623900716,2014-10
2014-11-03,2.993,0.7906673253359608,39.53336626679804,2014-11
2014-11-10,2.941,0.7769303721393455,38.84651860696727,2014-11
2014-11-17,2.894,0.76451427982702,38.225713991351,2014-11
2014-11-24,2.821,0.7452297109163869,37.26148554581935,2014-11
2014-12-01,2.778,0.7338703073114933,36.69351536557466,2014-12
2014-12-08,2.679,0.7077172618025523,35.385863090127614,2014-12
2014-12-15,2.554,0.6746957396953037,33.734786984765186,2014-12
2014-12-22,2.403,0.6348057409897474,31.74028704948737,2014-12
2014-12-29,2.299,0.6073318345965166,30.36659172982583,2014-12
2015-01-05,2.214,0.5848771995635875,29.243859978179376,2015-01
2015-01-12,2.139,0.5650642862992383,28.253214314961916,2015-01
2015-01-19,2.066,0.5457797173886051,27.288985869430256,2015-01
2015-01-26,2.044,0.5399679294977294,26.998396474886473,2015-01
2015-02-02,2.068,0.5463080617423212,27.315403087116056,2015-02
2015-02-09,2.191,0.5788012394958537,28.940061974792684,2015-02
2015-02-16,2.274,0.6007275301750669,30.036376508753342,2015-02
2015-02-23,2.332,0.6160495164328302,30.80247582164151,2015-02
2015-03-02,2.473,0.6532977933698066,32.66488966849033,2015-03
2015-03-09,2.487,0.6569962038458186,32.84981019229093,2015-03
2015-03-16,2.453,0.6480143498326468,32.40071749163234,2015-03
2015-03-23,2.457,0.6490710385400789,32.45355192700394,2015-03
2015-03-30,2.448,0.646693488948357,32.33467444741785,2015-03
2015-04-06,2.413,0.6374474627583273,31.872373137916366,2015-04
2015-04-13,2.408,0.6361266018740374,31.806330093701867,2015-04
2015-04-20,2.485,0.6564678594921025,32.82339297460513,2015-04
2015-04-27,2.57,0.6789224945250316,33.94612472625158,2015-04
2015-05-04,2.664,0.7037546791496826,35.18773395748413,2015-05
2015-05-11,2.691,0.7108873279248482,35.54436639624241,2015-05
2015-05-18,2.744,0.7248884532983217,36.24442266491609,2015-05
2015-05-25,2.774,0.7328136186040614,36.64068093020307,2015-05
2015-06-01,2.78,0.7343986516652092,36.71993258326046,2015-06
2015-06-08,2.78,0.7343986516652092,36.71993258326046,2015-06
2015-06-15,2.835,0.7489281213923986,37.44640606961993,2015-06
2015-06-22,2.812,0.7428521613246649,37.142608066233244,2015-06
2015-06-29,2.801,0.7399462673792271,36.99731336896136,2015-06
2015-07-06,2.793,0.7378328899643631,36.891644498218156,2015-07
2015-07-13,2.834,0.7486639492155407,37.43319746077704,2015-07
2015-07-20,2.802,0.740210439556085,37.01052197780425,2015-07
2015-07-27,2.745,0.7251526254751797,36.25763127375898,2015-07
2015-08-03,2.689,0.7103589835711323,35.51794917855661,2015-08
2015-08-10,2.629,0.6945086529596529,34.72543264798264,2015-08
2015-08-17,2.716,0.7174916323462981,35.8745816173149,2015-08
2015-08-24,2.637,0.6966220303745169,34.831101518725845,2015-08
2015-08-31,2.51,0.6630721639135522,33.153608195677606,2015-08
2015-09-07,2.437,0.643787595002919,32.18937975014595,2015-09
2015-09-14,2.375,0.6274089200377237,31.370446001886187,2015-09
2015-09-21,2.327,0.6147286555485403,30.736432777427012,2015-09
2015-09-28,2.322,0.6134077946642503,30.670389733212517,2015-09
2015-10-05,2.318,0.6123511059568184,30.61755529784092,2015-10
2015-10-12,2.337,0.6173703773171202,30.86851886585601,2015-10
2015-10-19,2.277,0.6015200467056409,30.07600233528204,2015-10
2015-10-26,2.228,0.5885756100395995,29.428780501979972,2015-10
2015-11-02,2.224,0.5875189213321674,29.37594606660837,2015-11
2015-11-09,2.235,0.5904248152776053,29.521240763880265,2015-11
2015-11-16,2.178,0.5753670011966999,28.768350059834997,2015-11
2015-11-23,2.094,0.5531765383406289,27.658826917031444,2015-11
2015-11-30,2.059,0.5439305121505993,27.196525607529964,2015-11
2015-12-07,2.053,0.5423454790894513,27.117273954472566,2015-12
2015-12-14,2.037,0.5381187242597235,26.905936212986177,2015-12
2015-12-21,2.026,0.5352128303142856,26.76064151571428,2015-12
2015-12-28,2.034,0.5373262077291495,26.866310386457474,2015-12
2016-01-04,2.028,0.5357411746680016,26.78705873340008,2016-01
2016-01-11,1.996,0.527287665008546,26.3643832504273,2016-01
2016-01-18,1.914,0.5056255465061908,25.281277325309542,2016-01
2016-01-25,1.856,0.49030356024842753,24.515178012421377,2016-01
2016-02-01,1.822,0.4813217062352559,24.066085311762794,2016-02
2016-02-08,1.759,0.46467885909320256,23.23394295466013,2016-02
2016-02-15,1.724,0.45543283290317293,22.771641645158645,2016-02
2016-02-22,1.73,0.45701786596432087,22.850893298216043,2016-02
2016-02-29,1.783,0.4710189913377943,23.550949566889713,2016-02
2016-03-07,1.841,0.48634097759555767,24.317048879777882,2016-03
2016-03-14,1.961,0.5180416388185164,25.902081940925818,2016-03
2016-03-21,2.007,0.5301935589539839,26.509677947699195,2016-03
2016-03-28,2.066,0.5457797173886051,27.288985869430256,2016-03
2016-04-04,2.083,0.550270644395191,27.51353221975955,2016-04
2016-04-11,2.069,0.5465722339191791,27.328611695958955,2016-04
2016-04-18,2.137,0.5645359419455224,28.22679709727612,2016-04
2016-04-25,2.162,0.5711402463669721,28.557012318348608,2016-04
2016-05-02,2.24,0.5917456761618953,29.587283808094767,2016-05
2016-05-09,2.22,0.5864622326247355,29.323111631236777,2016-05
2016-05-16,2.242,0.5922740205156112,29.613701025780557,2016-05
2016-05-23,2.3,0.6075960067733746,30.379800338668726,2016-05
2016-05-30,2.339,0.6178987216708361,30.894936083541808,2016-05
2016-06-06,2.381,0.6289939530988716,31.44969765494358,2016-06
2016-06-13,2.399,0.6337490522823155,31.687452614115774,2016-06
2016-06-20,2.353,0.6215971321468481,31.079856607342403,2016-06
2016-06-27,2.329,0.6152569999022564,30.762849995112816,2016-06
2016-07-04,2.291,0.6052184571816527,30.260922859082633,2016-07
2016-07-11,2.253,0.5951799144610491,29.758995723052458,2016-07
2016-07-18,2.23,0.5891039543933153,29.455197719665765,2016-07
2016-07-25,2.182,0.5764236899041318,28.82118449520659,2016-07
2016-08-01,2.159,0.5703477298363981,28.517386491819906,2016-08
2016-08-08,2.15,0.5679701802446763,28.398509012233813,2016-08
2016-08-15,2.149,0.5677060080678182,28.38530040339091,2016-08
2016-08-22,2.193,0.5793295838495698,28.966479192478488,2016-08
2016-08-29,2.237,0.5909531596313213,29.54765798156607,2016-08
2016-09-05,2.223,0.5872547491553094,29.36273745776547,2016-09
2016-09-12,2.202,0.5817071334412917,29.085356672064584,2016-09
2016-09-19,2.225,0.5877830935090255,29.389154675451273,2016-09
2016-09-26,2.224,0.5875189213321674,29.37594606660837,2016-09
2016-10-03,2.245,0.5930665370461852,29.65332685230926,2016-10
2016-10-10,2.272,0.6001991858213508,30.00995929106754,2016-10
2016-10-17,2.257,0.5962366031684811,29.81183015842406,2016-10
2016-10-24,2.243,0.5925381926924692,29.62690963462346,2016-10
2016-10-31,2.23,0.5891039543933153,29.455197719665765,2016-10
2016-11-07,2.233,0.5898964709238893,29.494823546194464,2016-11
2016-11-14,2.184,0.5769520342578479,28.847601712892395,2016-11
2016-11-21,2.155,0.5692910411289661,28.464552056448305,2016-11
2016-11-28,2.154,0.5690268689521082,28.45134344760541,2016-11
2016-12-05,2.208,0.5832921665024396,29.164608325121982,2016-12
2016-12-12,2.236,0.5906889874544633,29.534449372723167,2016-12
2016-12-19,2.264,0.598085808406487,29.904290420324347,2016-12
2016-12-26,2.309,0.6099735563650965,30.498677818254826,2016-12
2017-01-02,2.377,0.6279372643914397,31.396863219571987,2017-01
2017-01-09,2.388,0.6308431583368775,31.542157916843877,2017-01
2017-01-16,2.358,0.6229179930311379,31.145899651556896,2017-01
2017-01-23,2.326,0.6144644833716824,30.723224168584117,2017-01
2017-01-30,2.296,0.6065393180659426,30.326965903297133,2017-01
2017-02-06,2.293,0.6057468015353688,30.287340076768437,2017-02
2017-02-13,2.307,0.6094452120113805,30.472260600569022,2017-02
2017-02-20,2.302,0.6081243511270906,30.40621755635453,2017-02
2017-02-27,2.314,0.6112944172493865,30.564720862469326,2017-02
2017-03-06,2.341,0.6184270660245522,30.92135330122761,2017-03
2017-03-13,2.323,0.6136719668411084,30.68359834205542,2017-03
2017-03-20,2.321,0.6131436224873924,30.65718112436962,2017-03
2017-03-27,2.315,0.6115585894262444,30.57792947131222,2017-03
2017-04-03,2.36,0.6234463373848539,31.172316869242696,2017-04
2017-04-10,2.424,0.6403533567037653,32.01766783518826,2017-04
2017-04-17,2.436,0.6435234228260611,32.17617114130306,2017-04
2017-04-24,2.449,0.6469576611252149,32.34788305626075,2017-04
2017-05-01,2.411,0.6369191184046114,31.84595592023057,2017-05
2017-05-08,2.372,0.6266164035071498,31.330820175357488,2017-05
2017-05-15,2.369,0.6258238869765759,31.291194348828792,2017-05
2017-05-22,2.399,0.6337490522823155,31.687452614115774,2017-05
2017-05-29,2.406,0.6355982575203215,31.779912876016077,2017-05
2017-06-05,2.414,0.6377116349351853,31.885581746759268,2017-06
2017-06-12,2.366,0.6250313704460019,31.251568522300094,2017-06
2017-06-19,2.318,0.6123511059568184,30.61755529784092,2017-06
2017-06-26,2.288,0.6044259406510787,30.221297032553935,2017-06
2017-07-03,2.26,0.5970291196990549,29.851455984952747,2017-07
2017-07-10,2.297,0.6068034902428007,30.340174512140035,2017-07
2017-07-17,2.278,0.6017842188824989,30.089210944124943,2017-07
2017-07-24,2.312,0.6107660728956704,30.53830364478352,2017-07
2017-07-31,2.352,0.6213329599699899,31.066647998499498,2017-07
2017-08-07,2.378,0.6282014365682977,31.410071828414885,2017-08
2017-08-14,2.384,0.6297864696294456,31.48932348147228,2017-08
2017-08-21,2.36,0.6234463373848539,31.172316869242696,2017-08
2017-08-28,2.399,0.6337490522823155,31.687452614115774,2017-08
2017-09-04,2.679,0.7077172618025523,35.385863090127614,2017-09
2017-09-11,2.685,0.7093022948637003,35.46511474318502,2017-09
2017-09-18,2.634,0.6958295138439429,34.791475692197146,2017-09
2017-09-25,2.583,0.6823567328241855,34.11783664120927,2017-09
2017-10-02,2.565,0.6776016336407417,33.88008168203708,2017-10
2017-10-09,2.504,0.6614871308524043,33.074356542620215,2017-10
2017-10-16,2.489,0.6575245481995344,32.87622740997672,2017-10
2017-10-23,2.479,0.6548828264309546,32.74414132154773,2017-10
2017-10-30,2.488,0.6572603760226765,32.863018801133826,2017-10
2017-11-06,2.561,0.6765449449333097,33.827247246665486,2017-11
2017-11-13,2.592,0.6847342824159074,34.23671412079537,2017-11
2017-11-20,2.568,0.6783941501713157,33.919707508565786,2017-11
2017-11-27,2.533,0.669148123981286,33.4574061990643,2017-11
2017-12-04,2.5,0.6604304421449724,33.02152210724862,2017-12
2017-12-11,2.485,0.6564678594921025,32.82339297460513,2017-12
2017-12-18,2.45,0.647221833302073,32.36109166510365,2017-12
2017-12-25,2.472,0.6530336211929487,32.65168105964744,2017-12
2018-01-01,2.52,0.6657138856821322,33.28569428410661,2018-01
2018-01-08,2.522,0.666242230035848,33.3121115017924,2018-01
2018-01-15,2.557,0.6754882562258777,33.774412811293885,2018-01
2018-01-22,2.567,0.6781299779944577,33.906498899722884,2018-01
2018-01-29,2.607,0.6886968650687773,34.43484325343886,2018-01
2018-02-05,2.637,0.6966220303745169,34.831101518725845,2018-02
2018-02-12,2.607,0.6886968650687773,34.43484325343886,2018-02
2018-02-19,2.557,0.6754882562258777,33.774412811293885,2018-02
2018-02-26,2.548,0.6731107066341558,33.65553533170779,2018-02
2018-03-05,2.56,0.6762807727564517,33.814038637822584,2018-03
2018-03-12,2.559,0.6760166005795938,33.80083002897969,2018-03
2018-03-19,2.598,0.6863193154770553,34.31596577385277,2018-03
2018-03-26,2.648,0.6995279243199548,34.97639621599774,2018-03
2018-04-02,2.7,0.7132648775165702,35.66324387582851,2018-04
2018-04-09,2.694,0.7116798444554222,35.58399222277111,2018-04
2018-04-16,2.747,0.7256809698288956,36.28404849144478,2018-04
2018-04-23,2.798,0.7391537508486531,36.95768754243265,2018-04
2018-04-30,2.846,0.7518340153378366,37.591700766891826,2018-04
2018-05-07,2.845,0.7515698431609786,37.57849215804893,2018-05
2018-05-14,2.873,0.7589666641130023,37.948333205650115,2018-05
2018-05-21,2.923,0.7721752729559017,38.60876364779509,2018-05
2018-05-28,2.962,0.7824779878533633,39.123899392668164,2018-05
2018-06-04,2.94,0.7766661999624875,38.83330999812438,2018-06
2018-06-11,2.911,0.7690052068336058,38.45026034168029,2018-06
2018-06-18,2.879,0.7605516971741502,38.027584858707506,2018-06
2018-06-25,2.833,0.7483997770386828,37.419988851934136,2018-06
2018-07-02,2.844,0.7513056709841205,37.56528354920602,2018-07
2018-07-09,2.857,0.7547399092832745,37.736995464163726,2018-07
2018-07-16,2.865,0.7568532866981384,37.84266433490692,2018-07
2018-07-23,2.831,0.7478714326849667,37.39357163424833,2018-07
2018-07-30,2.846,0.7518340153378366,37.591700766891826,2018-07
2018-08-06,2.852,0.7534190483989844,37.670952419949224,2018-08
2018-08-13,2.843,0.7510414988072626,37.55207494036313,2018-08
2018-08-20,2.821,0.7452297109163869,37.26148554581935,2018-08
2018-08-27,2.827,0.7468147439775348,37.34073719887674,2018-08
2018-09-03,2.824,0.7460222274469608,37.30111137234804,2018-09
2018-09-10,2.833,0.7483997770386828,37.419988851934136,2018-09
2018-09-17,2.841,0.7505131544535467,37.52565772267734,2018-09
2018-09-24,2.844,0.7513056709841205,37.56528354920602,2018-09
2018-10-01,2.866,0.7571174588749964,37.855872943749816,2018-10
2018-10-08,2.903,0.7668918294187419,38.3445914709371,2018-10
2018-10-15,2.879,0.7605516971741502,38.027584858707506,2018-10
2018-10-22,2.841,0.7505131544535467,37.52565772267734,2018-10
2018-10-29,2.811,0.7425879891478069,37.12939945739034,2018-10
2018-11-05,2.753,0.7272660028900436,36.36330014450218,2018-11
2018-11-12,2.686,0.7095664670405583,35.478323352027914,2018-11
2018-11-19,2.611,0.6897535537762092,34.48767768881046,2018-11
2018-11-26,2.539,0.670733157042434,33.5366578521217,2018-11
2018-12-03,2.451,0.647486005478931,32.37430027394655,2018-12
2018-12-10,2.421,0.6395608401731913,31.978042008659564,2018-12
2018-12-17,2.369,0.6258238869765759,31.291194348828792,2018-12
2018-12-24,2.321,0.6131436224873924,30.65718112436962,2018-12
2018-12-31,2.266,0.598614152760203,29.93070763801015,2018-12
2019-01-07,2.237,0.5909531596313213,29.54765798156607,2019-01
2019-01-14,2.247,0.5935948813999011,29.679744069995056,2019-01
2019-01-21,2.251,0.594651570107333,29.732578505366654,2019-01
2019-01-28,2.256,0.595972430991623,29.79862154958115,2019-01
2019-02-04,2.254,0.595444086637907,29.772204331895352,2019-02
2019-02-11,2.276,0.6012558745287828,30.06279372643914,2019-02
2019-02-18,2.317,0.6120869337799605,30.604346688998024,2019-02
2019-02-25,2.39,0.6313715026905936,31.56857513452968,2019-02
2019-03-04,2.422,0.6398250123500493,31.991250617502466,2019-03
2019-03-11,2.471,0.6527694490160907,32.638472450804535,2019-03
2019-03-18,2.548,0.6731107066341558,33.65553533170779,2019-03
2019-03-25,2.623,0.692923619898505,34.64618099492525,2019-03
2019-04-01,2.691,0.7108873279248482,35.54436639624241,2019-04
2019-04-08,2.745,0.7251526254751797,36.25763127375898,2019-04
2019-04-15,2.828,0.7470789161543927,37.35394580771963,2019-04
2019-04-22,2.841,0.7505131544535467,37.52565772267734,2019-04
2019-04-29,2.887,0.7626650745890141,38.13325372945071,2019-04
2019-05-06,2.897,0.7653067963575939,38.26533981787969,2019-05
2019-05-13,2.866,0.7571174588749964,37.855872943749816,2019-05
2019-05-20,2.852,0.7534190483989844,37.670952419949224,2019-05
2019-05-27,2.822,0.7454938830932448,37.27469415466224,2019-05
2019-06-03,2.807,0.741531300440375,37.07656502201875,2019-06
2019-06-10,2.732,0.7217183871760259,36.08591935880129,2019-06
2019-06-17,2.67,0.7053397122108305,35.266985610541525,2019-06
2019-06-24,2.654,0.7011129573811027,35.055647869055136,2019-06
2019-07-01,2.713,0.7166991158157241,35.8349557907862,2019-07
2019-07-08,2.743,0.7246242811214637,36.231214056073185,2019-07
2019-07-15,2.779,0.7341344794883513,36.706723974417564,2019-07
2019-07-22,2.75,0.7264734863594696,36.323674317973484,2019-07
2019-07-29,2.715,0.71722746016944,35.861373008472,2019-07
2019-08-05,2.688,0.7100948113942743,35.50474056971372,2019-08
2019-08-12,2.624,0.6931877920753631,34.659389603768155,2019-08
2019-08-19,2.598,0.6863193154770553,34.31596577385277,2019-08
2019-08-26,2.574,0.6799791832324635,33.998959161623176,2019-08
2019-09-02,2.563,0.6770732892870257,33.85366446435128,2019-09
2019-09-09,2.55,0.6736390509878718,33.68195254939359,2019-09
2019-09-16,2.552,0.6741673953415879,33.7083697670794,2019-09
2019-09-23,2.654,0.7011129573811027,35.055647869055136,2019-09
2019-09-30,2.642,0.6979428912588068,34.89714456294034,2019-09
2019-10-07,2.645,0.6987354077893808,34.93677038946904,2019-10
2019-10-14,2.629,0.6945086529596529,34.72543264798264,2019-10
2019-10-21,2.638,0.6968862025513748,34.84431012756874,2019-10
2019-10-28,2.596,0.6857909711233393,34.28954855616696,2019-10
2019-11-04,2.605,0.6881685207150612,34.40842603575306,2019-11
2019-11-11,2.615,0.6908102424836412,34.54051212418206,2019-11
2019-11-18,2.592,0.6847342824159074,34.23671412079537,2019-11
2019-11-25,2.579,0.6813000441167536,34.06500220583768,2019-11
2019-12-02,2.575,0.6802433554093216,34.01216777046608,2019-12
2019-12-09,2.561,0.6765449449333097,33.827247246665486,2019-12
2019-12-16,2.536,0.66994064051186,33.497032025593,2019-12
2019-12-23,2.532,0.6688839518044281,33.4441975902214,2019-12
2019-12-30,2.571,0.6791866667018897,33.959333335094485,2019-12
2020-01-06,2.578,0.6810358719398955,34.05179359699477,2020-01
2020-01-13,2.57,0.6789224945250316,33.94612472625158,2020-01
2020-01-20,2.537,0.6702048126887179,33.510240634435895,2020-01
2020-01-27,2.506,0.6620154752061203,33.10077376030601,2020-01
2020-02-03,2.455,0.6485426941863629,32.427134709318146,2020-02
2020-02-10,2.419,0.6390324958194753,31.951624790973764,2020-02
2020-02-17,2.428,0.6414100454111972,32.07050227055986,2020-02
2020-02-24,2.466,0.6514485881318008,32.57242940659004,2020-02
2020-03-02,2.423,0.6400891845269072,32.00445922634536,2020-03
2020-03-09,2.375,0.6274089200377237,31.370446001886187,2020-03
2020-03-16,2.248,0.5938590535767592,29.69295267883796,2020-03
2020-03-23,2.12,0.5600450149389367,28.00225074694683,2020-03
2020-03-30,2.005,0.5296652146002678,26.48326073001339,2020-03
2020-04-06,1.924,0.5082672682747708,25.413363413738537,2020-04
2020-04-13,1.853,0.48951104371785353,24.475552185892678,2020-04
2020-04-20,1.812,0.478679984466676,23.9339992233338,2020-04
2020-04-27,1.773,0.4683772695692144,23.418863478460718,2020-04
2020-05-04,1.789,0.4726040243989422,23.63020121994711,2020-05
2020-05-11,1.851,0.4889826993641375,24.449134968206877,2020-05
2020-05-18,1.878,0.49611534813930325,24.805767406965163,2020-05
2020-05-25,1.96,0.5177774666416584,25.888873332082916,2020-05
2020-06-01,1.974,0.5214758771176702,26.07379385588351,2020-06
2020-06-08,2.036,0.5378545520828655,26.892727604143275,2020-06
2020-06-15,2.098,0.5542332270480608,27.711661352403038,2020-06
2020-06-22,2.129,0.5624225645306585,28.121128226532928,2020-06
2020-06-29,2.174,0.574310312489268,28.7155156244634,2020-06
2020-07-06,2.177,0.575102829019842,28.7551414509921,2020-07
2020-07-13,2.195,0.5798579282032857,28.99289641016429,2020-07
2020-07-20,2.186,0.5774803786115639,28.874018930578195,2020-07
2020-07-27,2.175,0.5745744846661259,28.728724233306295,2020-07
2020-08-03,2.176,0.574838656842984,28.741932842149197,2020-08
2020-08-10,2.166,0.5721969350744041,28.609846753720202,2020-08
2020-08-17,2.166,0.5721969350744041,28.609846753720202,2020-08
2020-08-24,2.182,0.5764236899041318,28.82118449520659,2020-08
2020-08-31,2.222,0.5869905769784515,29.349528848922574,2020-08
2020-09-07,2.211,0.5840846830330135,29.204234151650677,2020-09
2020-09-14,2.183,0.5766878620809899,28.834393104049493,2020-09
2020-09-21,2.168,0.5727252794281201,28.636263971406006,2020-09
2020-09-28,2.169,0.572989451604978,28.649472580248904,2020-09
2020-10-05,2.172,0.573781968135552,28.689098406777603,2020-10
2020-10-12,2.167,0.572461107251262,28.6230553625631,2020-10
2020-10-19,2.15,0.5679701802446763,28.398509012233813,2020-10
2020-10-26,2.143,0.5661209750066702,28.306048750333513,2020-10
2020-11-02,2.112,0.5579316375240727,27.896581876203637,2020-11
2020-11-09,2.096,0.5537048826943448,27.68524413471724,2020-11
2020-11-16,2.111,0.5576674653472148,27.88337326736074,2020-11
2020-11-23,2.102,0.5552899157554927,27.764495787774635,2020-11
2020-11-30,2.12,0.5600450149389367,28.00225074694683,2020-11
2020-12-07,2.156,0.5695552133058243,28.477760665291214,2020-12
2020-12-14,2.158,0.5700835576595401,28.504177882977004,2020-12
2020-12-21,2.224,0.5875189213321674,29.37594606660837,2020-12
2020-12-28,2.243,0.5925381926924692,29.62690963462346,2020-12
2021-01-04,2.249,0.5941232257536172,29.70616128768086,2021-01
2021-01-11,2.317,0.6120869337799605,30.604346688998024,2021-01
2021-01-18,2.379,0.6284656087451557,31.423280437257784,2021-01
2021-01-25,2.392,0.6318998470443096,31.594992352215478,2021-01
2021-02-01,2.409,0.6363907740508953,31.819538702544765,2021-02
2021-02-08,2.461,0.6501277272475108,32.50638636237554,2021-02
2021-02-15,2.501,0.6606946143218303,33.03473071609152,2021-02
2021-02-22,2.633,0.695565341667085,34.778267083354244,2021-02
2021-03-01,2.711,0.716170771462008,35.8085385731004,2021-03
2021-03-08,2.771,0.7320211020734874,36.60105510367437,2021-03
2021-03-15,2.853,0.7536832205758426,37.68416102879213,2021-03
2021-03-22,2.865,0.7568532866981384,37.84266433490692,2021-03
2021-03-29,2.852,0.7534190483989844,37.670952419949224,2021-03
2021-04-05,2.857,0.7547399092832745,37.736995464163726,2021-04
2021-04-12,2.849,0.7526265318684106,37.631326593420525,2021-04
2021-04-19,2.855,0.7542115649295584,37.71057824647792,2021-04
2021-04-26,2.872,0.7587024919361443,37.93512459680721,2021-04
2021-05-03,2.89,0.7634575911195881,38.17287955597941,2021-05
2021-05-10,2.961,0.7822138156765053,39.11069078382526,2021-05
2021-05-17,3.028,0.7999133515259905,39.995667576299525,2021-05
2021-05-24,3.02,0.7977999741111267,39.88999870555634,2021-05
2021-05-31,3.027,0.7996491793491326,39.98245896745663,2021-05
2021-06-07,3.035,0.8017625567639965,40.088127838199824,2021-06
2021-06-14,3.069,0.8107444107771681,40.537220538858406,2021-06
2021-06-21,3.06,0.8083668611854462,40.41834305927231,2021-06
2021-06-28,3.091,0.8165561986680439,40.82780993340219,2021-06
2021-07-05,3.122,0.8247455361506415,41.237276807532076,2021-07
2021-07-12,3.133,0.8276514300960793,41.38257150480397,2021-07
2021-07-19,3.153,0.8329348736332391,41.64674368166196,2021-07
2021-07-26,3.136,0.8284439466266534,41.42219733133267,2021-07
2021-08-02,3.159,0.834519906694387,41.72599533471935,2021-08
2021-08-09,3.172,0.837954144993541,41.897707249677055,2021-08
2021-08-16,3.174,0.8384824893472569,41.924124467362844,2021-08
2021-08-23,3.145,0.8308214962183753,41.541074810918765,2021-08
2021-08-30,3.139,0.8292364631572272,41.46182315786136,2021-08
2021-09-06,3.176,0.839010833700973,41.95054168504865,2021-09
2021-09-13,3.165,0.836104939755535,41.80524698777675,2021-09
2021-09-20,3.184,0.8411242111158369,42.05621055579184,2021-09
2021-09-27,3.175,0.8387466615241149,41.937333076205746,2021-09
2021-10-04,3.19,0.8427092441769848,42.13546220884924,2021-10
2021-10-11,3.267,0.8630505017950498,43.152525089752494,2021-10
2021-10-18,3.322,0.8775799715222393,43.87899857611197,2021-10
2021-10-25,3.383,0.8936944743105766,44.68472371552883,2021-10
2021-11-01,3.39,0.8955436795485826,44.77718397742913,2021-11
2021-11-08,3.41,0.9008271230857423,45.041356154287115,2021-11
2021-11-15,3.399,0.8979212291403045,44.89606145701522,2021-11
2021-11-22,3.395,0.8968645404328724,44.84322702164362,2021-11
2021-11-29,3.38,0.8929019577800026,44.64509788900013,2021-11
2021-12-06,3.341,0.8825992428825411,44.129962144127056,2021-12
2021-12-13,3.315,0.8757307662842334,43.78653831421167,2021-12
2021-12-20,3.295,0.8704473227470736,43.52236613735368,2021-12
2021-12-27,3.275,0.8651638792099138,43.25819396049569,2021-12
2022-01-03,3.281,0.8667489122710618,43.337445613553086,2022-01
2022-01-10,3.295,0.8704473227470736,43.52236613735368,2022-01
2022-01-17,3.306,0.8733532166925115,43.66766083462558,2022-01
2022-01-24,3.323,0.8778441436990972,43.89220718495486,2022-01
2022-01-31,3.368,0.8897318916577067,44.48659458288534,2022-01
2022-02-07,3.444,0.909808977098914,45.4904488549457,2022-02
2022-02-14,3.487,0.9211683807038075,46.058419035190376,2022-02
2022-02-21,3.53,0.932527784308701,46.62638921543505,2022-02
2022-02-28,3.608,0.9531332141036242,47.65666070518121,2022-02
2022-03-07,4.102,1.0836342694714707,54.18171347357353,2022-03
2022-03-14,4.315,1.1399029431422225,56.99514715711113,2022-03
2022-03-21,4.239,1.1198258577010152,55.99129288505076,2022-03
2022-03-28,4.231,1.1177124802861511,55.88562401430755,2022-03
2022-04-04,4.17,1.101597977497814,55.079898874890695,2022-04
2022-04-11,4.091,1.0807283755260328,54.036418776301645,2022-04
2022-04-18,4.066,1.074124071104583,53.70620355522915,2022-04
2022-04-25,4.107,1.0849551303557607,54.247756517788034,2022-04
2022-05-02,4.182,1.10476804362011,55.2384021810055,2022-05
2022-05-09,4.328,1.1433371814413762,57.16685907206881,2022-05
2022-05-16,4.491,1.1863972462692283,59.319862313461414,2022-05
2022-05-23,4.593,1.2133428083087432,60.66714041543716,2022-05
2022-05-30,4.624,1.2215321457913408,61.07660728956704,2022-05
2022-06-06,4.876,1.2881035343595542,64.40517671797771,2022-06
2022-06-13,5.006,1.3224459173510927,66.12229586755464,2022-06
2022-06-20,4.962,1.3108223415693412,65.54111707846705,2022-06
2022-06-27,4.872,1.2870468456521222,64.35234228260612,2022-06
2022-07-04,4.771,1.2603654557894652,63.018272789473265,2022-07
2022-07-11,4.646,1.2273439336822167,61.36719668411084,2022-07
2022-07-18,4.49,1.1861330740923703,59.30665370461852,2022-07
2022-07-25,4.33,1.1438655257950923,57.193276289754614,2022-07
2022-08-01,4.192,1.1074097653886896,55.37048826943448,2022-08
2022-08-08,4.038,1.0667272501525595,53.336362507627975,2022-08
2022-08-15,3.938,1.0403100324667605,52.015501623338025,2022-08
2022-08-22,3.88,1.024988046208997,51.24940231044985,2022-08
2022-08-29,3.827,1.0109869208355238,50.54934604177619,2022-08
2022-09-05,3.746,0.9895889745100266,49.47944872550133,2022-09
2022-09-12,3.69,0.9747953326059792,48.73976663029896,2022-09
2022-09-19,3.654,0.9652851342390916,48.26425671195458,2022-09
2022-09-26,3.711,0.9803429483199969,49.017147415999844,2022-09
2022-10-03,3.782,0.9990991728769142,49.95495864384571,2022-10
2022-10-10,3.912,1.0334415558684527,51.67207779342263,2022-10
2022-10-17,3.871,1.0226104966172753,51.13052483086376,2022-10
2022-10-24,3.769,0.9956649345777604,49.78324672888802,2022-10
2022-10-31,3.742,0.9885322858025947,49.426614290129734,2022-10
2022-11-07,3.796,1.002797583352926,50.13987916764629,2022-11
2022-11-14,3.762,0.9938157293397545,49.690786466987724,2022-11
2022-11-21,3.648,0.9637001011779437,48.18500505889718,2022-11
2022-11-28,3.534,0.9335844730161329,46.67922365080665,2022-11
2022-12-05,3.39,0.8955436795485826,44.77718397742913,2022-12
2022-12-12,3.239,0.8556536808430262,42.78268404215131,2022-12
2022-12-19,3.12,0.8242171917969255,41.21085958984628,2022-12
2022-12-26,3.091,0.8165561986680439,40.82780993340219,2022-12
2023-01-02,3.223,0.8514269260132984,42.57134630066492,2023-01
2023-01-09,3.259,0.860937124380186,43.0468562190093,2023-01
2023-01-16,3.31,0.8744099053999435,43.72049526999717,2023-01
2023-01-23,3.415,0.9021479839700323,45.10739919850161,2023-01
2023-01-30,3.489,0.9216967250575234,46.08483625287617,2023-01
2023-02-06,3.444,0.909808977098914,45.4904488549457,2023-02
2023-02-13,3.39,0.8955436795485826,44.77718397742913,2023-02
2023-02-20,3.379,0.8926377856031447,44.63188928015723,2023-02
2023-02-27,3.342,0.8828634150593991,44.14317075296996,2023-02
2023-03-06,3.389,0.8952795073717245,44.76397536858622,2023-03
2023-03-13,3.456,0.9129790432212098,45.64895216106049,2023-03
2023-03-20,3.422,0.9039971892080383,45.19985946040192,2023-03
2023-03-27,3.421,0.9037330170311801,45.18665085155901,2023-03
2023-04-03,3.497,0.9238101024723874,46.19050512361937,2023-04
2023-04-10,3.596,0.9499631479813283,47.498157399066415,2023-04
2023-04-17,3.663,0.9676626838308134,48.38313419154067,2023-04
2023-04-24,3.656,0.9658134785928076,48.290673929640384,2023-04
2023-05-01,3.6,0.9510198366887602,47.55099183443801,2023-05
2023-05-08,3.533,0.933320300839275,46.666015041963746,2023-05
2023-05-15,3.536,0.934112817369849,46.70564086849245,2023-05
2023-05-22,3.534,0.9335844730161329,46.67922365080665,2023-05
2023-05-29,3.571,0.9433588435598786,47.16794217799393,2023-05
2023-06-05,3.541,0.9354336782541388,46.77168391270694,2023-06
2023-06-12,3.595,0.9496989758044704,47.48494879022352,2023-06
2023-06-19,3.577,0.9449438766210264,47.24719383105132,2023-06
2023-06-26,3.571,0.9433588435598786,47.16794217799393,2023-06
2023-07-03,3.527,0.9317352677781271,46.586763388906355,2023-07
2023-07-10,3.546,0.9367545391384288,46.837726956921436,2023-07
2023-07-17,3.559,0.9401887774375827,47.009438871879134,2023-07
2023-07-24,3.596,0.9499631479813283,47.498157399066415,2023-07
2023-07-31,3.757,0.9924948684554645,49.62474342277323,2023-07
2023-08-07,3.828,1.0112510930123817,50.562554650619084,2023-08
2023-08-14,3.85,1.0170628809032576,50.85314404516288,2023-08
2023-08-21,3.868,1.0218179800867013,51.090899004335064,2023-08
2023-08-28,3.813,1.007288510359512,50.3644255179756,2023-08
2023-09-04,3.807,1.005703477298364,50.2851738649182,2023-09
2023-09-11,3.822,1.0096660599512337,50.48330299756169,2023-09
2023-09-18,3.878,1.0244597018552812,51.22298509276406,2023-09
2023-09-25,3.837,1.0136286426041037,50.68143213020518,2023-09
2023-10-02,3.798,1.003325927706642,50.166296385332096,2023-10
2023-10-09,3.684,0.9732102995448313,48.66051497724156,2023-10
2023-10-16,3.576,0.9446797044441685,47.233985222208425,2023-10
2023-10-23,3.533,0.933320300839275,46.666015041963746,2023-10
2023-10-30,3.473,0.9174699702277956,45.87349851138978,2023-10
2023-11-06,3.396,0.8971287126097305,44.85643563048652,2023-11
2023-11-13,3.349,0.884712620297405,44.23563101487025,2023-11
2023-11-20,3.289,0.8688622896859257,43.44311448429629,2023-11
2023-11-27,3.238,0.8553895086661683,42.769475433308415,2023-11
2023-12-04,3.231,0.8535403034281622,42.67701517140811,2023-12
2023-12-11,3.136,0.8284439466266534,41.42219733133267,2023-12
2023-12-18,3.053,0.8065176559474403,40.32588279737202,2023-12
2023-12-25,3.116,0.8231605030894936,41.15802515447468,2023-12
2024-01-01,3.089,0.8160278543143279,40.801392715716396,2024-01
2024-01-08,3.073,0.8118010994846,40.59005497423,2024-01
2024-01-15,3.058,0.8078385168317301,40.391925841586506,2024-01
2024-01-22,3.062,0.8088952055391622,40.44476027695811,2024-01
2024-01-29,3.095,0.8176128873754759,40.880644368773794,2024-01
2024-02-05,3.136,0.8284439466266534,41.42219733133267,2024-02
2024-02-12,3.192,0.8432375885307007,42.16187942653504,2024-02
2024-02-19,3.269,0.8635788461487659,43.1789423074383,2024-02
2024-02-26,3.249,0.8582954026116061,42.9147701305803,2024-02
2024-03-04,3.35,0.884976792474263,44.248839623713145,2024-03
2024-03-11,3.376,0.8918452690725707,44.59226345362853,2024-03
2024-03-18,3.453,0.9121865266906358,45.609326334531794,2024-03
2024-03-25,3.523,0.9306785790706951,46.533928953534755,2024-03
2024-04-01,3.517,0.9290935460095471,46.45467730047736,2024-04
2024-04-08,3.591,0.9486422870970384,47.43211435485192,2024-04
2024-04-15,3.628,0.958416657640784,47.9208328820392,2024-04
2024-04-22,3.668,0.9689835447151035,48.44917723575517,2024-04
2024-04-29,3.653,0.9650209620622336,48.251048103111685,2024-04
2024-05-06,3.643,0.9623792402936537,48.11896201468269,2024-05
2024-05-13,3.608,0.9531332141036242,47.65666070518121,2024-05
2024-05-20,3.584,0.9467930818590324,47.33965409295162,2024-05
2024-05-27,3.577,0.9449438766210264,47.24719383105132,2024-05
2024-06-03,3.516,0.9288293738326892,46.441468691634455,2024-06
2024-06-10,3.429,0.9058463944460441,45.2923197223022,2024-06
2024-06-17,3.435,0.9074314275071921,45.3715713753596,2024-06
2024-06-24,3.438,0.9082239440377661,45.41119720188831,2024-06
2024-07-01,3.479,0.9190550032889436,45.95275016444718,2024-07
2024-07-08,3.489,0.9216967250575234,46.08483625287617,2024-07
2024-07-15,3.496,0.9235459302955293,46.177296514776465,2024-07
2024-07-22,3.471,0.9169416258740797,45.84708129370399,2024-07
2024-07-29,3.484,0.9203758641732335,46.01879320866168,2024-07
2024-08-05,3.448,0.9108656658063459,45.54328329031729,2024-08
2024-08-12,3.414,0.9018838117931743,45.094190589658716,2024-08
2024-08-19,3.382,0.8934303021337187,44.67151510668593,2024-08
2024-08-26,3.313,0.8752024219305174,43.76012109652587,2024-08
2024-09-02,3.289,0.8688622896859257,43.44311448429629,2024-09
2024-09-09,3.236,0.8548611643124523,42.74305821562262,2024-09
2024-09-16,3.18,0.8400675224084049,42.00337612042024,2024-09
2024-09-23,3.185,0.8413883832926948,42.069419164634745,2024-09
2024-09-30,3.179,0.8398033502315468,41.99016751157734,2024-09
2024-10-07,3.136,0.8284439466266534,41.42219733133267,2024-10
2024-10-14,3.171,0.8376899728166829,41.884498640834146,2024-10
2024-10-21,3.144,0.8305573240415173,41.52786620207586,2024-10
2024-10-28,3.097,0.8181412317291917,40.907061586459584,2024-10
2024-11-04,3.069,0.8107444107771681,40.537220538858406,2024-11
2024-11-11,3.052,0.8062534837705823,40.312674188529115,2024-11
2024-11-18,3.046,0.8046684507094343,40.23342253547171,2024-11
2024-11-25,3.044,0.8041401063557184,40.20700531778592,2024-11
2024-12-02,3.034,0.8014983845871384,40.07491922935692,2024-12
2024-12-09,3.008,0.7946299079888308,39.73149539944154,2024-12
2024-12-16,3.016,0.7967432854036947,39.83716427018473,2024-12
2024-12-23,3.024,0.7988566628185586,39.94283314092793,2024-12
2024-12-30,3.006,0.7941015636351147,39.70507818175574,2024-12
2025-01-06,3.047,0.8049326228862924,40.24663114431462,2025-01
2025-01-13,3.043,0.8038759341788604,40.19379670894302,2025-01
2025-01-20,3.109,0.8213112978514876,41.06556489257438,2025-01
2025-01-27,3.103,0.8197262647903397,40.98631323951699,2025-01
2025-02-03,3.082,0.8141786490763219,40.7089324538161,2025-02
2025-02-10,3.128,0.8263305692117895,41.316528460589474,2025-02
2025-02-17,3.148,0.8316140127489493,41.580700637447464,2025-02
2025-02-24,3.125,0.8255380526812155,41.276902634060775,2025-02
2025-03-03,3.078,0.81312196036889,40.656098018444496,2025-03
2025-03-10,3.069,0.8107444107771681,40.537220538858406,2025-03
2025-03-17,3.058,0.8078385168317301,40.391925841586506,2025-03
2025-03-24,3.115,0.8228963309126356,41.14481654563178,2025-03
2025-03-31,3.162,0.835312423224961,41.76562116124805,2025-03
2025-04-07,3.243,0.8567103695504581,42.8355184775229,2025-04
2025-04-14,3.168,0.836897456286109,41.844872814305454,2025-04
2025-04-21,3.141,0.8297648075109433,41.488240375547164,2025-04
2025-04-28,3.133,0.8276514300960793,41.38257150480397,2025-04
2025-05-05,3.147,0.8313498405720912,41.567492028604555,2025-05
2025-05-12,3.12,0.8242171917969255,41.21085958984628,2025-05
2025-05-19,3.173,0.838218317170399,41.91091585851995,2025-05
2025-05-26,3.16,0.8347840788712452,41.73920394356226,2025-05
2025-06-02,3.127,0.8260663970349313,41.303319851746565,2025-06
2025-06-09,3.108,0.8210471256746297,41.052356283731484,2025-06
2025-06-16,3.139,0.8292364631572272,41.46182315786136,2025-06
2025-06-23,3.213,0.8487852042447185,42.43926021223592,2025-06
2025-06-30,3.164,0.8358407675786771,41.79203837893385,2025-06
2025-07-07,3.125,0.8255380526812155,41.276902634060775,2025-07
2025-07-14,3.13,0.8268589135655053,41.342945678275264,2025-07
2025-07-21,3.121,0.8244813639737835,41.224068198689174,2025-07
2025-07-28,3.123,0.8250097083274995,41.25048541637498,2025-07
2025-08-04,3.14,0.8295006353340854,41.47503176670427,2025-08
2025-08-11,3.118,0.8236888474432095,41.184442372160476,2025-08
2025-08-18,3.125,0.8255380526812155,41.276902634060775,2025-08
2025-08-25,3.147,0.8313498405720912,41.567492028604555,2025-08
2025-09-01,3.177,0.8392750058778309,41.96375029389154,2025-09
2025-09-08,3.192,0.8432375885307007,42.16187942653504,2025-09
2025-09-15,3.168,0.836897456286109,41.844872814305454,2025-09
2025-09-22,3.173,0.838218317170399,41.91091585851995,2025-09
2025-09-29,3.118,0.8236888474432095,41.184442372160476,2025-09
2025-10-06,3.124,0.8252738805043575,41.26369402521787,2025-10
2025-10-13,3.061,0.8086310333623041,40.431551668115205,2025-10
2025-10-20,3.019,0.7975358019342687,39.876790096713435,2025-10
2025-10-27,3.035,0.8017625567639965,40.088127838199824,2025-10
2025-11-03,3.019,0.7975358019342687,39.876790096713435,2025-11
2025-11-10,3.056,0.8073101724780143,40.365508623900716,2025-11
2025-11-17,3.062,0.8088952055391622,40.44476027695811,2025-11
2025-11-24,3.061,0.8086310333623041,40.431551668115205,2025-11
2025-12-01,2.985,0.788553947921097,39.42769739605485,2025-12
2025-12-08,2.94,0.7766661999624875,38.83330999812438,2025-12
2025-12-15,2.895,0.7647784520038781,38.2389226001939,2025-12
2025-12-22,2.841,0.7505131544535467,37.52565772267734,2025-12
2025-12-29,2.811,0.7425879891478069,37.12939945739034,2025-12
2026-01-05,2.796,0.738625406494937,36.93127032474685,2026-01
2026-01-12,2.779,0.7341344794883513,36.706723974417564,2026-01
2026-01-19,2.806,0.741267128263517,37.06335641317585,2026-01
2026-01-26,2.853,0.7536832205758426,37.68416102879213,2026-01
2026-02-02,2.867,0.7573816310518543,37.86908155259272,2026-02
2026-02-09,2.902,0.766627657241884,38.3313828620942,2026-02
2026-02-16,2.924,0.7724394451327596,38.62197225663798,2026-02
2026-02-23,2.937,0.7758736834319135,38.79368417159568,2026-02
2026-03-02,3.015,0.7964791132268367,39.823955661341834,2026-03
2026-03-09,3.502,0.9251309633566772,46.25654816783386,2026-03
2026-03-16,3.72,0.982720497911719,49.13602489558595,2026-03
2026-03-23,3.961,1.0463859925344943,52.319299626724714,2026-03
2026-03-30,3.99,1.054046985663376,52.7023492831688,2026-03
2026-04-06,4.12,1.0883893686549144,54.419468432745724,2026-04
2026-04-13,4.123,1.0891818851854884,54.45909425927442,2026-04
2026-04-20,4.044,1.0683122832137073,53.415614160685365,2026-04
2026-04-27,4.123,1.0891818851854884,54.45909425927442,2026-04
2026-05-04,4.452,1.1760945313717668,58.804726568588336,2026-05
2026-05-11,4.5,1.1887747958609503,59.43873979304751,2026-05
2026-05-18,4.49,1.1861330740923703,59.30665370461852,2026-05
2026-05-25,4.475,1.1821704914395004,59.10852457197502,2026-05
2026-06-01,4.305,1.1372612213736424,56.86306106868212,2026-06
2026-06-08,4.146,1.0952578452532222,54.76289226266111,2026-06
2026-06-15,4.052,1.0704256606285711,53.52128303142856,2026-06
2026-06-22,3.914,1.0339699002221687,51.698495011108434,2026-06
2026-06-29,3.831,1.0120436095429557,50.60218047714778,2026-06
2026-07-06,3.777,0.9977783119926243,49.88891559963122,2026-07
2026-07-13,3.855,1.0183837417875474,50.919187089377374,2026-07
2026-07-20,4.001,1.056952879608814,52.847643980440694,2026-07
2026-07-27,4.096,1.0820492364103227,54.10246182051613,2026-07
2026-08-03,4.079,1.0775583094037369,53.87791547018684,2026-08
2026-08-10,4.006,1.0582737404931037,52.91368702465519,2026-08
2026-08-17,4.049,1.0696331440979974,53.48165720489987,2026-08
2026-08-24,4.085,1.0791433424648849,53.95716712324424,2026-08
2026-08-31,4.071,1.075444931988873,53.772246599443655,2026-08
