date,tmax_f,tmin_f,tavg_f,rain_in
2015-01-01,31.16,24.06,28.27,0.02
2015-01-02,35.96,30.88,33.62,0.25
2015-01-03,41.4,34.13,37.33,0.17
2015-01-04,35.97,13.68,21.45,0.0
2015-01-05,42.42,10.71,24.08,0.0
2015-01-06,42.16,20.15,29.23,0.0
2015-01-07,28.27,4.14,19.45,0.0
2015-01-08,36.24,3.15,18.77,0.0
2015-01-09,32.66,10.56,22.73,0.0
2015-01-10,37.13,9.82,26.22,0.0
2015-01-11,36.93,31.54,34.29,0.05
2015-01-12,35.79,24.25,31.81,0.02
2015-01-13,35.97,16.83,24.24,0.0
2015-01-14,37.74,16.92,29.62,0.0
2015-01-15,56.32,21.06,37.55,0.0
2015-01-16,64.85,20.44,42.62,0.0
2015-01-17,65.7,31.5,48.76,0.0
2015-01-18,72.86,23.27,51.12,0.0
2015-01-19,73.17,27.86,45.64,0.0
2015-01-20,57.72,25.91,40.22,0.0
2015-01-21,51.8,24.2,39.21,0.0
2015-01-22,51.71,28.21,41.43,0.0
2015-01-23,49.93,17.28,33.44,0.0
2015-01-24,,,,
2015-01-25,56.17,24.86,47.31,0.0
2015-01-26,71.55,21.38,43.08,0.0
2015-01-27,75.65,28.55,51.49,0.0
2015-01-28,79.75,47.55,62.03,0.0
2015-01-29,60.57,26.18,46.19,0.0
2015-01-30,47.64,21.66,35.69,0.0
2015-01-31,43.19,40.69,41.79,0.51
2015-02-01,46.03,17.76,34.18,0.08
2015-02-02,36.88,10.13,22.77,0.0
2015-02-03,58.62,20.56,40.17,0.0
2015-02-04,52.97,24.15,35.72,0.0
2015-02-05,40.85,14.41,26.47,0.0
2015-02-06,60.33,28.26,42.61,0.0
2015-02-07,69.1,34.51,51.9,0.0
2015-02-08,79.48,30.9,51.62,0.0
2015-02-09,63.12,30.39,45.82,0.0
2015-02-10,66.87,25.89,45.62,0.0
2015-02-11,50.34,26.73,38.73,0.0
2015-02-12,39.68,16.36,29.36,0.0
2015-02-13,63.72,26.42,41.83,0.0
2015-02-14,76.32,25.34,48.28,0.0
2015-02-15,45.17,24.96,33.07,0.0
2015-02-16,32.99,15.85,23.38,0.01
2015-02-17,48.16,15.17,31.43,0.41
2015-02-18,36.56,14.99,24.96,0.02
2015-02-19,46.62,19.96,31.43,0.11
2015-02-20,47.93,27.48,36.92,0.18
2015-02-21,56.48,35.23,42.37,0.02
2015-02-22,42.97,22.05,28.31,0.0
2015-02-23,23.76,18.47,20.76,0.0
2015-02-24,40.86,20.63,27.06,0.21
2015-02-25,,,,
2015-02-26,32.17,18.33,24.23,0.0
2015-02-27,19.57,14.34,17.01,0.0
2015-02-28,26.44,17.81,22.88,0.0
2015-03-01,32.1,26.01,28.82,0.05
2015-03-02,35.11,17.81,28.67,0.19
2015-03-03,58.68,35.22,46.2,0.13
2015-03-04,44.14,24.38,29.22,0.0
2015-03-05,44.84,10.42,29.15,0.03
2015-03-06,57.76,23.26,42.3,0.0
2015-03-07,68.79,35.22,50.96,0.0
2015-03-08,61.61,44.76,51.59,0.0
2015-03-09,49.33,43.64,46.51,0.35
2015-03-10,68.16,40.65,52.21,0.0
2015-03-11,75.45,32.91,54.14,0.01
2015-03-12,72.05,36.72,53.94,0.0
2015-03-13,59.36,41.26,51.75,1.32
2015-03-14,65.57,38.7,54.32,0.0
2015-03-15,73.0,32.48,54.83,0.01
2015-03-16,,,,
2015-03-17,65.01,49.05,57.74,0.0
2015-03-18,53.67,47.82,50.67,0.28
2015-03-19,51.24,46.06,48.46,0.22
2015-03-20,60.78,37.82,49.36,0.02
2015-03-21,66.47,39.65,52.52,0.0
2015-03-22,73.69,49.93,60.07,0.0
2015-03-23,78.17,48.9,63.75,0.0
2015-03-24,81.57,47.19,64.87,0.0
2015-03-25,79.68,43.79,58.7,1.07
2015-03-26,59.81,38.31,48.32,0.01
2015-03-27,55.98,38.86,47.25,0.0
2015-03-28,71.94,42.65,55.58,0.0
2015-03-29,70.95,42.1,55.6,0.0
2015-03-30,78.19,36.25,58.75,0.0
2015-03-31,84.42,57.94,70.6,0.0
2015-04-01,82.04,54.7,70.14,0.03
2015-04-02,84.06,66.92,74.67,0.0
2015-04-03,73.02,42.99,57.86,0.0
2015-04-04,64.96,27.69,48.11,0.0
2015-04-05,53.78,45.61,50.6,0.26
2015-04-06,80.56,52.63,65.89,0.01
2015-04-07,85.82,67.53,75.68,0.0
2015-04-08,81.14,69.06,73.13,0.02
2015-04-09,75.99,46.14,67.32,0.01
2015-04-10,,,,
2015-04-11,67.75,48.99,58.65,0.06
2015-04-12,79.36,55.4,67.69,0.0
2015-04-13,68.07,52.47,58.01,1.09
2015-04-14,60.3,52.52,56.04,0.01
2015-04-15,68.31,50.18,58.81,0.0
2015-04-16,78.84,48.43,65.43,0.0
2015-04-17,74.97,57.7,66.09,0.0
2015-04-18,75.51,57.65,65.77,0.88
2015-04-19,69.44,44.17,56.31,0.06
2015-04-20,64.17,41.77,52.19,0.0
2015-04-21,75.6,52.38,62.93,0.0
2015-04-22,62.56,48.27,55.17,0.55
2015-04-23,64.08,49.55,57.61,0.0
2015-04-24,69.44,57.34,63.06,0.0
2015-04-25,81.93,56.91,68.34,0.0
2015-04-26,68.49,52.84,59.5,0.0
2015-04-27,59.25,49.35,52.96,1.15
2015-04-28,64.72,43.29,52.6,0.52
2015-04-29,75.04,42.98,58.59,0.0
2015-04-30,77.77,42.56,60.24,0.0
2015-05-01,77.74,43.46,61.58,0.0
2015-05-02,79.38,52.07,67.38,0.0
2015-05-03,79.48,59.32,69.79,0.0
2015-05-04,80.65,58.55,69.84,0.0
2015-05-05,,,,
2015-05-06,77.4,59.2,67.32,0.96
2015-05-07,80.31,62.17,69.43,0.43
2015-05-08,76.21,57.92,67.03,1.25
2015-05-09,71.89,61.97,66.11,0.24
2015-05-10,75.58,57.07,66.93,1.77
2015-05-11,67.33,44.77,55.49,0.0
2015-05-12,70.47,42.52,56.13,0.0
2015-05-13,66.63,46.85,58.09,0.62
2015-05-14,80.44,60.75,70.47,0.86
2015-05-15,78.67,64.29,71.25,0.16
2015-05-16,80.17,64.24,72.5,0.45
2015-05-17,81.73,63.16,71.14,0.0
2015-05-18,83.5,59.99,71.54,0.0
2015-05-19,65.12,57.13,60.87,0.92
2015-05-20,66.16,53.94,58.6,0.01
2015-05-21,63.91,45.36,54.49,0.0
2015-05-22,60.39,45.8,55.28,0.34
2015-05-23,71.64,56.98,63.51,1.4
2015-05-24,69.66,60.24,63.76,0.45
2015-05-25,79.18,57.54,67.93,0.21
2015-05-26,79.11,56.55,68.19,0.01
2015-05-27,84.13,63.19,73.79,0.0
2015-05-28,78.13,65.07,70.37,1.04
2015-05-29,71.82,60.96,68.02,0.34
2015-05-30,65.59,59.0,61.82,0.0
2015-05-31,71.62,54.57,63.14,0.0
2015-06-01,78.76,51.13,65.52,0.0
2015-06-02,86.14,59.67,73.49,0.0
2015-06-03,86.7,67.5,76.75,0.0
2015-06-04,87.82,68.54,78.13,0.0
2015-06-05,88.39,68.34,77.55,0.0
2015-06-06,90.32,67.89,80.05,0.0
2015-06-07,90.81,73.81,82.06,0.0
2015-06-08,89.31,65.39,77.69,0.0
2015-06-09,92.95,62.71,79.66,0.0
2015-06-10,94.78,73.18,82.92,0.0
2015-06-11,92.07,72.03,81.87,0.0
2015-06-12,91.02,66.45,79.99,1.33
2015-06-13,82.85,65.66,72.68,1.61
2015-06-14,84.33,69.96,75.43,0.03
2015-06-15,83.52,70.56,75.19,0.08
2015-06-16,83.75,69.66,74.78,0.45
2015-06-17,77.56,70.34,73.37,0.87
2015-06-18,77.04,70.5,72.49,1.86
2015-06-19,88.77,67.86,78.24,0.0
2015-06-20,90.7,74.21,82.47,0.0
2015-06-21,86.92,72.09,79.76,0.0
2015-06-22,90.72,73.85,82.07,0.0
2015-06-23,92.23,75.24,83.13,0.0
2015-06-24,92.1,72.91,83.25,0.0
2015-06-25,,,,
2015-06-26,92.55,68.92,80.96,0.0
2015-06-27,84.51,63.23,73.82,0.0
2015-06-28,91.08,60.19,78.6,0.0
2015-06-29,90.84,65.79,78.84,0.0
2015-06-30,94.73,63.43,81.33,0.0
2015-07-01,94.06,74.91,84.97,0.0
2015-07-02,93.45,70.39,80.53,0.7
2015-07-03,90.88,68.74,78.2,0.0
2015-07-04,89.51,67.87,78.44,0.0
2015-07-05,92.77,69.94,81.6,0.0
2015-07-06,90.81,70.95,81.24,0.23
2015-07-07,78.62,65.44,69.81,0.9
2015-07-08,73.18,65.23,68.64,1.21
2015-07-09,79.25,69.06,72.08,1.67
2015-07-10,89.19,69.78,79.66,0.0
2015-07-11,90.68,72.63,81.65,0.0
2015-07-12,92.16,73.22,82.83,0.0
2015-07-13,94.89,73.65,84.75,0.0
2015-07-14,94.55,76.6,85.44,0.0
2015-07-15,93.61,73.99,84.12,0.0
2015-07-16,,,,
2015-07-17,93.24,78.06,84.35,0.0
2015-07-18,93.76,75.45,84.65,0.0
2015-07-19,95.09,75.9,85.1,0.0
2015-07-20,95.83,74.5,84.22,0.12
2015-07-21,80.11,70.38,74.62,1.22
2015-07-22,90.28,72.01,80.38,0.0
2015-07-23,92.08,70.88,82.68,0.85
2015-07-24,95.47,75.97,85.77,0.0
2015-07-25,94.44,74.88,84.59,0.0
2015-07-26,93.31,72.16,83.08,0.0
2015-07-27,93.25,71.62,83.53,0.0
2015-07-28,93.36,72.61,83.79,0.0
2015-07-29,93.81,69.85,83.45,0.0
2015-07-30,86.4,72.03,79.61,0.0
2015-07-31,87.75,70.32,78.18,0.0
2015-08-01,89.94,67.68,78.17,0.0
2015-08-02,89.29,64.6,76.1,0.0
2015-08-03,90.97,69.78,79.92,0.0
2015-08-04,82.6,69.75,76.13,0.04
2015-08-05,92.3,71.24,80.69,0.0
2015-08-06,95.09,71.98,84.17,0.0
2015-08-07,97.65,70.18,85.43,0.0
2015-08-08,97.56,72.46,86.57,0.0
2015-08-09,99.32,74.3,86.27,0.0
2015-08-10,89.98,70.18,80.85,0.0
2015-08-11,89.65,65.01,78.36,0.0
2015-08-12,85.03,58.91,72.01,0.0
2015-08-13,89.22,56.46,73.85,0.0
2015-08-14,89.58,62.53,76.28,0.0
2015-08-15,90.99,57.92,74.01,0.0
2015-08-16,93.72,57.16,75.98,0.0
2015-08-17,95.76,65.21,80.59,0.0
2015-08-18,,,,
2015-08-19,76.66,53.49,65.13,1.09
2015-08-20,81.95,49.05,66.21,0.0
2015-08-21,85.17,65.95,73.34,0.06
2015-08-22,87.48,64.74,75.07,1.39
2015-08-23,78.35,65.98,72.64,0.01
2015-08-24,77.76,59.63,68.76,0.0
2015-08-25,86.45,50.88,68.72,0.0
2015-08-26,89.65,58.75,75.52,0.0
2015-08-27,87.12,67.32,74.51,0.0
2015-08-28,80.8,66.87,73.76,0.0
2015-08-29,85.37,68.18,76.29,0.0
2015-08-30,86.83,64.22,74.98,0.0
2015-08-31,91.13,66.27,78.54,0.0
2015-09-01,90.39,69.06,78.66,0.0
2015-09-02,90.45,69.49,79.28,0.0
2015-09-03,91.15,68.34,79.53,0.0
2015-09-04,92.16,68.56,80.16,0.0
2015-09-05,92.5,71.08,81.75,0.0
2015-09-06,95.61,73.9,84.0,0.0
2015-09-07,97.21,74.55,85.25,0.0
2015-09-08,91.13,69.1,78.55,2.34
2015-09-09,85.35,67.01,75.11,0.0
2015-09-10,88.11,64.49,76.31,0.0
2015-09-11,79.7,56.23,68.37,0.57
2015-09-12,75.96,49.42,63.0,0.0
2015-09-13,81.64,56.57,69.26,0.0
2015-09-14,83.75,61.81,71.68,0.36
2015-09-15,84.67,62.4,73.82,0.0
2015-09-16,87.24,69.69,78.5,0.0
2015-09-17,91.08,71.85,80.92,0.0
2015-09-18,91.24,65.35,77.81,3.61
2015-09-19,75.18,61.83,66.86,0.04
2015-09-20,69.37,60.64,64.47,0.57
2015-09-21,84.09,63.28,72.21,0.0
2015-09-22,87.08,67.33,75.33,0.0
2015-09-23,84.92,64.67,73.59,0.0
2015-09-24,86.77,62.55,72.8,0.0
2015-09-25,86.49,57.9,70.62,0.0
2015-09-26,82.27,57.24,68.18,0.0
2015-09-27,82.74,54.23,67.49,0.0
2015-09-28,84.97,55.09,68.4,0.0
2015-09-29,,,,
2015-09-30,69.82,54.7,63.17,0.0
2015-10-01,72.86,48.85,59.83,0.36
2015-10-02,71.01,44.75,56.44,0.0
2015-10-03,70.29,44.69,56.1,0.0
2015-10-04,71.78,44.48,56.82,0.0
2015-10-05,61.27,49.14,56.08,0.0
2015-10-06,75.49,50.79,60.04,0.0
2015-10-07,81.37,50.22,63.73,0.0
2015-10-08,,,,
2015-10-09,72.07,47.68,61.66,0.1
2015-10-10,76.19,46.16,60.8,0.01
2015-10-11,87.93,59.81,72.96,0.0
2015-10-12,83.95,45.47,67.56,0.0
2015-10-13,84.49,40.03,59.58,0.0
2015-10-14,87.76,46.12,64.25,0.0
2015-10-15,,,,
2015-10-16,69.04,42.27,57.74,0.0
2015-10-17,69.48,46.45,57.5,0.0
2015-10-18,74.39,41.93,59.0,0.0
2015-10-19,,,,
2015-10-20,81.37,58.01,68.54,0.0
2015-10-21,82.65,59.11,68.8,0.0
2015-10-22,77.74,61.03,66.87,0.27
2015-10-23,77.23,63.64,68.15,0.03
2015-10-24,64.74,46.28,57.43,0.0
2015-10-25,68.27,36.59,50.82,0.0
2015-10-26,67.6,33.25,50.45,0.0
2015-10-27,72.68,46.16,57.11,0.0
2015-10-28,68.68,43.82,55.14,0.05
2015-10-29,63.23,36.97,51.43,0.0
2015-10-30,57.43,36.23,48.39,1.31
2015-10-31,57.87,40.5,53.11,0.02
2015-11-01,73.27,36.8,51.24,0.0
2015-11-02,69.13,41.46,55.97,0.01
2015-11-03,71.47,57.6,63.33,0.0
2015-11-04,67.46,57.45,62.8,0.0
2015-11-05,73.42,51.37,65.95,0.66
2015-11-06,63.9,37.29,49.34,0.0
2015-11-07,64.72,32.79,46.77,0.0
2015-11-08,62.85,30.63,44.7,0.0
2015-11-09,66.87,34.67,50.4,0.0
2015-11-10,75.94,47.82,61.46,0.0
2015-11-11,76.23,44.34,63.96,0.0
2015-11-12,63.81,32.96,46.75,0.0
2015-11-13,68.02,27.52,45.87,0.0
2015-11-14,66.74,35.85,54.38,0.0
2015-11-15,58.89,48.74,53.19,0.15
2015-11-16,64.74,49.28,57.81,0.72
2015-11-17,,,,
2015-11-18,65.66,42.74,51.94,0.0
2015-11-19,57.6,33.35,44.91,0.0
2015-11-20,66.88,32.09,52.63,0.01
2015-11-21,55.04,22.58,37.91,0.0
2015-11-22,56.01,21.23,38.25,0.0
2015-11-23,66.92,28.52,50.05,0.0
2015-11-24,63.84,42.8,53.84,0.0
2015-11-25,65.39,56.91,60.91,0.0
2015-11-26,65.73,37.93,58.57,1.66
2015-11-27,38.04,31.11,33.73,1.72
2015-11-28,36.17,31.27,33.64,0.62
2015-11-29,39.21,34.8,36.79,0.04
2015-11-30,41.95,28.72,38.25,0.05
2015-12-01,53.24,25.94,38.64,0.01
2015-12-02,52.14,28.02,37.88,0.0
2015-12-03,58.41,22.49,36.86,0.0
2015-12-04,59.9,26.34,42.11,0.0
2015-12-05,57.85,34.99,45.59,0.0
2015-12-06,59.68,28.92,44.57,0.0
2015-12-07,65.77,24.93,46.14,0.0
2015-12-08,65.35,37.51,50.71,0.0
2015-12-09,71.53,33.73,53.53,0.0
2015-12-10,71.62,37.85,54.55,0.0
2015-12-11,72.43,38.09,57.19,0.0
2015-12-12,71.51,61.61,66.74,0.0
2015-12-13,66.58,42.18,53.27,0.88
2015-12-14,57.27,35.36,44.76,0.01
2015-12-15,66.43,42.51,53.77,0.0
2015-12-16,49.35,24.34,37.17,0.0
2015-12-17,43.4,19.34,30.11,0.01
2015-12-18,47.48,18.84,32.02,0.0
2015-12-19,60.96,30.12,46.59,0.0
2015-12-20,61.52,47.73,53.56,0.0
2015-12-21,62.17,27.65,45.13,0.0
2015-12-22,67.3,25.16,49.87,0.0
2015-12-23,64.26,33.16,54.05,0.0
2015-12-24,59.41,28.63,45.23,0.0
2015-12-25,60.51,24.9,45.63,0.0
2015-12-26,56.57,39.91,51.97,2.66
2015-12-27,39.85,33.96,35.6,1.75
2015-12-28,34.81,22.86,30.2,0.04
2015-12-29,30.68,18.18,26.45,0.0
2015-12-30,38.05,27.61,32.09,0.08
2015-12-31,40.13,27.66,33.31,0.31
2016-01-01,43.89,20.04,29.95,0.14
2016-01-02,52.09,25.56,36.45,0.17
2016-01-03,48.06,20.56,31.68,0.0
2016-01-04,33.7,17.53,24.98,0.0
2016-01-05,42.15,16.2,31.18,0.0
2016-01-06,43.57,35.74,39.8,0.06
2016-01-07,53.46,42.13,46.7,0.36
2016-01-08,44.49,35.74,40.26,0.19
2016-01-09,35.88,20.13,31.18,0.02
2016-01-10,29.67,10.06,19.18,0.0
2016-01-11,49.55,22.37,35.83,0.0
2016-01-12,51.28,23.22,37.39,0.0
2016-01-13,58.1,21.74,36.03,0.0
2016-01-14,65.12,33.94,50.17,0.0
2016-01-15,50.83,29.75,40.9,0.0
2016-01-16,39.61,19.75,30.47,0.0
2016-01-17,31.64,18.45,23.63,0.0
2016-01-18,35.5,14.04,24.49,0.0
2016-01-19,39.3,26.22,32.27,0.02
2016-01-20,31.92,26.67,29.6,0.0
2016-01-21,34.67,29.05,32.76,0.01
2016-01-22,34.49,22.21,28.52,0.0
2016-01-23,43.81,26.3,32.85,0.0
2016-01-24,59.02,35.3,46.3,0.0
2016-01-25,50.63,24.7,41.62,0.0
2016-01-26,50.02,19.13,32.03,0.0
2016-01-27,,,,
2016-01-28,65.66,30.65,45.29,0.0
2016-01-29,75.65,29.53,53.88,0.0
2016-01-30,73.26,30.1,54.78,0.0
2016-01-31,63.12,34.17,52.95,0.0
2016-02-01,63.45,28.28,47.59,0.07
2016-02-02,56.73,36.18,46.17,0.21
2016-02-03,43.19,21.98,34.75,0.0
2016-02-04,50.59,16.45,32.46,0.0
2016-02-05,57.33,26.5,43.26,0.0
2016-02-06,53.26,27.81,41.42,0.0
2016-02-07,59.38,34.06,46.01,0.0
2016-02-08,48.45,34.16,40.49,0.0
2016-02-09,47.8,27.99,36.79,0.0
2016-02-10,73.2,20.0,45.3,0.0
2016-02-11,,,,
2016-02-12,,,,
2016-02-13,,,,
2016-02-14,,,,
2016-02-15,,,,
2016-02-16,,,,
2016-02-17,73.06,27.36,51.77,0.0
2016-02-18,77.36,51.28,63.7,0.0
2016-02-19,76.39,49.87,65.82,0.0
2016-02-20,83.25,51.58,66.36,0.0
2016-02-21,67.08,43.59,55.2,0.0
2016-02-22,58.37,28.62,46.0,0.0
2016-02-23,46.36,39.19,41.66,0.69
2016-02-24,54.09,28.4,40.8,0.0
2016-02-25,50.56,22.7,37.56,0.0
2016-02-26,61.61,17.77,41.48,0.0
2016-02-27,75.24,28.66,55.03,0.0
2016-02-28,74.19,37.49,60.18,0.0
2016-02-29,74.23,31.7,55.07,0.11
2016-03-01,58.89,30.78,48.24,0.11
2016-03-02,66.33,29.23,51.66,0.0
2016-03-03,64.35,34.81,50.51,0.0
2016-03-04,72.16,28.75,51.45,0.0
2016-03-05,72.64,34.74,53.48,0.0
2016-03-06,74.14,40.22,62.47,0.0
2016-03-07,66.42,58.3,63.32,0.15
2016-03-08,62.58,47.14,57.55,0.79
2016-03-09,,,,0.02
2016-03-10,,,,0.0
2016-03-11,65.71,45.17,54.54,0.06
2016-03-12,69.58,53.17,58.78,0.0
2016-03-13,62.89,45.03,56.94,0.16
2016-03-14,,,,
2016-03-15,71.8,40.1,61.61,0.0
2016-03-16,65.32,32.88,47.52,0.0
2016-03-17,69.53,34.77,53.96,0.0
2016-03-18,58.6,36.02,46.47,0.0
2016-03-19,55.74,27.38,41.4,0.0
2016-03-20,52.18,26.56,38.1,0.0
2016-03-21,66.51,24.19,49.74,0.0
2016-03-22,76.35,52.2,63.09,0.0
2016-03-23,82.22,49.96,68.44,0.0
2016-03-24,58.42,30.61,45.75,0.0
2016-03-25,66.04,24.92,46.96,0.0
2016-03-26,73.49,45.83,59.14,0.0
2016-03-27,57.65,29.78,44.23,0.09
2016-03-28,70.0,25.86,49.77,0.0
2016-03-29,75.42,42.76,60.29,0.0
2016-03-30,80.31,63.21,68.83,0.09
2016-03-31,65.88,48.2,56.69,0.0
2016-04-01,62.33,33.86,48.12,0.0
2016-04-02,70.9,25.36,48.6,0.0
2016-04-03,79.34,39.53,64.85,0.0
2016-04-04,,,,
2016-04-05,86.09,45.43,69.96,0.0
2016-04-06,71.35,42.73,62.3,0.0
2016-04-07,,,,
2016-04-08,70.68,32.22,51.51,0.0
2016-04-09,76.08,37.22,58.19,0.0
2016-04-10,84.94,57.74,70.27,0.12
2016-04-11,65.14,45.89,57.87,1.07
2016-04-12,68.77,35.9,53.42,0.0
2016-04-13,63.3,47.59,54.43,0.35
2016-04-14,69.31,43.63,56.87,0.0
2016-04-15,75.25,46.99,62.87,0.0
2016-04-16,70.16,60.31,63.98,0.0
2016-04-17,66.49,60.48,62.37,2.18
2016-04-18,64.27,56.46,59.84,0.96
2016-04-19,67.95,56.52,60.33,0.89
2016-04-20,69.22,49.82,59.42,0.0
2016-04-21,72.99,47.55,60.11,0.01
2016-04-22,78.42,45.19,61.24,0.0
2016-04-23,81.93,44.96,65.67,0.0
2016-04-24,78.85,58.57,69.04,0.0
2016-04-25,83.21,65.89,72.33,0.0
2016-04-26,80.67,58.8,71.93,0.55
2016-04-27,72.37,47.98,62.15,0.0
2016-04-28,73.44,42.55,59.26,0.0
2016-04-29,73.26,55.24,63.05,0.1
2016-04-30,69.93,45.93,58.4,0.0
2016-05-01,65.55,42.67,53.75,0.01
2016-05-02,62.01,41.54,52.45,0.0
2016-05-03,71.74,37.47,56.49,0.0
2016-05-04,77.5,43.82,62.59,0.0
2016-05-05,79.32,37.92,59.35,0.0
2016-05-06,82.0,42.5,64.66,0.0
2016-05-07,81.91,56.08,70.85,0.0
2016-05-08,72.54,64.4,68.15,0.0
2016-05-09,75.6,57.22,68.82,0.0
2016-05-10,87.44,48.88,72.05,0.0
2016-05-11,83.82,68.2,75.44,0.0
2016-05-12,77.04,49.12,65.61,0.01
2016-05-13,82.76,46.9,67.49,0.0
2016-05-14,63.81,46.78,55.58,0.0
2016-05-15,68.58,49.68,59.51,0.08
2016-05-16,69.06,55.62,60.73,0.83
2016-05-17,64.45,54.81,58.43,0.24
2016-05-18,66.9,47.17,56.8,0.0
2016-05-19,64.24,43.92,55.18,0.12
2016-05-20,70.16,55.83,61.28,0.02
2016-05-21,79.52,57.2,67.62,0.0
2016-05-22,80.56,62.67,72.32,0.0
2016-05-23,76.78,62.44,69.3,0.23
2016-05-24,84.87,66.36,73.4,0.97
2016-05-25,86.58,65.25,75.85,0.08
2016-05-26,84.38,71.37,78.21,0.0
2016-05-27,79.14,67.24,72.37,0.0
2016-05-28,82.29,63.18,71.84,0.0
2016-05-29,88.93,63.16,75.54,0.0
2016-05-30,77.99,64.89,70.45,0.01
2016-05-31,81.32,64.85,70.72,0.49
2016-06-01,78.66,63.63,70.28,0.1
2016-06-02,79.97,65.39,70.29,0.07
2016-06-03,79.83,64.08,71.12,0.01
2016-06-04,85.21,55.87,70.91,0.0
2016-06-05,82.54,52.65,67.98,0.0
2016-06-06,86.77,51.93,69.66,0.0
2016-06-07,88.7,54.68,72.82,0.0
2016-06-08,90.09,60.06,76.77,0.0
2016-06-09,,,,
2016-06-10,90.1,71.06,80.14,0.0
2016-06-11,91.04,69.82,80.56,0.0
2016-06-12,86.52,68.76,76.91,0.0
2016-06-13,,,,
2016-06-14,91.0,68.45,81.12,0.0
2016-06-15,95.92,76.59,85.98,0.0
2016-06-16,95.85,76.21,85.36,0.0
2016-06-17,96.91,75.97,86.44,0.0
2016-06-18,92.08,71.2,80.24,0.0
2016-06-19,90.36,69.75,80.19,0.0
2016-06-20,93.36,67.69,80.8,0.0
2016-06-21,95.58,72.77,83.88,0.0
2016-06-22,96.04,77.14,86.03,0.0
2016-06-23,95.65,75.67,85.35,0.0
2016-06-24,92.5,71.49,82.76,0.0
2016-06-25,93.33,72.84,82.96,0.0
2016-06-26,94.89,71.62,81.12,0.18
2016-06-27,92.35,71.69,79.8,0.0
2016-06-28,93.52,64.8,80.44,0.0
2016-06-29,,,,
2016-06-30,93.52,70.3,81.37,0.0
2016-07-01,80.13,70.43,74.72,0.03
2016-07-02,94.24,71.94,83.41,0.0
2016-07-03,91.0,69.37,77.58,1.31
2016-07-04,91.98,69.22,80.47,0.0
2016-07-05,94.51,76.24,84.92,0.0
2016-07-06,94.71,78.1,85.37,0.0
2016-07-07,93.83,79.0,85.89,0.0
2016-07-08,85.89,67.46,77.02,0.58
2016-07-09,90.21,72.18,80.17,0.0
2016-07-10,91.31,72.27,81.65,0.0
2016-07-11,91.31,75.04,83.39,0.0
2016-07-12,91.49,77.86,83.63,0.0
2016-07-13,94.3,77.31,85.71,0.0
2016-07-14,86.09,66.33,74.55,1.89
2016-07-15,87.84,68.85,76.59,0.1
2016-07-16,90.73,70.12,80.93,0.0
2016-07-17,92.62,73.89,83.13,0.0
2016-07-18,93.36,72.59,82.81,0.0
2016-07-19,93.25,73.44,83.76,0.0
2016-07-20,93.78,75.9,84.8,0.0
2016-07-21,96.24,75.4,86.11,0.0
2016-07-22,97.61,78.17,87.64,0.0
2016-07-23,97.5,77.22,87.74,0.0
2016-07-24,98.42,75.24,86.68,0.0
2016-07-25,93.6,77.92,83.89,0.0
2016-07-26,,,,
2016-07-27,91.33,70.52,78.06,0.93
2016-07-28,93.69,70.45,79.96,0.0
2016-07-29,88.29,68.23,76.61,0.07
2016-07-30,87.75,67.96,76.43,0.47
2016-07-31,95.25,73.63,83.44,0.0
2016-08-01,95.74,76.42,85.9,0.0
2016-08-02,96.37,77.95,85.68,0.0
2016-08-03,97.41,78.58,86.78,0.0
2016-08-04,96.69,75.97,86.38,0.0
2016-08-05,96.15,75.22,84.66,0.2
2016-08-06,87.49,71.67,78.19,0.29
2016-08-07,96.96,74.86,83.05,0.0
2016-08-08,89.89,71.4,79.86,0.0
2016-08-09,95.16,70.11,81.27,0.0
2016-08-10,96.91,74.07,84.76,0.0
2016-08-11,99.1,77.07,87.74,0.0
2016-08-12,88.38,74.48,80.96,0.3
2016-08-13,89.56,63.09,77.45,0.0
2016-08-14,84.2,60.1,72.87,0.0
2016-08-15,87.39,64.2,74.03,0.0
2016-08-16,90.81,58.17,75.29,0.0
2016-08-17,91.11,67.87,78.11,0.0
2016-08-18,90.09,68.68,78.05,0.0
2016-08-19,90.61,69.69,78.86,0.0
2016-08-20,84.24,57.9,73.07,0.01
2016-08-21,84.25,49.19,66.96,0.0
2016-08-22,89.04,50.02,72.63,0.0
2016-08-23,89.74,73.58,80.1,0.05
2016-08-24,,,,
2016-08-25,98.47,69.06,81.13,0.01
2016-08-26,93.88,66.06,75.2,3.03
2016-08-27,93.16,67.48,78.09,0.03
2016-08-28,91.94,69.64,80.37,0.0
2016-08-29,86.59,70.14,75.92,0.01
2016-08-30,93.0,66.42,78.15,0.0
2016-08-31,89.13,67.5,74.44,0.93
2016-09-01,83.39,69.06,73.79,0.2
2016-09-02,82.49,60.1,70.82,0.0
2016-09-03,85.51,58.8,72.13,0.0
2016-09-04,89.76,63.88,76.53,0.0
2016-09-05,94.06,70.39,82.28,0.0
2016-09-06,93.11,74.44,83.18,0.0
2016-09-07,92.25,75.61,83.55,0.0
2016-09-08,95.36,78.91,85.83,0.0
2016-09-09,91.44,68.85,80.77,0.65
2016-09-10,78.89,53.83,67.17,0.18
2016-09-11,83.89,49.78,66.18,0.0
2016-09-12,88.57,61.05,74.33,0.0
2016-09-13,90.0,66.65,76.81,0.0
2016-09-14,83.61,66.13,72.56,0.0
2016-09-15,86.72,63.21,72.93,0.0
2016-09-16,74.59,61.16,69.76,0.22
2016-09-17,85.46,59.61,70.26,0.12
2016-09-18,88.61,62.71,74.61,0.01
2016-09-19,,,,
2016-09-20,95.09,74.34,82.93,0.0
2016-09-21,90.46,71.74,79.84,0.0
2016-09-22,90.41,63.25,77.14,0.0
2016-09-23,90.57,65.44,78.11,0.0
2016-09-24,88.74,69.06,78.6,0.0
2016-09-25,73.27,61.11,66.99,1.11
2016-09-26,75.18,48.92,61.44,0.0
2016-09-27,82.27,45.5,64.73,0.0
2016-09-28,83.5,52.59,68.5,0.0
2016-09-29,73.2,44.03,57.12,0.0
2016-09-30,76.44,42.09,57.65,0.0
2016-10-01,80.37,46.72,62.54,0.0
2016-10-02,83.26,50.92,65.35,0.0
2016-10-03,83.08,53.51,69.2,0.0
2016-10-04,84.09,63.77,73.72,0.03
2016-10-05,88.59,63.63,75.53,0.19
2016-10-06,85.59,56.32,76.08,1.18
2016-10-07,67.24,41.45,53.84,0.0
2016-10-08,73.33,36.33,53.13,0.0
2016-10-09,75.38,47.05,59.97,0.0
2016-10-10,77.88,52.99,64.85,0.0
2016-10-11,84.34,56.12,69.97,0.0
2016-10-12,75.51,51.04,61.18,0.11
2016-10-13,53.96,48.33,51.43,0.0
2016-10-14,78.3,53.53,64.46,0.02
2016-10-15,84.22,64.65,73.61,0.0
2016-10-16,86.52,70.02,78.13,0.0
2016-10-17,87.91,73.81,80.29,0.0
2016-10-18,80.87,57.87,70.52,0.0
2016-10-19,85.37,57.61,70.14,0.0
2016-10-20,69.75,38.49,56.56,0.0
2016-10-21,69.4,32.51,49.34,0.0
2016-10-22,78.85,42.15,61.53,0.0
2016-10-23,80.33,51.55,63.45,0.0
2016-10-24,81.5,47.3,65.1,0.0
2016-10-25,80.94,61.3,69.63,0.0
2016-10-26,75.78,56.14,65.89,0.23
2016-10-27,79.05,54.46,63.77,0.01
2016-10-28,85.41,63.3,72.65,0.0
2016-10-29,83.84,62.37,72.55,0.0
2016-10-30,67.5,49.14,59.42,0.0
2016-10-31,84.67,49.33,68.52,0.0
2016-11-01,83.05,62.87,72.98,0.0
2016-11-02,83.14,65.14,75.16,0.0
2016-11-03,73.26,52.79,63.88,0.02
2016-11-04,74.28,47.93,60.19,0.0
2016-11-05,74.91,47.25,60.3,0.0
2016-11-06,72.93,44.89,59.48,0.0
2016-11-07,63.12,56.59,60.3,0.35
2016-11-08,61.52,57.54,59.31,0.04
2016-11-09,65.98,34.66,50.41,0.0
2016-11-10,70.99,30.38,49.68,0.0
2016-11-11,68.56,38.89,53.1,0.0
2016-11-12,63.43,32.02,46.16,0.0
2016-11-13,66.79,31.07,50.14,0.0
2016-11-14,70.61,41.37,55.51,0.0
2016-11-15,78.93,35.44,53.85,0.0
2016-11-16,85.93,38.72,62.83,0.0
2016-11-17,80.31,61.32,70.02,0.0
2016-11-18,70.84,34.73,49.3,0.0
2016-11-19,49.82,23.41,34.77,0.0
2016-11-20,61.36,23.93,41.87,0.0
2016-11-21,67.6,32.25,52.13,0.0
2016-11-22,70.83,47.05,60.24,0.16
2016-11-23,56.05,30.21,45.67,0.01
2016-11-24,65.57,27.38,45.41,0.0
2016-11-25,56.08,25.7,40.39,0.0
2016-11-26,63.25,20.95,42.72,0.0
2016-11-27,57.25,46.37,51.65,0.03
2016-11-28,63.59,37.45,55.83,0.0
2016-11-29,61.84,37.1,50.38,0.0
2016-11-30,54.72,25.69,38.64,0.0
2016-12-01,62.55,19.63,38.32,0.0
2016-12-02,61.11,23.91,44.51,0.0
2016-12-03,49.84,42.33,44.96,0.06
2016-12-04,54.61,28.19,42.45,0.08
2016-12-05,50.0,27.31,36.96,0.0
2016-12-06,46.25,30.48,39.33,0.0
2016-12-07,36.42,22.46,31.75,0.0
2016-12-08,34.34,10.42,22.83,0.0
2016-12-09,33.12,6.78,22.54,0.0
2016-12-10,46.18,33.35,39.52,0.0
2016-12-11,57.11,32.2,47.98,0.0
2016-12-12,40.33,18.18,32.74,0.0
2016-12-13,40.4,20.44,32.33,0.0
2016-12-14,40.31,19.96,28.87,0.0
2016-12-15,37.17,14.58,27.98,0.0
2016-12-16,62.19,37.24,46.41,0.01
2016-12-17,59.22,8.76,27.48,0.0
2016-12-18,19.66,-0.08,8.13,0.0
2016-12-19,35.99,-2.56,16.66,0.01
2016-12-20,53.73,21.93,34.37,0.0
2016-12-21,58.93,21.0,38.84,0.0
2016-12-22,44.23,19.39,35.44,0.0
2016-12-23,53.1,34.85,43.15,0.06
2016-12-24,56.52,28.59,44.3,0.01
2016-12-25,72.46,55.49,63.4,0.2
2016-12-26,62.96,25.93,52.2,0.0
2016-12-27,55.58,19.74,35.6,0.0
2016-12-28,63.68,37.02,50.9,0.0
2016-12-29,54.09,21.87,38.79,0.0
2016-12-30,59.67,18.89,41.9,0.0
2016-12-31,57.04,26.83,43.42,0.0
2017-01-01,54.75,23.42,40.36,0.0
2017-01-02,70.9,37.58,53.49,0.0
2017-01-03,48.31,24.74,35.4,0.0
2017-01-04,34.03,18.34,25.06,0.0
2017-01-05,28.29,17.55,21.96,0.0
2017-01-06,19.57,-2.15,12.4,0.0
2017-01-07,37.15,-3.77,15.45,0.08
2017-01-08,43.59,8.28,27.21,0.0
2017-01-09,58.77,29.51,43.54,0.0
2017-01-10,68.32,30.86,55.82,0.0
2017-01-11,78.62,29.89,60.79,0.0
2017-01-12,67.32,22.8,33.88,0.0
2017-01-13,32.6,28.63,30.03,0.0
2017-01-14,32.36,29.32,31.09,0.43
2017-01-15,48.65,32.05,37.04,1.23
2017-01-16,56.91,33.29,45.12,0.58
2017-01-17,52.18,34.19,41.46,0.0
2017-01-18,54.39,30.88,44.44,0.0
2017-01-19,,,,
2017-01-20,66.67,48.02,56.46,0.0
2017-01-21,61.21,30.19,47.88,0.0
2017-01-22,58.3,33.05,49.57,0.5
2017-01-23,60.85,23.31,41.67,0.0
2017-01-24,76.1,41.37,56.84,0.0
2017-01-25,44.91,30.06,38.31,0.0
2017-01-26,43.07,20.42,30.66,0.0
2017-01-27,49.32,20.19,35.63,0.0
2017-01-28,53.1,28.77,40.76,0.0
2017-01-29,62.46,30.37,44.89,0.0
2017-01-30,74.44,23.43,50.53,0.0
2017-01-31,72.12,27.55,49.42,0.0
2017-02-01,57.88,35.79,45.19,0.0
2017-02-02,39.41,28.73,33.78,0.0
2017-02-03,41.23,21.53,31.89,0.0
2017-02-04,52.21,17.33,37.36,0.0
2017-02-05,65.68,26.6,46.47,0.0
2017-02-06,77.77,49.19,63.25,0.01
2017-02-07,74.91,37.35,57.36,0.0
2017-02-08,49.84,25.65,38.19,0.0
2017-02-09,51.98,17.77,36.34,0.0
2017-02-10,75.67,44.41,60.3,0.0
2017-02-11,86.85,54.43,69.52,0.0
2017-02-12,62.29,37.93,53.1,0.0
2017-02-13,53.46,34.36,44.33,0.65
2017-02-14,43.87,36.8,41.48,0.38
2017-02-15,56.39,31.19,41.51,0.0
2017-02-16,69.93,31.71,52.98,0.0
2017-02-17,66.34,45.43,55.98,0.0
2017-02-18,68.7,44.42,56.23,0.0
2017-02-19,72.57,40.91,59.94,0.0
2017-02-20,64.92,42.06,57.33,0.62
2017-02-21,72.73,39.09,53.01,0.0
2017-02-22,83.05,34.21,56.7,0.0
2017-02-23,87.84,45.07,68.88,0.0
2017-02-24,50.11,27.55,41.73,0.0
2017-02-25,49.32,20.38,33.65,0.0
2017-02-26,59.56,31.8,45.16,0.0
2017-02-27,70.52,29.43,51.95,0.0
2017-02-28,71.96,61.57,67.84,0.0
2017-03-01,69.64,25.78,46.27,0.0
2017-03-02,65.01,21.8,41.71,0.0
2017-03-03,70.09,23.8,49.27,0.0
2017-03-04,69.04,44.22,55.74,0.0
2017-03-05,61.56,51.3,56.3,0.0
2017-03-06,80.08,52.23,68.54,0.16
2017-03-07,64.92,34.82,50.57,0.0
2017-03-08,75.38,32.7,57.72,0.0
2017-03-09,84.83,55.49,68.0,0.0
2017-03-10,60.51,40.9,51.1,0.0
2017-03-11,49.5,36.88,40.85,0.35
2017-03-12,47.34,26.81,38.9,0.0
2017-03-13,46.89,27.8,39.69,0.0
2017-03-14,43.62,23.91,34.82,0.0
2017-03-15,55.69,28.93,41.45,0.0
2017-03-16,69.21,40.21,55.1,0.0
2017-03-17,81.75,56.62,67.7,0.0
2017-03-18,79.59,42.63,63.28,0.0
2017-03-19,88.45,61.38,74.11,0.0
2017-03-20,92.53,65.8,77.17,0.0
2017-03-21,83.12,53.73,68.37,0.0
2017-03-22,66.51,53.38,58.74,0.0
2017-03-23,84.45,50.97,68.0,0.0
2017-03-24,78.75,50.79,68.28,0.0
2017-03-25,59.31,37.16,49.49,0.0
2017-03-26,73.38,32.42,55.29,0.0
2017-03-27,66.96,40.29,56.53,0.0
2017-03-28,73.8,37.75,56.94,1.89
2017-03-29,64.51,47.79,56.56,1.58
2017-03-30,54.48,41.05,48.99,0.0
2017-03-31,61.39,34.32,48.54,0.0
2017-04-01,77.22,44.81,59.58,1.08
2017-04-02,63.82,54.73,59.27,0.7
2017-04-03,72.68,48.78,59.63,0.06
2017-04-04,69.84,48.2,55.86,0.21
2017-04-05,65.62,37.33,51.11,0.09
2017-04-06,68.05,35.08,50.92,0.0
2017-04-07,75.04,35.38,57.88,0.0
2017-04-08,83.53,57.27,70.06,0.0
2017-04-09,82.56,64.38,72.75,0.0
2017-04-10,74.34,44.0,64.72,0.0
2017-04-11,71.56,42.85,54.76,0.0
2017-04-12,78.28,44.92,63.61,0.0
2017-04-13,,,,
2017-04-14,81.79,61.72,70.79,0.12
2017-04-15,82.9,63.64,72.53,0.0
2017-04-16,76.69,60.82,69.63,0.93
2017-04-17,72.97,54.7,63.04,0.92
2017-04-18,81.23,49.8,66.17,0.0
2017-04-19,79.59,62.24,70.38,0.0
2017-04-20,70.86,60.85,66.98,0.09
2017-04-21,64.08,49.33,53.8,3.15
2017-04-22,55.81,46.44,50.01,0.01
2017-04-23,71.49,35.84,53.29,0.0
2017-04-24,76.05,36.62,59.82,0.0
2017-04-25,,,,
2017-04-26,60.31,39.68,49.78,0.02
2017-04-27,66.52,36.49,53.38,0.12
2017-04-28,75.67,55.42,65.99,1.0
2017-04-29,63.34,52.14,55.4,3.76
2017-04-30,53.13,43.79,48.44,0.13
2017-05-01,71.42,43.28,55.6,0.0
2017-05-02,78.73,41.79,64.39,0.0
2017-05-03,60.46,46.47,54.05,0.22
2017-05-04,70.7,41.31,56.18,0.0
2017-05-05,74.62,41.23,58.26,0.0
2017-05-06,84.07,44.0,65.08,0.0
2017-05-07,84.76,54.9,72.34,0.0
2017-05-08,81.9,59.97,71.13,0.0
2017-05-09,82.29,56.21,70.96,0.0
2017-05-10,81.34,59.77,71.24,0.54
2017-05-11,80.2,58.86,65.78,0.39
2017-05-12,74.43,51.85,64.07,0.96
2017-05-13,77.65,47.77,63.9,0.0
2017-05-14,83.28,56.59,70.74,0.0
2017-05-15,86.85,64.22,75.71,0.0
2017-05-16,79.99,67.01,73.9,0.0
2017-05-17,82.06,62.51,71.94,0.42
2017-05-18,86.36,63.34,74.48,0.3
2017-05-19,72.66,62.87,66.8,1.54
2017-05-20,70.63,48.85,61.14,0.03
2017-05-21,74.88,44.65,60.49,0.0
2017-05-22,73.65,48.74,61.88,0.11
2017-05-23,70.0,54.0,60.6,0.1
2017-05-24,69.21,47.12,57.57,0.0
2017-05-25,83.98,46.8,68.85,0.0
2017-05-26,87.42,66.18,77.4,0.0
2017-05-27,91.38,63.39,79.06,0.02
2017-05-28,81.19,56.16,70.29,0.0
2017-05-29,87.48,51.6,70.88,0.0
2017-05-30,81.5,59.67,70.28,0.0
2017-05-31,86.77,57.34,73.92,0.0
2017-06-01,,,,
2017-06-02,82.44,57.38,70.37,0.0
2017-06-03,80.87,64.69,71.57,0.22
2017-06-04,79.92,67.39,71.61,0.04
2017-06-05,86.72,63.68,74.48,0.0
2017-06-06,88.84,59.68,74.27,0.0
2017-06-07,81.59,54.46,68.8,0.0
2017-06-08,82.49,50.32,68.91,0.0
2017-06-09,83.28,66.24,74.61,0.0
2017-06-10,86.95,68.34,77.73,0.0
2017-06-11,87.49,70.81,79.17,0.0
2017-06-12,89.22,71.31,80.36,0.0
2017-06-13,90.99,73.89,82.13,0.0
2017-06-14,90.09,76.73,82.64,0.0
2017-06-15,90.99,66.16,81.07,0.16
2017-06-16,94.05,64.44,80.68,0.0
2017-06-17,88.21,77.38,81.73,0.0
2017-06-18,79.72,65.34,73.41,0.41
2017-06-19,87.06,56.37,72.19,0.0
2017-06-20,91.22,58.33,76.8,0.0
2017-06-21,91.58,63.39,79.09,0.0
2017-06-22,89.55,62.56,76.87,0.0
2017-06-23,88.11,68.13,78.66,0.0
2017-06-24,82.62,58.73,71.76,0.0
2017-06-25,87.69,59.41,74.22,0.0
2017-06-26,88.45,59.74,74.56,0.0
2017-06-27,90.14,64.83,78.71,0.0
2017-06-28,91.33,71.71,81.45,0.0
2017-06-29,91.9,73.96,82.63,0.0
2017-06-30,84.56,69.03,76.77,0.57
2017-07-01,87.06,69.84,77.78,0.03
2017-07-02,90.01,66.34,74.62,1.12
2017-07-03,86.88,66.25,75.19,1.55
2017-07-04,84.47,66.74,74.46,0.06
2017-07-05,87.1,64.72,75.06,0.0
2017-07-06,91.99,66.9,79.93,0.0
2017-07-07,95.38,68.31,83.33,0.0
2017-07-08,85.53,70.54,76.24,0.0
2017-07-09,90.37,68.02,80.17,0.0
2017-07-10,91.9,71.74,81.6,0.0
2017-07-11,94.66,75.0,84.23,0.0
2017-07-12,94.26,75.06,84.89,0.0
2017-07-13,95.34,75.07,85.08,0.0
2017-07-14,90.36,72.1,80.52,0.0
2017-07-15,91.49,71.28,80.4,0.0
2017-07-16,93.0,69.55,81.77,0.0
2017-07-17,94.06,68.11,81.12,0.0
2017-07-18,94.82,65.73,82.38,0.0
2017-07-19,99.21,75.61,86.5,0.0
2017-07-20,100.71,76.15,87.92,0.0
2017-07-21,101.34,76.6,88.96,0.0
2017-07-22,102.56,76.59,89.69,0.0
2017-07-23,94.48,72.45,82.92,0.0
2017-07-24,96.33,66.69,82.52,0.0
2017-07-25,97.39,68.97,84.44,0.0
2017-07-26,97.79,76.33,87.16,0.0
2017-07-27,89.74,76.62,81.23,0.15
2017-07-28,91.96,74.08,81.49,0.01
2017-07-29,90.66,64.42,79.21,0.0
2017-07-30,89.82,65.66,77.35,0.0
2017-07-31,,,,
2017-08-01,78.03,65.16,71.5,0.2
2017-08-02,88.48,63.25,75.51,0.0
2017-08-03,94.41,67.6,78.54,0.72
2017-08-04,82.9,65.19,72.42,0.0
2017-08-05,96.35,65.25,81.9,0.13
2017-08-06,82.22,67.17,73.64,1.91
2017-08-07,81.43,65.01,72.91,0.0
2017-08-08,84.74,64.99,73.65,0.0
2017-08-09,87.98,63.3,75.86,0.11
2017-08-10,90.3,66.69,78.75,0.03
2017-08-11,86.4,69.24,77.2,0.53
2017-08-12,74.21,67.89,71.52,0.27
2017-08-13,85.17,69.98,75.69,0.0
2017-08-14,85.19,70.03,75.71,0.03
2017-08-15,88.48,69.78,74.93,2.18
2017-08-16,89.37,70.21,79.77,0.31
2017-08-17,89.02,68.29,77.04,0.0
2017-08-18,91.26,67.87,79.87,0.01
2017-08-19,95.47,75.34,84.93,0.0
2017-08-20,93.58,73.31,84.28,0.0
2017-08-21,91.29,75.36,82.94,0.0
2017-08-22,88.36,74.53,79.96,0.01
2017-08-23,83.37,61.07,73.17,0.06
2017-08-24,85.95,59.83,73.08,0.01
2017-08-25,80.13,66.56,73.09,0.0
2017-08-26,84.4,65.16,73.81,0.0
2017-08-27,88.02,61.05,74.05,0.0
2017-08-28,84.85,59.0,72.12,0.01
2017-08-29,82.89,56.46,68.32,0.0
2017-08-30,,,,
2017-08-31,83.55,57.76,69.8,0.0
2017-09-01,84.69,52.99,69.17,0.0
2017-09-02,86.11,63.72,72.55,0.06
2017-09-03,90.07,60.94,75.09,0.01
2017-09-04,93.47,72.54,81.77,0.0
2017-09-05,77.45,47.98,68.58,0.0
2017-09-06,78.46,42.4,61.03,0.0
2017-09-07,82.8,45.95,66.22,0.0
2017-09-08,83.17,53.83,68.66,0.0
2017-09-09,84.13,51.94,67.33,0.0
2017-09-10,82.29,53.85,67.72,0.0
2017-09-11,84.34,47.97,65.03,0.0
2017-09-12,79.77,45.52,62.56,0.0
2017-09-13,86.63,47.46,65.24,0.0
2017-09-14,91.22,54.07,73.77,0.0
2017-09-15,91.11,70.65,80.23,0.0
2017-09-16,92.41,70.97,81.39,0.0
2017-09-17,77.32,65.39,72.42,0.64
2017-09-18,83.98,64.44,72.68,0.03
2017-09-19,92.64,67.93,79.95,0.03
2017-09-20,92.7,75.07,83.04,0.0
2017-09-21,91.51,75.85,82.73,0.0
2017-09-22,88.54,71.08,79.16,0.0
2017-09-23,90.52,67.37,77.89,0.0
2017-09-24,90.03,68.41,77.82,0.0
2017-09-25,87.31,67.84,76.37,0.0
2017-09-26,70.75,63.66,67.91,0.26
2017-09-27,64.81,60.89,62.72,0.59
2017-09-28,73.76,55.6,64.04,0.01
2017-09-29,79.23,50.49,63.72,0.0
2017-09-30,80.74,49.5,64.48,0.0
2017-10-01,81.43,60.03,70.34,0.0
2017-10-02,87.3,63.95,75.21,0.0
2017-10-03,81.75,71.42,75.39,0.0
2017-10-04,74.41,70.11,72.01,3.44
2017-10-05,81.1,69.48,74.19,0.0
2017-10-06,84.96,69.6,76.39,0.0
2017-10-07,79.41,51.85,67.34,0.84
2017-10-08,82.26,47.75,63.77,0.01
2017-10-09,87.17,58.82,70.76,0.0
2017-10-10,59.02,42.17,51.93,0.0
2017-10-11,69.21,38.76,52.39,0.0
2017-10-12,82.45,46.94,65.7,0.0
2017-10-13,87.21,65.14,75.59,0.0
2017-10-14,88.93,60.49,78.1,0.57
2017-10-15,68.09,40.47,55.09,0.08
2017-10-16,69.85,36.32,50.6,0.0
2017-10-17,72.41,40.52,56.71,0.0
2017-10-18,79.45,51.15,63.18,0.0
2017-10-19,79.41,50.54,63.92,0.0
2017-10-20,80.94,56.48,68.45,0.0
2017-10-21,79.83,57.15,70.26,1.84
2017-10-22,69.75,41.39,54.91,0.12
2017-10-23,75.09,40.9,58.67,0.0
2017-10-24,63.34,35.4,51.51,0.0
2017-10-25,76.17,32.93,56.19,0.0
2017-10-26,82.26,49.37,65.43,0.0
2017-10-27,49.17,26.41,40.9,0.0
2017-10-28,54.21,24.27,36.04,0.0
2017-10-29,73.51,31.91,52.07,0.0
2017-10-30,61.88,34.94,50.32,0.0
2017-10-31,48.49,29.29,39.47,0.0
2017-11-01,69.33,32.28,54.84,0.0
2017-11-02,81.93,54.45,65.12,0.0
2017-11-03,54.52,43.27,51.14,0.02
2017-11-04,70.52,44.69,57.19,0.0
2017-11-05,75.06,42.46,62.28,0.0
2017-11-06,,,,
2017-11-07,46.22,41.7,43.34,0.0
2017-11-08,53.01,29.22,42.08,0.0
2017-11-09,61.16,26.7,42.42,0.0
2017-11-10,63.66,30.46,46.84,0.0
2017-11-11,56.73,46.42,53.53,0.0
2017-11-12,57.31,49.66,53.37,0.0
2017-11-13,59.09,35.82,51.46,0.0
2017-11-14,64.2,55.18,58.93,0.0
2017-11-15,67.42,31.71,54.27,0.0
2017-11-16,66.34,28.1,50.01,0.0
2017-11-17,82.17,58.59,70.42,0.0
2017-11-18,75.74,30.56,53.26,0.0
2017-11-19,60.22,24.47,42.5,0.0
2017-11-20,65.19,39.05,52.0,0.0
2017-11-21,,,,
2017-11-22,48.49,21.04,32.95,0.0
2017-11-23,70.39,26.93,48.17,0.0
2017-11-24,79.97,48.87,61.21,0.0
2017-11-25,64.71,31.77,50.14,0.0
2017-11-26,70.74,27.01,48.3,0.0
2017-11-27,74.7,48.92,60.81,0.0
2017-11-28,70.14,54.18,61.93,0.0
2017-11-29,58.69,37.16,49.24,0.24
2017-11-30,60.66,30.23,43.84,0.0
2017-12-01,62.08,29.15,46.82,0.0
2017-12-02,69.73,34.64,50.68,0.0
2017-12-03,72.12,40.81,58.76,0.0
2017-12-04,78.35,42.21,64.71,0.0
2017-12-05,45.55,25.14,36.77,0.0
2017-12-06,54.72,22.99,38.02,0.0
2017-12-07,36.09,11.32,26.45,0.0
2017-12-08,46.22,8.89,26.59,0.0
2017-12-09,54.41,20.94,35.95,0.0
2017-12-10,65.75,22.8,46.49,0.0
2017-12-11,66.07,36.01,50.89,0.0
2017-12-12,49.15,28.6,38.16,0.0
2017-12-13,66.04,28.41,45.79,0.0
2017-12-14,49.64,30.27,40.62,0.0
2017-12-15,50.11,27.06,39.68,0.0
2017-12-16,63.84,39.14,48.83,0.13
2017-12-17,45.74,42.74,44.18,0.03
2017-12-18,53.47,40.51,45.62,0.0
2017-12-19,58.59,49.44,53.8,0.74
2017-12-20,56.97,50.77,52.97,0.11
2017-12-21,67.8,40.29,52.79,0.01
2017-12-22,40.13,30.54,32.44,0.19
2017-12-23,34.89,23.82,29.51,0.07
2017-12-24,37.72,20.05,29.45,0.02
2017-12-25,36.15,20.54,29.36,0.01
2017-12-26,36.14,16.88,24.83,0.01
2017-12-27,29.0,15.93,23.12,0.0
2017-12-28,40.21,23.31,31.99,0.0
2017-12-29,42.16,22.09,36.01,0.0
2017-12-30,38.53,19.67,24.86,0.0
2017-12-31,23.29,9.39,16.22,0.0
2018-01-01,18.01,2.53,10.29,0.0
2018-01-02,23.2,9.97,16.64,0.0
2018-01-03,38.55,13.59,22.91,0.0
2018-01-04,40.75,11.35,24.3,0.0
2018-01-05,53.56,16.29,32.06,0.0
2018-01-06,50.74,20.7,36.06,0.0
2018-01-07,49.51,37.37,45.62,0.22
2018-01-08,53.44,26.8,36.92,0.01
2018-01-09,51.22,25.38,39.44,0.0
2018-01-10,58.33,41.09,48.97,0.0
2018-01-11,55.69,17.53,34.47,0.0
2018-01-12,33.36,12.04,21.76,0.0
2018-01-13,34.22,19.81,25.57,0.0
2018-01-14,50.16,23.72,35.93,0.0
2018-01-15,37.93,11.12,26.93,0.0
2018-01-16,19.85,1.76,10.04,0.0
2018-01-17,32.77,-0.2,15.67,0.0
2018-01-18,51.03,21.35,34.14,0.0
2018-01-19,59.25,30.41,43.38,0.0
2018-01-20,70.3,47.12,57.69,0.0
2018-01-21,72.36,49.62,61.73,0.0
2018-01-22,49.14,37.84,42.87,0.0
2018-01-23,52.59,20.78,35.3,0.0
2018-01-24,59.65,19.03,39.59,0.0
2018-01-25,67.15,42.79,53.58,0.0
2018-01-26,60.3,48.61,53.62,0.0
2018-01-27,59.77,23.88,43.07,0.0
2018-01-28,63.99,16.52,38.06,0.0
2018-01-29,41.37,20.61,28.72,0.0
2018-01-30,56.19,21.15,40.1,0.0
2018-01-31,67.64,38.34,51.77,0.0
2018-02-01,49.8,26.15,40.6,0.0
2018-02-02,45.88,17.42,32.08,0.0
2018-02-03,53.42,31.3,40.74,0.0
2018-02-04,37.67,15.4,27.28,0.0
2018-02-05,37.99,9.52,21.61,0.0
2018-02-06,28.1,17.01,24.12,0.0
2018-02-07,41.98,16.39,26.54,0.0
2018-02-08,61.74,16.95,40.52,0.0
2018-02-09,,,,
2018-02-10,34.52,19.55,23.05,0.0
2018-02-11,33.38,8.26,21.86,0.0
2018-02-12,44.41,3.33,25.14,0.0
2018-02-13,53.91,20.56,39.89,0.0
2018-02-14,71.92,42.68,55.09,0.0
2018-02-15,80.96,59.7,70.4,0.0
2018-02-16,59.25,35.22,41.75,0.03
2018-02-17,61.5,33.49,43.67,0.53
2018-02-18,58.95,33.96,45.93,0.01
2018-02-19,73.65,45.25,59.44,0.16
2018-02-20,70.2,26.09,40.91,1.27
2018-02-21,28.22,21.6,24.98,0.0
2018-02-22,34.54,28.21,31.87,0.44
2018-02-23,40.16,34.44,37.62,1.01
2018-02-24,52.68,27.84,40.75,0.34
2018-02-25,62.62,22.67,41.85,0.01
2018-02-26,67.96,25.33,49.76,0.0
2018-02-27,59.67,42.74,51.21,0.22
2018-02-28,71.53,50.18,61.17,0.01
2018-03-01,61.7,30.12,47.59,0.0
2018-03-02,67.73,24.18,47.63,0.0
2018-03-03,71.65,43.08,57.11,0.0
2018-03-04,63.95,54.41,57.69,0.0
2018-03-05,63.07,31.9,53.48,0.0
2018-03-06,59.02,31.33,44.96,0.0
2018-03-07,53.76,24.74,36.42,0.0
2018-03-08,64.47,20.29,42.76,0.0
2018-03-09,71.37,41.43,56.29,0.0
2018-03-10,70.81,35.65,53.55,0.0
2018-03-11,55.49,34.97,46.81,0.0
2018-03-12,52.59,25.67,38.07,0.0
2018-03-13,59.63,21.12,38.38,0.0
2018-03-14,67.48,18.82,46.4,0.0
2018-03-15,77.02,48.31,63.43,0.0
2018-03-16,78.21,50.38,66.51,0.0
2018-03-17,61.97,37.22,49.17,0.0
2018-03-18,66.79,37.24,53.46,0.02
2018-03-19,58.71,44.29,49.46,0.01
2018-03-20,55.51,30.11,44.22,0.0
2018-03-21,62.37,24.34,45.87,0.0
2018-03-22,78.57,42.3,61.49,0.0
2018-03-23,78.35,59.05,66.67,0.0
2018-03-24,73.63,47.84,64.05,0.0
2018-03-25,59.58,40.49,49.58,0.0
2018-03-26,73.4,57.52,62.93,0.76
2018-03-27,58.3,44.23,48.92,1.05
2018-03-28,60.19,44.04,49.73,0.01
2018-03-29,58.14,38.59,50.84,0.01
2018-03-30,65.26,31.79,48.82,0.0
2018-03-31,72.79,44.46,60.38,0.0
2018-04-01,44.23,30.6,36.03,0.0
2018-04-02,62.58,30.99,42.29,0.0
2018-04-03,71.98,36.11,56.4,0.0
2018-04-04,56.59,22.45,40.91,0.0
2018-04-05,67.78,35.12,53.58,0.0
2018-04-06,52.05,31.43,46.01,0.67
2018-04-07,45.69,24.63,33.1,0.0
2018-04-08,50.77,25.94,39.79,0.0
2018-04-09,65.73,33.51,47.52,0.0
2018-04-10,68.67,28.06,51.07,0.0
2018-04-11,81.66,53.83,68.18,0.0
2018-04-12,84.81,59.77,72.19,0.0
2018-04-13,81.18,48.25,70.21,0.0
2018-04-14,47.73,34.92,39.59,0.0
2018-04-15,54.09,29.56,40.07,0.0
2018-04-16,,,,
2018-04-17,86.9,47.71,70.12,0.0
2018-04-18,73.45,36.14,60.14,0.0
2018-04-19,63.32,32.04,47.52,0.0
2018-04-20,67.46,33.63,53.12,0.0
2018-04-21,53.73,45.96,49.01,1.45
2018-04-22,55.63,46.6,50.83,0.0
2018-04-23,73.18,47.66,59.95,0.0
2018-04-24,79.99,42.08,63.15,0.0
2018-04-25,59.76,46.09,50.4,0.43
2018-04-26,,,,
2018-04-27,73.58,44.16,58.01,0.0
2018-04-28,80.1,41.68,63.39,0.0
2018-04-29,82.02,44.61,66.62,0.0
2018-04-30,81.84,58.5,71.42,0.0
2018-05-01,79.12,66.96,72.18,0.0
2018-05-02,82.2,63.72,74.5,0.41
2018-05-03,79.41,62.92,69.88,0.38
2018-05-04,73.62,52.11,62.87,0.0
2018-05-05,82.51,45.69,65.32,0.0
2018-05-06,87.78,57.11,72.65,0.0
2018-05-07,90.43,57.22,74.8,0.0
2018-05-08,90.12,67.37,78.18,0.0
2018-05-09,90.84,68.85,78.81,0.0
2018-05-10,85.19,63.72,74.53,0.0
2018-05-11,85.59,68.2,76.18,0.0
2018-05-12,85.71,70.03,77.35,0.0
2018-05-13,88.07,67.78,77.18,0.0
2018-05-14,89.71,71.04,79.72,0.0
2018-05-15,78.26,59.92,69.83,0.0
2018-05-16,81.61,58.17,69.33,0.06
2018-05-17,85.98,53.73,71.22,0.0
2018-05-18,87.57,58.39,75.24,0.0
2018-05-19,91.04,70.57,77.73,0.02
2018-05-20,75.4,59.63,68.25,0.39
2018-05-21,83.1,55.08,68.74,0.0
2018-05-22,87.98,58.57,74.71,0.0
2018-05-23,88.21,66.0,75.8,0.0
2018-05-24,88.11,65.12,76.89,0.0
2018-05-25,83.19,61.9,71.27,0.09
2018-05-26,92.01,59.67,76.27,0.0
2018-05-27,92.07,60.98,77.05,0.0
2018-05-28,90.61,60.82,76.52,0.0
2018-05-29,91.9,64.89,79.02,1.07
2018-05-30,92.1,63.03,78.9,0.33
2018-05-31,87.48,67.35,78.15,0.9
2018-06-01,92.32,71.67,82.66,0.0
2018-06-02,89.28,68.47,80.94,0.0
2018-06-03,83.97,55.22,70.42,0.0
2018-06-04,83.05,54.0,70.73,0.0
2018-06-05,88.57,62.78,75.67,0.0
2018-06-06,90.46,65.23,79.05,0.0
2018-06-07,74.46,67.12,70.7,0.56
2018-06-08,87.48,65.39,76.91,0.0
2018-06-09,90.34,70.36,80.67,0.0
2018-06-10,91.56,70.16,81.35,0.0
2018-06-11,,,,
2018-06-12,84.27,65.21,74.59,1.27
2018-06-13,93.02,68.31,81.15,0.0
2018-06-14,91.72,72.97,82.66,0.0
2018-06-15,91.13,73.99,82.58,0.0
2018-06-16,90.21,72.91,81.07,0.0
2018-06-17,90.14,73.06,81.43,0.0
2018-06-18,88.32,73.06,80.1,0.0
2018-06-19,84.22,71.71,77.76,0.0
2018-06-20,86.2,66.76,76.01,0.08
2018-06-21,89.44,64.24,76.54,0.0
2018-06-22,85.08,57.15,72.48,0.3
2018-06-23,88.7,66.63,76.19,0.14
2018-06-24,75.36,63.37,68.68,0.94
2018-06-25,82.53,64.8,73.53,0.87
2018-06-26,90.82,72.48,82.52,0.0
2018-06-27,93.42,77.81,85.44,0.0
2018-06-28,93.79,76.01,84.79,0.0
2018-06-29,91.47,74.32,83.52,0.0
2018-06-30,90.14,70.36,79.43,0.72
2018-07-01,85.26,72.03,76.86,0.83
2018-07-02,92.23,71.76,82.4,0.0
2018-07-03,94.62,73.4,83.63,0.0
2018-07-04,90.16,71.1,79.75,0.0
2018-07-05,92.12,68.5,81.07,0.0
2018-07-06,93.51,70.66,80.99,0.0
2018-07-07,91.4,67.21,79.4,0.0
2018-07-08,90.03,62.22,76.44,0.0
2018-07-09,91.44,65.1,79.12,0.0
2018-07-10,93.33,68.32,80.96,0.0
2018-07-11,94.77,69.04,82.27,0.0
2018-07-12,95.18,70.66,83.23,0.0
2018-07-13,92.44,68.56,81.14,0.0
2018-07-14,92.05,72.03,80.9,0.32
2018-07-15,92.17,73.24,80.31,0.12
2018-07-16,92.84,75.4,83.24,0.0
2018-07-17,89.51,74.25,80.53,0.37
2018-07-18,88.18,71.35,78.13,0.01
2018-07-19,98.96,72.59,85.72,0.0
2018-07-20,105.04,75.65,90.52,0.0
2018-07-21,97.39,67.69,84.54,0.0
2018-07-22,86.47,65.3,76.53,0.0
2018-07-23,90.84,65.5,78.0,0.0
2018-07-24,92.44,61.77,76.97,0.0
2018-07-25,97.18,61.16,79.47,0.0
2018-07-26,,,,
2018-07-27,92.34,64.2,76.96,0.0
2018-07-28,93.56,67.05,77.94,0.0
2018-07-29,89.26,68.41,77.63,1.28
2018-07-30,86.67,61.9,72.93,1.04
2018-07-31,84.11,60.22,70.65,0.0
2018-08-01,88.56,58.24,72.67,0.0
2018-08-02,,,,
2018-08-03,90.9,62.4,77.65,0.0
2018-08-04,91.54,65.7,79.12,0.0
2018-08-05,94.1,72.27,82.91,0.0
2018-08-06,94.37,75.02,83.71,0.0
2018-08-07,91.9,69.46,76.93,0.15
2018-08-08,85.77,66.09,74.11,0.0
2018-08-09,92.28,61.47,76.94,0.01
2018-08-10,94.05,63.12,75.05,0.01
2018-08-11,91.69,62.02,74.15,0.0
2018-08-12,88.14,63.12,73.75,0.04
2018-08-13,78.84,71.55,73.9,0.08
2018-08-14,82.13,70.61,74.89,0.11
2018-08-15,88.07,68.23,76.68,1.37
2018-08-16,,,,
2018-08-17,88.05,69.24,77.62,0.03
2018-08-18,88.47,64.74,76.95,0.0
2018-08-19,84.99,68.13,74.54,1.88
2018-08-20,78.85,61.86,70.74,0.0
2018-08-21,84.52,60.87,71.65,0.0
2018-08-22,81.55,63.82,72.41,0.01
2018-08-23,89.47,65.57,77.84,0.27
2018-08-24,93.36,75.25,83.07,0.0
2018-08-25,93.9,71.82,83.04,0.0
2018-08-26,94.41,73.62,83.02,0.0
2018-08-27,94.48,74.28,83.86,0.0
2018-08-28,95.25,76.23,84.24,0.0
2018-08-29,86.38,71.69,78.14,0.0
2018-08-30,95.74,70.59,81.47,0.0
2018-08-31,94.98,71.82,82.4,0.0
2018-09-01,94.21,72.37,82.03,0.0
2018-09-02,92.14,71.44,80.24,0.0
2018-09-03,87.71,72.46,77.25,0.21
2018-09-04,86.77,72.46,76.43,0.29
2018-09-05,82.83,72.18,75.11,0.22
2018-09-06,85.1,71.92,76.13,0.0
2018-09-07,77.49,70.2,73.34,0.01
2018-09-08,71.24,65.34,68.32,0.0
2018-09-09,77.07,55.71,65.45,0.02
2018-09-10,79.02,59.2,67.15,0.0
2018-09-11,82.56,58.69,70.58,0.0
2018-09-12,,,,
2018-09-13,,,,
2018-09-14,91.09,64.49,76.17,0.0
2018-09-15,88.52,65.48,75.99,0.0
2018-09-16,90.14,64.6,75.81,0.0
2018-09-17,92.75,65.53,78.13,0.0
2018-09-18,94.3,69.21,81.74,0.0
2018-09-19,94.26,71.17,82.76,0.0
2018-09-20,92.39,70.72,81.3,0.0
2018-09-21,75.79,59.88,67.06,2.47
2018-09-22,72.86,58.78,65.74,0.0
2018-09-23,70.79,62.78,66.87,0.0
2018-09-24,79.75,67.59,71.11,0.0
2018-09-25,,,,
2018-09-26,66.02,46.44,58.61,0.06
2018-09-27,74.28,41.5,56.9,0.0
2018-09-28,75.02,53.42,64.69,0.0
2018-09-29,78.39,57.97,68.69,0.0
2018-09-30,81.28,68.67,73.06,0.0
2018-10-01,84.7,67.59,74.4,0.0
2018-10-02,86.34,66.92,75.91,0.0
2018-10-03,88.57,70.41,78.84,0.0
2018-10-04,83.71,63.41,72.81,0.0
2018-10-05,88.3,60.94,75.7,0.0
2018-10-06,79.92,59.32,71.25,0.04
2018-10-07,80.24,59.41,67.59,0.38
2018-10-08,81.41,70.18,75.29,0.0
2018-10-09,71.53,58.26,66.15,0.69
2018-10-10,61.92,43.92,53.03,0.0
2018-10-11,62.74,40.53,51.22,0.0
2018-10-12,60.62,49.15,54.4,0.18
2018-10-13,54.73,44.88,50.23,0.35
2018-10-14,58.96,37.02,50.87,0.11
2018-10-15,51.57,35.67,40.95,0.0
2018-10-16,54.19,36.4,43.96,0.0
2018-10-17,68.95,33.3,50.17,0.0
2018-10-18,65.62,47.66,56.06,0.02
2018-10-19,58.55,51.08,54.18,0.65
2018-10-20,72.45,38.21,54.54,0.01
2018-10-21,69.35,32.62,50.67,0.0
2018-10-22,69.26,42.17,56.24,0.0
2018-10-23,71.24,39.41,53.67,0.0
2018-10-24,60.17,42.53,51.55,0.2
2018-10-25,52.47,47.91,49.95,0.11
2018-10-26,65.93,42.01,51.12,0.0
2018-10-27,79.92,41.99,60.66,0.01
2018-10-28,73.11,39.94,59.46,0.0
2018-10-29,81.97,38.67,61.22,0.0
2018-10-30,75.74,52.92,65.24,0.0
2018-10-31,57.2,50.0,53.38,0.07
2018-11-01,59.41,42.38,49.39,0.06
2018-11-02,63.34,36.07,48.71,0.0
2018-11-03,68.27,42.64,54.55,0.1
2018-11-04,60.28,37.35,48.07,0.0
2018-11-05,71.1,37.89,54.84,0.0
2018-11-06,66.47,34.2,50.41,0.0
2018-11-07,59.9,45.26,51.21,0.0
2018-11-08,48.43,36.36,42.64,0.19
2018-11-09,50.32,23.91,37.82,0.0
2018-11-10,50.43,16.29,33.97,0.0
2018-11-11,50.52,41.77,45.24,0.0
2018-11-12,43.13,24.83,31.71,0.1
2018-11-13,31.83,15.76,23.46,0.15
2018-11-14,40.46,11.16,23.62,0.08
2018-11-15,67.71,18.37,42.23,0.06
2018-11-16,67.71,25.01,47.24,0.0
2018-11-17,66.56,37.31,51.55,0.0
2018-11-18,36.92,27.93,32.01,0.0
2018-11-19,53.94,22.19,37.5,0.0
2018-11-20,55.72,20.72,35.86,0.01
2018-11-21,62.62,28.55,45.83,0.0
2018-11-22,63.72,37.18,50.29,0.0
2018-11-23,67.59,44.81,55.61,0.0
2018-11-24,74.84,30.93,55.42,0.0
2018-11-25,60.89,27.32,41.43,0.0
2018-11-26,44.1,17.65,28.82,0.0
2018-11-27,46.49,17.38,30.24,0.0
2018-11-28,61.74,20.8,38.64,0.0
2018-11-29,67.24,30.16,47.29,0.0
2018-11-30,,,,
2018-12-01,61.25,41.37,52.41,0.0
2018-12-02,51.73,33.0,41.59,0.0
2018-12-03,34.82,25.17,30.8,0.0
2018-12-04,34.97,19.44,28.37,0.0
2018-12-05,53.71,18.35,37.86,0.0
2018-12-06,48.9,35.34,43.32,0.0
2018-12-07,35.31,30.12,33.06,0.0
2018-12-08,36.87,29.86,33.64,0.0
2018-12-09,45.76,19.73,31.86,0.0
2018-12-10,52.88,15.87,30.3,0.0
2018-12-11,62.89,19.32,44.6,0.0
2018-12-12,60.89,27.44,48.57,0.0
2018-12-13,54.03,39.38,46.19,1.04
2018-12-14,46.39,33.17,40.55,0.15
2018-12-15,57.58,24.87,36.64,0.0
2018-12-16,60.64,24.38,38.37,0.0
2018-12-17,58.68,21.89,37.33,0.0
2018-12-18,56.57,30.39,45.25,0.0
2018-12-19,53.06,38.13,47.29,0.03
2018-12-20,55.31,38.72,45.84,0.0
2018-12-21,56.41,25.58,41.37,0.0
2018-12-22,58.15,25.58,42.22,0.0
2018-12-23,51.6,29.87,40.4,0.0
2018-12-24,54.3,25.23,40.93,0.0
2018-12-25,58.19,25.04,44.49,0.09
2018-12-26,59.0,51.75,54.95,1.83
2018-12-27,54.57,30.34,44.9,0.03
2018-12-28,36.79,23.06,29.56,0.0
2018-12-29,33.05,19.97,25.13,0.0
2018-12-30,39.26,19.78,31.81,0.1
2018-12-31,45.07,30.03,39.02,0.6
2019-01-01,29.96,22.48,24.77,0.0
2019-01-02,29.74,24.01,27.19,0.0
2019-01-03,32.16,29.38,31.14,0.47
2019-01-04,54.01,28.95,38.02,0.92
2019-01-05,66.51,26.69,44.53,0.0
2019-01-06,66.47,45.8,56.14,0.0
2019-01-07,68.11,35.01,56.33,0.01
2019-01-08,57.87,30.24,44.01,0.0
2019-01-09,52.48,19.83,33.65,0.0
2019-01-10,46.62,23.75,37.11,0.02
2019-01-11,41.7,37.44,39.48,1.12
2019-01-12,39.94,33.32,36.81,0.27
2019-01-13,35.66,31.83,33.53,0.0
2019-01-14,41.87,26.88,32.89,0.0
2019-01-15,54.27,26.17,39.68,0.0
2019-01-16,49.62,42.37,45.33,0.02
2019-01-17,47.08,33.48,42.82,0.01
2019-01-18,60.24,37.99,46.4,0.44
2019-01-19,37.78,20.29,26.0,0.0
2019-01-20,43.85,14.16,27.51,0.0
2019-01-21,54.09,28.23,41.0,0.0
2019-01-22,56.17,26.4,42.74,0.0
2019-01-23,39.53,21.66,27.85,0.0
2019-01-24,44.21,19.17,30.16,0.0
2019-01-25,32.97,10.96,21.22,0.01
2019-01-26,56.75,17.94,36.77,0.01
2019-01-27,58.69,23.01,42.39,0.0
2019-01-28,47.77,16.39,39.91,0.0
2019-01-29,,,,
2019-01-30,32.53,17.08,23.75,0.0
2019-01-31,48.9,15.12,33.56,0.0
2019-02-01,52.45,38.42,45.78,0.0
2019-02-02,64.13,46.71,56.22,0.0
2019-02-03,70.3,57.33,62.34,0.0
2019-02-04,62.44,38.32,49.23,0.0
2019-02-05,38.53,33.24,35.51,0.01
2019-02-06,36.64,31.44,34.0,0.04
2019-02-07,33.39,12.78,22.36,0.21
2019-02-08,30.75,7.99,19.67,0.01
2019-02-09,38.28,13.98,28.35,0.03
2019-02-10,43.7,33.24,38.2,0.0
2019-02-11,49.75,39.21,44.11,0.78
2019-02-12,51.46,28.56,38.9,0.0
2019-02-13,63.93,29.63,49.73,0.0
2019-02-14,66.85,35.02,54.56,0.0
2019-02-15,34.89,22.33,28.14,0.0
2019-02-16,32.41,22.18,27.23,0.02
2019-02-17,44.81,24.45,33.14,0.0
2019-02-18,37.46,19.21,28.32,0.0
2019-02-19,34.56,28.61,31.17,0.28
2019-02-20,50.7,29.51,38.11,0.03
2019-02-21,52.29,31.03,41.17,0.0
2019-02-22,46.78,32.78,43.07,0.12
2019-02-23,63.01,35.62,48.58,0.21
2019-02-24,54.03,27.24,38.52,0.0
2019-02-25,63.41,22.93,43.86,0.0
2019-02-26,52.03,34.15,41.51,0.0
2019-02-27,36.25,22.16,28.05,0.0
2019-02-28,27.0,21.38,24.09,0.0
2019-03-01,36.83,23.0,30.37,0.02
2019-03-02,37.77,22.34,31.74,0.0
2019-03-03,32.44,11.93,22.51,0.0
2019-03-04,24.64,8.96,15.94,0.0
2019-03-05,41.26,8.31,23.49,0.03
2019-03-06,52.16,13.32,33.72,0.0
2019-03-07,63.27,37.0,48.62,0.0
2019-03-08,51.6,37.39,45.36,0.0
2019-03-09,69.19,42.61,58.18,0.16
2019-03-10,44.22,33.42,39.91,0.05
2019-03-11,64.58,38.6,51.35,0.0
2019-03-12,58.06,51.44,54.68,0.09
2019-03-13,72.21,54.91,62.31,0.71
2019-03-14,,,,
2019-03-15,54.36,25.42,41.49,0.0
2019-03-16,62.01,21.71,42.8,0.0
2019-03-17,69.44,27.62,49.06,0.0
2019-03-18,67.03,31.58,48.5,0.0
2019-03-19,72.16,44.37,57.74,0.0
2019-03-20,61.07,37.03,49.1,0.06
2019-03-21,66.88,31.19,48.02,0.0
2019-03-22,70.5,28.43,52.43,0.0
2019-03-23,63.03,48.74,54.46,0.24
2019-03-24,69.12,43.56,56.62,0.0
2019-03-25,59.07,37.97,50.25,0.0
2019-03-26,67.96,32.1,50.54,0.01
2019-03-27,73.92,47.73,60.64,0.01
2019-03-28,79.92,57.18,67.26,0.0
2019-03-29,71.17,49.75,63.81,0.01
2019-03-30,49.57,34.11,42.71,0.25
2019-03-31,51.62,26.14,38.48,0.0
2019-04-01,57.38,28.2,41.56,0.0
2019-04-02,72.7,41.56,57.31,0.0
2019-04-03,72.14,47.14,59.98,0.07
2019-04-04,70.41,47.1,57.89,0.77
2019-04-05,76.1,41.35,60.35,0.0
2019-04-06,73.33,52.68,63.53,0.0
2019-04-07,77.36,54.86,65.47,0.0
2019-04-08,81.84,48.58,64.93,0.0
2019-04-09,88.68,44.55,69.7,0.0
2019-04-10,89.11,69.48,78.14,0.0
2019-04-11,76.84,35.2,51.23,0.0
2019-04-12,59.2,30.32,46.23,0.0
2019-04-13,51.24,42.18,46.17,1.76
2019-04-14,63.84,41.5,51.2,0.03
2019-04-15,79.48,49.64,65.52,0.0
2019-04-16,76.23,60.24,68.07,0.0
2019-04-17,,,,
2019-04-18,68.18,49.98,57.92,0.06
2019-04-19,65.93,38.53,54.32,0.0
2019-04-20,80.04,35.83,60.97,0.0
2019-04-21,83.75,59.18,71.65,0.0
2019-04-22,71.29,61.92,67.29,0.0
2019-04-23,64.15,55.45,58.75,0.4
2019-04-24,62.73,52.29,57.17,0.0
2019-04-25,79.02,49.53,63.13,0.0
2019-04-26,76.98,41.54,61.43,0.0
2019-04-27,82.51,54.27,69.06,0.0
2019-04-28,81.05,45.33,63.8,0.0
2019-04-29,74.98,61.93,67.9,0.01
2019-04-30,76.8,58.98,66.98,1.46
2019-05-01,76.39,58.73,66.0,0.07
2019-05-02,66.25,55.31,60.8,0.0
2019-05-03,65.01,52.97,57.93,1.03
2019-05-04,70.5,49.64,60.22,0.0
2019-05-05,78.04,48.6,65.82,0.25
2019-05-06,82.15,57.09,70.42,0.94
2019-05-07,80.76,64.27,72.53,0.0
2019-05-08,73.27,58.78,63.59,1.77
2019-05-09,59.94,42.08,52.09,0.0
2019-05-10,62.58,38.46,51.87,0.14
2019-05-11,60.62,51.21,55.48,0.2
2019-05-12,73.89,49.3,60.53,0.0
2019-05-13,80.33,45.28,64.1,0.0
2019-05-14,84.22,58.42,71.81,0.0
2019-05-15,87.04,64.22,75.43,0.0
2019-05-16,86.29,67.21,76.6,0.0
2019-05-17,83.35,64.76,74.85,0.0
2019-05-18,74.68,57.63,67.38,1.26
2019-05-19,75.16,50.88,63.32,0.0
2019-05-20,75.06,51.26,62.56,4.86
2019-05-21,74.89,59.16,66.88,2.32
2019-05-22,84.58,51.48,71.63,0.0
2019-05-23,85.68,68.47,77.52,0.0
2019-05-24,85.48,65.61,76.31,0.99
2019-05-25,84.42,64.94,73.78,1.07
2019-05-26,83.19,64.17,73.52,0.24
2019-05-27,83.68,70.11,76.83,0.0
2019-05-28,81.23,70.23,75.59,0.0
2019-05-29,72.91,62.82,66.75,0.49
2019-05-30,79.81,57.4,68.26,0.0
2019-05-31,85.32,54.61,72.56,0.0
2019-06-01,85.69,63.79,74.6,0.05
2019-06-02,87.51,64.6,76.44,0.0
2019-06-03,83.46,65.23,74.19,0.07
2019-06-04,84.81,67.03,74.9,0.0
2019-06-05,88.63,66.79,76.83,0.0
2019-06-06,77.92,65.35,68.87,0.44
2019-06-07,84.67,64.4,73.38,0.05
2019-06-08,87.37,61.25,74.14,0.0
2019-06-09,82.42,63.28,70.53,0.32
2019-06-10,76.78,52.9,65.94,0.0
2019-06-11,79.02,52.43,67.31,0.0
2019-06-12,,,,
2019-06-13,79.05,49.69,66.77,0.0
2019-06-14,83.16,60.13,72.39,0.13
2019-06-15,82.56,66.33,75.96,0.13
2019-06-16,81.45,66.13,69.49,2.24
2019-06-17,82.78,65.61,72.21,0.02
2019-06-18,86.5,62.37,76.01,0.0
2019-06-19,84.72,63.19,73.95,0.12
2019-06-20,90.48,64.49,79.98,0.0
2019-06-21,92.14,77.94,84.98,0.0
2019-06-22,90.3,73.53,82.19,0.0
2019-06-23,78.75,66.69,71.67,1.14
2019-06-24,82.98,62.69,72.05,0.0
2019-06-25,87.62,62.29,76.26,0.01
2019-06-26,88.27,71.2,79.74,0.0
2019-06-27,89.42,72.07,80.54,0.0
2019-06-28,91.62,72.97,82.3,0.0
2019-06-29,92.17,71.19,82.53,0.0
2019-06-30,87.62,66.42,78.1,0.0
2019-07-01,88.95,66.94,78.68,0.0
2019-07-02,88.77,70.66,79.56,0.0
2019-07-03,88.57,70.14,75.92,0.21
2019-07-04,89.94,72.88,80.5,0.0
2019-07-05,90.25,69.84,79.79,0.0
2019-07-06,88.21,69.26,75.14,0.6
2019-07-07,89.69,69.82,77.91,0.0
2019-07-08,,,,
2019-07-09,93.31,70.77,82.27,0.0
2019-07-10,92.17,71.78,82.39,0.0
2019-07-11,87.13,62.74,76.7,0.0
2019-07-12,87.17,60.15,74.04,0.0
2019-07-13,89.22,64.2,77.64,0.0
2019-07-14,87.39,69.17,78.11,0.0
2019-07-15,85.93,63.55,74.94,0.0
2019-07-16,96.46,64.22,81.85,0.0
2019-07-17,95.56,78.93,86.63,0.0
2019-07-18,95.36,77.04,85.47,0.0
2019-07-19,96.04,76.73,85.78,0.0
2019-07-20,96.42,75.56,85.51,0.0
2019-07-21,98.01,73.81,85.3,0.25
2019-07-22,85.12,64.49,75.78,0.06
2019-07-23,83.77,58.93,70.75,0.0
2019-07-24,85.71,54.93,71.54,0.0
2019-07-25,87.44,62.67,74.76,0.0
2019-07-26,88.52,64.18,75.89,0.0
2019-07-27,90.88,60.24,77.11,0.0
2019-07-28,95.31,66.87,82.04,0.0
2019-07-29,93.38,73.96,83.41,0.15
2019-07-30,93.02,66.92,79.37,0.0
2019-07-31,96.26,65.55,81.99,0.0
2019-08-01,91.38,73.54,81.56,0.0
2019-08-02,82.56,71.85,77.69,2.33
2019-08-03,81.97,69.64,74.01,2.9
2019-08-04,88.79,68.99,77.55,0.0
2019-08-05,92.23,67.69,79.76,0.0
2019-08-06,96.39,70.27,83.87,0.0
2019-08-07,97.63,77.23,85.56,0.0
2019-08-08,78.87,70.32,74.92,0.18
2019-08-09,86.13,73.29,77.0,2.78
2019-08-10,94.51,72.32,83.24,0.0
2019-08-11,95.94,77.52,86.51,0.0
2019-08-12,97.0,76.1,86.24,0.0
2019-08-13,87.78,71.96,78.14,0.12
2019-08-14,90.64,70.18,78.72,0.0
2019-08-15,92.32,65.89,80.16,0.0
2019-08-16,93.78,76.14,83.87,0.0
2019-08-17,94.21,76.35,84.52,0.0
2019-08-18,92.44,71.47,82.43,0.03
2019-08-19,96.64,75.29,85.13,0.0
2019-08-20,96.39,75.07,86.18,0.0
2019-08-21,96.58,74.84,84.4,0.0
2019-08-22,82.56,67.86,75.19,0.75
2019-08-23,81.1,67.42,72.55,2.09
2019-08-24,86.49,67.41,75.5,0.01
2019-08-25,84.7,67.59,75.36,0.16
2019-08-26,93.45,72.55,82.47,0.0
2019-08-27,84.13,61.2,73.64,0.0
2019-08-28,87.48,59.02,73.81,0.0
2019-08-29,90.52,73.2,81.01,0.0
2019-08-30,80.6,65.89,71.83,2.29
2019-08-31,79.43,61.52,69.37,0.0
2019-09-01,89.98,66.07,76.14,0.0
2019-09-02,91.36,66.79,78.83,0.0
2019-09-03,92.53,67.15,79.25,0.0
2019-09-04,92.79,65.03,77.59,0.0
2019-09-05,92.14,65.39,78.86,0.0
2019-09-06,94.53,65.97,80.53,0.0
2019-09-07,93.54,65.86,79.64,0.0
2019-09-08,92.37,70.88,81.83,0.0
2019-09-09,91.33,71.98,80.56,0.0
2019-09-10,88.72,72.43,79.84,0.0
2019-09-11,89.65,71.06,80.03,0.0
2019-09-12,90.73,66.85,77.78,1.27
2019-09-13,80.64,65.64,71.47,0.4
2019-09-14,90.81,65.62,76.9,0.0
2019-09-15,92.97,70.56,79.6,0.0
2019-09-16,91.56,70.38,80.01,0.0
2019-09-17,91.65,67.1,79.25,0.0
2019-09-18,91.11,67.01,78.51,0.0
2019-09-19,89.6,66.96,78.26,0.0
2019-09-20,80.4,70.09,73.76,0.05
2019-09-21,86.04,72.72,77.64,0.05
2019-09-22,84.61,73.31,77.39,0.12
2019-09-23,87.66,67.37,76.22,0.0
2019-09-24,84.9,70.68,74.64,1.06
2019-09-25,91.63,68.56,79.44,0.18
2019-09-26,,,,
2019-09-27,90.82,71.11,79.87,0.0
2019-09-28,87.62,73.87,78.71,0.04
2019-09-29,85.71,73.11,78.61,0.06
2019-09-30,87.78,72.93,79.51,0.0
2019-10-01,,,,
2019-10-02,90.05,74.52,80.56,0.0
2019-10-03,76.78,57.02,65.14,0.0
2019-10-04,78.57,56.3,65.99,0.01
2019-10-05,84.54,64.31,71.22,0.29
2019-10-06,64.2,48.69,58.01,0.13
2019-10-07,71.28,41.15,54.22,0.01
2019-10-08,74.28,40.69,57.67,0.0
2019-10-09,76.1,51.35,64.21,0.1
2019-10-10,81.72,42.54,63.57,0.02
2019-10-11,54.01,30.83,42.83,0.02
2019-10-12,66.99,28.41,47.83,0.0
2019-10-13,75.16,36.96,56.72,0.0
2019-10-14,78.64,47.8,64.1,0.0
2019-10-15,79.99,47.82,65.58,0.0
2019-10-16,64.42,35.94,48.35,0.0
2019-10-17,75.15,38.5,57.5,0.0
2019-10-18,73.96,49.91,60.76,0.0
2019-10-19,73.9,44.38,58.89,0.03
2019-10-20,80.47,38.75,60.03,0.56
2019-10-21,69.08,38.3,55.06,0.0
2019-10-22,70.66,33.18,50.33,0.0
2019-10-23,76.89,50.25,61.73,0.19
2019-10-24,54.9,42.63,47.14,1.42
2019-10-25,47.26,42.5,44.83,0.86
2019-10-26,65.37,42.4,51.17,0.12
2019-10-27,76.1,41.36,56.12,0.0
2019-10-28,46.78,36.65,41.96,0.01
2019-10-29,38.78,34.46,37.62,0.8
2019-10-30,,,,0.38
2019-10-31,47.1,23.44,32.82,0.0
2019-11-01,60.12,29.23,42.5,0.0
2019-11-02,58.37,26.75,39.46,0.0
2019-11-03,65.97,30.13,48.88,0.0
2019-11-04,66.06,33.13,51.74,0.0
2019-11-05,67.05,38.53,52.24,0.0
2019-11-06,62.67,50.23,58.66,2.25
2019-11-07,49.03,27.8,37.05,0.3
2019-11-08,50.67,24.15,37.98,0.0
2019-11-09,70.68,40.11,53.51,0.0
2019-11-10,74.03,50.04,61.39,0.0
2019-11-11,60.48,19.12,33.82,0.0
2019-11-12,33.24,12.43,22.18,0.01
2019-11-13,51.39,21.12,34.22,0.0
2019-11-14,54.43,21.97,35.12,0.0
2019-11-15,58.19,20.96,36.77,0.0
2019-11-16,62.58,27.84,46.13,0.0
2019-11-17,63.88,31.28,47.45,0.0
2019-11-18,73.13,30.21,49.42,0.0
2019-11-19,,,,
2019-11-20,66.63,52.92,60.91,0.07
2019-11-21,66.43,41.12,53.03,0.34
2019-11-22,41.1,35.26,37.43,0.25
2019-11-23,52.47,32.43,39.3,0.0
2019-11-24,70.41,28.25,49.69,0.0
2019-11-25,66.51,34.53,48.49,0.0
2019-11-26,71.83,35.49,51.58,0.0
2019-11-27,48.58,28.06,38.71,0.0
2019-11-28,41.07,37.71,39.27,0.16
2019-11-29,47.61,40.42,43.2,0.18
2019-11-30,63.79,40.21,52.69,0.19
2019-12-01,46.83,34.3,39.71,0.0
2019-12-02,49.17,24.08,36.66,0.0
2019-12-03,57.04,29.99,42.16,0.0
2019-12-04,65.7,28.89,46.64,0.0
2019-12-05,70.5,44.36,55.6,0.0
2019-12-06,53.1,27.02,43.23,0.0
2019-12-07,59.2,22.31,40.04,0.0
2019-12-08,61.66,44.96,53.31,0.0
2019-12-09,55.98,31.16,42.08,0.0
2019-12-10,46.54,23.58,32.46,0.0
2019-12-11,53.08,21.35,39.62,0.0
2019-12-12,55.6,38.62,46.27,0.0
2019-12-13,59.18,34.56,45.95,0.0
2019-12-14,48.65,30.15,39.24,0.0
2019-12-15,36.69,30.76,33.85,0.03
2019-12-16,31.66,27.85,29.79,0.0
2019-12-17,46.21,18.31,28.91,0.0
2019-12-18,,,,
2019-12-19,59.59,28.0,44.02,0.0
2019-12-20,54.79,34.36,43.71,0.0
2019-12-21,46.85,27.12,41.25,0.0
2019-12-22,52.0,23.8,35.21,0.0
2019-12-23,64.8,23.39,42.98,0.0
2019-12-24,68.97,33.28,53.9,0.0
2019-12-25,71.4,48.56,59.99,0.0
2019-12-26,65.41,39.36,51.51,0.0
2019-12-27,51.62,37.48,42.66,0.0
2019-12-28,61.86,49.51,56.73,1.03
2019-12-29,49.21,34.93,40.92,0.0
2019-12-30,47.55,30.54,37.42,0.0
2019-12-31,51.03,27.13,37.16,0.0
2020-01-01,58.41,38.27,47.36,0.0
2020-01-02,59.04,38.38,49.17,0.0
2020-01-03,54.25,27.87,42.42,0.0
2020-01-04,51.93,25.06,38.97,0.0
2020-01-05,61.41,25.46,43.83,0.0
2020-01-06,57.61,21.37,37.86,0.0
2020-01-07,62.19,24.79,42.83,0.0
2020-01-08,63.34,41.36,51.75,0.0
2020-01-09,67.06,55.29,58.82,0.0
2020-01-10,68.76,29.53,54.49,0.73
2020-01-11,29.52,21.42,24.93,0.0
2020-01-12,51.76,22.03,36.0,0.16
2020-01-13,53.24,31.38,43.17,0.01
2020-01-14,61.07,51.17,54.68,0.0
2020-01-15,62.15,36.51,53.5,0.0
2020-01-16,37.62,28.32,32.81,0.3
2020-01-17,51.84,34.62,40.56,1.4
2020-01-18,53.74,24.38,41.27,0.0
2020-01-19,47.97,22.46,32.89,0.0
2020-01-20,45.1,17.1,29.78,0.0
2020-01-21,44.28,19.48,32.62,0.0
2020-01-22,36.9,32.83,35.3,0.42
2020-01-23,53.92,35.49,42.21,0.03
2020-01-24,42.4,23.85,34.43,0.0
2020-01-25,56.98,23.3,40.24,0.01
2020-01-26,60.21,29.7,42.14,0.0
2020-01-27,67.12,27.41,46.6,0.01
2020-01-28,44.93,33.47,36.76,0.84
2020-01-29,39.88,32.26,35.46,0.06
2020-01-30,40.76,29.08,34.94,0.0
2020-01-31,53.46,26.54,37.36,0.0
2020-02-01,63.19,24.12,43.29,0.0
2020-02-02,79.5,48.34,62.09,0.0
2020-02-03,71.31,39.81,57.13,0.0
2020-02-04,39.82,31.41,34.68,0.03
2020-02-05,32.1,26.28,29.88,0.04
2020-02-06,39.23,22.59,30.93,0.22
2020-02-07,52.11,22.49,36.32,0.08
2020-02-08,58.57,24.25,41.61,0.0
2020-02-09,63.16,35.93,53.58,0.0
2020-02-10,44.21,30.46,36.72,0.07
2020-02-11,45.38,34.53,39.92,0.0
2020-02-12,40.78,36.19,38.08,0.5
2020-02-13,36.82,17.53,25.83,0.0
2020-02-14,43.35,14.45,28.75,0.0
2020-02-15,59.11,37.44,46.39,0.0
2020-02-16,56.48,33.3,46.43,0.0
2020-02-17,63.14,39.1,54.67,0.0
2020-02-18,47.71,26.1,40.21,0.0
2020-02-19,55.24,24.52,40.5,0.0
2020-02-20,42.81,20.47,34.73,0.0
2020-02-21,47.16,11.79,30.16,0.0
2020-02-22,61.23,34.32,47.35,0.0
2020-02-23,51.87,46.22,49.49,0.2
2020-02-24,55.29,43.6,49.0,0.03
2020-02-25,49.28,31.68,40.96,0.1
2020-02-26,42.25,20.72,33.76,0.01
2020-02-27,58.68,19.47,40.32,0.0
2020-02-28,63.95,29.18,43.21,0.0
2020-02-29,74.05,26.27,52.74,0.0
2020-03-01,76.89,44.93,61.82,0.0
2020-03-02,59.63,35.92,47.51,0.0
2020-03-03,67.24,33.73,46.58,0.0
2020-03-04,57.33,34.12,44.96,0.0
2020-03-05,67.68,24.95,45.63,0.0
2020-03-06,61.86,22.45,41.2,0.0
2020-03-07,69.6,25.39,49.47,0.0
2020-03-08,61.99,46.4,54.11,0.22
2020-03-09,74.14,41.21,56.18,0.17
2020-03-10,68.47,32.38,51.44,0.0
2020-03-11,75.45,56.44,66.21,0.0
2020-03-12,,,,
2020-03-13,55.54,41.62,47.78,0.07
2020-03-14,49.96,40.87,44.15,0.84
2020-03-15,46.51,39.96,43.36,0.01
2020-03-16,50.4,44.14,47.35,0.29
2020-03-17,58.8,46.98,52.24,0.89
2020-03-18,76.5,52.74,64.38,0.86
2020-03-19,77.95,61.75,67.57,2.26
2020-03-20,63.46,36.02,44.5,0.0
2020-03-21,55.56,29.28,42.89,0.03
2020-03-22,52.5,42.73,48.5,0.57
2020-03-23,60.22,51.51,55.16,0.0
2020-03-24,,,,
2020-03-25,83.7,45.85,65.6,0.0
2020-03-26,94.62,58.82,77.9,0.0
2020-03-27,80.89,69.66,72.95,0.0
2020-03-28,72.23,50.63,65.37,0.51
2020-03-29,69.98,40.0,54.7,0.0
2020-03-30,65.93,44.62,53.29,0.58
2020-03-31,67.06,46.89,55.24,0.07
2020-04-01,71.1,46.92,60.5,0.0
2020-04-02,71.91,53.58,64.23,0.01
2020-04-03,51.57,33.0,36.16,0.09
2020-04-04,41.16,35.1,38.06,0.0
2020-04-05,67.08,40.07,51.28,0.0
2020-04-06,73.35,57.42,65.64,0.0
2020-04-07,87.3,56.39,72.01,0.0
2020-04-08,91.53,57.02,74.59,0.0
2020-04-09,68.68,41.9,58.8,0.0
2020-04-10,67.15,36.74,53.62,0.0
2020-04-11,72.61,52.02,61.6,0.13
2020-04-12,67.98,36.59,52.32,0.13
2020-04-13,46.94,33.08,39.34,0.02
2020-04-14,51.17,34.21,41.35,0.01
2020-04-15,62.76,34.29,49.6,0.0
2020-04-16,,,,
2020-04-17,61.27,30.63,43.62,0.02
2020-04-18,69.17,26.85,50.54,0.0
2020-04-19,70.3,45.54,58.35,0.02
2020-04-20,79.52,41.93,60.43,0.0
2020-04-21,79.59,43.77,64.17,0.01
2020-04-22,63.54,56.3,59.75,1.06
2020-04-23,80.6,55.02,65.02,0.01
2020-04-24,78.66,54.59,65.35,0.1
2020-04-25,73.33,46.81,60.0,0.0
2020-04-26,78.35,41.51,61.9,0.0
2020-04-27,79.07,59.16,66.62,0.12
2020-04-28,84.45,58.14,69.54,0.04
2020-04-29,71.73,47.16,60.28,0.0
2020-04-30,79.11,41.93,61.71,0.0
2020-05-01,86.67,58.48,73.02,0.0
2020-05-02,84.33,65.64,74.71,0.0
2020-05-03,74.01,63.75,69.64,0.01
2020-05-04,89.55,64.04,75.67,0.0
2020-05-05,75.69,47.8,62.44,0.0
2020-05-06,73.53,43.45,58.62,0.0
2020-05-07,71.91,44.99,59.38,0.59
2020-05-08,66.09,39.3,56.27,0.29
2020-05-09,69.21,34.42,53.0,0.0
2020-05-10,63.01,44.1,53.75,0.0
2020-05-11,56.7,46.49,51.3,0.06
2020-05-12,52.7,46.47,49.38,0.14
2020-05-13,74.77,51.39,63.37,0.07
2020-05-14,82.63,66.34,75.0,0.0
2020-05-15,73.42,55.44,65.16,0.05
2020-05-16,71.38,55.81,64.27,0.0
2020-05-17,76.64,52.39,66.2,0.0
2020-05-18,77.88,48.69,63.35,0.0
2020-05-19,73.69,49.15,61.16,0.0
2020-05-20,,,,
2020-05-21,72.36,56.93,66.92,0.0
2020-05-22,80.26,60.01,70.86,0.54
2020-05-23,84.96,67.05,75.44,0.0
2020-05-24,82.94,64.42,73.45,0.16
2020-05-25,72.86,62.42,66.73,0.56
2020-05-26,72.3,61.14,65.22,0.06
2020-05-27,73.9,57.36,65.15,0.17
2020-05-28,71.53,58.19,65.77,0.13
2020-05-29,80.24,53.51,67.04,0.0
2020-05-30,81.63,53.58,68.08,0.0
2020-05-31,82.83,55.31,70.2,0.0
2020-06-01,82.87,60.66,72.15,0.0
2020-06-02,84.7,66.36,75.82,0.0
2020-06-03,89.96,71.02,80.63,0.0
2020-06-04,92.98,73.24,83.06,0.0
2020-06-05,92.19,61.41,80.31,0.0
2020-06-06,92.82,74.97,83.15,0.0
2020-06-07,90.01,70.38,79.82,0.0
2020-06-08,91.15,65.88,79.22,0.0
2020-06-09,92.21,61.02,75.98,0.0
2020-06-10,83.77,52.38,68.86,0.0
2020-06-11,87.93,48.87,70.84,0.0
2020-06-12,90.12,62.64,77.18,0.0
2020-06-13,92.26,61.0,78.48,0.0
2020-06-14,91.0,61.92,77.99,0.0
2020-06-15,90.46,61.47,78.17,0.0
2020-06-16,91.74,66.52,79.23,0.0
2020-06-17,90.21,69.96,79.96,0.0
2020-06-18,91.18,71.29,80.67,0.0
2020-06-19,75.79,67.32,71.34,0.49
2020-06-20,86.45,66.09,75.19,0.01
2020-06-21,84.83,66.34,74.38,0.04
2020-06-22,90.9,68.58,77.85,0.06
2020-06-23,84.83,58.84,74.29,0.0
2020-06-24,88.83,55.31,74.39,0.0
2020-06-25,90.77,70.95,80.04,0.0
2020-06-26,90.93,71.02,80.52,0.0
2020-06-27,89.8,71.33,80.33,0.0
2020-06-28,89.22,76.24,81.16,0.0
2020-06-29,90.84,76.62,82.95,0.0
2020-06-30,92.23,76.75,83.99,0.0
2020-07-01,96.3,74.95,85.59,0.0
2020-07-02,91.85,68.52,80.05,1.42
2020-07-03,91.78,69.35,80.88,0.0
2020-07-04,91.13,70.38,79.36,0.0
2020-07-05,90.72,67.68,78.67,0.0
2020-07-06,91.76,69.08,80.55,0.0
2020-07-07,91.31,67.1,79.7,0.0
2020-07-08,92.34,70.11,82.06,0.0
2020-07-09,91.17,71.31,80.62,0.01
2020-07-10,83.59,68.52,75.37,0.59
2020-07-11,,,,0.94
2020-07-12,,,,0.0
2020-07-13,,,,0.09
2020-07-14,,,,0.0
2020-07-15,,,,
2020-07-16,90.18,72.28,80.29,0.0
2020-07-17,94.1,75.7,83.99,0.0
2020-07-18,91.96,75.88,83.6,0.0
2020-07-19,92.84,71.85,81.84,0.0
2020-07-20,94.1,74.19,83.19,0.0
2020-07-21,90.64,73.26,80.74,0.0
2020-07-22,92.39,69.04,80.99,0.0
2020-07-23,,,,
2020-07-24,94.95,74.14,83.3,0.0
2020-07-25,92.28,71.04,82.12,0.0
2020-07-26,93.25,70.39,82.67,0.0
2020-07-27,91.31,73.53,78.21,0.82
2020-07-28,82.89,71.06,75.99,0.85
2020-07-29,89.15,74.16,79.44,0.04
2020-07-30,89.49,69.04,77.71,0.53
2020-07-31,83.48,65.7,74.57,0.09
2020-08-01,87.3,62.89,73.6,0.0
2020-08-02,86.9,60.8,73.95,0.0
2020-08-03,82.81,58.26,69.69,0.0
2020-08-04,80.35,56.59,68.06,0.0
2020-08-05,84.02,60.28,71.17,0.05
2020-08-06,84.15,67.41,75.24,0.07
2020-08-07,88.09,72.5,79.41,0.17
2020-08-08,93.74,76.46,83.68,0.0
2020-08-09,94.84,75.69,85.0,0.0
2020-08-10,94.66,76.46,84.94,0.0
2020-08-11,86.5,69.28,75.01,0.22
2020-08-12,88.83,69.37,78.18,0.0
2020-08-13,91.8,70.2,80.87,0.24
2020-08-14,92.07,71.29,80.64,0.0
2020-08-15,94.15,70.16,81.92,0.0
2020-08-16,88.45,65.03,77.48,0.0
2020-08-17,90.81,63.12,76.08,0.0
2020-08-18,87.3,56.88,71.99,0.0
2020-08-19,85.68,54.48,69.56,0.0
2020-08-20,88.83,55.78,71.98,0.0
2020-08-21,90.21,58.3,75.07,0.0
2020-08-22,92.34,57.27,76.23,0.0
2020-08-23,94.21,67.19,80.22,0.0
2020-08-24,95.52,64.54,79.34,0.0
2020-08-25,94.12,62.8,77.81,0.0
2020-08-26,92.19,65.5,76.82,0.0
2020-08-27,89.78,63.81,75.66,0.0
2020-08-28,101.5,65.88,84.03,0.0
2020-08-29,86.38,72.81,79.28,0.0
2020-08-30,95.34,68.31,79.75,0.01
2020-08-31,92.52,72.05,80.59,0.68
2020-09-01,79.43,69.76,73.11,0.46
2020-09-02,85.46,69.51,75.76,0.0
2020-09-03,91.38,67.96,78.9,0.0
2020-09-04,90.41,67.24,78.58,0.0
2020-09-05,91.47,66.22,79.53,0.0
2020-09-06,90.68,72.39,80.8,0.0
2020-09-07,91.74,72.77,81.13,0.0
2020-09-08,90.77,60.93,76.79,0.45
2020-09-09,61.09,54.72,58.11,1.11
2020-09-10,64.31,53.69,58.56,0.1
2020-09-11,65.48,56.95,61.29,0.14
2020-09-12,76.95,59.63,65.67,0.0
2020-09-13,79.59,58.12,66.81,0.0
2020-09-14,79.52,52.63,65.2,0.0
2020-09-15,83.71,59.68,69.62,0.0
2020-09-16,85.44,59.13,70.21,0.01
2020-09-17,83.23,56.88,68.34,0.0
2020-09-18,78.17,50.95,63.29,0.0
2020-09-19,78.51,49.51,62.5,0.0
2020-09-20,78.4,49.51,63.14,0.0
2020-09-21,81.43,52.74,68.42,0.05
2020-09-22,72.09,63.55,66.13,0.99
2020-09-23,70.41,55.27,64.12,0.0
2020-09-24,80.42,51.85,65.43,0.0
2020-09-25,83.59,61.14,71.25,0.01
2020-09-26,85.26,62.69,72.65,0.0
2020-09-27,77.0,55.26,65.67,0.24
2020-09-28,72.23,43.62,57.58,0.0
2020-09-29,77.65,39.36,58.09,0.0
2020-09-30,88.09,52.21,68.83,0.0
2020-10-01,72.75,38.35,54.34,0.0
2020-10-02,71.83,35.97,53.36,0.0
2020-10-03,73.98,44.57,58.83,0.0
2020-10-04,69.53,38.13,52.38,0.0
2020-10-05,76.14,39.06,58.65,0.0
2020-10-06,80.51,48.99,64.53,0.0
2020-10-07,,,,
2020-10-08,85.82,57.0,70.9,0.0
2020-10-09,83.34,62.96,71.27,0.0
2020-10-10,82.83,55.85,67.75,0.0
2020-10-11,88.75,52.03,72.76,0.0
2020-10-12,77.79,41.07,62.47,0.0
2020-10-13,82.51,40.15,64.47,0.0
2020-10-14,88.47,56.93,72.32,0.0
2020-10-15,73.9,47.86,63.64,0.0
2020-10-16,68.88,33.97,52.51,0.0
2020-10-17,74.16,47.82,60.64,0.0
2020-10-18,67.69,44.79,54.66,0.03
2020-10-19,51.21,41.82,45.75,0.0
2020-10-20,,,,
2020-10-21,86.56,54.3,69.26,0.0
2020-10-22,86.5,67.51,75.58,0.0
2020-10-23,72.88,41.67,47.27,0.01
2020-10-24,50.68,31.07,41.32,0.0
2020-10-25,50.32,31.25,42.44,0.0
2020-10-26,39.33,30.21,33.27,2.0
2020-10-27,33.46,29.87,31.85,1.28
2020-10-28,41.76,33.5,37.51,1.71
2020-10-29,56.41,31.57,43.9,0.47
2020-10-30,68.13,28.8,47.48,0.0
2020-10-31,69.66,38.44,51.91,0.0
2020-11-01,62.29,31.62,44.84,0.0
2020-11-02,70.38,29.33,50.07,0.0
2020-11-03,78.39,43.09,60.26,0.0
2020-11-04,,,,
2020-11-05,76.5,42.11,61.19,0.0
2020-11-06,76.51,50.13,62.67,0.0
2020-11-07,75.6,51.91,62.6,0.0
2020-11-08,73.56,58.91,66.67,0.0
2020-11-09,78.49,65.71,69.88,0.0
2020-11-10,69.49,30.52,51.58,0.04
2020-11-11,60.8,26.96,40.82,0.0
2020-11-12,73.74,32.81,52.77,0.0
2020-11-13,57.6,27.53,44.34,0.0
2020-11-14,78.8,53.47,63.7,0.14
2020-11-15,61.12,32.15,47.94,0.0
2020-11-16,71.51,31.08,49.11,0.0
2020-11-17,71.58,31.22,52.28,0.0
2020-11-18,71.35,49.69,60.38,0.0
2020-11-19,75.15,57.22,65.7,0.0
2020-11-20,76.84,56.43,66.27,0.0
2020-11-21,62.1,45.61,52.45,0.06
2020-11-22,52.77,30.32,43.52,0.14
2020-11-23,55.94,27.64,44.7,0.01
2020-11-24,58.42,45.11,52.86,0.65
2020-11-25,54.57,29.42,41.9,0.0
2020-11-26,66.38,28.94,47.29,0.01
2020-11-27,57.38,29.34,44.29,0.0
2020-11-28,50.2,25.03,39.26,0.01
2020-11-29,51.03,33.84,42.75,0.02
2020-11-30,45.98,21.25,32.33,0.0
2020-12-01,58.62,33.09,43.64,0.0
2020-12-02,45.92,36.93,41.32,0.45
2020-12-03,40.72,28.01,37.69,0.06
2020-12-04,54.18,27.08,37.05,0.0
2020-12-05,58.78,25.24,39.18,0.01
2020-12-06,56.91,24.83,38.39,0.0
2020-12-07,62.2,24.26,41.61,0.0
2020-12-08,64.18,28.82,44.96,0.0
2020-12-09,72.91,27.11,45.64,0.0
2020-12-10,76.62,29.31,53.05,0.0
2020-12-11,57.29,35.28,46.55,0.03
2020-12-12,42.03,32.06,37.67,0.0
2020-12-13,36.92,23.02,32.61,0.08
2020-12-14,35.0,10.26,24.37,0.09
2020-12-15,32.79,21.75,29.42,0.0
2020-12-16,34.58,20.29,28.75,0.05
2020-12-17,50.02,18.95,33.6,0.31
2020-12-18,57.92,38.31,47.82,0.21
2020-12-19,51.28,24.96,38.75,0.0
2020-12-20,57.81,23.65,41.36,0.0
2020-12-21,65.62,31.32,47.57,0.0
2020-12-22,66.85,29.68,51.02,0.0
2020-12-23,60.24,27.73,47.33,0.0
2020-12-24,43.52,20.92,30.51,0.0
2020-12-25,52.14,16.57,33.9,0.0
2020-12-26,68.49,40.71,53.58,0.0
2020-12-27,62.91,35.76,51.7,0.0
2020-12-28,45.58,27.49,37.35,0.0
2020-12-29,57.45,37.98,47.68,0.35
2020-12-30,47.82,25.24,36.19,1.0
2020-12-31,35.69,20.19,29.22,0.74
2021-01-01,35.91,32.2,33.65,0.54
2021-01-02,44.66,27.51,34.83,0.02
2021-01-03,51.8,26.16,35.72,0.0
2021-01-04,59.25,24.96,39.21,0.01
2021-01-05,61.61,22.92,42.49,0.0
2021-01-06,48.22,41.16,44.2,0.06
2021-01-07,41.35,36.67,38.97,0.12
2021-01-08,37.36,21.41,32.09,0.0
2021-01-09,44.97,17.94,29.39,0.0
2021-01-10,35.68,24.27,30.13,0.0
2021-01-11,46.16,17.28,29.76,0.0
2021-01-12,53.28,30.95,40.65,0.0
2021-01-13,60.19,25.66,44.34,0.0
2021-01-14,54.57,40.62,47.13,0.0
2021-01-15,44.24,31.95,38.35,0.0
2021-01-16,50.05,25.8,36.92,0.0
2021-01-17,52.66,25.16,39.61,0.0
2021-01-18,59.58,23.91,45.61,0.0
2021-01-19,50.05,25.12,38.08,0.0
2021-01-20,45.86,22.13,36.13,0.0
2021-01-21,,,,
2021-01-22,50.83,31.01,40.71,0.0
2021-01-23,47.82,27.6,41.37,0.0
2021-01-24,53.19,45.04,47.99,0.23
2021-01-25,48.52,33.79,44.07,0.61
2021-01-26,34.49,29.92,32.24,0.0
2021-01-27,35.54,19.16,29.29,0.0
2021-01-28,44.7,19.59,33.67,0.0
2021-01-29,56.39,32.23,44.88,0.0
2021-01-30,64.13,41.24,52.47,0.35
2021-01-31,44.31,29.09,38.09,0.0
2021-02-01,51.67,20.39,34.75,0.0
2021-02-02,60.3,30.46,44.43,0.0
2021-02-03,64.4,37.63,50.14,0.0
2021-02-04,58.06,23.0,45.6,0.0
2021-02-05,56.77,22.58,39.36,0.0
2021-02-06,46.17,27.51,39.78,0.0
2021-02-07,31.34,26.63,28.11,0.0
2021-02-08,32.24,17.49,24.63,0.0
2021-02-09,20.64,15.28,18.14,0.0
2021-02-10,20.42,16.56,18.88,0.0
2021-02-11,19.38,15.49,17.38,0.0
2021-02-12,17.02,12.02,14.18,0.0
2021-02-13,18.82,7.18,12.26,0.0
2021-02-14,10.81,1.44,5.96,0.0
2021-02-15,5.38,-8.99,-1.29,0.0
2021-02-16,11.82,-19.68,-0.19,0.0
2021-02-17,24.27,7.39,16.76,0.04
2021-02-18,27.34,-6.14,11.73,0.01
2021-02-19,35.29,-3.5,17.5,0.09
2021-02-20,47.71,12.61,33.3,0.49
2021-02-21,53.17,28.49,44.11,0.02
2021-02-22,64.4,25.41,47.38,0.0
2021-02-23,74.26,28.49,55.65,0.0
2021-02-24,63.03,38.39,52.87,0.0
2021-02-25,52.9,27.59,41.78,0.02
2021-02-26,49.57,33.27,41.69,0.03
2021-02-27,61.99,34.96,51.16,0.01
2021-02-28,61.16,40.86,53.49,0.0
2021-03-01,56.98,27.73,41.18,0.0
2021-03-02,,,,
2021-03-03,70.68,42.32,54.92,0.0
2021-03-04,73.72,35.95,57.66,0.0
2021-03-05,59.85,34.49,49.86,0.14
2021-03-06,64.8,28.21,46.54,0.0
2021-03-07,67.28,39.2,53.28,0.0
2021-03-08,70.29,42.4,57.23,0.0
2021-03-09,72.5,54.39,63.07,0.0
2021-03-10,76.77,62.91,67.69,0.0
2021-03-11,66.72,47.66,54.33,0.24
2021-03-12,69.44,48.51,55.95,0.09
2021-03-13,70.05,51.67,59.75,0.03
2021-03-14,61.81,49.17,57.49,0.32
2021-03-15,66.87,41.59,54.69,0.0
2021-03-16,77.11,37.67,59.01,0.0
2021-03-17,65.39,36.37,51.11,0.33
2021-03-18,48.33,37.34,42.77,0.02
2021-03-19,60.44,32.81,46.23,0.0
2021-03-20,65.7,27.52,48.7,0.0
2021-03-21,68.41,46.29,57.01,0.0
2021-03-22,58.12,51.21,54.92,1.26
2021-03-23,56.57,42.11,50.92,0.08
2021-03-24,58.66,39.21,49.74,0.19
2021-03-25,59.18,37.16,47.91,0.07
2021-03-26,75.4,39.62,59.49,0.0
2021-03-27,74.66,47.79,62.26,0.0
2021-03-28,66.04,34.5,51.85,0.0
2021-03-29,76.51,48.54,62.92,0.0
2021-03-30,65.62,50.04,59.57,0.0
2021-03-31,62.01,33.75,50.46,0.0
2021-04-01,62.89,27.08,46.2,0.0
2021-04-02,68.31,40.84,55.51,0.0
2021-04-03,75.18,50.41,62.5,0.0
2021-04-04,75.42,52.12,63.97,0.0
2021-04-05,79.48,57.9,67.76,0.0
2021-04-06,78.22,61.83,69.49,0.0
2021-04-07,71.55,47.61,57.04,0.0
2021-04-08,76.82,44.95,61.66,0.0
2021-04-09,76.78,49.57,65.56,0.02
2021-04-10,66.22,38.52,51.54,0.0
2021-04-11,84.51,37.97,64.59,0.0
2021-04-12,65.86,51.48,58.97,0.0
2021-04-13,67.26,46.1,57.21,0.62
2021-04-14,62.96,47.7,53.04,0.75
2021-04-15,56.84,48.67,52.14,0.03
2021-04-16,52.5,44.75,49.09,0.32
2021-04-17,53.96,42.79,48.02,0.0
2021-04-18,63.09,38.57,51.2,0.0
2021-04-19,75.02,35.18,56.61,0.0
2021-04-20,50.29,27.74,39.63,0.0
2021-04-21,58.95,25.82,43.26,0.0
2021-04-22,61.27,31.39,47.49,0.02
2021-04-23,66.38,49.26,56.49,1.34
2021-04-24,70.0,46.72,57.45,0.38
2021-04-25,76.91,43.18,63.75,0.0
2021-04-26,82.92,63.82,72.44,0.0
2021-04-27,73.74,65.17,69.13,0.07
2021-04-28,70.18,63.52,67.51,1.01
2021-04-29,76.26,50.04,64.01,0.0
2021-04-30,80.33,46.26,63.59,0.0
2021-05-01,74.08,51.37,64.98,0.0
2021-05-02,78.55,61.36,67.46,0.0
2021-05-03,76.59,58.46,67.46,0.17
2021-05-04,65.8,42.29,55.66,0.79
2021-05-05,73.02,37.74,57.12,0.03
2021-05-06,75.31,45.1,60.24,0.0
2021-05-07,78.13,47.91,64.63,0.0
2021-05-08,83.84,63.81,74.17,0.0
2021-05-09,76.37,53.53,60.6,0.0
2021-05-10,61.92,49.17,54.87,0.0
2021-05-11,54.52,44.84,51.6,0.42
2021-05-12,67.33,44.56,56.29,0.0
2021-05-13,71.78,39.72,56.84,0.0
2021-05-14,75.74,46.27,63.69,0.0
2021-05-15,79.41,60.04,69.86,0.0
2021-05-16,72.3,64.35,67.64,0.63
2021-05-17,77.29,60.39,68.42,0.0
2021-05-18,75.67,62.17,68.4,0.0
2021-05-19,70.29,62.65,66.27,0.09
2021-05-20,68.36,64.26,65.99,0.79
2021-05-21,75.85,65.64,69.64,0.23
2021-05-22,75.52,65.7,70.37,0.16
2021-05-23,72.59,66.42,68.92,0.11
2021-05-24,73.71,64.72,68.25,0.27
2021-05-25,76.82,66.27,70.95,0.0
2021-05-26,83.79,63.57,72.91,0.0
2021-05-27,86.18,65.17,73.55,0.17
2021-05-28,72.72,54.46,63.34,0.0
2021-05-29,67.19,51.51,58.22,0.0
2021-05-30,72.79,50.88,62.05,0.0
2021-05-31,62.04,58.57,60.13,0.68
2021-06-01,66.43,57.49,60.61,0.03
2021-06-02,72.77,53.37,62.57,0.04
2021-06-03,82.49,52.56,69.03,0.0
2021-06-04,84.33,60.91,73.83,0.0
2021-06-05,79.41,60.69,71.69,0.0
2021-06-06,80.71,65.37,72.06,0.0
2021-06-07,76.8,64.74,70.72,1.9
2021-06-08,84.65,66.78,74.57,0.0
2021-06-09,90.66,71.62,79.4,0.0
2021-06-10,92.05,69.76,82.03,0.0
2021-06-11,87.69,73.54,80.84,0.0
2021-06-12,90.64,68.13,80.47,0.41
2021-06-13,89.71,68.88,80.35,0.0
2021-06-14,90.82,61.38,76.53,0.0
2021-06-15,92.14,62.33,77.81,0.01
2021-06-16,93.13,65.1,81.34,0.0
2021-06-17,93.58,71.1,84.22,0.0
2021-06-18,92.53,73.65,83.25,0.0
2021-06-19,89.82,71.6,80.65,0.0
2021-06-20,92.53,70.38,82.53,0.0
2021-06-21,79.97,56.82,68.74,0.15
2021-06-22,82.29,53.37,69.26,0.0
2021-06-23,88.07,66.18,77.86,0.0
2021-06-24,92.66,76.57,84.11,0.0
2021-06-25,90.97,78.73,84.29,0.0
2021-06-26,84.54,67.08,74.35,4.16
2021-06-27,79.41,66.81,72.1,2.35
2021-06-28,85.14,70.52,74.28,0.79
2021-06-29,83.61,70.52,75.51,0.03
2021-06-30,86.92,70.39,78.24,0.63
2021-07-01,79.86,71.4,74.84,0.39
2021-07-02,85.28,65.82,76.16,0.01
2021-07-03,85.17,60.69,73.84,0.0
2021-07-04,84.88,63.18,74.43,0.0
2021-07-05,85.87,62.69,74.11,0.0
2021-07-06,88.03,61.74,75.48,0.0
2021-07-07,89.91,67.01,76.92,0.02
2021-07-08,91.27,68.02,79.48,0.0
2021-07-09,88.92,74.44,81.71,0.0
2021-07-10,89.17,66.88,77.75,0.74
2021-07-11,80.42,64.53,71.64,0.12
2021-07-12,83.88,60.66,72.25,0.0
2021-07-13,89.33,63.64,77.93,0.0
2021-07-14,88.05,72.54,80.36,0.0
2021-07-15,87.37,73.72,80.08,0.0
2021-07-16,89.53,72.1,80.49,0.0
2021-07-17,90.75,74.71,80.09,0.04
2021-07-18,86.02,70.92,77.11,0.0
2021-07-19,85.39,66.47,76.12,0.0
2021-07-20,84.4,62.73,73.57,0.0
2021-07-21,86.22,59.68,72.95,0.0
2021-07-22,88.45,61.75,76.0,0.0
2021-07-23,91.35,67.53,80.71,0.0
2021-07-24,93.83,73.49,83.91,0.0
2021-07-25,95.59,72.55,83.05,0.0
2021-07-26,94.77,69.06,78.53,1.31
2021-07-27,94.35,72.14,82.29,0.0
2021-07-28,93.45,70.77,82.17,0.0
2021-07-29,94.68,72.86,82.86,0.0
2021-07-30,94.66,71.51,83.39,0.0
2021-07-31,95.88,72.46,84.32,0.0
2021-08-01,84.43,66.49,76.01,0.04
2021-08-02,84.11,60.03,72.05,0.0
2021-08-03,85.06,59.76,71.42,0.0
2021-08-04,86.45,57.02,71.49,0.0
2021-08-05,86.54,61.54,73.17,0.0
2021-08-06,90.88,64.8,78.5,0.0
2021-08-07,92.88,73.24,82.68,0.0
2021-08-08,90.23,67.21,79.73,0.66
2021-08-09,92.84,77.65,84.54,0.0
2021-08-10,93.2,77.65,84.6,0.0
2021-08-11,93.56,77.16,83.88,0.0
2021-08-12,94.41,78.08,84.5,0.0
2021-08-13,91.04,68.49,79.05,0.0
2021-08-14,87.75,67.77,75.97,0.0
2021-08-15,88.97,65.1,76.43,0.0
2021-08-16,89.2,65.75,76.29,0.04
2021-08-17,,,,
2021-08-18,87.8,65.03,77.18,0.01
2021-08-19,84.79,74.75,78.22,0.01
2021-08-20,95.54,75.22,84.61,0.0
2021-08-21,93.47,69.76,81.54,0.27
2021-08-22,94.77,69.96,81.33,0.0
2021-08-23,95.58,74.53,84.28,0.0
2021-08-24,,,,
2021-08-25,97.81,72.18,84.95,0.0
2021-08-26,95.94,68.27,83.2,0.0
2021-08-27,93.96,72.61,82.62,0.0
2021-08-28,91.62,70.79,80.28,0.0
2021-08-29,92.05,69.33,79.14,0.0
2021-08-30,92.21,70.03,78.75,0.05
2021-08-31,95.97,70.48,82.45,0.0
2021-09-01,97.72,69.8,85.1,0.0
2021-09-02,95.5,75.06,84.01,0.0
2021-09-03,96.33,76.08,84.83,0.0
2021-09-04,92.12,72.39,81.08,0.0
2021-09-05,90.84,61.99,75.81,0.0
2021-09-06,91.13,55.96,75.04,0.0
2021-09-07,93.45,69.67,81.19,0.0
2021-09-08,89.58,57.67,75.4,0.0
2021-09-09,92.88,53.15,73.95,0.0
2021-09-10,92.43,70.02,79.55,0.0
2021-09-11,94.14,69.53,80.45,0.0
2021-09-12,90.79,64.24,76.74,0.0
2021-09-13,91.65,63.45,77.34,0.0
2021-09-14,91.94,66.36,79.17,0.0
2021-09-15,92.59,64.4,75.57,0.0
2021-09-16,92.89,61.56,76.86,0.0
2021-09-17,91.87,63.18,76.41,0.0
2021-09-18,92.28,61.3,75.05,0.0
2021-09-19,93.22,65.21,79.2,0.0
2021-09-20,97.38,72.09,82.93,0.0
2021-09-21,79.14,47.73,66.07,0.08
2021-09-22,80.06,43.28,59.33,0.0
2021-09-23,84.25,42.43,64.08,0.0
2021-09-24,86.45,54.48,70.69,0.0
2021-09-25,85.91,50.5,68.96,0.0
2021-09-26,93.58,63.39,77.89,0.0
2021-09-27,93.22,65.82,77.81,0.0
2021-09-28,93.43,64.78,78.62,0.0
2021-09-29,87.04,67.14,75.58,0.0
2021-09-30,78.24,62.8,68.51,1.61
2021-10-01,77.04,60.48,67.62,0.0
2021-10-02,80.69,59.29,68.17,0.85
2021-10-03,80.78,54.09,65.43,0.0
2021-10-04,82.69,49.93,63.55,0.0
2021-10-05,81.0,47.84,62.68,0.0
2021-10-06,79.92,51.13,63.17,0.0
2021-10-07,86.43,52.11,68.61,0.0
2021-10-08,91.78,65.03,77.69,0.0
2021-10-09,92.14,69.58,79.47,0.0
2021-10-10,81.48,64.33,73.77,0.66
2021-10-11,76.03,50.16,62.65,0.36
2021-10-12,78.21,47.28,65.53,0.0
2021-10-13,76.84,61.7,69.73,0.64
2021-10-14,72.79,56.16,64.01,0.0
2021-10-15,67.77,43.61,58.63,1.39
2021-10-16,70.36,38.99,52.03,0.0
2021-10-17,77.07,42.28,59.5,0.01
2021-10-18,73.08,43.69,61.38,0.0
2021-10-19,78.3,55.13,65.61,0.0
2021-10-20,75.16,47.41,62.79,0.0
2021-10-21,71.47,39.26,53.18,0.0
2021-10-22,76.6,42.46,60.41,0.0
2021-10-23,85.6,61.72,72.63,0.0
2021-10-24,79.68,49.48,68.35,0.0
2021-10-25,65.05,42.82,52.73,0.0
2021-10-26,77.2,42.53,64.18,0.0
2021-10-27,68.94,51.51,58.26,1.76
2021-10-28,63.72,50.36,56.8,0.19
2021-10-29,66.18,37.03,53.43,0.0
2021-10-30,70.81,31.85,48.52,0.0
2021-10-31,63.84,38.57,49.95,0.0
2021-11-01,50.34,41.51,46.76,0.0
2021-11-02,49.41,41.54,44.29,0.41
2021-11-03,49.15,42.84,45.59,0.03
2021-11-04,58.78,37.74,48.43,0.0
2021-11-05,59.88,32.6,46.01,0.0
2021-11-06,66.38,36.75,51.93,0.0
2021-11-07,75.85,43.78,58.9,0.0
2021-11-08,78.22,50.16,62.76,0.0
2021-11-09,69.12,51.33,59.35,0.0
2021-11-10,67.01,51.15,61.47,0.65
2021-11-11,62.02,36.11,48.72,0.0
2021-11-12,53.6,30.11,45.61,0.0
2021-11-13,60.19,26.26,43.03,0.0
2021-11-14,61.02,35.54,46.96,0.0
2021-11-15,73.71,35.07,56.95,0.0
2021-11-16,77.95,44.78,64.57,0.0
2021-11-17,69.1,39.8,58.44,0.0
2021-11-18,55.74,24.78,38.58,0.0
2021-11-19,56.89,23.59,42.7,0.0
2021-11-20,63.82,46.24,52.49,0.0
2021-11-21,62.33,31.65,48.84,0.0
2021-11-22,62.8,25.72,41.0,0.0
2021-11-23,71.19,30.76,52.38,0.0
2021-11-24,68.22,50.58,60.18,0.0
2021-11-25,50.95,23.99,39.16,0.0
2021-11-26,62.89,21.92,43.88,0.0
2021-11-27,67.06,34.82,49.27,0.0
2021-11-28,59.45,30.98,42.87,0.0
2021-11-29,72.18,32.13,51.22,0.0
2021-11-30,,,,
2021-12-01,71.55,38.54,53.37,0.0
2021-12-02,78.58,36.68,58.34,0.0
2021-12-03,76.19,49.62,60.23,0.0
2021-12-04,57.88,51.08,53.52,0.0
2021-12-05,76.48,44.21,60.41,0.0
2021-12-06,51.6,23.95,37.16,0.0
2021-12-07,47.53,21.24,35.24,0.0
2021-12-08,59.05,23.45,43.21,0.0
2021-12-09,70.52,40.74,56.59,0.0
2021-12-10,76.87,39.54,62.49,0.0
2021-12-11,49.41,25.22,36.85,0.0
2021-12-12,55.74,31.89,43.87,0.0
2021-12-13,67.1,40.91,52.79,0.0
2021-12-14,74.14,51.91,62.11,0.0
2021-12-15,77.7,59.72,70.84,0.05
2021-12-16,59.88,33.61,45.72,0.0
2021-12-17,54.28,42.97,50.76,0.1
2021-12-18,46.54,22.73,36.18,0.0
2021-12-19,42.74,13.17,27.36,0.0
2021-12-20,50.67,26.04,36.05,0.0
2021-12-21,62.64,23.04,38.98,0.0
2021-12-22,61.47,25.35,43.8,0.0
2021-12-23,64.65,43.87,53.45,0.0
2021-12-24,79.83,60.58,69.37,0.0
2021-12-25,73.63,43.66,59.45,0.0
2021-12-26,72.39,40.76,59.8,0.0
2021-12-27,68.54,42.9,55.24,0.0
2021-12-28,70.41,40.96,56.43,0.0
2021-12-29,55.51,28.44,41.27,0.01
2021-12-30,62.82,27.92,46.67,0.01
2021-12-31,64.89,54.18,59.04,0.18
2022-01-01,57.81,13.28,30.74,0.53
2022-01-02,29.88,12.94,18.96,0.0
2022-01-03,52.45,15.12,33.52,0.0
2022-01-04,57.15,34.26,44.29,0.0
2022-01-05,45.68,25.62,34.23,0.0
2022-01-06,25.53,12.65,20.05,0.0
2022-01-07,39.28,11.26,25.18,0.0
2022-01-08,50.11,39.43,45.9,0.01
2022-01-09,49.48,19.11,37.29,0.01
2022-01-10,53.22,14.13,30.33,0.0
2022-01-11,61.09,23.27,46.09,0.0
2022-01-12,59.72,27.78,43.36,0.0
2022-01-13,67.44,27.16,44.56,0.0
2022-01-14,58.8,30.78,45.35,0.0
2022-01-15,36.66,21.94,26.62,0.0
2022-01-16,46.09,20.16,28.22,0.03
2022-01-17,58.6,20.53,39.09,0.0
2022-01-18,62.76,33.44,46.67,0.0
2022-01-19,43.48,19.25,33.05,0.0
2022-01-20,25.58,6.6,16.82,0.0
2022-01-21,37.8,3.2,18.31,0.0
2022-01-22,50.2,12.83,31.48,0.0
2022-01-23,59.18,29.91,41.53,0.0
2022-01-24,66.69,29.59,50.18,0.0
2022-01-25,38.91,24.8,31.04,0.0
2022-01-26,37.06,18.98,29.2,0.0
2022-01-27,46.63,21.25,33.99,0.0
2022-01-28,48.43,19.96,32.21,0.0
2022-01-29,68.45,23.15,42.28,0.0
2022-01-30,63.37,18.17,38.31,0.0
2022-01-31,71.49,22.55,49.3,0.0
2022-02-01,60.87,38.88,53.76,0.0
2022-02-02,38.77,17.13,25.66,0.32
2022-02-03,19.41,13.93,16.46,0.0
2022-02-04,31.16,5.18,19.23,0.05
2022-02-05,46.58,7.63,29.05,0.29
2022-02-06,48.36,25.33,35.75,0.16
2022-02-07,56.01,20.0,39.07,0.02
2022-02-08,67.21,31.41,48.97,0.0
2022-02-09,66.43,23.28,41.88,0.0
2022-02-10,60.82,28.97,44.19,0.0
2022-02-11,62.35,38.08,52.29,0.0
2022-02-12,42.54,22.39,30.79,0.0
2022-02-13,53.62,26.12,38.31,0.0
2022-02-14,67.32,35.32,48.91,0.0
2022-02-15,67.37,36.14,56.14,0.0
2022-02-16,72.72,57.07,63.5,0.0
2022-02-17,60.31,18.23,30.65,1.08
2022-02-18,49.05,12.78,30.55,0.0
2022-02-19,58.51,26.08,43.69,0.0
2022-02-20,69.6,42.46,55.32,0.0
2022-02-21,,,,
2022-02-22,66.07,18.71,27.86,0.13
2022-02-23,18.62,11.28,13.96,0.0
2022-02-24,22.89,15.84,19.4,0.0
2022-02-25,30.02,12.0,21.58,0.01
2022-02-26,43.27,18.06,28.31,0.21
2022-02-27,56.64,18.83,35.11,0.14
2022-02-28,70.39,38.57,53.04,0.01
2022-03-01,76.33,41.98,58.98,0.0
2022-03-02,79.74,34.24,59.98,0.0
2022-03-03,80.67,36.09,61.3,0.0
2022-03-04,76.17,49.1,63.14,0.0
2022-03-05,82.06,45.71,67.35,0.0
2022-03-06,45.62,34.09,37.48,0.66
2022-03-07,40.42,25.98,33.28,0.0
2022-03-08,43.4,24.51,32.08,0.0
2022-03-09,54.61,20.63,37.74,0.0
2022-03-10,52.43,27.64,38.14,0.0
2022-03-11,36.95,18.13,26.9,0.15
2022-03-12,53.04,13.08,33.28,0.02
2022-03-13,67.87,38.98,53.55,0.0
2022-03-14,62.51,42.64,53.23,0.0
2022-03-15,68.83,40.19,53.1,0.0
2022-03-16,77.9,35.0,59.39,0.0
2022-03-17,75.6,51.78,64.05,0.43
2022-03-18,53.91,37.18,45.04,0.04
2022-03-19,71.56,28.52,51.61,0.0
2022-03-20,78.13,35.09,61.3,0.0
2022-03-21,61.56,49.35,53.77,1.54
2022-03-22,55.11,40.08,45.75,0.05
2022-03-23,46.3,38.17,42.21,0.0
2022-03-24,58.32,34.32,45.91,0.0
2022-03-25,64.17,28.11,45.96,0.0
2022-03-26,70.12,31.61,51.41,0.0
2022-03-27,69.12,45.94,55.94,0.0
2022-03-28,80.13,41.37,62.42,0.0
2022-03-29,80.17,64.56,72.07,0.14
2022-03-30,64.15,36.51,48.72,0.06
2022-03-31,49.06,30.26,38.55,0.0
2022-04-01,68.32,30.71,51.4,0.05
2022-04-02,70.9,39.8,56.19,0.05
2022-04-03,80.47,42.81,64.86,0.07
2022-04-04,61.39,52.52,57.33,0.4
2022-04-05,78.08,46.51,62.66,0.0
2022-04-06,66.42,46.78,57.01,0.0
2022-04-07,59.52,41.78,50.52,0.0
2022-04-08,59.41,31.56,47.19,0.0
2022-04-09,80.17,26.66,57.68,0.0
2022-04-10,82.15,58.98,70.63,0.0
2022-04-11,66.92,51.01,58.36,0.16
2022-04-12,83.84,54.82,73.0,0.0
2022-04-13,69.8,34.27,54.54,0.0
2022-04-14,68.86,29.51,52.14,0.0
2022-04-15,83.5,56.86,68.7,0.0
2022-04-16,61.21,46.98,53.51,0.0
2022-04-17,60.49,43.0,54.01,0.0
2022-04-18,63.43,37.32,49.13,0.0
2022-04-19,70.65,31.35,54.76,0.0
2022-04-20,84.85,55.0,66.04,0.01
2022-04-21,81.66,58.26,71.99,0.0
2022-04-22,79.12,70.27,74.69,0.0
2022-04-23,77.94,65.88,71.45,0.01
2022-04-24,67.26,51.57,58.73,0.08
2022-04-25,66.9,42.92,55.04,0.0
2022-04-26,70.52,32.9,52.99,0.0
2022-04-27,75.43,38.54,61.35,0.0
2022-04-28,76.44,56.57,66.63,0.4
2022-04-29,80.47,64.44,72.77,0.0
2022-04-30,74.62,48.94,62.98,0.28
2022-05-01,76.26,42.77,61.31,0.0
2022-05-02,70.16,51.48,62.26,2.16
2022-05-03,63.34,47.41,53.4,0.0
2022-05-04,65.68,51.06,57.85,2.53
2022-05-05,68.02,52.07,59.89,1.0
2022-05-06,71.37,49.66,58.56,0.0
2022-05-07,80.06,49.86,68.08,0.0
2022-05-08,89.24,71.49,79.17,0.0
2022-05-09,88.95,74.68,81.58,0.0
2022-05-10,87.51,75.06,81.02,0.0
2022-05-11,88.59,69.04,78.94,0.0
2022-05-12,89.46,69.21,79.1,0.0
2022-05-13,81.27,64.83,72.63,0.15
2022-05-14,88.23,64.47,76.66,0.02
2022-05-15,88.48,62.06,73.89,0.0
2022-05-16,81.07,55.87,69.03,0.0
2022-05-17,,,,
2022-05-18,88.86,67.24,78.66,0.04
2022-05-19,,,,
2022-05-20,83.41,68.07,76.36,0.0
2022-05-21,68.0,51.48,58.55,0.7
2022-05-22,66.13,46.63,55.76,0.0
2022-05-23,61.77,48.36,55.2,4.7
2022-05-24,66.18,59.65,62.26,1.36
2022-05-25,61.38,53.65,56.42,0.86
2022-05-26,66.87,48.36,56.93,0.09
2022-05-27,83.25,45.55,66.78,0.0
2022-05-28,84.81,63.05,74.01,0.0
2022-05-29,85.8,72.28,79.59,0.0
2022-05-30,85.48,72.14,78.73,0.0
2022-05-31,82.2,75.2,79.1,0.0
2022-06-01,79.79,61.18,71.03,0.14
2022-06-02,77.0,60.03,66.9,0.0
2022-06-03,78.91,58.86,68.36,0.01
2022-06-04,82.15,55.51,69.99,0.0
2022-06-05,77.85,61.72,69.04,0.87
2022-06-06,85.64,64.18,74.6,1.09
2022-06-07,84.06,68.56,74.57,0.06
2022-06-08,76.68,62.4,71.12,0.11
2022-06-09,83.17,59.07,72.39,0.0
2022-06-10,86.59,64.71,76.06,1.89
2022-06-11,89.1,70.11,80.65,0.0
2022-06-12,95.02,76.17,86.22,0.0
2022-06-13,93.11,78.89,85.92,0.0
2022-06-14,89.44,76.78,83.06,0.0
2022-06-15,87.71,76.77,82.3,0.0
2022-06-16,91.11,75.04,82.81,0.0
2022-06-17,92.93,70.34,82.34,0.0
2022-06-18,92.43,68.85,81.82,0.0
2022-06-19,89.64,70.02,80.53,0.0
2022-06-20,91.54,70.11,80.56,0.0
2022-06-21,94.64,72.68,83.21,0.0
2022-06-22,94.55,68.34,80.99,0.0
2022-06-23,94.68,68.25,82.52,0.0
2022-06-24,96.84,75.81,86.14,0.0
2022-06-25,96.28,77.7,86.69,0.0
2022-06-26,81.09,65.14,75.06,0.0
2022-06-27,82.31,60.73,71.51,0.0
2022-06-28,86.94,62.91,74.53,0.01
2022-06-29,89.02,56.05,73.17,0.0
2022-06-30,92.55,58.14,78.44,0.0
2022-07-01,94.23,70.23,82.51,0.0
2022-07-02,94.1,69.21,83.3,0.0
2022-07-03,94.53,72.03,84.24,0.0
2022-07-04,97.05,75.6,86.52,0.0
2022-07-05,98.44,74.86,87.09,0.0
2022-07-06,100.71,78.01,89.02,0.0
2022-07-07,101.39,77.07,89.58,0.0
2022-07-08,100.87,78.26,88.97,0.03
2022-07-09,94.05,69.6,83.01,0.0
2022-07-10,96.26,65.53,80.01,0.0
2022-07-11,99.32,64.51,81.92,0.0
2022-07-12,90.88,67.41,78.55,0.0
2022-07-13,97.34,61.65,79.15,0.0
2022-07-14,100.65,61.05,82.3,0.0
2022-07-15,99.39,75.72,88.12,0.0
2022-07-16,99.7,78.04,88.54,0.0
2022-07-17,104.74,75.92,89.24,0.0
2022-07-18,98.69,65.25,84.39,0.0
2022-07-19,107.76,58.59,86.32,0.0
2022-07-20,103.84,78.96,91.32,0.02
2022-07-21,100.69,73.65,84.57,0.0
2022-07-22,101.1,73.18,84.09,0.01
2022-07-23,101.48,73.71,87.58,0.0
2022-07-24,104.45,78.3,91.47,0.0
2022-07-25,,,,
2022-07-26,105.53,80.92,92.59,0.0
2022-07-27,104.72,78.57,89.03,0.0
2022-07-28,94.78,72.95,81.57,0.4
2022-07-29,81.01,73.15,75.71,1.79
2022-07-30,84.58,69.73,76.27,0.0
2022-07-31,89.2,73.45,79.01,0.68
2022-08-01,91.13,75.13,82.38,0.0
2022-08-02,98.29,75.51,86.93,0.0
2022-08-03,100.33,77.2,88.85,0.0
2022-08-04,90.79,76.3,83.46,0.0
2022-08-05,98.6,75.49,86.51,0.0
2022-08-06,97.21,78.04,87.01,0.0
2022-08-07,96.62,75.33,85.28,0.0
2022-08-08,98.47,75.87,85.8,0.0
2022-08-09,91.72,75.24,82.35,0.0
2022-08-10,94.33,70.21,81.19,0.0
2022-08-11,93.06,63.99,79.09,0.0
2022-08-12,93.25,64.27,79.49,0.0
2022-08-13,96.42,70.03,83.67,0.0
2022-08-14,99.64,74.25,85.71,0.0
2022-08-15,100.74,70.09,87.01,0.0
2022-08-16,104.22,73.56,90.13,0.01
2022-08-17,75.94,68.05,71.98,0.1
2022-08-18,86.13,64.47,74.55,0.0
2022-08-19,92.21,60.21,77.76,0.0
2022-08-20,95.22,63.36,80.7,0.0
2022-08-21,81.21,71.24,75.32,0.26
2022-08-22,90.03,65.52,76.76,0.0
2022-08-23,91.04,66.56,77.01,0.0
2022-08-24,92.25,63.41,77.11,0.0
2022-08-25,93.96,60.4,76.72,0.0
2022-08-26,95.52,62.37,79.75,0.0
2022-08-27,94.84,71.8,83.39,0.0
2022-08-28,94.89,74.26,81.62,0.02
2022-08-29,91.54,69.03,76.62,0.34
2022-08-30,92.35,68.43,78.65,0.0
2022-08-31,93.52,63.5,78.08,0.0
2022-09-01,81.66,67.41,72.22,1.3
2022-09-02,86.74,67.73,75.06,0.66
2022-09-03,90.25,63.03,76.42,0.01
2022-09-04,85.93,64.72,73.87,0.0
2022-09-05,87.96,60.93,73.29,0.0
2022-09-06,88.5,62.69,74.22,0.0
2022-09-07,86.05,61.77,72.8,0.0
2022-09-08,87.51,57.51,71.55,0.0
2022-09-09,88.88,60.85,74.87,0.0
2022-09-10,88.72,58.64,72.67,0.0
2022-09-11,78.66,49.06,64.63,0.0
2022-09-12,85.6,45.31,64.76,0.0
2022-09-13,90.57,52.18,73.22,0.0
2022-09-14,90.95,63.28,75.45,0.0
2022-09-15,89.13,58.23,73.37,0.0
2022-09-16,92.1,61.88,77.94,0.0
2022-09-17,95.95,70.34,82.91,0.0
2022-09-18,97.48,74.82,84.67,0.0
2022-09-19,98.47,69.78,84.49,0.0
2022-09-20,98.24,72.9,84.62,0.0
2022-09-21,101.43,73.17,84.3,0.0
2022-09-22,76.84,56.62,67.45,0.0
2022-09-23,94.89,53.35,74.59,0.0
2022-09-24,81.77,67.17,74.96,0.01
2022-09-25,87.15,49.23,70.3,0.0
2022-09-26,85.37,44.69,63.18,0.0
2022-09-27,92.28,46.49,69.72,0.0
2022-09-28,90.43,52.88,73.05,0.0
2022-09-29,81.12,55.33,67.49,0.0
2022-09-30,82.18,44.96,62.72,0.0
2022-10-01,84.72,40.74,60.66,0.0
2022-10-02,85.8,40.46,61.34,0.0
2022-10-03,87.1,42.12,63.26,0.0
2022-10-04,88.18,44.92,65.04,0.0
2022-10-05,87.13,50.54,69.39,0.0
2022-10-06,87.44,47.62,64.84,0.0
2022-10-07,76.08,47.43,61.83,0.0
2022-10-08,73.83,42.71,55.3,0.0
2022-10-09,81.18,45.33,64.07,0.0
2022-10-10,74.14,55.22,64.89,0.31
2022-10-11,78.94,62.26,68.37,0.18
2022-10-12,80.2,45.51,66.26,0.0
2022-10-13,75.25,39.66,56.13,0.0
2022-10-14,86.88,40.0,66.02,0.0
2022-10-15,85.93,50.49,68.06,0.0
2022-10-16,71.08,48.69,60.22,0.0
2022-10-17,61.75,30.66,47.88,0.0
2022-10-18,54.23,23.86,37.12,0.0
2022-10-19,65.48,20.65,42.68,0.0
2022-10-20,,,,
2022-10-21,90.93,47.7,71.93,0.0
2022-10-22,86.23,66.78,75.95,0.0
2022-10-23,85.01,68.38,76.25,0.0
2022-10-24,75.24,50.97,61.7,0.99
2022-10-25,64.54,39.19,51.13,0.41
2022-10-26,,,,
2022-10-27,69.03,39.39,55.99,0.0
2022-10-28,67.3,43.46,56.7,0.05
2022-10-29,68.29,48.06,58.07,0.0
2022-10-30,71.71,44.49,58.59,0.0
2022-10-31,75.15,40.79,55.38,0.0
2022-11-01,78.98,45.29,64.55,0.0
2022-11-02,69.42,53.92,61.16,0.0
2022-11-03,76.93,57.36,68.18,0.0
2022-11-04,74.93,40.84,59.71,0.22
2022-11-05,62.55,38.11,50.37,0.0
2022-11-06,74.3,52.2,59.47,0.0
2022-11-07,70.5,50.63,60.72,0.0
2022-11-08,71.04,61.48,65.06,0.17
2022-11-09,77.09,65.57,69.61,0.0
2022-11-10,74.41,44.45,62.92,1.03
2022-11-11,44.56,30.55,38.78,0.1
2022-11-12,46.19,23.77,32.62,0.0
2022-11-13,51.87,19.79,35.83,0.0
2022-11-14,41.47,34.9,37.57,0.06
2022-11-15,46.26,25.36,35.85,0.0
2022-11-16,44.63,21.39,32.02,0.0
2022-11-17,,,,
2022-11-18,33.6,23.07,29.84,0.0
2022-11-19,46.34,19.17,31.15,0.0
2022-11-20,50.59,14.81,32.86,0.0
2022-11-21,58.98,32.26,44.22,0.0
2022-11-22,62.01,30.82,45.43,0.0
2022-11-23,53.6,32.96,46.36,0.03
2022-11-24,53.24,47.05,49.22,0.01
2022-11-25,55.26,34.15,43.48,0.0
2022-11-26,49.8,41.4,46.61,0.87
2022-11-27,52.02,32.84,45.05,0.05
2022-11-28,61.77,27.68,46.72,0.0
2022-11-29,67.66,31.09,51.39,0.0
2022-11-30,44.8,18.81,31.04,0.0
2022-12-01,53.44,23.04,40.7,0.0
2022-12-02,61.3,42.71,53.4,0.0
2022-12-03,44.82,27.43,34.47,0.0
2022-12-04,50.58,29.25,40.22,0.0
2022-12-05,61.57,39.69,49.87,0.0
2022-12-06,50.32,43.83,46.49,0.02
2022-12-07,49.73,43.94,46.33,0.29
2022-12-08,59.31,47.08,52.05,0.28
2022-12-09,54.37,33.06,46.12,0.2
2022-12-10,50.13,34.24,44.64,0.6
2022-12-11,48.72,33.4,44.64,0.02
2022-12-12,53.64,47.91,50.78,0.18
2022-12-13,65.48,41.11,55.76,0.44
2022-12-14,44.63,29.7,36.63,0.0
2022-12-15,44.09,26.8,34.96,0.0
2022-12-16,43.15,29.23,34.55,0.0
2022-12-17,43.9,20.7,30.78,0.0
2022-12-18,53.26,17.47,36.53,0.0
2022-12-19,52.11,39.91,44.98,0.0
2022-12-20,40.1,21.46,31.54,0.0
2022-12-21,46.72,23.05,36.16,0.0
2022-12-22,38.39,1.06,10.69,0.02
2022-12-23,16.07,1.78,7.87,0.0
2022-12-24,28.92,5.18,15.26,0.0
2022-12-25,40.6,7.75,25.52,0.03
2022-12-26,43.02,13.8,29.64,0.02
2022-12-27,46.98,12.88,30.54,0.01
2022-12-28,63.14,39.19,52.84,0.0
2022-12-29,69.39,43.83,58.87,0.0
2022-12-30,57.29,27.76,40.61,0.0
2022-12-31,66.69,28.51,47.69,0.0
2023-01-01,72.1,34.35,50.23,0.0
2023-01-02,71.46,42.14,60.52,0.0
2023-01-03,52.34,33.05,45.16,0.0
2023-01-04,52.32,28.88,39.38,0.0
2023-01-05,53.89,25.4,36.75,0.0
2023-01-06,61.34,24.68,45.21,0.0
2023-01-07,53.56,26.77,40.74,0.0
2023-01-08,57.99,19.72,37.29,0.0
2023-01-09,67.44,28.72,46.59,0.0
2023-01-10,69.03,25.43,43.71,0.0
2023-01-11,66.58,27.73,48.65,0.0
2023-01-12,51.8,23.86,39.12,0.0
2023-01-13,46.45,16.63,29.59,0.0
2023-01-14,55.29,24.53,40.37,0.0
2023-01-15,61.93,43.08,53.27,0.0
2023-01-16,65.25,33.76,55.95,0.0
2023-01-17,63.32,27.68,46.66,0.0
2023-01-18,64.76,40.27,53.65,0.66
2023-01-19,48.51,25.26,36.5,0.0
2023-01-20,55.31,21.23,36.94,0.0
2023-01-21,46.02,31.29,41.14,0.01
2023-01-22,39.77,22.78,35.03,0.0
2023-01-23,48.65,17.7,31.4,0.0
2023-01-24,37.13,25.97,33.4,0.31
2023-01-25,43.43,25.25,34.19,0.25
2023-01-26,48.56,21.31,33.98,0.0
2023-01-27,59.18,36.29,45.38,0.0
2023-01-28,62.44,38.88,49.79,0.0
2023-01-29,38.52,20.67,23.72,0.0
2023-01-30,22.91,17.31,20.37,0.0
2023-01-31,24.39,14.13,20.8,0.0
2023-02-01,30.9,12.78,23.54,0.0
2023-02-02,47.23,22.43,32.15,0.07
2023-02-03,49.64,20.6,34.68,0.0
2023-02-04,60.76,38.36,47.8,0.0
2023-02-05,66.38,25.96,47.07,0.0
2023-02-06,68.59,43.41,58.0,0.02
2023-02-07,49.46,38.86,42.31,0.78
2023-02-08,42.43,34.94,40.46,0.76
2023-02-09,54.81,31.62,42.13,0.01
2023-02-10,43.92,23.78,35.45,0.0
2023-02-11,54.82,19.75,34.1,0.0
2023-02-12,67.01,24.65,46.77,0.0
2023-02-13,64.42,27.52,47.62,0.0
2023-02-14,66.83,45.39,55.13,0.35
2023-02-15,59.77,32.83,45.83,0.0
2023-02-16,37.33,28.06,32.2,0.0
2023-02-17,49.14,18.74,33.75,0.0
2023-02-18,49.05,32.84,41.87,0.0
2023-02-19,68.45,42.12,54.52,0.0
2023-02-20,64.58,38.05,53.62,0.0
2023-02-21,73.09,35.28,53.27,0.0
2023-02-22,74.52,37.49,61.51,0.13
2023-02-23,39.79,22.52,30.97,0.0
2023-02-24,34.9,25.09,30.29,0.0
2023-02-25,44.69,30.25,37.16,0.06
2023-02-26,66.76,43.39,52.63,0.37
2023-02-27,72.88,41.74,57.67,0.0
2023-02-28,77.25,33.79,58.21,0.0
2023-03-01,65.8,35.35,54.98,0.0
2023-03-02,51.22,33.95,45.4,0.36
2023-03-03,60.26,36.27,45.88,0.17
2023-03-04,67.08,35.98,52.25,0.0
2023-03-05,78.12,41.77,63.09,0.0
2023-03-06,71.17,54.91,63.6,0.0
2023-03-07,55.54,44.38,48.87,0.43
2023-03-08,54.9,45.27,49.44,0.02
2023-03-09,55.33,39.72,49.05,0.16
2023-03-10,54.27,30.93,42.89,0.0
2023-03-11,73.38,43.66,55.78,0.0
2023-03-12,52.95,34.19,43.35,0.0
2023-03-13,48.81,28.21,36.98,0.0
2023-03-14,56.16,33.48,43.8,0.0
2023-03-15,63.5,40.36,52.02,0.0
2023-03-16,63.07,36.96,51.02,0.42
2023-03-17,51.87,27.76,38.22,0.0
2023-03-18,43.95,22.07,34.0,0.0
2023-03-19,48.29,15.48,32.28,0.0
2023-03-20,59.02,34.88,46.21,0.0
2023-03-21,62.04,43.05,51.22,0.33
2023-03-22,80.22,60.85,70.32,0.0
2023-03-23,71.51,45.41,59.59,0.76
2023-03-24,47.71,37.21,44.67,0.06
2023-03-25,65.52,32.09,48.27,0.0
2023-03-26,60.49,32.57,46.16,0.0
2023-03-27,59.38,30.17,44.13,0.0
2023-03-28,55.78,31.88,43.44,0.0
2023-03-29,68.52,27.72,50.33,0.0
2023-03-30,68.88,50.92,60.22,0.11
2023-03-31,78.08,57.24,70.26,0.0
2023-04-01,66.33,39.32,52.11,0.0
2023-04-02,78.69,44.12,62.32,0.0
2023-04-03,88.32,56.89,72.66,0.0
2023-04-04,80.55,70.81,75.11,0.0
2023-04-05,73.98,32.79,47.55,0.0
2023-04-06,61.03,28.67,45.06,0.0
2023-04-07,68.94,27.59,48.49,0.0
2023-04-08,71.94,29.72,51.62,0.0
2023-04-09,75.04,33.67,58.07,0.0
2023-04-10,76.24,51.44,63.72,0.0
2023-04-11,76.8,44.75,63.07,0.0
2023-04-12,78.64,52.3,66.03,0.0
2023-04-13,78.78,53.8,66.97,0.0
2023-04-14,83.23,56.12,70.97,0.0
2023-04-15,70.2,39.23,58.92,0.0
2023-04-16,67.5,34.56,50.11,0.0
2023-04-17,79.84,30.6,59.55,0.0
2023-04-18,82.38,57.24,69.17,0.0
2023-04-19,81.1,63.07,71.77,0.01
2023-04-20,,,,
2023-04-21,70.36,38.56,53.95,0.0
2023-04-22,53.85,41.77,48.15,0.0
2023-04-23,62.96,29.85,48.0,0.0
2023-04-24,66.58,31.48,53.68,0.01
2023-04-25,51.33,47.39,49.39,1.34
2023-04-26,55.17,49.37,51.87,0.72
2023-04-27,57.63,50.94,53.85,0.54
2023-04-28,61.0,49.28,53.96,0.15
2023-04-29,68.97,47.68,57.26,0.0
2023-04-30,68.23,38.5,54.34,0.0
2023-05-01,67.93,33.98,51.87,0.0
2023-05-02,73.44,39.53,55.97,0.0
2023-05-03,75.65,38.14,58.57,0.0
2023-05-04,62.82,52.45,57.54,0.6
2023-05-05,79.25,54.28,66.33,0.0
2023-05-06,88.27,69.8,78.81,0.0
2023-05-07,84.52,65.93,75.91,0.0
2023-05-08,86.32,63.3,75.62,0.0
2023-05-09,86.68,65.53,75.08,0.07
2023-05-10,82.94,61.3,71.45,0.0
2023-05-11,76.15,64.8,70.66,0.0
2023-05-12,84.58,60.91,76.52,0.35
2023-05-13,82.17,60.66,69.14,1.42
2023-05-14,79.93,63.41,70.37,0.28
2023-05-15,76.8,62.38,69.64,0.06
2023-05-16,68.25,58.01,63.19,0.0
2023-05-17,70.21,54.28,64.32,0.0
2023-05-18,79.97,52.63,67.04,0.01
2023-05-19,70.12,52.59,62.71,1.74
2023-05-20,70.86,48.58,59.36,0.0
2023-05-21,76.15,46.63,61.6,0.0
2023-05-22,77.79,51.91,65.71,0.0
2023-05-23,77.74,57.96,67.11,0.14
2023-05-24,76.91,60.62,68.7,0.1
2023-05-25,80.47,58.39,69.09,0.0
2023-05-26,82.83,55.89,69.77,0.0
2023-05-27,81.37,56.73,69.6,0.0
2023-05-28,80.89,57.07,70.08,0.0
2023-05-29,81.88,58.89,71.06,0.0
2023-05-30,85.39,59.34,73.67,0.0
2023-05-31,86.45,65.52,75.82,0.0
2023-06-01,86.47,64.92,74.72,0.0
2023-06-02,86.95,65.16,75.34,0.0
2023-06-03,80.33,60.55,70.59,0.0
2023-06-04,85.19,60.6,70.44,0.04
2023-06-05,88.47,57.76,73.41,0.0
2023-06-06,88.36,60.28,72.33,0.01
2023-06-07,88.23,56.59,73.13,0.0
2023-06-08,91.35,59.94,75.88,0.0
2023-06-09,92.43,61.86,78.26,0.0
2023-06-10,84.56,64.69,72.0,0.71
2023-06-11,85.55,61.99,74.53,0.0
2023-06-12,72.52,59.68,65.01,0.01
2023-06-13,84.04,59.23,71.53,0.12
2023-06-14,,,,
2023-06-15,88.12,58.41,74.27,0.16
2023-06-16,87.33,61.77,73.6,0.01
2023-06-17,87.26,62.6,76.04,0.74
2023-06-18,84.65,60.94,71.67,0.05
2023-06-19,89.98,60.35,76.55,0.0
2023-06-20,88.5,72.52,79.85,0.0
2023-06-21,84.67,68.25,75.81,0.63
2023-06-22,89.38,64.87,77.33,0.01
2023-06-23,87.03,67.24,75.24,0.0
2023-06-24,92.34,68.22,79.3,0.04
2023-06-25,90.12,65.93,80.39,0.0
2023-06-26,89.69,60.51,75.83,0.0
2023-06-27,85.98,65.97,74.87,0.06
2023-06-28,96.55,71.74,84.72,0.0
2023-06-29,98.78,77.61,87.54,0.0
2023-06-30,95.79,78.84,86.19,0.0
2023-07-01,91.6,70.48,80.29,0.35
2023-07-02,89.69,65.01,76.39,0.0
2023-07-03,92.77,65.23,73.17,1.85
2023-07-04,90.19,63.91,78.53,0.0
2023-07-05,81.34,67.66,74.14,0.45
2023-07-06,81.45,67.14,72.99,0.37
2023-07-07,83.17,67.1,73.0,0.09
2023-07-08,87.46,68.02,77.39,0.02
2023-07-09,82.44,64.65,72.47,0.9
2023-07-10,87.6,60.89,75.76,0.01
2023-07-11,85.23,70.61,77.87,0.05
2023-07-12,94.82,70.7,82.69,0.0
2023-07-13,93.49,76.59,85.39,0.0
2023-07-14,93.22,71.83,80.51,0.27
2023-07-15,87.78,69.42,77.16,0.0
2023-07-16,90.77,66.6,79.09,0.0
2023-07-17,89.37,71.33,80.49,0.0
2023-07-18,97.34,75.78,86.31,0.0
2023-07-19,97.18,79.97,86.41,0.0
2023-07-20,91.67,75.51,83.37,0.0
2023-07-21,82.4,66.29,74.12,1.01
2023-07-22,86.63,61.11,74.08,0.0
2023-07-23,89.8,65.08,78.92,0.0
2023-07-24,,,,
2023-07-25,97.57,76.17,85.9,0.0
2023-07-26,96.17,79.25,86.53,0.0
2023-07-27,96.01,74.48,85.6,0.0
2023-07-28,96.42,77.97,85.87,0.0
2023-07-29,97.7,72.68,85.72,0.0
2023-07-30,98.8,68.79,84.51,0.0
2023-07-31,98.17,72.59,84.69,0.0
2023-08-01,101.79,76.57,88.56,0.0
2023-08-02,103.42,79.97,90.48,0.0
2023-08-03,104.5,80.53,91.16,0.0
2023-08-04,102.25,76.51,88.91,0.0
2023-08-05,82.69,70.02,73.67,0.82
2023-08-06,87.84,67.46,75.74,1.8
2023-08-07,86.2,65.5,74.56,0.97
2023-08-08,86.41,68.18,75.92,0.59
2023-08-09,89.51,72.27,79.15,0.11
2023-08-10,90.68,68.25,78.28,0.0
2023-08-11,95.97,72.16,85.39,0.0
2023-08-12,88.38,75.18,81.45,0.17
2023-08-13,94.66,70.97,82.41,1.84
2023-08-14,82.69,62.71,73.02,0.02
2023-08-15,83.55,58.35,70.4,0.0
2023-08-16,85.06,57.87,72.37,0.01
2023-08-17,89.55,67.21,76.83,0.0
2023-08-18,92.07,65.53,79.24,0.0
2023-08-19,97.66,73.56,85.77,0.0
2023-08-20,100.08,70.14,85.11,0.0
2023-08-21,98.69,69.85,83.77,0.0
2023-08-22,97.61,74.25,84.32,0.0
2023-08-23,95.83,72.84,84.05,0.0
2023-08-24,98.74,75.16,86.96,0.0
2023-08-25,101.03,74.1,87.58,0.0
2023-08-26,91.81,74.28,84.07,0.0
2023-08-27,88.92,63.28,77.49,0.0
2023-08-28,84.94,58.53,70.6,0.0
2023-08-29,90.63,57.34,72.39,0.0
2023-08-30,88.54,60.33,73.26,0.0
2023-08-31,90.55,57.25,73.44,0.0
2023-09-01,92.39,62.01,76.4,0.0
2023-09-02,92.37,56.25,74.83,0.0
2023-09-03,97.14,60.75,79.85,0.0
2023-09-04,98.49,70.66,83.78,0.0
2023-09-05,101.21,70.16,85.23,0.0
2023-09-06,91.33,59.67,74.87,0.0
2023-09-07,96.39,57.0,77.19,0.0
2023-09-08,93.16,63.18,79.5,0.0
2023-09-09,91.49,56.59,72.09,0.0
2023-09-10,88.84,53.55,70.19,0.0
2023-09-11,78.24,63.05,67.76,0.9
2023-09-12,74.91,57.69,66.27,0.0
2023-09-13,80.04,55.35,67.09,0.0
2023-09-14,81.46,57.76,69.38,0.0
2023-09-15,80.56,57.29,68.81,0.0
2023-09-16,80.6,57.58,68.19,0.11
2023-09-17,88.29,53.69,68.11,0.0
2023-09-18,91.76,53.89,72.05,0.0
2023-09-19,78.49,64.56,69.65,0.23
2023-09-20,85.32,64.18,73.46,0.1
2023-09-21,86.54,67.24,75.91,0.0
2023-09-22,83.05,68.65,74.17,0.0
2023-09-23,91.47,67.06,76.4,0.53
2023-09-24,84.78,62.31,73.28,0.03
2023-09-25,88.7,57.33,71.51,0.01
2023-09-26,91.72,55.89,73.62,0.0
2023-09-27,,,,
2023-09-28,93.16,68.52,78.89,0.0
2023-09-29,92.97,67.91,79.52,0.0
2023-09-30,91.85,67.05,78.17,0.0
2023-10-01,89.98,57.56,73.6,0.0
2023-10-02,89.47,57.88,73.24,0.0
2023-10-03,85.19,63.88,73.62,0.0
2023-10-04,85.21,62.69,71.62,1.21
2023-10-05,82.42,55.54,67.93,0.0
2023-10-06,71.04,39.66,55.22,0.0
2023-10-07,67.17,33.95,48.53,0.0
2023-10-08,80.15,39.24,59.08,0.0
2023-10-09,78.96,45.31,61.23,0.0
2023-10-10,83.44,45.28,65.05,0.0
2023-10-11,82.29,63.5,70.48,0.0
2023-10-12,69.33,62.58,65.52,0.0
2023-10-13,69.73,49.8,62.18,0.07
2023-10-14,64.98,45.53,54.64,0.0
2023-10-15,58.44,38.09,51.6,0.0
2023-10-16,66.58,34.72,48.48,0.0
2023-10-17,73.42,30.52,53.65,0.0
2023-10-18,82.99,43.0,62.56,0.0
2023-10-19,81.43,38.27,57.3,0.0
2023-10-20,87.03,42.28,64.71,0.0
2023-10-21,87.3,52.23,68.45,0.0
2023-10-22,85.68,47.73,66.79,0.0
2023-10-23,82.65,61.74,70.84,0.0
2023-10-24,70.83,65.55,68.33,0.81
2023-10-25,74.48,65.73,69.91,0.67
2023-10-26,82.38,65.82,72.17,0.0
2023-10-27,73.17,48.56,59.31,0.02
2023-10-28,50.22,38.56,44.34,0.88
2023-10-29,38.72,35.48,36.92,1.04
2023-10-30,47.01,24.45,34.82,0.0
2023-10-31,48.24,20.87,32.99,0.0
2023-11-01,,,,
2023-11-02,64.8,37.44,49.88,0.0
2023-11-03,73.27,42.23,56.5,0.0
2023-11-04,75.25,45.81,60.53,0.0
2023-11-05,79.39,47.93,64.51,0.0
2023-11-06,82.69,61.29,69.49,0.0
2023-11-07,87.78,54.66,70.91,0.0
2023-11-08,84.83,56.97,68.99,0.0
2023-11-09,57.33,42.31,52.58,0.0
2023-11-10,65.23,29.21,46.1,0.0
2023-11-11,65.75,36.9,50.86,0.0
2023-11-12,70.23,33.06,49.61,0.0
2023-11-13,72.91,35.28,51.08,0.0
2023-11-14,71.74,33.31,49.36,0.0
2023-11-15,73.09,36.09,53.72,0.0
2023-11-16,65.66,48.4,56.12,0.0
2023-11-17,66.42,36.21,53.68,0.0
2023-11-18,70.99,30.93,47.3,0.0
2023-11-19,59.31,39.29,53.51,0.25
2023-11-20,54.36,45.92,50.26,0.09
2023-11-21,55.92,27.53,45.6,0.0
2023-11-22,57.42,22.4,37.61,0.0
2023-11-23,66.81,29.36,45.6,0.0
2023-11-24,48.56,29.82,39.65,0.0
2023-11-25,52.59,26.27,37.69,0.36
2023-11-26,42.43,21.98,31.12,0.02
2023-11-27,54.01,21.59,34.21,0.0
2023-11-28,62.17,21.22,41.74,0.0
2023-11-29,66.7,27.53,49.49,0.0
2023-11-30,54.66,49.57,52.5,0.59
2023-12-01,50.4,38.67,41.67,0.02
2023-12-02,51.6,33.16,40.39,0.0
2023-12-03,62.04,24.24,43.98,0.0
2023-12-04,58.06,30.12,43.28,0.0
2023-12-05,58.93,28.04,41.94,0.0
2023-12-06,63.86,25.16,44.93,0.0
2023-12-07,69.91,47.98,58.92,0.0
2023-12-08,71.24,45.4,59.13,0.0
2023-12-09,52.3,30.86,42.3,0.0
2023-12-10,49.24,22.71,35.06,0.0
2023-12-11,59.94,22.02,38.81,0.0
2023-12-12,61.52,24.37,42.73,0.0
2023-12-13,61.29,30.7,44.07,0.0
2023-12-14,60.84,32.58,49.35,0.0
2023-12-15,52.11,43.38,46.33,0.65
2023-12-16,52.45,27.1,39.73,0.0
2023-12-17,64.47,25.34,42.66,0.0
2023-12-18,49.3,23.67,35.68,0.0
2023-12-19,55.17,22.9,40.18,0.0
2023-12-20,57.88,43.26,50.78,0.0
2023-12-21,62.42,52.2,55.68,0.16
2023-12-22,64.42,49.84,55.66,0.02
2023-12-23,62.78,55.26,58.73,0.01
2023-12-24,61.18,41.4,56.14,1.1
2023-12-25,41.35,30.56,36.69,0.0
2023-12-26,49.82,28.78,38.76,0.0
2023-12-27,41.76,23.55,35.17,0.0
2023-12-28,41.85,24.26,33.7,0.0
2023-12-29,50.47,24.67,35.83,0.0
2023-12-30,59.07,22.6,37.66,0.0
2023-12-31,42.8,24.03,33.09,0.0
2024-01-01,42.63,21.85,31.19,0.0
2024-01-02,44.54,20.87,30.75,0.0
2024-01-03,51.89,20.45,32.36,0.0
2024-01-04,53.35,18.72,36.62,0.0
2024-01-05,40.61,33.7,37.08,0.28
2024-01-06,43.33,29.84,36.3,0.0
2024-01-07,55.54,21.84,40.82,0.01
2024-01-08,47.16,39.63,42.86,0.52
2024-01-09,40.96,20.67,31.07,0.02
2024-01-10,54.0,19.73,34.65,0.0
2024-01-11,63.37,21.08,42.86,0.0
2024-01-12,35.91,14.94,22.91,0.0
2024-01-13,22.96,2.28,12.67,0.0
2024-01-14,5.4,-6.54,1.64,0.0
2024-01-15,15.24,-7.73,5.25,0.0
2024-01-16,19.95,-7.53,7.37,0.0
2024-01-17,43.57,13.8,28.24,0.06
2024-01-18,47.68,18.02,33.59,0.0
2024-01-19,24.17,9.34,16.25,0.0
2024-01-20,27.82,7.43,15.7,0.0
2024-01-21,31.72,14.18,26.12,0.0
2024-01-22,33.03,27.63,31.27,0.01
2024-01-23,40.21,31.99,36.32,0.17
2024-01-24,44.08,37.85,40.75,0.02
2024-01-25,45.39,39.23,42.14,0.02
2024-01-26,45.33,39.89,42.38,0.56
2024-01-27,39.82,27.58,35.15,0.25
2024-01-28,59.05,22.26,37.08,0.0
2024-01-29,69.64,27.49,45.76,0.01
2024-01-30,67.42,34.83,48.45,0.0
2024-01-31,73.99,29.3,50.89,0.0
2024-02-01,75.15,50.77,60.39,0.0
2024-02-02,63.73,51.75,57.92,0.01
2024-02-03,59.65,49.05,53.94,0.59
2024-02-04,48.97,43.22,47.17,0.17
2024-02-05,55.96,30.47,42.61,0.0
2024-02-06,63.88,25.64,44.21,0.0
2024-02-07,66.34,41.38,55.74,0.0
2024-02-08,71.02,53.82,60.99,0.0
2024-02-09,66.65,49.71,56.2,0.0
2024-02-10,51.87,39.91,45.71,0.0
2024-02-11,42.78,32.06,38.5,0.29
2024-02-12,52.21,31.99,39.2,0.41
2024-02-13,61.66,27.21,45.9,0.0
2024-02-14,69.22,41.85,55.24,0.0
2024-02-15,57.51,38.06,47.89,0.0
2024-02-16,48.0,31.64,38.94,0.0
2024-02-17,34.35,16.21,25.63,0.0
2024-02-18,55.8,15.98,37.26,0.0
2024-02-19,62.76,32.66,45.24,0.0
2024-02-20,75.43,27.11,52.44,0.0
2024-02-21,83.62,42.37,65.74,0.0
2024-02-22,72.07,43.18,60.16,0.0
2024-02-23,68.83,33.75,51.46,0.0
2024-02-24,72.18,29.43,53.87,0.0
2024-02-25,77.85,41.52,61.68,0.0
2024-02-26,86.79,38.6,65.46,0.0
2024-02-27,79.3,35.61,67.51,0.0
2024-02-28,,,,
2024-02-29,55.6,22.13,36.4,0.13
2024-03-01,57.94,33.08,44.19,0.0
2024-03-02,80.15,43.8,61.05,0.0
2024-03-03,80.53,58.6,69.34,0.0
2024-03-04,79.83,51.62,66.7,0.0
2024-03-05,66.09,38.09,51.67,0.0
2024-03-06,70.0,47.75,54.77,0.0
2024-03-07,76.24,53.49,63.97,0.03
2024-03-08,58.3,38.08,46.76,0.52
2024-03-09,55.08,30.24,43.01,0.0
2024-03-10,66.56,25.89,47.93,0.0
2024-03-11,72.14,41.53,57.92,0.0
2024-03-12,77.63,51.58,64.25,0.0
2024-03-13,80.64,47.48,66.9,0.03
2024-03-14,81.77,53.06,69.49,0.0
2024-03-15,65.14,39.26,53.66,0.0
2024-03-16,65.95,33.56,52.56,0.0
2024-03-17,63.3,35.37,54.35,0.0
2024-03-18,51.44,27.95,39.83,0.0
2024-03-19,74.07,30.88,55.94,0.0
2024-03-20,76.17,45.35,61.8,0.08
2024-03-21,63.61,48.0,56.3,0.1
2024-03-22,66.31,42.66,54.93,0.01
2024-03-23,60.42,38.79,48.15,0.0
2024-03-24,61.39,51.33,56.08,0.16
2024-03-25,61.84,34.78,51.99,0.0
2024-03-26,50.4,32.09,38.94,0.0
2024-03-27,56.34,25.07,38.58,0.0
2024-03-28,,,,
2024-03-29,75.27,56.79,66.14,0.0
2024-03-30,78.93,47.17,66.16,0.0
2024-03-31,77.83,64.2,69.82,0.0
2024-04-01,75.69,55.17,69.4,0.39
2024-04-02,56.59,43.63,48.91,0.0
2024-04-03,61.88,35.23,50.19,0.0
2024-04-04,68.97,30.0,49.78,0.0
2024-04-05,78.94,37.36,60.28,0.0
2024-04-06,77.67,56.89,66.61,0.28
2024-04-07,73.36,42.4,60.5,0.0
2024-04-08,74.43,39.27,58.75,0.0
2024-04-09,74.61,57.78,64.4,0.0
2024-04-10,62.15,45.56,55.53,0.0
2024-04-11,67.66,38.11,54.76,0.0
2024-04-12,78.22,32.19,57.71,0.0
2024-04-13,84.79,55.02,71.24,0.0
2024-04-14,88.29,63.75,75.1,0.0
2024-04-15,73.81,62.6,68.91,0.01
2024-04-16,83.84,59.52,74.83,0.01
2024-04-17,87.33,47.66,70.54,0.0
2024-04-18,81.95,52.84,65.88,0.0
2024-04-19,64.76,44.95,55.5,0.0
2024-04-20,61.95,46.8,55.82,0.0
2024-04-21,64.56,36.08,51.18,0.0
2024-04-22,71.24,31.77,56.1,0.0
2024-04-23,78.73,53.71,66.11,0.0
2024-04-24,75.79,50.67,64.3,0.0
2024-04-25,,,,
2024-04-26,84.74,61.11,70.98,1.07
2024-04-27,80.76,62.17,73.21,0.8
2024-04-28,73.29,60.62,65.31,0.67
2024-04-29,79.93,50.25,66.53,0.01
2024-04-30,84.0,58.95,71.84,0.05
2024-05-01,82.15,61.5,70.67,0.07
2024-05-02,78.78,63.72,70.14,0.28
2024-05-03,78.69,60.98,68.07,0.0
2024-05-04,75.13,61.92,67.85,0.0
2024-05-05,65.12,55.54,60.55,0.82
2024-05-06,79.56,56.93,67.93,1.63
2024-05-07,81.36,58.24,69.83,0.0
2024-05-08,83.57,52.79,73.29,0.0
2024-05-09,78.31,46.9,63.55,0.0
2024-05-10,76.86,49.14,63.38,0.0
2024-05-11,81.0,50.92,67.96,0.0
2024-05-12,75.42,58.62,65.4,0.07
2024-05-13,73.94,57.56,64.65,1.12
2024-05-14,77.65,54.32,65.16,0.0
2024-05-15,84.7,52.12,68.29,0.13
2024-05-16,76.87,59.95,67.5,0.66
2024-05-17,78.85,58.05,67.98,0.0
2024-05-18,87.21,59.77,74.7,0.0
2024-05-19,86.58,60.12,76.3,0.02
2024-05-20,87.24,60.96,75.58,1.02
2024-05-21,87.17,65.61,76.44,0.31
2024-05-22,75.43,60.76,67.28,0.27
2024-05-23,82.63,64.35,74.03,0.0
2024-05-24,84.16,58.19,74.84,0.06
2024-05-25,86.43,53.69,73.11,0.0
2024-05-26,87.48,65.59,79.42,0.0
2024-05-27,87.3,58.96,73.51,0.0
2024-05-28,79.11,60.17,69.76,0.0
2024-05-29,80.19,60.19,70.08,0.02
2024-05-30,75.52,64.11,69.22,0.25
2024-05-31,78.55,62.49,69.04,0.0
2024-06-01,85.51,59.0,72.65,0.0
2024-06-02,79.54,63.23,71.22,0.04
2024-06-03,79.07,66.09,70.57,0.73
2024-06-04,84.31,65.3,74.76,0.22
2024-06-05,83.95,61.57,72.89,0.0
2024-06-06,89.42,59.31,75.1,0.0
2024-06-07,89.04,63.25,78.06,0.0
2024-06-08,92.79,77.11,83.98,0.0
2024-06-09,80.4,64.04,75.39,0.0
2024-06-10,82.9,56.32,70.16,0.0
2024-06-11,84.31,55.9,71.59,0.0
2024-06-12,87.76,57.7,74.8,0.0
2024-06-13,91.02,69.49,80.72,0.0
2024-06-14,94.91,71.15,83.59,0.0
2024-06-15,90.84,73.85,82.17,0.0
2024-06-16,91.06,71.46,81.77,0.0
2024-06-17,91.18,72.99,82.26,0.0
2024-06-18,89.35,74.19,80.71,0.0
2024-06-19,90.28,70.39,79.62,0.0
2024-06-20,87.57,68.13,78.25,0.0
2024-06-21,91.81,72.27,81.9,0.0
2024-06-22,95.43,72.9,84.69,0.0
2024-06-23,97.83,71.74,86.79,0.0
2024-06-24,97.45,77.77,86.44,0.0
2024-06-25,99.01,76.93,86.7,0.07
2024-06-26,94.68,71.96,81.84,0.0
2024-06-27,92.68,64.8,80.7,0.0
2024-06-28,98.38,76.68,86.54,0.0
2024-06-29,100.11,72.01,87.04,1.31
2024-06-30,87.84,73.29,78.89,0.0
2024-07-01,96.55,73.56,85.79,0.0
2024-07-02,97.45,79.25,88.12,0.0
2024-07-03,94.12,75.06,84.76,0.22
2024-07-04,96.33,74.17,83.62,0.22
2024-07-05,81.93,64.4,74.97,0.01
2024-07-06,90.64,60.67,76.63,0.0
2024-07-07,82.62,66.6,73.49,0.53
2024-07-08,87.04,67.23,75.26,0.0
2024-07-09,88.0,64.98,75.2,0.01
2024-07-10,92.3,61.43,78.39,0.0
2024-07-11,93.9,72.75,83.72,0.0
2024-07-12,93.85,73.27,83.98,0.0
2024-07-13,94.3,74.23,83.49,0.0
2024-07-14,98.65,74.26,86.0,0.0
2024-07-15,100.2,76.15,87.77,0.0
2024-07-16,94.03,77.07,84.52,0.0
2024-07-17,86.04,68.68,76.49,0.52
2024-07-18,86.61,61.29,74.38,0.0
2024-07-19,88.05,56.3,71.96,0.0
2024-07-20,86.74,58.89,74.17,0.0
2024-07-21,82.02,66.04,73.54,1.1
2024-07-22,84.38,62.96,73.09,0.0
2024-07-23,88.7,62.94,75.41,0.0
2024-07-24,90.48,64.76,77.49,0.0
2024-07-25,91.31,64.44,77.63,0.0
2024-07-26,89.92,66.11,77.6,0.0
2024-07-27,89.73,69.62,78.98,0.0
2024-07-28,91.49,72.9,81.84,0.0
2024-07-29,95.94,75.6,85.69,0.0
2024-07-30,,,,
2024-07-31,97.7,77.68,87.35,0.0
2024-08-01,99.64,75.15,87.55,0.0
2024-08-02,96.21,63.82,81.12,0.04
2024-08-03,95.27,59.4,77.21,0.0
2024-08-04,98.35,62.2,80.91,0.0
2024-08-05,98.2,68.23,84.52,0.0
2024-08-06,102.56,76.35,88.74,0.0
2024-08-07,,,,
2024-08-08,92.34,68.05,79.77,0.0
2024-08-09,85.06,65.89,75.12,0.0
2024-08-10,78.87,62.6,69.85,0.01
2024-08-11,81.5,65.03,71.64,1.0
2024-08-12,88.16,69.22,78.77,2.72
2024-08-13,95.13,74.86,83.42,0.0
2024-08-14,96.04,78.64,86.81,0.0
2024-08-15,97.07,74.14,84.89,0.17
2024-08-16,96.6,73.2,85.47,0.0
2024-08-17,92.59,73.38,81.18,0.0
2024-08-18,99.16,74.05,84.91,0.0
2024-08-19,89.29,74.03,80.6,0.0
2024-08-20,86.94,69.8,77.47,0.0
2024-08-21,85.6,69.84,76.31,0.0
2024-08-22,85.98,66.96,75.05,0.0
2024-08-23,95.56,67.8,80.5,0.0
2024-08-24,98.19,78.26,87.56,0.0
2024-08-25,98.65,74.68,86.55,0.0
2024-08-26,96.94,76.55,85.26,0.0
2024-08-27,95.97,66.6,81.54,0.0
2024-08-28,97.72,70.2,84.35,0.0
2024-08-29,96.53,69.55,83.99,0.0
2024-08-30,89.73,69.57,77.44,0.04
2024-08-31,87.62,68.5,75.5,0.0
2024-09-01,90.52,63.66,75.84,0.0
2024-09-02,85.89,61.63,71.87,0.0
2024-09-03,,,,
2024-09-04,88.11,60.89,74.35,0.0
2024-09-05,90.5,57.29,73.6,0.0
2024-09-06,87.87,59.14,73.27,0.0
2024-09-07,80.47,51.19,66.24,0.0
2024-09-08,83.14,47.34,65.31,0.0
2024-09-09,85.66,46.9,66.73,0.0
2024-09-10,87.91,45.95,66.7,0.0
2024-09-11,90.43,52.75,72.13,0.0
2024-09-12,88.72,56.88,71.74,0.0
2024-09-13,90.37,50.58,71.04,0.0
2024-09-14,91.18,63.48,76.03,0.0
2024-09-15,90.79,65.43,77.5,0.0
2024-09-16,90.48,59.22,75.48,0.0
2024-09-17,87.1,65.46,75.05,0.0
2024-09-18,93.85,66.79,79.0,0.0
2024-09-19,99.25,72.91,83.52,0.09
2024-09-20,99.66,76.41,85.42,0.0
2024-09-21,99.81,74.75,86.28,0.0
2024-09-22,78.78,62.11,71.34,0.21
2024-09-23,69.6,55.76,62.77,0.17
2024-09-24,,,,
2024-09-25,82.44,53.94,65.29,0.0
2024-09-26,81.97,49.32,64.27,0.01
2024-09-27,84.7,48.63,65.63,0.0
2024-09-28,85.53,54.99,67.63,0.0
2024-09-29,88.75,52.83,67.27,0.0
2024-09-30,91.24,50.49,68.92,0.0
2024-10-01,80.69,47.5,65.09,0.0
2024-10-02,87.17,42.1,65.81,0.0
2024-10-03,92.77,64.6,76.51,0.0
2024-10-04,95.67,58.84,78.61,0.0
2024-10-05,90.34,55.69,73.85,0.0
2024-10-06,90.7,55.13,74.22,0.0
2024-10-07,80.89,45.74,61.85,0.0
2024-10-08,84.67,48.67,65.23,0.0
2024-10-09,89.17,47.75,68.31,0.0
2024-10-10,89.44,53.38,73.28,0.0
2024-10-11,90.19,62.13,77.23,0.0
2024-10-12,92.5,55.89,75.28,0.0
2024-10-13,85.48,54.43,69.75,0.0
2024-10-14,72.16,40.54,56.48,0.0
2024-10-15,73.04,39.77,55.17,0.0
2024-10-16,66.25,25.81,45.58,0.0
2024-10-17,70.97,29.38,53.82,0.0
2024-10-18,75.99,45.45,59.04,0.0
2024-10-19,78.53,44.82,61.14,0.0
2024-10-20,82.42,38.6,57.65,0.0
2024-10-21,83.03,38.46,65.2,0.0
2024-10-22,90.81,58.33,73.24,0.0
2024-10-23,89.01,55.58,73.09,0.0
2024-10-24,92.1,57.63,75.99,0.0
2024-10-25,78.6,56.68,67.47,0.0
2024-10-26,75.36,45.63,58.68,0.0
2024-10-27,78.46,47.1,63.82,0.0
2024-10-28,90.46,63.84,76.15,0.0
2024-10-29,86.36,69.48,77.36,0.0
2024-10-30,82.27,56.86,74.22,0.62
2024-10-31,65.75,40.53,53.4,0.0
2024-11-01,73.11,35.76,54.95,0.01
2024-11-02,68.09,51.06,63.52,0.71
2024-11-03,68.45,61.52,63.99,4.62
2024-11-04,71.24,58.55,62.4,1.19
2024-11-05,60.66,41.02,53.63,0.0
2024-11-06,67.24,37.79,51.11,0.0
2024-11-07,66.78,45.45,56.14,0.01
2024-11-08,61.32,51.98,57.11,1.07
2024-11-09,68.38,42.15,55.19,0.03
2024-11-10,70.02,41.56,55.33,0.0
2024-11-11,74.41,39.23,54.47,0.0
2024-11-12,71.64,40.32,56.98,0.0
2024-11-13,66.0,46.98,57.79,0.04
2024-11-14,67.39,34.17,48.73,0.0
2024-11-15,69.44,35.77,52.0,0.0
2024-11-16,71.28,49.89,59.17,0.0
2024-11-17,71.22,56.16,64.38,0.0
2024-11-18,67.19,49.93,61.48,1.94
2024-11-19,67.73,40.75,53.01,0.0
2024-11-20,57.36,36.84,45.44,0.0
2024-11-21,57.25,30.78,43.88,0.0
2024-11-22,58.08,27.35,40.07,0.0
2024-11-23,71.26,32.63,52.63,0.0
2024-11-24,77.5,49.48,62.85,0.0
2024-11-25,51.42,29.01,42.97,0.0
2024-11-26,56.35,22.27,39.75,0.0
2024-11-27,57.42,37.95,47.5,0.0
2024-11-28,46.6,23.53,34.49,0.0
2024-11-29,51.08,20.55,35.49,0.0
2024-11-30,56.39,31.83,43.48,0.0
2024-12-01,51.01,26.39,36.51,0.0
2024-12-02,50.38,23.0,34.32,0.0
2024-12-03,52.92,19.97,36.75,0.0
2024-12-04,63.61,32.62,48.03,0.0
2024-12-05,42.16,21.74,33.22,0.0
2024-12-06,52.86,17.7,35.79,0.0
2024-12-07,62.53,36.88,49.04,0.0
2024-12-08,49.5,45.7,47.69,0.0
2024-12-09,51.98,35.35,47.32,0.04
2024-12-10,46.09,31.0,37.19,0.0
2024-12-11,51.66,25.8,37.91,0.0
2024-12-12,63.19,38.46,50.37,0.0
2024-12-13,54.97,46.53,51.02,0.0
2024-12-14,59.02,31.88,49.08,0.0
2024-12-15,68.67,28.5,51.11,0.0
2024-12-16,64.56,31.67,53.8,0.02
2024-12-17,67.35,28.14,47.95,0.0
2024-12-18,52.57,26.56,39.11,0.0
2024-12-19,57.72,25.24,39.71,0.0
2024-12-20,40.6,20.69,31.14,0.0
2024-12-21,49.33,16.83,31.12,0.0
2024-12-22,57.7,26.48,43.85,0.0
2024-12-23,58.95,45.78,53.41,0.29
2024-12-24,49.69,45.09,47.72,0.87
2024-12-25,45.59,40.18,43.1,0.01
2024-12-26,53.62,44.39,48.78,0.03
2024-12-27,53.44,44.73,49.81,0.01
2024-12-28,57.7,36.98,48.18,0.0
2024-12-29,64.15,33.56,45.17,0.0
2024-12-30,65.88,37.58,55.88,0.0
2024-12-31,48.94,35.08,42.57,0.0
2025-01-01,45.57,24.38,33.66,0.0
2025-01-02,52.95,25.67,37.16,0.0
2025-01-03,47.77,27.05,34.38,0.0
2025-01-04,53.24,36.87,45.85,0.0
2025-01-05,46.51,17.79,30.03,0.05
2025-01-06,27.78,11.71,18.82,0.0
2025-01-07,33.6,9.7,20.41,0.0
2025-01-08,35.41,14.41,23.04,0.0
2025-01-09,32.05,24.54,28.61,0.0
2025-01-10,35.41,24.35,29.73,0.21
2025-01-11,46.6,23.55,33.96,0.18
2025-01-12,52.27,23.26,34.87,0.0
2025-01-13,45.18,14.9,28.66,0.0
2025-01-14,55.71,27.99,41.77,0.0
2025-01-15,51.49,20.56,35.13,0.0
2025-01-16,61.7,33.33,45.0,0.0
2025-01-17,59.72,37.03,46.99,0.0
2025-01-18,43.31,19.42,28.81,0.0
2025-01-19,26.59,11.98,18.27,0.0
2025-01-20,24.4,9.27,17.52,0.0
2025-01-21,26.48,-5.04,12.7,0.0
2025-01-22,43.02,19.54,28.78,0.0
2025-01-23,40.19,16.84,28.51,0.0
2025-01-24,55.45,14.16,35.08,0.0
2025-01-25,52.52,32.31,42.03,0.0
2025-01-26,39.34,17.58,30.99,0.0
2025-01-27,49.24,13.41,28.63,0.0
2025-01-28,63.81,22.99,44.29,0.0
2025-01-29,51.17,34.83,45.29,0.12
2025-01-30,57.16,33.85,48.0,0.03
2025-01-31,58.15,28.28,42.16,0.0
2025-02-01,66.29,23.41,46.49,0.0
2025-02-02,71.28,34.32,55.25,0.0
2025-02-03,81.88,46.36,63.72,0.0
2025-02-04,46.3,37.95,39.43,0.01
2025-02-05,49.35,36.02,42.11,0.04
2025-02-06,47.7,30.5,41.44,0.03
2025-02-07,47.71,35.22,43.05,0.01
2025-02-08,52.79,34.47,46.06,0.0
2025-02-09,46.96,26.87,36.04,0.0
2025-02-10,38.92,23.67,33.14,0.03
2025-02-11,36.46,30.15,34.22,0.02
2025-02-12,29.98,14.63,24.82,0.0
2025-02-13,30.04,9.39,18.68,0.04
2025-02-14,50.09,14.61,35.35,0.27
2025-02-15,49.23,25.95,40.88,0.01
2025-02-16,33.7,17.97,24.57,0.04
2025-02-17,46.11,16.83,30.89,0.0
2025-02-18,26.03,5.18,14.28,0.0
2025-02-19,15.08,-0.18,7.05,0.0
2025-02-20,17.71,2.57,8.3,0.0
2025-02-21,28.85,5.31,18.69,0.12
2025-02-22,51.12,11.25,30.85,0.09
2025-02-23,66.33,33.95,49.31,0.0
2025-02-24,76.35,42.71,57.83,0.0
2025-02-25,79.18,33.81,58.29,0.0
2025-02-26,68.88,43.96,57.58,0.0
2025-02-27,68.34,32.4,49.52,0.0
2025-02-28,78.55,38.12,59.17,0.0
2025-03-01,63.46,29.87,47.09,0.0
2025-03-02,67.69,31.38,50.88,0.0
2025-03-03,61.84,49.59,55.83,0.0
2025-03-04,64.02,41.08,53.55,0.98
2025-03-05,53.02,27.9,41.67,0.0
2025-03-06,60.35,25.68,46.27,0.0
2025-03-07,71.64,43.86,58.71,0.0
2025-03-08,44.97,39.37,42.6,0.0
2025-03-09,62.91,29.62,46.16,0.0
2025-03-10,77.81,34.28,57.9,0.0
2025-03-11,,,,
2025-03-12,76.78,41.68,60.45,0.0
2025-03-13,83.32,36.2,61.78,0.0
2025-03-14,76.53,61.36,67.84,0.0
2025-03-15,61.03,41.92,51.56,0.0
2025-03-16,61.84,29.51,45.82,0.0
2025-03-17,82.98,46.45,65.37,0.0
2025-03-18,80.91,63.63,70.5,0.0
2025-03-19,73.62,40.97,49.77,0.0
2025-03-20,58.03,33.57,45.86,0.0
2025-03-21,70.79,37.37,54.27,0.0
2025-03-22,77.05,29.7,57.46,0.0
2025-03-23,69.67,36.73,61.65,0.0
2025-03-24,77.22,31.13,57.48,0.0
2025-03-25,76.89,42.52,61.42,0.0
2025-03-26,81.75,40.69,63.45,0.0
2025-03-27,83.01,58.75,69.94,0.01
2025-03-28,69.78,50.74,62.8,0.03
2025-03-29,81.77,61.59,71.05,0.14
2025-03-30,58.6,45.25,51.23,0.18
2025-03-31,59.5,40.04,48.84,0.0
2025-04-01,74.7,44.11,61.49,0.0
2025-04-02,74.7,45.53,64.91,0.41
2025-04-03,63.21,44.55,51.5,0.92
2025-04-04,54.01,48.58,51.49,0.48
2025-04-05,49.19,42.74,45.76,0.8
2025-04-06,51.93,30.82,42.49,0.01
2025-04-07,66.38,27.29,47.09,0.0
2025-04-08,73.2,33.64,55.82,0.0
2025-04-09,80.49,50.77,65.32,0.0
2025-04-10,79.59,44.43,61.99,0.0
2025-04-11,74.16,37.34,56.79,0.0
2025-04-12,80.42,50.14,66.76,0.0
2025-04-13,89.11,59.77,73.87,0.0
2025-04-14,74.16,42.29,64.14,0.0
2025-04-15,68.04,36.11,52.01,0.0
2025-04-16,80.87,41.47,66.64,0.0
2025-04-17,85.37,64.87,74.57,0.0
2025-04-18,77.13,55.08,68.34,0.11
2025-04-19,54.81,50.61,52.83,2.34
2025-04-20,66.54,48.04,57.13,0.54
2025-04-21,77.74,39.56,60.24,0.0
2025-04-22,82.24,51.04,68.04,0.0
2025-04-23,81.86,58.53,69.6,0.0
2025-04-24,73.36,58.66,65.12,0.19
2025-04-25,80.26,56.62,68.43,0.22
2025-04-26,61.52,57.58,59.71,0.54
2025-04-27,80.31,61.09,70.02,0.0
2025-04-28,77.32,69.04,72.83,0.01
2025-04-29,72.3,60.12,64.2,3.13
2025-04-30,65.21,58.06,60.61,1.45
2025-05-01,77.88,55.9,65.68,0.0
2025-05-02,70.95,51.08,62.24,0.4
2025-05-03,69.78,45.06,57.05,0.0
2025-05-04,71.26,42.65,57.13,0.0
2025-05-05,73.13,43.58,58.75,0.0
2025-05-06,62.73,50.23,57.03,0.7
2025-05-07,69.76,54.36,60.4,0.23
2025-05-08,72.77,53.42,61.64,0.11
2025-05-09,78.12,49.53,63.57,0.0
2025-05-10,73.65,44.9,59.77,0.0
2025-05-11,79.79,46.72,63.23,0.0
2025-05-12,81.64,49.96,66.48,0.0
2025-05-13,85.69,54.34,72.1,0.0
2025-05-14,91.11,67.33,79.21,0.0
2025-05-15,78.98,53.46,69.52,0.0
2025-05-16,84.06,53.4,69.01,0.0
2025-05-17,78.62,53.91,67.8,0.12
2025-05-18,73.33,62.64,67.85,0.12
2025-05-19,80.55,67.64,72.8,0.03
2025-05-20,79.74,53.71,66.26,0.0
2025-05-21,84.97,49.39,68.15,0.0
2025-05-22,78.44,56.19,67.57,0.01
2025-05-23,78.51,60.57,70.05,0.0
2025-05-24,77.4,62.19,70.79,1.21
2025-05-25,80.17,65.41,70.58,0.45
2025-05-26,69.8,61.66,65.89,0.48
2025-05-27,67.84,60.31,63.28,0.01
2025-05-28,74.12,57.52,65.5,0.0
2025-05-29,72.14,56.32,64.5,0.38
2025-05-30,78.66,51.42,65.5,0.0
2025-05-31,84.25,52.83,71.02,0.01
2025-06-01,86.09,62.58,74.1,0.03
2025-06-02,85.91,61.86,76.84,0.0
2025-06-03,86.2,63.75,75.34,0.57
2025-06-04,,,,
2025-06-05,78.89,65.98,71.27,0.01
2025-06-06,84.15,65.39,74.28,1.74
2025-06-07,85.15,64.49,73.0,1.21
2025-06-08,91.38,62.6,76.09,0.0
2025-06-09,85.6,62.38,73.23,0.0
2025-06-10,90.0,60.91,76.39,0.0
2025-06-11,82.9,64.62,73.67,0.03
2025-06-12,74.82,67.23,70.42,0.32
2025-06-13,88.84,67.62,76.58,0.0
2025-06-14,79.54,67.23,72.8,1.05
2025-06-15,82.18,66.54,72.21,0.59
2025-06-16,88.54,62.73,76.12,0.0
2025-06-17,90.01,61.21,76.66,1.83
2025-06-18,84.09,64.11,72.96,0.23
2025-06-19,92.03,65.71,79.98,0.01
2025-06-20,91.35,75.27,83.73,0.0
2025-06-21,89.55,77.5,83.41,0.0
2025-06-22,89.51,76.39,82.87,0.0
2025-06-23,90.57,74.25,82.05,0.0
2025-06-24,91.42,73.9,81.88,0.0
2025-06-25,88.97,73.13,80.55,0.0
2025-06-26,90.73,69.66,79.14,0.0
2025-06-27,89.51,70.07,75.32,0.23
2025-06-28,88.48,72.1,79.89,0.19
2025-06-29,91.99,68.99,83.25,0.03
2025-06-30,85.26,66.79,75.13,0.76
2025-07-01,86.45,68.52,76.74,0.0
2025-07-02,86.27,64.76,75.38,0.0
2025-07-03,84.36,66.99,74.05,0.08
2025-07-04,86.63,69.67,77.46,0.0
2025-07-05,88.23,71.91,78.18,0.0
2025-07-06,88.54,72.07,79.62,0.0
2025-07-07,88.86,68.97,76.96,2.06
2025-07-08,88.0,69.62,77.98,0.0
2025-07-09,90.97,67.3,79.7,0.0
2025-07-10,91.0,71.01,82.16,0.0
2025-07-11,90.57,76.75,82.63,0.0
2025-07-12,79.88,68.72,73.84,0.33
2025-07-13,85.93,69.44,75.58,0.0
2025-07-14,88.83,68.56,78.39,0.03
2025-07-15,90.97,70.61,81.28,0.01
2025-07-16,90.82,73.17,82.34,0.0
2025-07-17,86.27,74.82,80.67,0.0
2025-07-18,91.54,73.45,81.53,0.57
2025-07-19,92.34,74.28,83.28,0.0
2025-07-20,93.11,75.51,83.73,0.0
2025-07-21,92.01,73.35,83.09,0.0
2025-07-22,93.69,71.44,82.97,0.0
2025-07-23,91.22,73.6,82.83,0.0
2025-07-24,95.29,75.47,84.64,0.0
2025-07-25,93.04,71.91,83.19,0.0
2025-07-26,93.47,75.81,84.29,0.0
2025-07-27,93.2,75.61,83.81,0.0
2025-07-28,95.31,76.32,84.84,0.0
2025-07-29,96.6,74.35,84.62,0.0
2025-07-30,98.94,69.82,84.84,0.0
2025-07-31,86.88,72.25,78.24,0.0
2025-08-01,78.84,69.85,73.37,1.31
2025-08-02,84.45,66.67,75.02,0.0
2025-08-03,85.87,65.03,74.56,0.0
2025-08-04,88.84,66.72,77.27,0.0
2025-08-05,91.04,65.93,78.13,0.0
2025-08-06,91.78,70.45,81.46,0.0
2025-08-07,95.09,70.95,83.81,0.0
2025-08-08,96.37,76.21,85.46,0.0
2025-08-09,97.34,77.02,86.5,0.0
2025-08-10,94.84,73.51,83.48,0.0
2025-08-11,93.04,68.52,76.42,1.98
2025-08-12,88.02,68.16,76.07,0.34
2025-08-13,92.43,67.75,78.78,0.01
2025-08-14,92.53,68.04,80.38,0.0
2025-08-15,94.6,73.44,83.32,0.0
2025-08-16,93.07,74.12,83.12,0.0
2025-08-17,94.24,72.84,81.95,0.0
2025-08-18,96.44,72.27,83.13,0.0
2025-08-19,95.04,72.03,80.06,0.0
2025-08-20,92.5,67.91,79.65,0.0
2025-08-21,91.51,65.98,77.66,0.0
2025-08-22,91.87,62.62,76.13,0.0
2025-08-23,90.12,59.14,73.99,0.0
2025-08-24,87.35,61.74,72.57,0.0
2025-08-25,70.05,62.42,65.64,0.54
2025-08-26,79.36,61.38,68.12,0.0
2025-08-27,70.2,61.41,66.11,1.13
2025-08-28,76.96,63.52,67.94,0.55
2025-08-29,75.65,66.06,69.43,0.0
2025-08-30,79.25,66.47,72.48,0.0
2025-08-31,81.61,65.91,71.86,0.0
2025-09-01,84.67,65.1,72.69,0.0
2025-09-02,83.79,63.09,71.46,0.0
2025-09-03,86.4,59.18,71.57,0.0
2025-09-04,83.75,61.02,70.93,0.0
2025-09-05,75.52,59.04,66.41,0.04
2025-09-06,77.88,53.08,63.11,0.0
2025-09-07,81.88,55.22,67.39,0.0
2025-09-08,80.55,52.74,67.09,0.0
2025-09-09,84.51,57.72,70.68,0.0
2025-09-10,82.92,60.89,71.56,0.0
2025-09-11,91.45,60.39,75.51,0.0
2025-09-12,93.15,63.14,78.19,0.0
2025-09-13,92.66,64.85,78.79,0.0
2025-09-14,91.58,67.64,77.58,0.0
2025-09-15,93.47,65.28,78.24,0.0
2025-09-16,94.1,61.74,76.02,0.0
2025-09-17,94.44,63.05,77.22,0.0
2025-09-18,,,,
2025-09-19,88.32,63.0,74.58,0.02
2025-09-20,93.0,67.78,77.69,0.0
2025-09-21,80.04,66.34,71.58,0.0
2025-09-22,89.58,63.93,75.5,0.0
2025-09-23,90.73,68.63,77.83,0.0
2025-09-24,79.02,57.72,68.79,0.0
2025-09-25,85.28,52.68,66.81,0.0
2025-09-26,87.87,51.64,70.04,0.0
2025-09-27,92.08,53.19,72.16,0.0
2025-09-28,90.14,55.6,71.05,0.0
2025-09-29,87.85,53.65,69.52,0.0
2025-09-30,87.33,56.05,69.94,0.0
2025-10-01,,,,
2025-10-02,91.0,57.65,74.24,0.0
2025-10-03,91.62,59.41,75.55,0.0
2025-10-04,87.93,60.6,72.95,0.0
2025-10-05,88.81,59.45,72.9,0.0
2025-10-06,90.7,58.87,73.39,0.0
2025-10-07,81.66,58.93,66.76,0.0
2025-10-08,81.82,58.46,66.81,0.0
2025-10-09,85.86,56.8,70.6,0.0
2025-10-10,89.37,61.72,74.66,0.0
2025-10-11,91.09,57.72,71.78,0.0
2025-10-12,92.05,61.95,76.46,0.0
2025-10-13,75.0,67.62,69.93,0.08
2025-10-14,,,,
2025-10-15,87.78,57.51,70.4,0.0
2025-10-16,85.14,50.32,68.62,0.0
2025-10-17,88.68,63.72,75.15,0.0
2025-10-18,78.66,58.73,69.59,0.05
2025-10-19,71.2,38.01,56.43,0.0
2025-10-20,85.57,48.9,66.48,0.0
2025-10-21,75.29,36.08,53.96,0.0
2025-10-22,82.92,35.19,58.38,0.0
2025-10-23,82.92,39.68,63.24,1.05
2025-10-24,59.58,55.15,57.85,3.64
2025-10-25,63.86,56.64,58.44,0.61
2025-10-26,63.93,56.53,59.06,0.0
2025-10-27,63.7,56.8,59.95,0.0
2025-10-28,59.61,48.27,55.4,0.25
2025-10-29,56.19,38.01,49.23,0.0
2025-10-30,62.98,32.42,44.88,0.0
2025-10-31,69.13,32.43,49.2,0.0
2025-11-01,61.48,32.49,48.31,0.0
2025-11-02,65.62,28.51,47.9,0.0
2025-11-03,76.89,47.28,60.44,0.0
2025-11-04,78.48,54.27,64.83,0.0
2025-11-05,73.54,44.7,59.05,0.0
2025-11-06,80.28,42.73,61.08,0.0
2025-11-07,77.56,44.86,57.73,0.0
2025-11-08,75.4,37.58,54.74,0.0
2025-11-09,50.11,23.98,40.73,0.0
2025-11-10,47.07,20.72,33.23,0.0
2025-11-11,73.44,36.65,51.86,0.0
2025-11-12,76.62,32.82,51.71,0.0
2025-11-13,81.59,39.22,61.73,0.0
2025-11-14,80.24,59.83,68.6,0.0
2025-11-15,84.99,48.13,67.25,0.0
2025-11-16,76.55,45.58,59.59,0.0
2025-11-17,77.52,58.03,67.52,0.0
2025-11-18,76.6,45.5,63.15,0.0
2025-11-19,75.27,43.06,57.72,0.25
2025-11-20,65.32,57.43,62.43,0.9
2025-11-21,71.19,49.64,60.73,0.0
2025-11-22,51.06,46.25,48.41,0.0
2025-11-23,54.64,44.36,48.34,0.74
2025-11-24,57.34,50.56,54.87,0.28
2025-11-25,63.16,43.52,54.48,0.0
2025-11-26,50.9,30.94,41.48,0.0
2025-11-27,56.28,26.97,39.78,0.0
2025-11-28,56.46,28.96,44.89,0.0
2025-11-29,54.55,26.52,44.26,0.0
2025-11-30,36.77,22.3,29.75,0.0
2025-12-01,34.91,23.17,31.31,0.01
2025-12-02,49.6,17.9,33.72,0.01
2025-12-03,45.57,25.66,37.12,0.0
2025-12-04,39.93,21.91,31.77,0.0
2025-12-05,52.02,24.29,37.29,0.0
2025-12-06,44.86,29.93,39.14,0.0
2025-12-07,42.95,32.23,38.48,0.0
2025-12-08,48.22,29.28,35.75,0.0
2025-12-09,,,,
2025-12-10,57.45,29.19,46.66,0.0
2025-12-11,68.61,27.5,50.48,0.0
2025-12-12,54.52,29.19,41.02,0.0
2025-12-13,44.61,23.24,32.79,0.0
2025-12-14,32.14,14.58,21.89,0.0
2025-12-15,46.12,17.46,32.29,0.0
2025-12-16,59.77,35.37,45.57,0.0
2025-12-17,62.33,29.11,48.48,0.0
2025-12-18,60.85,24.79,52.83,0.0
2025-12-19,57.96,21.04,40.96,0.0
2025-12-20,63.75,43.19,51.8,0.0
2025-12-21,58.53,32.94,46.88,0.0
2025-12-22,72.27,51.13,59.73,0.0
2025-12-23,77.99,54.88,64.72,0.0
2025-12-24,80.1,59.07,68.49,0.0
2025-12-25,79.77,59.25,68.42,0.0
2025-12-26,78.53,43.44,61.72,0.0
2025-12-27,84.94,41.02,66.81,0.0
2025-12-28,70.88,21.71,48.82,0.0
2025-12-29,38.08,16.83,26.83,0.0
2025-12-30,54.23,13.14,32.53,0.0
2025-12-31,63.5,24.22,43.8,0.0
2026-01-01,63.68,28.22,48.58,0.0
2026-01-02,62.47,38.36,50.95,0.01
2026-01-03,49.24,26.31,37.29,0.0
2026-01-04,54.48,24.36,41.4,0.0
2026-01-05,71.2,44.24,55.52,0.0
2026-01-06,70.9,31.58,47.41,0.0
2026-01-07,73.54,28.49,51.87,0.0
2026-01-08,71.13,41.78,61.08,0.77
2026-01-09,55.78,29.51,43.07,0.0
2026-01-10,51.22,32.32,41.06,0.0
2026-01-11,47.95,25.29,35.56,0.0
2026-01-12,67.6,36.34,50.34,0.0
2026-01-13,73.08,43.49,56.37,0.0
2026-01-14,53.87,22.5,45.19,0.0
2026-01-15,54.61,16.05,36.39,0.0
2026-01-16,51.94,25.91,42.63,0.0
2026-01-17,39.97,9.59,24.91,0.0
2026-01-18,51.4,8.37,27.48,0.0
2026-01-19,34.9,13.96,26.21,0.0
2026-01-20,50.31,13.32,33.42,0.0
2026-01-21,54.93,20.43,38.64,0.0
2026-01-22,56.43,16.5,34.46,0.0
2026-01-23,37.44,10.11,24.83,0.0
2026-01-24,11.1,6.6,8.69,0.0
2026-01-25,18.59,-1.75,9.5,0.0
2026-01-26,28.91,-7.82,14.42,0.02
2026-01-27,39.86,14.97,25.89,0.18
2026-01-28,46.53,7.05,28.09,0.19
2026-01-29,44.12,21.04,34.0,0.17
2026-01-30,33.63,13.46,25.21,0.0
2026-01-31,24.91,5.4,16.8,0.0
2026-02-01,52.02,17.49,34.89,0.0
2026-02-02,70.38,26.86,47.98,0.0
2026-02-03,57.4,31.7,43.83,0.0
2026-02-04,48.74,25.96,36.96,0.0
2026-02-05,67.73,21.8,45.65,0.0
2026-02-06,70.48,31.74,51.41,0.0
2026-02-07,68.0,24.02,46.9,0.0
2026-02-08,71.82,38.33,53.09,0.02
2026-02-09,81.27,31.69,56.58,0.0
2026-02-10,67.82,42.25,59.0,0.0
2026-02-11,60.49,28.72,43.21,0.0
2026-02-12,68.36,28.64,50.17,0.0
2026-02-13,72.9,39.2,56.94,0.0
2026-02-14,66.29,53.38,60.92,0.05
2026-02-15,68.45,36.73,53.42,0.0
2026-02-16,73.71,36.04,58.27,0.0
2026-02-17,,,,
2026-02-18,75.97,48.52,63.49,0.0
2026-02-19,67.28,31.65,55.11,0.0
2026-02-20,48.29,21.22,35.14,0.0
2026-02-21,50.97,24.83,38.95,0.0
2026-02-22,48.96,19.82,32.53,0.0
2026-02-23,52.54,19.11,34.54,0.0
2026-02-24,71.82,39.57,54.84,0.0
2026-02-25,74.52,35.44,54.76,0.0
2026-02-26,74.75,36.33,54.0,0.0
2026-02-27,80.24,29.39,56.58,0.0
2026-02-28,82.71,48.72,66.18,0.0
2026-03-01,63.05,41.45,50.96,0.48
2026-03-02,51.78,39.36,44.13,0.0
2026-03-03,79.41,42.65,61.84,0.0
2026-03-04,54.72,47.41,50.57,0.28
2026-03-05,71.35,50.09,60.4,0.0
2026-03-06,73.09,64.15,68.62,0.47
2026-03-07,67.78,34.26,45.53,0.28
2026-03-08,73.53,29.67,52.74,0.0
2026-03-09,85.93,59.56,71.74,0.0
2026-03-10,81.91,65.68,73.44,0.05
2026-03-11,66.92,31.02,53.69,0.0
2026-03-12,65.07,26.14,47.71,0.0
2026-03-13,71.82,37.65,55.66,0.0
2026-03-14,77.59,38.39,60.82,0.0
2026-03-15,71.28,31.46,53.21,0.0
2026-03-16,39.08,20.1,28.69,0.0
2026-03-17,67.32,27.4,47.77,0.0
2026-03-18,78.69,49.3,61.7,0.0
2026-03-19,88.59,56.01,69.73,0.0
2026-03-20,94.5,48.07,73.67,0.0
2026-03-21,96.24,47.86,75.15,0.0
2026-03-22,88.56,54.46,71.61,0.0
2026-03-23,65.28,42.99,54.59,0.0
2026-03-24,73.94,53.82,62.75,0.0
2026-03-25,89.55,55.49,72.75,0.0
2026-03-26,90.46,65.39,77.84,0.0
2026-03-27,69.15,48.25,56.1,0.01
2026-03-28,65.64,37.24,53.57,0.0
2026-03-29,81.3,48.56,66.25,0.0
2026-03-30,83.97,64.63,73.98,0.0
2026-03-31,84.76,68.56,75.78,0.0
2026-04-01,77.67,64.02,72.33,0.6
2026-04-02,84.52,64.17,73.26,0.37
2026-04-03,79.84,54.81,71.05,1.13
2026-04-04,63.21,40.83,53.61,0.2
2026-04-05,69.73,36.49,51.86,0.0
2026-04-06,72.36,36.55,54.56,0.0
2026-04-07,72.73,37.75,56.65,0.0
2026-04-08,76.62,43.4,61.93,0.0
2026-04-09,,,,
2026-04-10,74.35,57.45,64.22,0.86
2026-04-11,77.81,54.84,67.92,0.0
2026-04-12,81.01,64.42,71.05,0.3
2026-04-13,85.15,69.91,76.24,0.0
2026-04-14,82.06,62.15,74.03,0.33
2026-04-15,80.13,62.67,71.98,0.07
2026-04-16,83.3,60.82,72.27,0.0
2026-04-17,78.89,49.77,71.19,0.73
2026-04-18,62.82,41.2,51.45,0.15
2026-04-19,72.39,38.79,58.27,0.0
2026-04-20,72.93,47.97,61.19,0.0
2026-04-21,67.71,52.43,59.82,0.0
2026-04-22,68.86,56.5,62.7,0.0
2026-04-23,79.5,63.0,71.68,0.0
2026-04-24,73.47,54.86,63.7,0.75
2026-04-25,71.8,53.29,64.62,0.01
2026-04-26,82.67,60.12,71.57,0.0
2026-04-27,82.71,60.69,74.69,0.0
2026-04-28,62.96,50.58,57.91,0.88
2026-04-29,65.32,45.16,54.53,0.0
2026-04-30,67.15,42.23,53.81,0.0
2026-05-01,68.14,42.59,54.76,0.0
2026-05-02,70.84,45.24,57.77,0.01
2026-05-03,84.22,51.76,68.2,0.0
2026-05-04,80.53,61.03,71.31,0.0
2026-05-05,,,,
2026-05-06,64.62,40.73,53.4,0.0
2026-05-07,72.93,37.19,57.18,0.0
2026-05-08,82.17,54.03,65.13,0.23
2026-05-09,82.94,48.4,66.7,0.01
2026-05-10,64.6,47.59,58.17,0.14
2026-05-11,77.5,40.13,59.27,0.0
2026-05-12,81.19,46.05,67.55,0.0
2026-05-13,82.27,54.54,68.64,0.0
2026-05-14,85.3,55.13,72.45,0.0
2026-05-15,83.08,71.74,75.27,0.01
2026-05-16,86.11,71.44,78.86,0.0
2026-05-17,87.67,71.73,79.4,0.0
2026-05-18,89.4,76.87,81.71,0.0
2026-05-19,79.61,54.64,59.67,0.52
2026-05-20,60.24,54.61,57.35,0.0
2026-05-21,64.87,55.0,60.56,1.2
2026-05-22,79.48,60.78,68.92,0.26
2026-05-23,77.11,58.46,67.5,0.37
2026-05-24,81.27,54.95,67.72,0.0
2026-05-25,84.69,55.4,71.15,0.0
2026-05-26,84.16,59.47,72.13,0.0
2026-05-27,80.55,60.94,70.42,0.81
2026-05-28,81.75,68.05,73.06,0.11
2026-05-29,85.91,69.3,76.57,0.0
2026-05-30,89.1,73.36,80.7,0.0
2026-05-31,92.1,75.54,82.53,0.0
2026-06-01,93.13,69.93,82.27,0.0
2026-06-02,81.36,66.18,74.1,0.45
2026-06-03,82.8,67.86,73.91,0.13
2026-06-04,85.15,67.57,76.64,0.0
2026-06-05,86.07,71.71,77.3,0.0
2026-06-06,79.77,67.78,72.48,1.99
2026-06-07,82.4,70.07,74.83,0.19
2026-06-08,89.53,77.43,82.42,0.0
2026-06-09,88.57,74.48,81.24,0.0
2026-06-10,88.74,76.57,82.56,0.0
2026-06-11,91.09,75.18,81.59,0.49
2026-06-12,84.87,69.26,76.9,0.0
2026-06-13,90.97,67.08,79.79,1.01
2026-06-14,78.22,64.89,69.77,0.09
2026-06-15,81.97,62.38,71.53,0.0
2026-06-16,87.03,59.9,75.99,0.0
2026-06-17,90.39,73.18,81.95,0.0
2026-06-18,80.11,63.81,71.26,0.0
2026-06-19,82.56,66.11,72.43,0.0
2026-06-20,87.57,64.74,76.72,0.0
2026-06-21,89.19,69.6,79.72,1.18
2026-06-22,79.45,64.67,72.31,
2026-06-23,74.19,63.68,69.25,
2026-06-24,83.35,66.29,73.74,
2026-06-25,86.59,73.58,78.45,
2026-06-26,89.82,74.26,81.3,
2026-06-27,90.97,69.85,81.13,
2026-06-28,89.91,78.39,83.61,
2026-06-29,91.27,77.13,84.24,
2026-06-30,91.35,74.68,83.04,
2026-07-01,90.9,74.41,82.03,
2026-07-02,92.26,73.89,82.69,
2026-07-03,92.57,74.17,82.52,
2026-07-04,95.94,66.47,81.11,
2026-07-05,88.93,65.95,76.66,
2026-07-06,91.6,67.48,79.62,0.0
2026-07-07,,,,
2026-07-08,,,,
2026-07-09,94.32,78.13,85.33,0.0
2026-07-10,94.82,70.52,84.45,0.0
2026-07-11,95.31,69.31,83.33,2.88
2026-07-12,86.5,68.32,76.92,0.24
2026-07-13,88.7,68.43,78.92,0.0
2026-07-14,89.69,68.65,78.86,0.0
2026-07-15,89.2,69.62,77.81,0.0
2026-07-16,87.4,70.21,75.76,0.36
2026-07-17,86.88,71.15,78.81,0.0
2026-07-18,90.61,75.16,81.23,0.0
2026-07-19,93.06,74.91,83.38,0.0
2026-07-20,95.41,73.49,85.3,0.0
2026-07-21,99.23,76.32,87.87,0.0
2026-07-22,87.96,68.2,79.42,0.0
2026-07-23,88.61,65.84,77.26,0.0
2026-07-24,83.91,70.3,78.1,0.06
2026-07-25,97.12,76.01,86.08,0.0
2026-07-26,98.73,77.86,87.38,0.0
2026-07-27,98.26,74.91,86.69,0.0
2026-07-28,96.03,71.49,84.27,0.0
2026-07-29,,,,
2026-07-30,98.71,76.24,86.03,0.0
2026-07-31,102.29,73.83,86.09,0.11
2026-08-01,88.97,64.72,76.66,0.0
2026-08-02,90.18,60.8,75.16,0.0
2026-08-03,94.33,60.66,78.22,0.0
2026-08-04,100.2,66.63,83.64,0.0
2026-08-05,100.8,76.3,86.84,0.0
2026-08-06,98.55,75.63,86.56,0.0
2026-08-07,93.7,67.98,80.07,0.0
2026-08-08,101.57,65.53,84.03,0.0
2026-08-09,100.33,72.05,85.83,0.0
2026-08-10,100.69,77.36,88.08,0.0
2026-08-11,101.28,76.89,88.87,0.0
2026-08-12,102.54,78.76,89.99,0.0
2026-08-13,104.04,79.75,91.45,0.0
2026-08-14,103.33,80.8,90.28,0.0
2026-08-15,101.95,75.72,89.51,0.0
2026-08-16,103.73,77.94,89.62,
2026-08-17,87.55,68.81,78.2,
2026-08-18,107.76,65.77,86.51,
2026-08-19,104.88,73.09,89.6,
2026-08-20,101.44,71.94,86.37,
2026-08-21,102.56,72.46,84.46,
2026-08-22,91.45,69.42,79.95,
2026-08-23,95.86,67.12,81.62,
2026-08-24,102.15,72.12,84.99,
2026-08-25,96.64,66.34,81.44,
2026-08-26,,,,
2026-08-27,94.62,65.44,78.87,0.0
2026-08-28,98.67,59.16,78.21,0.0
2026-08-29,102.58,67.91,84.3,0.0
2026-08-30,103.24,75.72,88.09,0.0
2026-08-31,102.85,71.17,86.76,0.0
2026-09-01,102.54,70.12,84.78,0.0
2026-09-02,102.31,75.42,87.49,0.0
2026-09-03,96.46,74.03,85.48,0.0
2026-09-04,100.71,71.58,86.08,0.0
2026-09-05,102.33,69.87,85.92,0.0
2026-09-06,104.22,70.43,87.13,0.0
2026-09-07,103.95,70.93,87.91,0.0
2026-09-08,103.8,77.11,89.13,0.0
