permit_id,facility_name,city,outfall,parameter_code,monitoring_location,value_type,statistical_base,monitoring_period_end,value,unit,qualifier,nodi_code,nodi_desc,received_date
OK0026701,"CUSHING, CITY OF  - SOUTH STP",CUSHING,001,50050,Effluent Gross,Q1,MO AVG,2015-01-31,.86,,=,,,2015-02-09
OK0026701,"CUSHING, CITY OF  - SOUTH STP",CUSHING,001,50050,Effluent Gross,Q2,DAILY MX,2015-01-31,1.126,,=,,,2015-02-09
OK0043320,GREENFIELD ENVIRONMENTAL MULTISTATE TRUST LLC-CUSHING,CUSHING,001,50050,Effluent Gross,Q1,MO AVG,2015-01-31,,,,C,No Discharge,2015-02-17
OK0043320,GREENFIELD ENVIRONMENTAL MULTISTATE TRUST LLC-CUSHING,CUSHING,001,50050,Effluent Gross,Q2,DAILY MX,2015-01-31,,,,C,No Discharge,2015-02-17
OK0043320,GREENFIELD ENVIRONMENTAL MULTISTATE TRUST LLC-CUSHING,CUSHING,007,50050,Effluent Gross,Q1,MO AVG,2015-01-31,,,,C,No Discharge,2015-02-17
OK0043320,GREENFIELD ENVIRONMENTAL MULTISTATE TRUST LLC-CUSHING,CUSHING,007,50050,Effluent Gross,Q2,DAILY MX,2015-01-31,,,,C,No Discharge,2015-02-17
OK0043320,GREENFIELD ENVIRONMENTAL MULTISTATE TRUST LLC-CUSHING,CUSHING,008,50050,Effluent Gross,Q1,MO AVG,2015-01-31,,,,C,No Discharge,2015-02-17
OK0043320,GREENFIELD ENVIRONMENTAL MULTISTATE TRUST LLC-CUSHING,CUSHING,008,50050,Effluent Gross,Q2,DAILY MX,2015-01-31,,,,C,No Discharge,2015-02-17
OK0044598,GREENFIELD ENVIRONMENTAL MULTISTATE TRUST LLC-SKULL CK,CUSHING,001,50050,Effluent Gross,Q1,MO AVG,2015-01-31,.006,,=,,,2015-02-17
OK0044598,GREENFIELD ENVIRONMENTAL MULTISTATE TRUST LLC-SKULL CK,CUSHING,001,50050,Effluent Gross,Q2,DAILY MX,2015-01-31,.006,,=,,,2015-02-17
OK0100374,PRIVATE PROPERTY,CUSHING,001,50050,Effluent Gross,Q1,MO AVG,2015-01-31,,,,C,No Discharge,2015-02-13
OK0100374,PRIVATE PROPERTY,CUSHING,001,50050,Effluent Gross,Q2,DAILY MX,2015-01-31,,,,C,No Discharge,2015-02-13
OK0100374,PRIVATE PROPERTY,CUSHING,002,50050,Effluent Gross,Q1,MO AVG,2015-01-31,,,,C,No Discharge,2015-02-27
OK0100374,PRIVATE PROPERTY,CUSHING,002,50050,Effluent Gross,Q2,DAILY MX,2015-01-31,,,,C,No Discharge,2015-02-27
OKG950028,"STEWART STONE, INC.-CUSHING",CUSHING,001,50050,Effluent Gross,Q1,MO AVG,2015-01-31,,,,C,No Discharge,2015-02-06
OKG950028,"STEWART STONE, INC.-CUSHING",CUSHING,001,50050,Effluent Gross,Q2,DAILY MX,2015-01-31,,,,C,No Discharge,2015-02-06
OK0026701,"CUSHING, CITY OF  - SOUTH STP",CUSHING,001,50050,Effluent Gross,Q1,MO AVG,2015-02-28,.93,,=,,,2015-03-09
OK0026701,"CUSHING, CITY OF  - SOUTH STP",CUSHING,001,50050,Effluent Gross,Q2,DAILY MX,2015-02-28,1.397,,=,,,2015-03-09
OK0043320,GREENFIELD ENVIRONMENTAL MULTISTATE TRUST LLC-CUSHING,CUSHING,001,50050,Effluent Gross,Q1,MO AVG,2015-02-28,,,,C,No Discharge,2015-03-11
OK0043320,GREENFIELD ENVIRONMENTAL MULTISTATE TRUST LLC-CUSHING,CUSHING,001,50050,Effluent Gross,Q2,DAILY MX,2015-02-28,,,,C,No Discharge,2015-03-11
OK0043320,GREENFIELD ENVIRONMENTAL MULTISTATE TRUST LLC-CUSHING,CUSHING,007,50050,Effluent Gross,Q1,MO AVG,2015-02-28,.09,,=,,,2015-03-11
OK0043320,GREENFIELD ENVIRONMENTAL MULTISTATE TRUST LLC-CUSHING,CUSHING,007,50050,Effluent Gross,Q2,DAILY MX,2015-02-28,.09,,=,,,2015-03-11
OK0043320,GREENFIELD ENVIRONMENTAL MULTISTATE TRUST LLC-CUSHING,CUSHING,008,50050,Effluent Gross,Q1,MO AVG,2015-02-28,.09,,=,,,2015-03-11
OK0043320,GREENFIELD ENVIRONMENTAL MULTISTATE TRUST LLC-CUSHING,CUSHING,008,50050,Effluent Gross,Q2,DAILY MX,2015-02-28,.09,,=,,,2015-03-11
OK0044598,GREENFIELD ENVIRONMENTAL MULTISTATE TRUST LLC-SKULL CK,CUSHING,001,50050,Effluent Gross,Q1,MO AVG,2015-02-28,.006,,=,,,2015-03-11
OK0044598,GREENFIELD ENVIRONMENTAL MULTISTATE TRUST LLC-SKULL CK,CUSHING,001,50050,Effluent Gross,Q2,DAILY MX,2015-02-28,.006,,=,,,2015-03-11
OK0100374,PRIVATE PROPERTY,CUSHING,001,50050,Effluent Gross,Q1,MO AVG,2015-02-28,.00519,,=,,,2015-03-13
OK0100374,PRIVATE PROPERTY,CUSHING,001,50050,Effluent Gross,Q2,DAILY MX,2015-02-28,.0597,,=,,,2015-03-13
OK0100374,PRIVATE PROPERTY,CUSHING,002,50050,Effluent Gross,Q1,MO AVG,2015-02-28,,,,C,No Discharge,2015-03-13
OK0100374,PRIVATE PROPERTY,CUSHING,002,50050,Effluent Gross,Q2,DAILY MX,2015-02-28,,,,C,No Discharge,2015-03-13
OKG950028,"STEWART STONE, INC.-CUSHING",CUSHING,001,50050,Effluent Gross,Q1,MO AVG,2015-02-28,,,,C,No Discharge,2015-03-18
OKG950028,"STEWART STONE, INC.-CUSHING",CUSHING,001,50050,Effluent Gross,Q2,DAILY MX,2015-02-28,,,,C,No Discharge,2015-03-18
OK0026701,"CUSHING, CITY OF  - SOUTH STP",CUSHING,001,50050,Effluent Gross,Q1,MO AVG,2015-03-31,1.13,,=,,,2015-04-10
OK0026701,"CUSHING, CITY OF  - SOUTH STP",CUSHING,001,50050,Effluent Gross,Q2,DAILY MX,2015-03-31,1.799,,=,,,2015-04-10
OK0043320,GREENFIELD ENVIRONMENTAL MULTISTATE TRUST LLC-CUSHING,CUSHING,001,50050,Effluent Gross,Q1,MO AVG,2015-03-31,,,,C,No Discharge,2015-04-20
OK0043320,GREENFIELD ENVIRONMENTAL MULTISTATE TRUST LLC-CUSHING,CUSHING,001,50050,Effluent Gross,Q2,DAILY MX,2015-03-31,,,,C,No Discharge,2015-04-20
OK0043320,GREENFIELD ENVIRONMENTAL MULTISTATE TRUST LLC-CUSHING,CUSHING,007,50050,Effluent Gross,Q1,MO AVG,2015-03-31,.09,,=,,,2015-04-20
OK0043320,GREENFIELD ENVIRONMENTAL MULTISTATE TRUST LLC-CUSHING,CUSHING,007,50050,Effluent Gross,Q2,DAILY MX,2015-03-31,.09,,=,,,2015-04-20
OK0043320,GREENFIELD ENVIRONMENTAL MULTISTATE TRUST LLC-CUSHING,CUSHING,008,50050,Effluent Gross,Q1,MO AVG,2015-03-31,.09,,=,,,2015-04-20
OK0043320,GREENFIELD ENVIRONMENTAL MULTISTATE TRUST LLC-CUSHING,CUSHING,008,50050,Effluent Gross,Q2,DAILY MX,2015-03-31,.09,,=,,,2015-04-20
OK0044598,GREENFIELD ENVIRONMENTAL MULTISTATE TRUST LLC-SKULL CK,CUSHING,001,50050,Effluent Gross,Q1,MO AVG,2015-03-31,.006,,=,,,2015-04-20
OK0044598,GREENFIELD ENVIRONMENTAL MULTISTATE TRUST LLC-SKULL CK,CUSHING,001,50050,Effluent Gross,Q2,DAILY MX,2015-03-31,.006,,=,,,2015-04-20
OK0100374,PRIVATE PROPERTY,CUSHING,001,50050,Effluent Gross,Q1,MO AVG,2015-03-31,,,,C,No Discharge,2015-04-09
OK0100374,PRIVATE PROPERTY,CUSHING,001,50050,Effluent Gross,Q2,DAILY MX,2015-03-31,,,,C,No Discharge,2015-04-09
OK0100374,PRIVATE PROPERTY,CUSHING,002,50050,Effluent Gross,Q1,MO AVG,2015-03-31,,,,C,No Discharge,2015-05-07
OK0100374,PRIVATE PROPERTY,CUSHING,002,50050,Effluent Gross,Q2,DAILY MX,2015-03-31,,,,C,No Discharge,2015-05-07
OKG950028,"STEWART STONE, INC.-CUSHING",CUSHING,001,50050,Effluent Gross,Q1,MO AVG,2015-03-31,,,,C,No Discharge,2015-04-13
OKG950028,"STEWART STONE, INC.-CUSHING",CUSHING,001,50050,Effluent Gross,Q2,DAILY MX,2015-03-31,,,,C,No Discharge,2015-04-13
OK0026701,"CUSHING, CITY OF  - SOUTH STP",CUSHING,001,50050,Effluent Gross,Q1,MO AVG,2015-04-30,1.24,,=,,,2015-05-11
OK0026701,"CUSHING, CITY OF  - SOUTH STP",CUSHING,001,50050,Effluent Gross,Q2,DAILY MX,2015-04-30,3.171,,=,,,2015-05-11
OK0043320,GREENFIELD ENVIRONMENTAL MULTISTATE TRUST LLC-CUSHING,CUSHING,001,50050,Effluent Gross,Q1,MO AVG,2015-04-30,,,,C,No Discharge,2015-05-19
OK0043320,GREENFIELD ENVIRONMENTAL MULTISTATE TRUST LLC-CUSHING,CUSHING,001,50050,Effluent Gross,Q2,DAILY MX,2015-04-30,,,,C,No Discharge,2015-05-19
OK0043320,GREENFIELD ENVIRONMENTAL MULTISTATE TRUST LLC-CUSHING,CUSHING,007,50050,Effluent Gross,Q1,MO AVG,2015-04-30,.09,,=,,,2015-05-19
OK0043320,GREENFIELD ENVIRONMENTAL MULTISTATE TRUST LLC-CUSHING,CUSHING,007,50050,Effluent Gross,Q2,DAILY MX,2015-04-30,.09,,=,,,2015-05-19
OK0043320,GREENFIELD ENVIRONMENTAL MULTISTATE TRUST LLC-CUSHING,CUSHING,008,50050,Effluent Gross,Q1,MO AVG,2015-04-30,.09,,=,,,2015-05-19
OK0043320,GREENFIELD ENVIRONMENTAL MULTISTATE TRUST LLC-CUSHING,CUSHING,008,50050,Effluent Gross,Q2,DAILY MX,2015-04-30,.09,,=,,,2015-05-19
OK0044598,GREENFIELD ENVIRONMENTAL MULTISTATE TRUST LLC-SKULL CK,CUSHING,001,50050,Effluent Gross,Q1,MO AVG,2015-04-30,.007,,=,,,2015-05-19
OK0044598,GREENFIELD ENVIRONMENTAL MULTISTATE TRUST LLC-SKULL CK,CUSHING,001,50050,Effluent Gross,Q2,DAILY MX,2015-04-30,.007,,=,,,2015-05-19
OK0100374,PRIVATE PROPERTY,CUSHING,001,50050,Effluent Gross,Q1,MO AVG,2015-04-30,,,,C,No Discharge,2015-05-13
OK0100374,PRIVATE PROPERTY,CUSHING,001,50050,Effluent Gross,Q2,DAILY MX,2015-04-30,,,,C,No Discharge,2015-05-13
OK0100374,PRIVATE PROPERTY,CUSHING,002,50050,Effluent Gross,Q1,MO AVG,2015-04-30,,,,C,No Discharge,2015-05-13
OK0100374,PRIVATE PROPERTY,CUSHING,002,50050,Effluent Gross,Q2,DAILY MX,2015-04-30,,,,C,No Discharge,2015-05-13
OKG950028,"STEWART STONE, INC.-CUSHING",CUSHING,001,50050,Effluent Gross,Q1,MO AVG,2015-04-30,,,,C,No Discharge,2015-05-12
OKG950028,"STEWART STONE, INC.-CUSHING",CUSHING,001,50050,Effluent Gross,Q2,DAILY MX,2015-04-30,,,,C,No Discharge,2015-05-12
OK0026701,"CUSHING, CITY OF  - SOUTH STP",CUSHING,001,50050,Effluent Gross,Q1,MO AVG,2015-05-31,1.99,,=,,,2015-06-10
OK0026701,"CUSHING, CITY OF  - SOUTH STP",CUSHING,001,50050,Effluent Gross,Q2,DAILY MX,2015-05-31,3.466,,=,,,2015-06-10
OK0043320,GREENFIELD ENVIRONMENTAL MULTISTATE TRUST LLC-CUSHING,CUSHING,001,50050,Effluent Gross,Q1,MO AVG,2015-05-31,,,,C,No Discharge,2015-06-12
OK0043320,GREENFIELD ENVIRONMENTAL MULTISTATE TRUST LLC-CUSHING,CUSHING,001,50050,Effluent Gross,Q2,DAILY MX,2015-05-31,,,,C,No Discharge,2015-06-12
OK0043320,GREENFIELD ENVIRONMENTAL MULTISTATE TRUST LLC-CUSHING,CUSHING,007,50050,Effluent Gross,Q1,MO AVG,2015-05-31,,,,C,No Discharge,2015-06-12
OK0043320,GREENFIELD ENVIRONMENTAL MULTISTATE TRUST LLC-CUSHING,CUSHING,007,50050,Effluent Gross,Q2,DAILY MX,2015-05-31,,,,C,No Discharge,2015-06-12
OK0043320,GREENFIELD ENVIRONMENTAL MULTISTATE TRUST LLC-CUSHING,CUSHING,008,50050,Effluent Gross,Q1,MO AVG,2015-05-31,,,,C,No Discharge,2015-06-12
OK0043320,GREENFIELD ENVIRONMENTAL MULTISTATE TRUST LLC-CUSHING,CUSHING,008,50050,Effluent Gross,Q2,DAILY MX,2015-05-31,,,,C,No Discharge,2015-06-12
OK0044598,GREENFIELD ENVIRONMENTAL MULTISTATE TRUST LLC-SKULL CK,CUSHING,001,50050,Effluent Gross,Q1,MO AVG,2015-05-31,.007,,=,,,2015-06-12
OK0044598,GREENFIELD ENVIRONMENTAL MULTISTATE TRUST LLC-SKULL CK,CUSHING,001,50050,Effluent Gross,Q2,DAILY MX,2015-05-31,.007,,=,,,2015-06-12
OK0100374,PRIVATE PROPERTY,CUSHING,001,50050,Effluent Gross,Q1,MO AVG,2015-05-31,.0538,,=,,,2015-06-17
OK0100374,PRIVATE PROPERTY,CUSHING,001,50050,Effluent Gross,Q2,DAILY MX,2015-05-31,.0598,,=,,,2015-06-17
OK0100374,PRIVATE PROPERTY,CUSHING,002,50050,Effluent Gross,Q1,MO AVG,2015-05-31,,,,C,No Discharge,2015-06-16
OK0100374,PRIVATE PROPERTY,CUSHING,002,50050,Effluent Gross,Q2,DAILY MX,2015-05-31,,,,C,No Discharge,2015-06-16
OKG950028,"STEWART STONE, INC.-CUSHING",CUSHING,001,50050,Effluent Gross,Q1,MO AVG,2015-05-31,.145,,=,,,2015-06-04
OKG950028,"STEWART STONE, INC.-CUSHING",CUSHING,001,50050,Effluent Gross,Q2,DAILY MX,2015-05-31,.3,,=,,,2015-06-04
OK0026701,"CUSHING, CITY OF  - SOUTH STP",CUSHING,001,50050,Effluent Gross,Q1,MO AVG,2015-06-30,1.62,,=,,,2015-07-13
OK0026701,"CUSHING, CITY OF  - SOUTH STP",CUSHING,001,50050,Effluent Gross,Q2,DAILY MX,2015-06-30,3.767,,=,,,2015-07-13
OK0043320,GREENFIELD ENVIRONMENTAL MULTISTATE TRUST LLC-CUSHING,CUSHING,001,50050,Effluent Gross,Q1,MO AVG,2015-06-30,,,,C,No Discharge,2015-07-17
OK0043320,GREENFIELD ENVIRONMENTAL MULTISTATE TRUST LLC-CUSHING,CUSHING,001,50050,Effluent Gross,Q2,DAILY MX,2015-06-30,,,,C,No Discharge,2015-07-17
OK0043320,GREENFIELD ENVIRONMENTAL MULTISTATE TRUST LLC-CUSHING,CUSHING,007,50050,Effluent Gross,Q1,MO AVG,2015-06-30,.09,,=,,,2015-07-17
OK0043320,GREENFIELD ENVIRONMENTAL MULTISTATE TRUST LLC-CUSHING,CUSHING,007,50050,Effluent Gross,Q2,DAILY MX,2015-06-30,.09,,=,,,2015-07-17
OK0043320,GREENFIELD ENVIRONMENTAL MULTISTATE TRUST LLC-CUSHING,CUSHING,008,50050,Effluent Gross,Q1,MO AVG,2015-06-30,.09,,=,,,2015-07-17
OK0043320,GREENFIELD ENVIRONMENTAL MULTISTATE TRUST LLC-CUSHING,CUSHING,008,50050,Effluent Gross,Q2,DAILY MX,2015-06-30,.09,,=,,,2015-07-17
OK0044598,GREENFIELD ENVIRONMENTAL MULTISTATE TRUST LLC-SKULL CK,CUSHING,001,50050,Effluent Gross,Q1,MO AVG,2015-06-30,.007,,=,,,2015-07-17
OK0044598,GREENFIELD ENVIRONMENTAL MULTISTATE TRUST LLC-SKULL CK,CUSHING,001,50050,Effluent Gross,Q2,DAILY MX,2015-06-30,.007,,=,,,2015-07-17
OK0100374,PRIVATE PROPERTY,CUSHING,001,50050,Effluent Gross,Q1,MO AVG,2015-06-30,.021,,=,,,2015-07-17
OK0100374,PRIVATE PROPERTY,CUSHING,001,50050,Effluent Gross,Q2,DAILY MX,2015-06-30,.06,,=,,,2015-07-17
OK0100374,PRIVATE PROPERTY,CUSHING,002,50050,Effluent Gross,Q1,MO AVG,2015-06-30,,,,C,No Discharge,2015-07-17
OK0100374,PRIVATE PROPERTY,CUSHING,002,50050,Effluent Gross,Q2,DAILY MX,2015-06-30,,,,C,No Discharge,2015-07-17
OKG950028,"STEWART STONE, INC.-CUSHING",CUSHING,001,50050,Effluent Gross,Q1,MO AVG,2015-06-30,.05,,=,,,2015-07-16
OKG950028,"STEWART STONE, INC.-CUSHING",CUSHING,001,50050,Effluent Gross,Q2,DAILY MX,2015-06-30,.25,,=,,,2015-07-16
OK0026701,"CUSHING, CITY OF  - SOUTH STP",CUSHING,001,50050,Effluent Gross,Q1,MO AVG,2015-07-31,1.26,,=,,,2015-08-10
OK0026701,"CUSHING, CITY OF  - SOUTH STP",CUSHING,001,50050,Effluent Gross,Q2,DAILY MX,2015-07-31,2.318,,=,,,2015-08-10
OK0043320,GREENFIELD ENVIRONMENTAL MULTISTATE TRUST LLC-CUSHING,CUSHING,001,50050,Effluent Gross,Q1,MO AVG,2015-07-31,,,,C,No Discharge,2015-08-14
OK0043320,GREENFIELD ENVIRONMENTAL MULTISTATE TRUST LLC-CUSHING,CUSHING,001,50050,Effluent Gross,Q2,DAILY MX,2015-07-31,,,,C,No Discharge,2015-08-14
OK0043320,GREENFIELD ENVIRONMENTAL MULTISTATE TRUST LLC-CUSHING,CUSHING,007,50050,Effluent Gross,Q1,MO AVG,2015-07-31,.09,,=,,,2015-08-14
OK0043320,GREENFIELD ENVIRONMENTAL MULTISTATE TRUST LLC-CUSHING,CUSHING,007,50050,Effluent Gross,Q2,DAILY MX,2015-07-31,.09,,=,,,2015-08-14
OK0043320,GREENFIELD ENVIRONMENTAL MULTISTATE TRUST LLC-CUSHING,CUSHING,008,50050,Effluent Gross,Q1,MO AVG,2015-07-31,.09,,=,,,2015-08-14
OK0043320,GREENFIELD ENVIRONMENTAL MULTISTATE TRUST LLC-CUSHING,CUSHING,008,50050,Effluent Gross,Q2,DAILY MX,2015-07-31,.09,,=,,,2015-08-14
OK0044598,GREENFIELD ENVIRONMENTAL MULTISTATE TRUST LLC-SKULL CK,CUSHING,001,50050,Effluent Gross,Q1,MO AVG,2015-07-31,.007,,=,,,2015-08-14
OK0044598,GREENFIELD ENVIRONMENTAL MULTISTATE TRUST LLC-SKULL CK,CUSHING,001,50050,Effluent Gross,Q2,DAILY MX,2015-07-31,.007,,=,,,2015-08-14
OK0100374,PRIVATE PROPERTY,CUSHING,001,50050,Effluent Gross,Q1,MO AVG,2015-07-31,.0433,,=,,,2015-08-14
OK0100374,PRIVATE PROPERTY,CUSHING,001,50050,Effluent Gross,Q2,DAILY MX,2015-07-31,.059,,=,,,2015-08-14
OK0100374,PRIVATE PROPERTY,CUSHING,002,50050,Effluent Gross,Q1,MO AVG,2015-07-31,,,,C,No Discharge,2015-08-14
OK0100374,PRIVATE PROPERTY,CUSHING,002,50050,Effluent Gross,Q2,DAILY MX,2015-07-31,,,,C,No Discharge,2015-08-14
OKG950028,"STEWART STONE, INC.-CUSHING",CUSHING,001,50050,Effluent Gross,Q1,MO AVG,2015-07-31,,,,C,No Discharge,2015-08-06
OKG950028,"STEWART STONE, INC.-CUSHING",CUSHING,001,50050,Effluent Gross,Q2,DAILY MX,2015-07-31,,,,C,No Discharge,2015-08-06
OK0026701,"CUSHING, CITY OF  - SOUTH STP",CUSHING,001,50050,Effluent Gross,Q1,MO AVG,2015-08-31,1.11,,=,,,2015-09-10
OK0026701,"CUSHING, CITY OF  - SOUTH STP",CUSHING,001,50050,Effluent Gross,Q2,DAILY MX,2015-08-31,2.486,,=,,,2015-09-10
OK0043320,GREENFIELD ENVIRONMENTAL MULTISTATE TRUST LLC-CUSHING,CUSHING,001,50050,Effluent Gross,Q1,MO AVG,2015-08-31,,,,C,No Discharge,2015-09-18
OK0043320,GREENFIELD ENVIRONMENTAL MULTISTATE TRUST LLC-CUSHING,CUSHING,001,50050,Effluent Gross,Q2,DAILY MX,2015-08-31,,,,C,No Discharge,2015-09-18
OK0043320,GREENFIELD ENVIRONMENTAL MULTISTATE TRUST LLC-CUSHING,CUSHING,007,50050,Effluent Gross,Q1,MO AVG,2015-08-31,.09,,=,,,2015-09-18
OK0043320,GREENFIELD ENVIRONMENTAL MULTISTATE TRUST LLC-CUSHING,CUSHING,007,50050,Effluent Gross,Q2,DAILY MX,2015-08-31,.09,,=,,,2015-09-18
OK0043320,GREENFIELD ENVIRONMENTAL MULTISTATE TRUST LLC-CUSHING,CUSHING,008,50050,Effluent Gross,Q1,MO AVG,2015-08-31,.09,,=,,,2015-09-18
OK0043320,GREENFIELD ENVIRONMENTAL MULTISTATE TRUST LLC-CUSHING,CUSHING,008,50050,Effluent Gross,Q2,DAILY MX,2015-08-31,.09,,=,,,2015-09-18
OK0044598,GREENFIELD ENVIRONMENTAL MULTISTATE TRUST LLC-SKULL CK,CUSHING,001,50050,Effluent Gross,Q1,MO AVG,2015-08-31,.007,,=,,,2015-09-18
OK0044598,GREENFIELD ENVIRONMENTAL MULTISTATE TRUST LLC-SKULL CK,CUSHING,001,50050,Effluent Gross,Q2,DAILY MX,2015-08-31,.007,,=,,,2015-09-18
OK0100374,PRIVATE PROPERTY,CUSHING,001,50050,Effluent Gross,Q1,MO AVG,2015-08-31,,,,C,No Discharge,2015-09-10
OK0100374,PRIVATE PROPERTY,CUSHING,001,50050,Effluent Gross,Q2,DAILY MX,2015-08-31,,,,C,No Discharge,2015-09-10
OK0100374,PRIVATE PROPERTY,CUSHING,002,50050,Effluent Gross,Q1,MO AVG,2015-08-31,,,,C,No Discharge,2015-09-10
OK0100374,PRIVATE PROPERTY,CUSHING,002,50050,Effluent Gross,Q2,DAILY MX,2015-08-31,,,,C,No Discharge,2015-09-10
OKG950028,"STEWART STONE, INC.-CUSHING",CUSHING,001,50050,Effluent Gross,Q1,MO AVG,2015-08-31,,,,C,No Discharge,2015-09-11
OKG950028,"STEWART STONE, INC.-CUSHING",CUSHING,001,50050,Effluent Gross,Q2,DAILY MX,2015-08-31,,,,C,No Discharge,2015-09-11
OK0026701,"CUSHING, CITY OF  - SOUTH STP",CUSHING,001,50050,Effluent Gross,Q1,MO AVG,2015-09-30,1.17,,=,,,2015-10-13
OK0026701,"CUSHING, CITY OF  - SOUTH STP",CUSHING,001,50050,Effluent Gross,Q2,DAILY MX,2015-09-30,2.223,,=,,,2015-10-13
OK0043320,GREENFIELD ENVIRONMENTAL MULTISTATE TRUST LLC-CUSHING,CUSHING,001,50050,Effluent Gross,Q1,MO AVG,2015-09-30,,,,C,No Discharge,2015-10-19
OK0043320,GREENFIELD ENVIRONMENTAL MULTISTATE TRUST LLC-CUSHING,CUSHING,001,50050,Effluent Gross,Q2,DAILY MX,2015-09-30,,,,C,No Discharge,2015-10-19
OK0043320,GREENFIELD ENVIRONMENTAL MULTISTATE TRUST LLC-CUSHING,CUSHING,007,50050,Effluent Gross,Q1,MO AVG,2015-09-30,.08,,=,,,2015-10-19
OK0043320,GREENFIELD ENVIRONMENTAL MULTISTATE TRUST LLC-CUSHING,CUSHING,007,50050,Effluent Gross,Q2,DAILY MX,2015-09-30,.08,,=,,,2015-10-19
OK0043320,GREENFIELD ENVIRONMENTAL MULTISTATE TRUST LLC-CUSHING,CUSHING,008,50050,Effluent Gross,Q1,MO AVG,2015-09-30,.08,,=,,,2015-10-19
OK0043320,GREENFIELD ENVIRONMENTAL MULTISTATE TRUST LLC-CUSHING,CUSHING,008,50050,Effluent Gross,Q2,DAILY MX,2015-09-30,.08,,=,,,2015-10-19
OK0044598,GREENFIELD ENVIRONMENTAL MULTISTATE TRUST LLC-SKULL CK,CUSHING,001,50050,Effluent Gross,Q1,MO AVG,2015-09-30,.007,,=,,,2015-10-19
OK0044598,GREENFIELD ENVIRONMENTAL MULTISTATE TRUST LLC-SKULL CK,CUSHING,001,50050,Effluent Gross,Q2,DAILY MX,2015-09-30,.007,,=,,,2015-10-19
OK0100374,PRIVATE PROPERTY,CUSHING,001,50050,Effluent Gross,Q1,MO AVG,2015-09-30,,,,C,No Discharge,2015-10-13
OK0100374,PRIVATE PROPERTY,CUSHING,001,50050,Effluent Gross,Q2,DAILY MX,2015-09-30,,,,C,No Discharge,2015-10-13
OK0100374,PRIVATE PROPERTY,CUSHING,002,50050,Effluent Gross,Q1,MO AVG,2015-09-30,,,,C,No Discharge,2015-10-13
OK0100374,PRIVATE PROPERTY,CUSHING,002,50050,Effluent Gross,Q2,DAILY MX,2015-09-30,,,,C,No Discharge,2015-10-13
OKG950028,"STEWART STONE, INC.-CUSHING",CUSHING,001,50050,Effluent Gross,Q1,MO AVG,2015-09-30,,,,C,No Discharge,2015-10-08
OKG950028,"STEWART STONE, INC.-CUSHING",CUSHING,001,50050,Effluent Gross,Q2,DAILY MX,2015-09-30,,,,C,No Discharge,2015-10-08
OK0026701,"CUSHING, CITY OF  - SOUTH STP",CUSHING,001,50050,Effluent Gross,Q1,MO AVG,2015-10-31,.95,,=,,,2015-11-09
OK0026701,"CUSHING, CITY OF  - SOUTH STP",CUSHING,001,50050,Effluent Gross,Q2,DAILY MX,2015-10-31,1.518,,=,,,2015-11-09
OK0043320,GREENFIELD ENVIRONMENTAL MULTISTATE TRUST LLC-CUSHING,CUSHING,001,50050,Effluent Gross,Q1,MO AVG,2015-10-31,,,,C,No Discharge,2015-11-18
OK0043320,GREENFIELD ENVIRONMENTAL MULTISTATE TRUST LLC-CUSHING,CUSHING,001,50050,Effluent Gross,Q2,DAILY MX,2015-10-31,,,,C,No Discharge,2015-11-18
OK0043320,GREENFIELD ENVIRONMENTAL MULTISTATE TRUST LLC-CUSHING,CUSHING,007,50050,Effluent Gross,Q1,MO AVG,2015-10-31,.09,,=,,,2015-11-18
OK0043320,GREENFIELD ENVIRONMENTAL MULTISTATE TRUST LLC-CUSHING,CUSHING,007,50050,Effluent Gross,Q2,DAILY MX,2015-10-31,.09,,=,,,2015-11-18
OK0043320,GREENFIELD ENVIRONMENTAL MULTISTATE TRUST LLC-CUSHING,CUSHING,008,50050,Effluent Gross,Q1,MO AVG,2015-10-31,.09,,=,,,2015-11-18
OK0043320,GREENFIELD ENVIRONMENTAL MULTISTATE TRUST LLC-CUSHING,CUSHING,008,50050,Effluent Gross,Q2,DAILY MX,2015-10-31,.09,,=,,,2015-11-18
OK0044598,GREENFIELD ENVIRONMENTAL MULTISTATE TRUST LLC-SKULL CK,CUSHING,001,50050,Effluent Gross,Q1,MO AVG,2015-10-31,.007,,=,,,2015-11-18
OK0044598,GREENFIELD ENVIRONMENTAL MULTISTATE TRUST LLC-SKULL CK,CUSHING,001,50050,Effluent Gross,Q2,DAILY MX,2015-10-31,.007,,=,,,2015-11-18
OK0100374,PRIVATE PROPERTY,CUSHING,001,50050,Effluent Gross,Q1,MO AVG,2015-10-31,,,,C,No Discharge,2015-10-13
OK0100374,PRIVATE PROPERTY,CUSHING,001,50050,Effluent Gross,Q2,DAILY MX,2015-10-31,,,,C,No Discharge,2015-10-13
OK0100374,PRIVATE PROPERTY,CUSHING,002,50050,Effluent Gross,Q1,MO AVG,2015-10-31,,,,C,No Discharge,2015-10-13
OK0100374,PRIVATE PROPERTY,CUSHING,002,50050,Effluent Gross,Q2,DAILY MX,2015-10-31,,,,C,No Discharge,2015-10-13
OKG950028,"STEWART STONE, INC.-CUSHING",CUSHING,001,50050,Effluent Gross,Q1,MO AVG,2015-10-31,,,,C,No Discharge,2015-11-09
OKG950028,"STEWART STONE, INC.-CUSHING",CUSHING,001,50050,Effluent Gross,Q2,DAILY MX,2015-10-31,,,,C,No Discharge,2015-11-09
OK0026701,"CUSHING, CITY OF  - SOUTH STP",CUSHING,001,50050,Effluent Gross,Q1,MO AVG,2015-11-30,1.32,,=,,,2015-12-10
OK0026701,"CUSHING, CITY OF  - SOUTH STP",CUSHING,001,50050,Effluent Gross,Q2,DAILY MX,2015-11-30,3.609,,=,,,2015-12-10
OK0043320,GREENFIELD ENVIRONMENTAL MULTISTATE TRUST LLC-CUSHING,CUSHING,001,50050,Effluent Gross,Q1,MO AVG,2015-11-30,,,,C,No Discharge,2015-12-17
OK0043320,GREENFIELD ENVIRONMENTAL MULTISTATE TRUST LLC-CUSHING,CUSHING,001,50050,Effluent Gross,Q2,DAILY MX,2015-11-30,,,,C,No Discharge,2015-12-17
OK0043320,GREENFIELD ENVIRONMENTAL MULTISTATE TRUST LLC-CUSHING,CUSHING,007,50050,Effluent Gross,Q1,MO AVG,2015-11-30,,,,C,No Discharge,2015-12-17
OK0043320,GREENFIELD ENVIRONMENTAL MULTISTATE TRUST LLC-CUSHING,CUSHING,007,50050,Effluent Gross,Q2,DAILY MX,2015-11-30,,,,C,No Discharge,2015-12-17
OK0043320,GREENFIELD ENVIRONMENTAL MULTISTATE TRUST LLC-CUSHING,CUSHING,008,50050,Effluent Gross,Q1,MO AVG,2015-11-30,,,,C,No Discharge,2015-12-17
OK0043320,GREENFIELD ENVIRONMENTAL MULTISTATE TRUST LLC-CUSHING,CUSHING,008,50050,Effluent Gross,Q2,DAILY MX,2015-11-30,,,,C,No Discharge,2015-12-17
OK0044598,GREENFIELD ENVIRONMENTAL MULTISTATE TRUST LLC-SKULL CK,CUSHING,001,50050,Effluent Gross,Q1,MO AVG,2015-11-30,.007,,=,,,2015-12-17
OK0044598,GREENFIELD ENVIRONMENTAL MULTISTATE TRUST LLC-SKULL CK,CUSHING,001,50050,Effluent Gross,Q2,DAILY MX,2015-11-30,.007,,=,,,2015-12-17
OKG950028,"STEWART STONE, INC.-CUSHING",CUSHING,001,50050,Effluent Gross,Q1,MO AVG,2015-11-30,,,,C,No Discharge,2015-12-09
OKG950028,"STEWART STONE, INC.-CUSHING",CUSHING,001,50050,Effluent Gross,Q2,DAILY MX,2015-11-30,,,,C,No Discharge,2015-12-09
OK0026701,"CUSHING, CITY OF  - SOUTH STP",CUSHING,001,50050,Effluent Gross,Q1,MO AVG,2015-12-31,1.64,,=,,,2016-01-11
OK0026701,"CUSHING, CITY OF  - SOUTH STP",CUSHING,001,50050,Effluent Gross,Q2,DAILY MX,2015-12-31,4.046,,=,,,2016-01-11
OK0043320,GREENFIELD ENVIRONMENTAL MULTISTATE TRUST LLC-CUSHING,CUSHING,001,50050,Effluent Gross,Q1,MO AVG,2015-12-31,,,,C,No Discharge,2016-01-19
OK0043320,GREENFIELD ENVIRONMENTAL MULTISTATE TRUST LLC-CUSHING,CUSHING,001,50050,Effluent Gross,Q2,DAILY MX,2015-12-31,,,,C,No Discharge,2016-01-19
OK0043320,GREENFIELD ENVIRONMENTAL MULTISTATE TRUST LLC-CUSHING,CUSHING,007,50050,Effluent Gross,Q1,MO AVG,2015-12-31,,,,C,No Discharge,2016-01-19
OK0043320,GREENFIELD ENVIRONMENTAL MULTISTATE TRUST LLC-CUSHING,CUSHING,007,50050,Effluent Gross,Q2,DAILY MX,2015-12-31,,,,C,No Discharge,2016-01-19
OK0043320,GREENFIELD ENVIRONMENTAL MULTISTATE TRUST LLC-CUSHING,CUSHING,008,50050,Effluent Gross,Q1,MO AVG,2015-12-31,,,,C,No Discharge,2016-01-19
OK0043320,GREENFIELD ENVIRONMENTAL MULTISTATE TRUST LLC-CUSHING,CUSHING,008,50050,Effluent Gross,Q2,DAILY MX,2015-12-31,,,,C,No Discharge,2016-01-19
OK0044598,GREENFIELD ENVIRONMENTAL MULTISTATE TRUST LLC-SKULL CK,CUSHING,001,50050,Effluent Gross,Q1,MO AVG,2015-12-31,.007,,=,,,2016-01-19
OK0044598,GREENFIELD ENVIRONMENTAL MULTISTATE TRUST LLC-SKULL CK,CUSHING,001,50050,Effluent Gross,Q2,DAILY MX,2015-12-31,.007,,=,,,2016-01-19
OKG950028,"STEWART STONE, INC.-CUSHING",CUSHING,001,50050,Effluent Gross,Q1,MO AVG,2015-12-31,,,,C,No Discharge,2016-01-07
OKG950028,"STEWART STONE, INC.-CUSHING",CUSHING,001,50050,Effluent Gross,Q2,DAILY MX,2015-12-31,,,,C,No Discharge,2016-01-07
OK0026701,"CUSHING, CITY OF  - SOUTH STP",CUSHING,001,50050,Effluent Gross,Q1,MO AVG,2016-01-31,1.48,,=,,,2016-02-10
OK0026701,"CUSHING, CITY OF  - SOUTH STP",CUSHING,001,50050,Effluent Gross,Q2,DAILY MX,2016-01-31,2.313,,=,,,2016-02-10
OK0043320,GREENFIELD ENVIRONMENTAL MULTISTATE TRUST LLC-CUSHING,CUSHING,001,50050,Effluent Gross,Q1,MO AVG,2016-01-31,,,,C,No Discharge,2016-02-16
OK0043320,GREENFIELD ENVIRONMENTAL MULTISTATE TRUST LLC-CUSHING,CUSHING,001,50050,Effluent Gross,Q2,DAILY MX,2016-01-31,,,,C,No Discharge,2016-02-16
OK0043320,GREENFIELD ENVIRONMENTAL MULTISTATE TRUST LLC-CUSHING,CUSHING,007,50050,Effluent Gross,Q1,MO AVG,2016-01-31,.09,,=,,,2016-02-16
OK0043320,GREENFIELD ENVIRONMENTAL MULTISTATE TRUST LLC-CUSHING,CUSHING,007,50050,Effluent Gross,Q2,DAILY MX,2016-01-31,.09,,=,,,2016-02-16
OK0043320,GREENFIELD ENVIRONMENTAL MULTISTATE TRUST LLC-CUSHING,CUSHING,008,50050,Effluent Gross,Q1,MO AVG,2016-01-31,.09,,=,,,2016-02-16
OK0043320,GREENFIELD ENVIRONMENTAL MULTISTATE TRUST LLC-CUSHING,CUSHING,008,50050,Effluent Gross,Q2,DAILY MX,2016-01-31,.09,,=,,,2016-02-16
OK0044598,GREENFIELD ENVIRONMENTAL MULTISTATE TRUST LLC-SKULL CK,CUSHING,001,50050,Effluent Gross,Q1,MO AVG,2016-01-31,.007,,=,,,2016-02-16
OK0044598,GREENFIELD ENVIRONMENTAL MULTISTATE TRUST LLC-SKULL CK,CUSHING,001,50050,Effluent Gross,Q2,DAILY MX,2016-01-31,.007,,=,,,2016-02-16
OKG950028,"STEWART STONE, INC.-CUSHING",CUSHING,001,50050,Effluent Gross,Q1,MO AVG,2016-01-31,,,,C,No Discharge,2016-02-05
OKG950028,"STEWART STONE, INC.-CUSHING",CUSHING,001,50050,Effluent Gross,Q2,DAILY MX,2016-01-31,,,,C,No Discharge,2016-02-05
OK0026701,"CUSHING, CITY OF  - SOUTH STP",CUSHING,001,50050,Effluent Gross,Q1,MO AVG,2016-02-29,1.18,,=,,,2016-03-09
OK0026701,"CUSHING, CITY OF  - SOUTH STP",CUSHING,001,50050,Effluent Gross,Q2,DAILY MX,2016-02-29,1.708,,=,,,2016-03-09
OK0043320,GREENFIELD ENVIRONMENTAL MULTISTATE TRUST LLC-CUSHING,CUSHING,001,50050,Effluent Gross,Q1,MO AVG,2016-02-29,,,,C,No Discharge,2016-03-16
OK0043320,GREENFIELD ENVIRONMENTAL MULTISTATE TRUST LLC-CUSHING,CUSHING,001,50050,Effluent Gross,Q2,DAILY MX,2016-02-29,,,,C,No Discharge,2016-03-16
OK0043320,GREENFIELD ENVIRONMENTAL MULTISTATE TRUST LLC-CUSHING,CUSHING,007,50050,Effluent Gross,Q1,MO AVG,2016-02-29,.09,,=,,,2016-03-16
OK0043320,GREENFIELD ENVIRONMENTAL MULTISTATE TRUST LLC-CUSHING,CUSHING,007,50050,Effluent Gross,Q2,DAILY MX,2016-02-29,.09,,=,,,2016-03-16
OK0043320,GREENFIELD ENVIRONMENTAL MULTISTATE TRUST LLC-CUSHING,CUSHING,008,50050,Effluent Gross,Q1,MO AVG,2016-02-29,.09,,=,,,2016-03-16
OK0043320,GREENFIELD ENVIRONMENTAL MULTISTATE TRUST LLC-CUSHING,CUSHING,008,50050,Effluent Gross,Q2,DAILY MX,2016-02-29,.09,,=,,,2016-03-16
OK0044598,GREENFIELD ENVIRONMENTAL MULTISTATE TRUST LLC-SKULL CK,CUSHING,001,50050,Effluent Gross,Q1,MO AVG,2016-02-29,.007,,=,,,2016-03-16
OK0044598,GREENFIELD ENVIRONMENTAL MULTISTATE TRUST LLC-SKULL CK,CUSHING,001,50050,Effluent Gross,Q2,DAILY MX,2016-02-29,.007,,=,,,2016-03-16
OKG950028,"STEWART STONE, INC.-CUSHING",CUSHING,001,50050,Effluent Gross,Q1,MO AVG,2016-02-29,,,,C,No Discharge,2016-03-10
OKG950028,"STEWART STONE, INC.-CUSHING",CUSHING,001,50050,Effluent Gross,Q2,DAILY MX,2016-02-29,,,,C,No Discharge,2016-03-10
OK0026701,"CUSHING, CITY OF  - SOUTH STP",CUSHING,001,50050,Effluent Gross,Q1,MO AVG,2016-03-31,1.3,,=,,,2016-04-08
OK0026701,"CUSHING, CITY OF  - SOUTH STP",CUSHING,001,50050,Effluent Gross,Q2,DAILY MX,2016-03-31,2.007,,=,,,2016-04-08
OK0043320,GREENFIELD ENVIRONMENTAL MULTISTATE TRUST LLC-CUSHING,CUSHING,001,50050,Effluent Gross,Q1,MO AVG,2016-03-31,,,,C,No Discharge,2016-04-13
OK0043320,GREENFIELD ENVIRONMENTAL MULTISTATE TRUST LLC-CUSHING,CUSHING,001,50050,Effluent Gross,Q2,DAILY MX,2016-03-31,,,,C,No Discharge,2016-04-13
OK0043320,GREENFIELD ENVIRONMENTAL MULTISTATE TRUST LLC-CUSHING,CUSHING,007,50050,Effluent Gross,Q1,MO AVG,2016-03-31,.09,,=,,,2016-04-13
OK0043320,GREENFIELD ENVIRONMENTAL MULTISTATE TRUST LLC-CUSHING,CUSHING,007,50050,Effluent Gross,Q2,DAILY MX,2016-03-31,.09,,=,,,2016-04-13
OK0043320,GREENFIELD ENVIRONMENTAL MULTISTATE TRUST LLC-CUSHING,CUSHING,008,50050,Effluent Gross,Q1,MO AVG,2016-03-31,.09,,=,,,2016-04-13
OK0043320,GREENFIELD ENVIRONMENTAL MULTISTATE TRUST LLC-CUSHING,CUSHING,008,50050,Effluent Gross,Q2,DAILY MX,2016-03-31,.09,,=,,,2016-04-13
OK0044598,GREENFIELD ENVIRONMENTAL MULTISTATE TRUST LLC-SKULL CK,CUSHING,001,50050,Effluent Gross,Q1,MO AVG,2016-03-31,.007,,=,,,2016-04-13
OK0044598,GREENFIELD ENVIRONMENTAL MULTISTATE TRUST LLC-SKULL CK,CUSHING,001,50050,Effluent Gross,Q2,DAILY MX,2016-03-31,.007,,=,,,2016-04-13
OKG950028,"STEWART STONE, INC.-CUSHING",CUSHING,001,50050,Effluent Gross,Q1,MO AVG,2016-03-31,,,,C,No Discharge,2016-04-04
OKG950028,"STEWART STONE, INC.-CUSHING",CUSHING,001,50050,Effluent Gross,Q2,DAILY MX,2016-03-31,,,,C,No Discharge,2016-04-04
OK0026701,"CUSHING, CITY OF  - SOUTH STP",CUSHING,001,50050,Effluent Gross,Q1,MO AVG,2016-04-30,1.57,,=,,,2016-05-06
OK0026701,"CUSHING, CITY OF  - SOUTH STP",CUSHING,001,50050,Effluent Gross,Q2,DAILY MX,2016-04-30,3.357,,=,,,2016-05-06
OK0043320,GREENFIELD ENVIRONMENTAL MULTISTATE TRUST LLC-CUSHING,CUSHING,001,50050,Effluent Gross,Q1,MO AVG,2016-04-30,,,,C,No Discharge,2016-05-17
OK0043320,GREENFIELD ENVIRONMENTAL MULTISTATE TRUST LLC-CUSHING,CUSHING,001,50050,Effluent Gross,Q2,DAILY MX,2016-04-30,,,,C,No Discharge,2016-05-17
OK0043320,GREENFIELD ENVIRONMENTAL MULTISTATE TRUST LLC-CUSHING,CUSHING,007,50050,Effluent Gross,Q1,MO AVG,2016-04-30,,,,C,No Discharge,2016-05-17
OK0043320,GREENFIELD ENVIRONMENTAL MULTISTATE TRUST LLC-CUSHING,CUSHING,007,50050,Effluent Gross,Q2,DAILY MX,2016-04-30,,,,C,No Discharge,2016-05-17
OK0043320,GREENFIELD ENVIRONMENTAL MULTISTATE TRUST LLC-CUSHING,CUSHING,008,50050,Effluent Gross,Q1,MO AVG,2016-04-30,,,,C,No Discharge,2016-05-17
OK0043320,GREENFIELD ENVIRONMENTAL MULTISTATE TRUST LLC-CUSHING,CUSHING,008,50050,Effluent Gross,Q2,DAILY MX,2016-04-30,,,,C,No Discharge,2016-05-17
OK0044598,GREENFIELD ENVIRONMENTAL MULTISTATE TRUST LLC-SKULL CK,CUSHING,001,50050,Effluent Gross,Q1,MO AVG,2016-04-30,.008,,=,,,2016-05-17
OK0044598,GREENFIELD ENVIRONMENTAL MULTISTATE TRUST LLC-SKULL CK,CUSHING,001,50050,Effluent Gross,Q2,DAILY MX,2016-04-30,.008,,=,,,2016-05-17
OKG950028,"STEWART STONE, INC.-CUSHING",CUSHING,001,50050,Effluent Gross,Q1,MO AVG,2016-04-30,,,,C,No Discharge,2016-05-09
OKG950028,"STEWART STONE, INC.-CUSHING",CUSHING,001,50050,Effluent Gross,Q2,DAILY MX,2016-04-30,,,,C,No Discharge,2016-05-09
OK0026701,"CUSHING, CITY OF  - SOUTH STP",CUSHING,001,50050,Effluent Gross,Q1,MO AVG,2016-05-31,1.13,,=,,,2016-06-08
OK0026701,"CUSHING, CITY OF  - SOUTH STP",CUSHING,001,50050,Effluent Gross,Q2,DAILY MX,2016-05-31,1.814,,=,,,2016-06-08
OK0043320,GREENFIELD ENVIRONMENTAL MULTISTATE TRUST LLC-CUSHING,CUSHING,001,50050,Effluent Gross,Q1,MO AVG,2016-05-31,,,,C,No Discharge,2016-06-03
OK0043320,GREENFIELD ENVIRONMENTAL MULTISTATE TRUST LLC-CUSHING,CUSHING,001,50050,Effluent Gross,Q2,DAILY MX,2016-05-31,,,,C,No Discharge,2016-06-03
OK0043320,GREENFIELD ENVIRONMENTAL MULTISTATE TRUST LLC-CUSHING,CUSHING,007,50050,Effluent Gross,Q1,MO AVG,2016-05-31,,,,C,No Discharge,2016-06-03
OK0043320,GREENFIELD ENVIRONMENTAL MULTISTATE TRUST LLC-CUSHING,CUSHING,007,50050,Effluent Gross,Q2,DAILY MX,2016-05-31,,,,C,No Discharge,2016-06-03
OK0043320,GREENFIELD ENVIRONMENTAL MULTISTATE TRUST LLC-CUSHING,CUSHING,008,50050,Effluent Gross,Q1,MO AVG,2016-05-31,,,,C,No Discharge,2016-06-03
OK0043320,GREENFIELD ENVIRONMENTAL MULTISTATE TRUST LLC-CUSHING,CUSHING,008,50050,Effluent Gross,Q2,DAILY MX,2016-05-31,,,,C,No Discharge,2016-06-03
OK0044598,GREENFIELD ENVIRONMENTAL MULTISTATE TRUST LLC-SKULL CK,CUSHING,001,50050,Effluent Gross,Q1,MO AVG,2016-05-31,.008,,=,,,2016-06-03
OK0044598,GREENFIELD ENVIRONMENTAL MULTISTATE TRUST LLC-SKULL CK,CUSHING,001,50050,Effluent Gross,Q2,DAILY MX,2016-05-31,.008,,=,,,2016-06-03
OKG950028,"STEWART STONE, INC.-CUSHING",CUSHING,001,50050,Effluent Gross,Q1,MO AVG,2016-05-31,,,,C,No Discharge,2016-06-06
OKG950028,"STEWART STONE, INC.-CUSHING",CUSHING,001,50050,Effluent Gross,Q2,DAILY MX,2016-05-31,,,,C,No Discharge,2016-06-06
OK0026701,"CUSHING, CITY OF  - SOUTH STP",CUSHING,001,50050,Effluent Gross,Q1,MO AVG,2016-06-30,.93,,=,,,2016-07-08
OK0026701,"CUSHING, CITY OF  - SOUTH STP",CUSHING,001,50050,Effluent Gross,Q2,DAILY MX,2016-06-30,1.118,,=,,,2016-07-08
OK0043320,GREENFIELD ENVIRONMENTAL MULTISTATE TRUST LLC-CUSHING,CUSHING,001,50050,Effluent Gross,Q1,MO AVG,2016-06-30,,,,C,No Discharge,2016-07-12
OK0043320,GREENFIELD ENVIRONMENTAL MULTISTATE TRUST LLC-CUSHING,CUSHING,001,50050,Effluent Gross,Q2,DAILY MX,2016-06-30,,,,C,No Discharge,2016-07-12
OK0043320,GREENFIELD ENVIRONMENTAL MULTISTATE TRUST LLC-CUSHING,CUSHING,007,50050,Effluent Gross,Q1,MO AVG,2016-06-30,.09,,=,,,2016-07-12
OK0043320,GREENFIELD ENVIRONMENTAL MULTISTATE TRUST LLC-CUSHING,CUSHING,007,50050,Effluent Gross,Q2,DAILY MX,2016-06-30,.09,,=,,,2016-07-12
OK0043320,GREENFIELD ENVIRONMENTAL MULTISTATE TRUST LLC-CUSHING,CUSHING,008,50050,Effluent Gross,Q1,MO AVG,2016-06-30,.09,,=,,,2016-07-12
OK0043320,GREENFIELD ENVIRONMENTAL MULTISTATE TRUST LLC-CUSHING,CUSHING,008,50050,Effluent Gross,Q2,DAILY MX,2016-06-30,.09,,=,,,2016-07-12
OK0044598,GREENFIELD ENVIRONMENTAL MULTISTATE TRUST LLC-SKULL CK,CUSHING,001,50050,Effluent Gross,Q1,MO AVG,2016-06-30,.008,,=,,,2016-07-12
OK0044598,GREENFIELD ENVIRONMENTAL MULTISTATE TRUST LLC-SKULL CK,CUSHING,001,50050,Effluent Gross,Q2,DAILY MX,2016-06-30,.008,,=,,,2016-07-12
OKG950028,"STEWART STONE, INC.-CUSHING",CUSHING,001,50050,Effluent Gross,Q1,MO AVG,2016-06-30,,,,C,No Discharge,2016-07-11
OKG950028,"STEWART STONE, INC.-CUSHING",CUSHING,001,50050,Effluent Gross,Q2,DAILY MX,2016-06-30,,,,C,No Discharge,2016-07-11
OK0026701,"CUSHING, CITY OF  - SOUTH STP",CUSHING,001,50050,Effluent Gross,Q1,MO AVG,2016-07-31,1.07,,=,,,2016-08-08
OK0026701,"CUSHING, CITY OF  - SOUTH STP",CUSHING,001,50050,Effluent Gross,Q2,DAILY MX,2016-07-31,1.906,,=,,,2016-08-08
OK0043320,GREENFIELD ENVIRONMENTAL MULTISTATE TRUST LLC-CUSHING,CUSHING,001,50050,Effluent Gross,Q1,MO AVG,2016-07-31,,,,C,No Discharge,2016-08-17
OK0043320,GREENFIELD ENVIRONMENTAL MULTISTATE TRUST LLC-CUSHING,CUSHING,001,50050,Effluent Gross,Q2,DAILY MX,2016-07-31,,,,C,No Discharge,2016-08-17
OK0043320,GREENFIELD ENVIRONMENTAL MULTISTATE TRUST LLC-CUSHING,CUSHING,007,50050,Effluent Gross,Q1,MO AVG,2016-07-31,,,,C,No Discharge,2016-08-17
OK0043320,GREENFIELD ENVIRONMENTAL MULTISTATE TRUST LLC-CUSHING,CUSHING,007,50050,Effluent Gross,Q2,DAILY MX,2016-07-31,,,,C,No Discharge,2016-08-17
OK0043320,GREENFIELD ENVIRONMENTAL MULTISTATE TRUST LLC-CUSHING,CUSHING,008,50050,Effluent Gross,Q1,MO AVG,2016-07-31,,,,C,No Discharge,2016-08-17
OK0043320,GREENFIELD ENVIRONMENTAL MULTISTATE TRUST LLC-CUSHING,CUSHING,008,50050,Effluent Gross,Q2,DAILY MX,2016-07-31,,,,C,No Discharge,2016-08-17
OK0044598,GREENFIELD ENVIRONMENTAL MULTISTATE TRUST LLC-SKULL CK,CUSHING,001,50050,Effluent Gross,Q1,MO AVG,2016-07-31,.008,,=,,,2016-08-17
OK0044598,GREENFIELD ENVIRONMENTAL MULTISTATE TRUST LLC-SKULL CK,CUSHING,001,50050,Effluent Gross,Q2,DAILY MX,2016-07-31,.008,,=,,,2016-08-17
OKG950028,"STEWART STONE, INC.-CUSHING",CUSHING,001,50050,Effluent Gross,Q1,MO AVG,2016-07-31,,,,C,No Discharge,2016-08-05
OKG950028,"STEWART STONE, INC.-CUSHING",CUSHING,001,50050,Effluent Gross,Q2,DAILY MX,2016-07-31,,,,C,No Discharge,2016-08-05
OK0026701,"CUSHING, CITY OF  - SOUTH STP",CUSHING,001,50050,Effluent Gross,Q1,MO AVG,2016-08-31,.88,,=,,,2016-09-12
OK0026701,"CUSHING, CITY OF  - SOUTH STP",CUSHING,001,50050,Effluent Gross,Q2,DAILY MX,2016-08-31,1.244,,=,,,2016-09-12
OK0043320,GREENFIELD ENVIRONMENTAL MULTISTATE TRUST LLC-CUSHING,CUSHING,001,50050,Effluent Gross,Q1,MO AVG,2016-08-31,,,,C,No Discharge,2016-09-16
OK0043320,GREENFIELD ENVIRONMENTAL MULTISTATE TRUST LLC-CUSHING,CUSHING,001,50050,Effluent Gross,Q2,DAILY MX,2016-08-31,,,,C,No Discharge,2016-09-16
OK0043320,GREENFIELD ENVIRONMENTAL MULTISTATE TRUST LLC-CUSHING,CUSHING,007,50050,Effluent Gross,Q1,MO AVG,2016-08-31,,,,C,No Discharge,2016-09-16
OK0043320,GREENFIELD ENVIRONMENTAL MULTISTATE TRUST LLC-CUSHING,CUSHING,007,50050,Effluent Gross,Q2,DAILY MX,2016-08-31,,,,C,No Discharge,2016-09-16
OK0043320,GREENFIELD ENVIRONMENTAL MULTISTATE TRUST LLC-CUSHING,CUSHING,008,50050,Effluent Gross,Q1,MO AVG,2016-08-31,,,,C,No Discharge,2016-09-16
OK0043320,GREENFIELD ENVIRONMENTAL MULTISTATE TRUST LLC-CUSHING,CUSHING,008,50050,Effluent Gross,Q2,DAILY MX,2016-08-31,,,,C,No Discharge,2016-09-16
OK0044598,GREENFIELD ENVIRONMENTAL MULTISTATE TRUST LLC-SKULL CK,CUSHING,001,50050,Effluent Gross,Q1,MO AVG,2016-08-31,.008,,=,,,2016-09-16
OK0044598,GREENFIELD ENVIRONMENTAL MULTISTATE TRUST LLC-SKULL CK,CUSHING,001,50050,Effluent Gross,Q2,DAILY MX,2016-08-31,.008,,=,,,2016-09-16
OKG950028,"STEWART STONE, INC.-CUSHING",CUSHING,001,50050,Effluent Gross,Q1,MO AVG,2016-08-31,,,,C,No Discharge,2016-09-09
OKG950028,"STEWART STONE, INC.-CUSHING",CUSHING,001,50050,Effluent Gross,Q2,DAILY MX,2016-08-31,,,,C,No Discharge,2016-09-09
OK0026701,"CUSHING, CITY OF  - SOUTH STP",CUSHING,001,50050,Effluent Gross,Q1,MO AVG,2016-09-30,.9,,=,,,2016-10-07
OK0026701,"CUSHING, CITY OF  - SOUTH STP",CUSHING,001,50050,Effluent Gross,Q2,DAILY MX,2016-09-30,1.562,,=,,,2016-10-07
OK0043320,GREENFIELD ENVIRONMENTAL MULTISTATE TRUST LLC-CUSHING,CUSHING,001,50050,Effluent Gross,Q1,MO AVG,2016-09-30,,,,C,No Discharge,2016-10-18
OK0043320,GREENFIELD ENVIRONMENTAL MULTISTATE TRUST LLC-CUSHING,CUSHING,001,50050,Effluent Gross,Q2,DAILY MX,2016-09-30,,,,C,No Discharge,2016-10-18
OK0043320,GREENFIELD ENVIRONMENTAL MULTISTATE TRUST LLC-CUSHING,CUSHING,007,50050,Effluent Gross,Q1,MO AVG,2016-09-30,,,,C,No Discharge,2016-10-18
OK0043320,GREENFIELD ENVIRONMENTAL MULTISTATE TRUST LLC-CUSHING,CUSHING,007,50050,Effluent Gross,Q2,DAILY MX,2016-09-30,,,,C,No Discharge,2016-10-18
OK0043320,GREENFIELD ENVIRONMENTAL MULTISTATE TRUST LLC-CUSHING,CUSHING,008,50050,Effluent Gross,Q1,MO AVG,2016-09-30,,,,C,No Discharge,2016-10-18
OK0043320,GREENFIELD ENVIRONMENTAL MULTISTATE TRUST LLC-CUSHING,CUSHING,008,50050,Effluent Gross,Q2,DAILY MX,2016-09-30,,,,C,No Discharge,2016-10-18
OK0044598,GREENFIELD ENVIRONMENTAL MULTISTATE TRUST LLC-SKULL CK,CUSHING,001,50050,Effluent Gross,Q1,MO AVG,2016-09-30,.008,,=,,,2016-10-19
OK0044598,GREENFIELD ENVIRONMENTAL MULTISTATE TRUST LLC-SKULL CK,CUSHING,001,50050,Effluent Gross,Q2,DAILY MX,2016-09-30,.008,,=,,,2016-10-19
OKG950028,"STEWART STONE, INC.-CUSHING",CUSHING,001,50050,Effluent Gross,Q1,MO AVG,2016-09-30,,,,C,No Discharge,2016-10-06
OKG950028,"STEWART STONE, INC.-CUSHING",CUSHING,001,50050,Effluent Gross,Q2,DAILY MX,2016-09-30,,,,C,No Discharge,2016-10-06
OK0026701,"CUSHING, CITY OF  - SOUTH STP",CUSHING,001,50050,Effluent Gross,Q1,MO AVG,2016-10-31,.85,,=,,,2016-11-07
OK0026701,"CUSHING, CITY OF  - SOUTH STP",CUSHING,001,50050,Effluent Gross,Q2,DAILY MX,2016-10-31,1.331,,=,,,2016-11-07
OK0043320,GREENFIELD ENVIRONMENTAL MULTISTATE TRUST LLC-CUSHING,CUSHING,001,50050,Effluent Gross,Q1,MO AVG,2016-10-31,,,,C,No Discharge,2016-11-17
OK0043320,GREENFIELD ENVIRONMENTAL MULTISTATE TRUST LLC-CUSHING,CUSHING,001,50050,Effluent Gross,Q2,DAILY MX,2016-10-31,,,,C,No Discharge,2016-11-17
OK0043320,GREENFIELD ENVIRONMENTAL MULTISTATE TRUST LLC-CUSHING,CUSHING,007,50050,Effluent Gross,Q1,MO AVG,2016-10-31,.09,,=,,,2016-11-17
OK0043320,GREENFIELD ENVIRONMENTAL MULTISTATE TRUST LLC-CUSHING,CUSHING,007,50050,Effluent Gross,Q2,DAILY MX,2016-10-31,.09,,=,,,2016-11-17
OK0043320,GREENFIELD ENVIRONMENTAL MULTISTATE TRUST LLC-CUSHING,CUSHING,008,50050,Effluent Gross,Q1,MO AVG,2016-10-31,.09,,=,,,2016-11-17
OK0043320,GREENFIELD ENVIRONMENTAL MULTISTATE TRUST LLC-CUSHING,CUSHING,008,50050,Effluent Gross,Q2,DAILY MX,2016-10-31,.09,,=,,,2016-11-17
OK0044598,GREENFIELD ENVIRONMENTAL MULTISTATE TRUST LLC-SKULL CK,CUSHING,001,50050,Effluent Gross,Q1,MO AVG,2016-10-31,.008,,=,,,2016-11-17
OK0044598,GREENFIELD ENVIRONMENTAL MULTISTATE TRUST LLC-SKULL CK,CUSHING,001,50050,Effluent Gross,Q2,DAILY MX,2016-10-31,.008,,=,,,2016-11-17
OKG950028,"STEWART STONE, INC.-CUSHING",CUSHING,001,50050,Effluent Gross,Q1,MO AVG,2016-10-31,,,,C,No Discharge,2016-11-04
OKG950028,"STEWART STONE, INC.-CUSHING",CUSHING,001,50050,Effluent Gross,Q2,DAILY MX,2016-10-31,,,,C,No Discharge,2016-11-04
OK0026701,"CUSHING, CITY OF  - SOUTH STP",CUSHING,001,50050,Effluent Gross,Q1,MO AVG,2016-11-30,.85,,=,,,2016-12-09
OK0026701,"CUSHING, CITY OF  - SOUTH STP",CUSHING,001,50050,Effluent Gross,Q2,DAILY MX,2016-11-30,1.389,,=,,,2016-12-09
OK0043320,GREENFIELD ENVIRONMENTAL MULTISTATE TRUST LLC-CUSHING,CUSHING,001,50050,Effluent Gross,Q1,MO AVG,2016-11-30,,,,C,No Discharge,2016-12-13
OK0043320,GREENFIELD ENVIRONMENTAL MULTISTATE TRUST LLC-CUSHING,CUSHING,001,50050,Effluent Gross,Q2,DAILY MX,2016-11-30,,,,C,No Discharge,2016-12-13
OK0043320,GREENFIELD ENVIRONMENTAL MULTISTATE TRUST LLC-CUSHING,CUSHING,007,50050,Effluent Gross,Q1,MO AVG,2016-11-30,,,,C,No Discharge,2016-12-13
OK0043320,GREENFIELD ENVIRONMENTAL MULTISTATE TRUST LLC-CUSHING,CUSHING,007,50050,Effluent Gross,Q2,DAILY MX,2016-11-30,,,,C,No Discharge,2016-12-13
OK0043320,GREENFIELD ENVIRONMENTAL MULTISTATE TRUST LLC-CUSHING,CUSHING,008,50050,Effluent Gross,Q1,MO AVG,2016-11-30,,,,C,No Discharge,2016-12-13
OK0043320,GREENFIELD ENVIRONMENTAL MULTISTATE TRUST LLC-CUSHING,CUSHING,008,50050,Effluent Gross,Q2,DAILY MX,2016-11-30,,,,C,No Discharge,2016-12-13
OK0044598,GREENFIELD ENVIRONMENTAL MULTISTATE TRUST LLC-SKULL CK,CUSHING,001,50050,Effluent Gross,Q1,MO AVG,2016-11-30,.008,gal/d,=,,,2016-12-13
OK0044598,GREENFIELD ENVIRONMENTAL MULTISTATE TRUST LLC-SKULL CK,CUSHING,001,50050,Effluent Gross,Q2,DAILY MX,2016-11-30,.008,gal/d,=,,,2016-12-13
OKG950028,"STEWART STONE, INC.-CUSHING",CUSHING,001,50050,Effluent Gross,Q1,MO AVG,2016-11-30,,,,C,No Discharge,2016-12-07
OKG950028,"STEWART STONE, INC.-CUSHING",CUSHING,001,50050,Effluent Gross,Q2,DAILY MX,2016-11-30,,,,C,No Discharge,2016-12-07
OK0026701,"CUSHING, CITY OF  - SOUTH STP",CUSHING,001,50050,Effluent Gross,Q1,MO AVG,2016-12-31,.81,MGD,=,,,2017-01-05
OK0026701,"CUSHING, CITY OF  - SOUTH STP",CUSHING,001,50050,Effluent Gross,Q2,DAILY MX,2016-12-31,.94,MGD,=,,,2017-01-05
OK0043320,GREENFIELD ENVIRONMENTAL MULTISTATE TRUST LLC-CUSHING,CUSHING,001,50050,Effluent Gross,Q1,MO AVG,2016-12-31,,,,C,No Discharge,2017-01-13
OK0043320,GREENFIELD ENVIRONMENTAL MULTISTATE TRUST LLC-CUSHING,CUSHING,001,50050,Effluent Gross,Q2,DAILY MX,2016-12-31,,,,C,No Discharge,2017-01-13
OK0043320,GREENFIELD ENVIRONMENTAL MULTISTATE TRUST LLC-CUSHING,CUSHING,007,50050,Effluent Gross,Q1,MO AVG,2016-12-31,,,,C,No Discharge,2017-01-13
OK0043320,GREENFIELD ENVIRONMENTAL MULTISTATE TRUST LLC-CUSHING,CUSHING,007,50050,Effluent Gross,Q2,DAILY MX,2016-12-31,,,,C,No Discharge,2017-01-13
OK0043320,GREENFIELD ENVIRONMENTAL MULTISTATE TRUST LLC-CUSHING,CUSHING,008,50050,Effluent Gross,Q1,MO AVG,2016-12-31,,,,C,No Discharge,2017-01-13
OK0043320,GREENFIELD ENVIRONMENTAL MULTISTATE TRUST LLC-CUSHING,CUSHING,008,50050,Effluent Gross,Q2,DAILY MX,2016-12-31,,,,C,No Discharge,2017-01-13
OK0044598,GREENFIELD ENVIRONMENTAL MULTISTATE TRUST LLC-SKULL CK,CUSHING,001,50050,Effluent Gross,Q1,MO AVG,2016-12-31,8000,gal/d,=,,,2017-01-13
OK0044598,GREENFIELD ENVIRONMENTAL MULTISTATE TRUST LLC-SKULL CK,CUSHING,001,50050,Effluent Gross,Q2,DAILY MX,2016-12-31,8000,gal/d,=,,,2017-01-13
OKG950028,"STEWART STONE, INC.-CUSHING",CUSHING,001,50050,Effluent Gross,Q1,MO AVG,2016-12-31,,,,C,No Discharge,2017-01-10
OKG950028,"STEWART STONE, INC.-CUSHING",CUSHING,001,50050,Effluent Gross,Q2,DAILY MX,2016-12-31,,,,C,No Discharge,2017-01-10
OK0026701,"CUSHING, CITY OF  - SOUTH STP",CUSHING,001,50050,Effluent Gross,Q1,MO AVG,2017-01-31,.91,MGD,=,,,2017-02-06
OK0026701,"CUSHING, CITY OF  - SOUTH STP",CUSHING,001,50050,Effluent Gross,Q2,DAILY MX,2017-01-31,2.05,MGD,=,,,2017-02-06
OK0043320,GREENFIELD ENVIRONMENTAL MULTISTATE TRUST LLC-CUSHING,CUSHING,001,50050,Effluent Gross,Q1,MO AVG,2017-01-31,,,,C,No Discharge,2017-02-01
OK0043320,GREENFIELD ENVIRONMENTAL MULTISTATE TRUST LLC-CUSHING,CUSHING,001,50050,Effluent Gross,Q2,DAILY MX,2017-01-31,,,,C,No Discharge,2017-02-01
OK0043320,GREENFIELD ENVIRONMENTAL MULTISTATE TRUST LLC-CUSHING,CUSHING,007,50050,Effluent Gross,Q1,MO AVG,2017-01-31,,,,C,No Discharge,2017-02-01
OK0043320,GREENFIELD ENVIRONMENTAL MULTISTATE TRUST LLC-CUSHING,CUSHING,007,50050,Effluent Gross,Q2,DAILY MX,2017-01-31,,,,C,No Discharge,2017-02-01
OK0043320,GREENFIELD ENVIRONMENTAL MULTISTATE TRUST LLC-CUSHING,CUSHING,008,50050,Effluent Gross,Q1,MO AVG,2017-01-31,,,,C,No Discharge,2017-02-01
OK0043320,GREENFIELD ENVIRONMENTAL MULTISTATE TRUST LLC-CUSHING,CUSHING,008,50050,Effluent Gross,Q2,DAILY MX,2017-01-31,,,,C,No Discharge,2017-02-01
OK0044598,GREENFIELD ENVIRONMENTAL MULTISTATE TRUST LLC-SKULL CK,CUSHING,001,50050,Effluent Gross,Q1,MO AVG,2017-01-31,8000,gal/d,=,,,2017-02-01
OK0044598,GREENFIELD ENVIRONMENTAL MULTISTATE TRUST LLC-SKULL CK,CUSHING,001,50050,Effluent Gross,Q2,DAILY MX,2017-01-31,8000,gal/d,=,,,2017-02-01
OKG950028,"STEWART STONE, INC.-CUSHING",CUSHING,001,50050,Effluent Gross,Q1,MO AVG,2017-01-31,,,,C,No Discharge,2017-02-03
OKG950028,"STEWART STONE, INC.-CUSHING",CUSHING,001,50050,Effluent Gross,Q2,DAILY MX,2017-01-31,,,,C,No Discharge,2017-02-03
OK0026701,"CUSHING, CITY OF  - SOUTH STP",CUSHING,001,50050,Effluent Gross,Q1,MO AVG,2017-02-28,.91,MGD,=,,,2017-03-02
OK0026701,"CUSHING, CITY OF  - SOUTH STP",CUSHING,001,50050,Effluent Gross,Q2,DAILY MX,2017-02-28,1.544,MGD,=,,,2017-03-02
OK0043320,GREENFIELD ENVIRONMENTAL MULTISTATE TRUST LLC-CUSHING,CUSHING,001,50050,Effluent Gross,Q1,MO AVG,2017-02-28,,,,C,No Discharge,2017-03-06
OK0043320,GREENFIELD ENVIRONMENTAL MULTISTATE TRUST LLC-CUSHING,CUSHING,001,50050,Effluent Gross,Q2,DAILY MX,2017-02-28,,,,C,No Discharge,2017-03-06
OK0043320,GREENFIELD ENVIRONMENTAL MULTISTATE TRUST LLC-CUSHING,CUSHING,007,50050,Effluent Gross,Q1,MO AVG,2017-02-28,.09,MGD,=,,,2017-03-06
OK0043320,GREENFIELD ENVIRONMENTAL MULTISTATE TRUST LLC-CUSHING,CUSHING,007,50050,Effluent Gross,Q2,DAILY MX,2017-02-28,.09,MGD,=,,,2017-03-06
OK0043320,GREENFIELD ENVIRONMENTAL MULTISTATE TRUST LLC-CUSHING,CUSHING,008,50050,Effluent Gross,Q1,MO AVG,2017-02-28,.09,MGD,=,,,2017-03-06
OK0043320,GREENFIELD ENVIRONMENTAL MULTISTATE TRUST LLC-CUSHING,CUSHING,008,50050,Effluent Gross,Q2,DAILY MX,2017-02-28,.09,MGD,=,,,2017-03-06
OK0044598,GREENFIELD ENVIRONMENTAL MULTISTATE TRUST LLC-SKULL CK,CUSHING,001,50050,Effluent Gross,Q1,MO AVG,2017-02-28,8000,gal/d,=,,,2017-03-06
OK0044598,GREENFIELD ENVIRONMENTAL MULTISTATE TRUST LLC-SKULL CK,CUSHING,001,50050,Effluent Gross,Q2,DAILY MX,2017-02-28,8000,gal/d,=,,,2017-03-06
OKG950028,"STEWART STONE, INC.-CUSHING",CUSHING,001,50050,Effluent Gross,Q1,MO AVG,2017-02-28,,,,C,No Discharge,2017-03-03
OKG950028,"STEWART STONE, INC.-CUSHING",CUSHING,001,50050,Effluent Gross,Q2,DAILY MX,2017-02-28,,,,C,No Discharge,2017-03-03
OK0026701,"CUSHING, CITY OF  - SOUTH STP",CUSHING,001,50050,Effluent Gross,Q1,MO AVG,2017-03-31,.97,MGD,=,,,2017-04-05
OK0026701,"CUSHING, CITY OF  - SOUTH STP",CUSHING,001,50050,Effluent Gross,Q2,DAILY MX,2017-03-31,2.94,MGD,=,,,2017-04-05
OK0043320,GREENFIELD ENVIRONMENTAL MULTISTATE TRUST LLC-CUSHING,CUSHING,001,50050,Effluent Gross,Q1,MO AVG,2017-03-31,,,,C,No Discharge,2017-04-19
OK0043320,GREENFIELD ENVIRONMENTAL MULTISTATE TRUST LLC-CUSHING,CUSHING,001,50050,Effluent Gross,Q2,DAILY MX,2017-03-31,,,,C,No Discharge,2017-04-19
OK0043320,GREENFIELD ENVIRONMENTAL MULTISTATE TRUST LLC-CUSHING,CUSHING,007,50050,Effluent Gross,Q1,MO AVG,2017-03-31,.08,,=,,,2017-04-19
OK0043320,GREENFIELD ENVIRONMENTAL MULTISTATE TRUST LLC-CUSHING,CUSHING,007,50050,Effluent Gross,Q2,DAILY MX,2017-03-31,.08,,=,,,2017-04-19
OK0043320,GREENFIELD ENVIRONMENTAL MULTISTATE TRUST LLC-CUSHING,CUSHING,008,50050,Effluent Gross,Q1,MO AVG,2017-03-31,.08,,=,,,2017-04-19
OK0043320,GREENFIELD ENVIRONMENTAL MULTISTATE TRUST LLC-CUSHING,CUSHING,008,50050,Effluent Gross,Q2,DAILY MX,2017-03-31,.08,,=,,,2017-04-19
OK0044598,GREENFIELD ENVIRONMENTAL MULTISTATE TRUST LLC-SKULL CK,CUSHING,001,50050,Effluent Gross,Q1,MO AVG,2017-03-31,8000,,=,,,2017-04-19
OK0044598,GREENFIELD ENVIRONMENTAL MULTISTATE TRUST LLC-SKULL CK,CUSHING,001,50050,Effluent Gross,Q2,DAILY MX,2017-03-31,8000,,=,,,2017-04-19
OKG950028,"STEWART STONE, INC.-CUSHING",CUSHING,001,50050,Effluent Gross,Q1,MO AVG,2017-03-31,,,,C,No Discharge,2017-04-10
OKG950028,"STEWART STONE, INC.-CUSHING",CUSHING,001,50050,Effluent Gross,Q2,DAILY MX,2017-03-31,,,,C,No Discharge,2017-04-10
OK0026701,"CUSHING, CITY OF  - SOUTH STP",CUSHING,001,50050,Effluent Gross,Q1,MO AVG,2017-04-30,1.69,MGD,=,,,2017-05-03
OK0026701,"CUSHING, CITY OF  - SOUTH STP",CUSHING,001,50050,Effluent Gross,Q2,DAILY MX,2017-04-30,3.532,MGD,=,,,2017-05-03
OK0043320,GREENFIELD ENVIRONMENTAL MULTISTATE TRUST LLC-CUSHING,CUSHING,001,50050,Effluent Gross,Q1,MO AVG,2017-04-30,,,,C,No Discharge,2017-05-11
OK0043320,GREENFIELD ENVIRONMENTAL MULTISTATE TRUST LLC-CUSHING,CUSHING,001,50050,Effluent Gross,Q2,DAILY MX,2017-04-30,,,,C,No Discharge,2017-05-11
OK0043320,GREENFIELD ENVIRONMENTAL MULTISTATE TRUST LLC-CUSHING,CUSHING,007,50050,Effluent Gross,Q1,MO AVG,2017-04-30,,,,C,No Discharge,2017-05-11
OK0043320,GREENFIELD ENVIRONMENTAL MULTISTATE TRUST LLC-CUSHING,CUSHING,007,50050,Effluent Gross,Q2,DAILY MX,2017-04-30,,,,C,No Discharge,2017-05-11
OK0043320,GREENFIELD ENVIRONMENTAL MULTISTATE TRUST LLC-CUSHING,CUSHING,008,50050,Effluent Gross,Q1,MO AVG,2017-04-30,,,,C,No Discharge,2017-05-11
OK0043320,GREENFIELD ENVIRONMENTAL MULTISTATE TRUST LLC-CUSHING,CUSHING,008,50050,Effluent Gross,Q2,DAILY MX,2017-04-30,,,,C,No Discharge,2017-05-11
OK0044598,GREENFIELD ENVIRONMENTAL MULTISTATE TRUST LLC-SKULL CK,CUSHING,001,50050,Effluent Gross,Q1,MO AVG,2017-04-30,8000,,=,,,2017-05-11
OK0044598,GREENFIELD ENVIRONMENTAL MULTISTATE TRUST LLC-SKULL CK,CUSHING,001,50050,Effluent Gross,Q2,DAILY MX,2017-04-30,8000,,=,,,2017-05-11
OKG950028,"STEWART STONE, INC.-CUSHING",CUSHING,001,50050,Effluent Gross,Q1,MO AVG,2017-04-30,,,,C,No Discharge,2017-05-09
OKG950028,"STEWART STONE, INC.-CUSHING",CUSHING,001,50050,Effluent Gross,Q2,DAILY MX,2017-04-30,,,,C,No Discharge,2017-05-09
OK0026701,"CUSHING, CITY OF  - SOUTH STP",CUSHING,001,50050,Effluent Gross,Q1,MO AVG,2017-05-31,1.53,MGD,=,,,2017-06-07
OK0026701,"CUSHING, CITY OF  - SOUTH STP",CUSHING,001,50050,Effluent Gross,Q2,DAILY MX,2017-05-31,2.9,MGD,=,,,2017-06-07
OK0043320,GREENFIELD ENVIRONMENTAL MULTISTATE TRUST LLC-CUSHING,CUSHING,001,50050,Effluent Gross,Q1,MO AVG,2017-05-31,,,,C,No Discharge,2017-06-07
OK0043320,GREENFIELD ENVIRONMENTAL MULTISTATE TRUST LLC-CUSHING,CUSHING,001,50050,Effluent Gross,Q2,DAILY MX,2017-05-31,,,,C,No Discharge,2017-06-07
OK0043320,GREENFIELD ENVIRONMENTAL MULTISTATE TRUST LLC-CUSHING,CUSHING,007,50050,Effluent Gross,Q1,MO AVG,2017-05-31,.09,MGD,=,,,2017-06-07
OK0043320,GREENFIELD ENVIRONMENTAL MULTISTATE TRUST LLC-CUSHING,CUSHING,007,50050,Effluent Gross,Q2,DAILY MX,2017-05-31,.09,MGD,=,,,2017-06-07
OK0043320,GREENFIELD ENVIRONMENTAL MULTISTATE TRUST LLC-CUSHING,CUSHING,008,50050,Effluent Gross,Q1,MO AVG,2017-05-31,.09,MGD,=,,,2017-06-07
OK0043320,GREENFIELD ENVIRONMENTAL MULTISTATE TRUST LLC-CUSHING,CUSHING,008,50050,Effluent Gross,Q2,DAILY MX,2017-05-31,.09,MGD,=,,,2017-06-07
OK0044598,GREENFIELD ENVIRONMENTAL MULTISTATE TRUST LLC-SKULL CK,CUSHING,001,50050,Effluent Gross,Q1,MO AVG,2017-05-31,8000,gal/d,=,,,2017-06-07
OK0044598,GREENFIELD ENVIRONMENTAL MULTISTATE TRUST LLC-SKULL CK,CUSHING,001,50050,Effluent Gross,Q2,DAILY MX,2017-05-31,8000,gal/d,=,,,2017-06-07
OKG950028,"STEWART STONE, INC.-CUSHING",CUSHING,001,50050,Effluent Gross,Q1,MO AVG,2017-05-31,.3,MGD,=,,,2017-06-13
OKG950028,"STEWART STONE, INC.-CUSHING",CUSHING,001,50050,Effluent Gross,Q2,DAILY MX,2017-05-31,.95,MGD,=,,,2017-06-13
OK0026701,"CUSHING, CITY OF  - SOUTH STP",CUSHING,001,50050,Effluent Gross,Q1,MO AVG,2017-06-30,1.01,MGD,=,,,2017-07-06
OK0026701,"CUSHING, CITY OF  - SOUTH STP",CUSHING,001,50050,Effluent Gross,Q2,DAILY MX,2017-06-30,1.567,MGD,=,,,2017-07-06
OK0043320,GREENFIELD ENVIRONMENTAL MULTISTATE TRUST LLC-CUSHING,CUSHING,001,50050,Effluent Gross,Q1,MO AVG,2017-06-30,,,,C,No Discharge,2017-07-14
OK0043320,GREENFIELD ENVIRONMENTAL MULTISTATE TRUST LLC-CUSHING,CUSHING,001,50050,Effluent Gross,Q2,DAILY MX,2017-06-30,,,,C,No Discharge,2017-07-14
OK0043320,GREENFIELD ENVIRONMENTAL MULTISTATE TRUST LLC-CUSHING,CUSHING,007,50050,Effluent Gross,Q1,MO AVG,2017-06-30,.09,MGD,=,,,2017-07-14
OK0043320,GREENFIELD ENVIRONMENTAL MULTISTATE TRUST LLC-CUSHING,CUSHING,007,50050,Effluent Gross,Q2,DAILY MX,2017-06-30,.09,MGD,=,,,2017-07-14
OK0043320,GREENFIELD ENVIRONMENTAL MULTISTATE TRUST LLC-CUSHING,CUSHING,008,50050,Effluent Gross,Q1,MO AVG,2017-06-30,.09,MGD,=,,,2017-07-14
OK0043320,GREENFIELD ENVIRONMENTAL MULTISTATE TRUST LLC-CUSHING,CUSHING,008,50050,Effluent Gross,Q2,DAILY MX,2017-06-30,.09,MGD,=,,,2017-07-14
OK0044598,GREENFIELD ENVIRONMENTAL MULTISTATE TRUST LLC-SKULL CK,CUSHING,001,50050,Effluent Gross,Q1,MO AVG,2017-06-30,8000,gal/d,=,,,2017-07-14
OK0044598,GREENFIELD ENVIRONMENTAL MULTISTATE TRUST LLC-SKULL CK,CUSHING,001,50050,Effluent Gross,Q2,DAILY MX,2017-06-30,8000,gal/d,=,,,2017-07-14
OKG950028,"STEWART STONE, INC.-CUSHING",CUSHING,001,50050,Effluent Gross,Q1,MO AVG,2017-06-30,.02,MGD,=,,,2017-07-14
OKG950028,"STEWART STONE, INC.-CUSHING",CUSHING,001,50050,Effluent Gross,Q2,DAILY MX,2017-06-30,.3,MGD,=,,,2017-07-14
OK0026701,"CUSHING, CITY OF  - SOUTH STP",CUSHING,001,50050,Effluent Gross,Q1,MO AVG,2017-07-31,.97,MGD,=,,,2017-08-02
OK0026701,"CUSHING, CITY OF  - SOUTH STP",CUSHING,001,50050,Effluent Gross,Q2,DAILY MX,2017-07-31,2.073,MGD,=,,,2017-08-02
OK0043320,GREENFIELD ENVIRONMENTAL MULTISTATE TRUST LLC-CUSHING,CUSHING,001,50050,Effluent Gross,Q1,MO AVG,2017-07-31,,,,C,No Discharge,2017-08-11
OK0043320,GREENFIELD ENVIRONMENTAL MULTISTATE TRUST LLC-CUSHING,CUSHING,001,50050,Effluent Gross,Q2,DAILY MX,2017-07-31,,,,C,No Discharge,2017-08-11
OK0043320,GREENFIELD ENVIRONMENTAL MULTISTATE TRUST LLC-CUSHING,CUSHING,007,50050,Effluent Gross,Q1,MO AVG,2017-07-31,.09,MGD,=,,,2017-08-11
OK0043320,GREENFIELD ENVIRONMENTAL MULTISTATE TRUST LLC-CUSHING,CUSHING,007,50050,Effluent Gross,Q2,DAILY MX,2017-07-31,.09,MGD,=,,,2017-08-11
OK0043320,GREENFIELD ENVIRONMENTAL MULTISTATE TRUST LLC-CUSHING,CUSHING,008,50050,Effluent Gross,Q1,MO AVG,2017-07-31,.09,MGD,=,,,2017-08-11
OK0043320,GREENFIELD ENVIRONMENTAL MULTISTATE TRUST LLC-CUSHING,CUSHING,008,50050,Effluent Gross,Q2,DAILY MX,2017-07-31,.09,MGD,=,,,2017-08-11
OK0044598,GREENFIELD ENVIRONMENTAL MULTISTATE TRUST LLC-SKULL CK,CUSHING,001,50050,Effluent Gross,Q1,MO AVG,2017-07-31,8000,gal/d,=,,,2017-08-11
OK0044598,GREENFIELD ENVIRONMENTAL MULTISTATE TRUST LLC-SKULL CK,CUSHING,001,50050,Effluent Gross,Q2,DAILY MX,2017-07-31,8000,gal/d,=,,,2017-08-11
OKG950028,"STEWART STONE, INC.-CUSHING",CUSHING,001,50050,Effluent Gross,Q1,MO AVG,2017-07-31,,,,C,No Discharge,2017-08-02
OKG950028,"STEWART STONE, INC.-CUSHING",CUSHING,001,50050,Effluent Gross,Q2,DAILY MX,2017-07-31,,,,C,No Discharge,2017-08-02
OK0026701,"CUSHING, CITY OF  - SOUTH STP",CUSHING,001,50050,Effluent Gross,Q1,MO AVG,2017-08-31,1.09,MGD,=,,,2017-09-07
OK0026701,"CUSHING, CITY OF  - SOUTH STP",CUSHING,001,50050,Effluent Gross,Q2,DAILY MX,2017-08-31,1.893,MGD,=,,,2017-09-07
OK0043320,GREENFIELD ENVIRONMENTAL MULTISTATE TRUST LLC-CUSHING,CUSHING,001,50050,Effluent Gross,Q1,MO AVG,2017-08-31,,,,C,No Discharge,2017-09-06
OK0043320,GREENFIELD ENVIRONMENTAL MULTISTATE TRUST LLC-CUSHING,CUSHING,001,50050,Effluent Gross,Q2,DAILY MX,2017-08-31,,,,C,No Discharge,2017-09-06
OK0043320,GREENFIELD ENVIRONMENTAL MULTISTATE TRUST LLC-CUSHING,CUSHING,007,50050,Effluent Gross,Q1,MO AVG,2017-08-31,.09,MGD,=,,,2017-09-06
OK0043320,GREENFIELD ENVIRONMENTAL MULTISTATE TRUST LLC-CUSHING,CUSHING,007,50050,Effluent Gross,Q2,DAILY MX,2017-08-31,.09,MGD,=,,,2017-09-06
OK0043320,GREENFIELD ENVIRONMENTAL MULTISTATE TRUST LLC-CUSHING,CUSHING,008,50050,Effluent Gross,Q1,MO AVG,2017-08-31,.09,MGD,=,,,2017-09-06
OK0043320,GREENFIELD ENVIRONMENTAL MULTISTATE TRUST LLC-CUSHING,CUSHING,008,50050,Effluent Gross,Q2,DAILY MX,2017-08-31,.09,MGD,=,,,2017-09-06
OK0044598,GREENFIELD ENVIRONMENTAL MULTISTATE TRUST LLC-SKULL CK,CUSHING,001,50050,Effluent Gross,Q1,MO AVG,2017-08-31,8000,gal/d,=,,,2017-09-06
OK0044598,GREENFIELD ENVIRONMENTAL MULTISTATE TRUST LLC-SKULL CK,CUSHING,001,50050,Effluent Gross,Q2,DAILY MX,2017-08-31,8000,gal/d,=,,,2017-09-06
OKG950028,"STEWART STONE, INC.-CUSHING",CUSHING,001,50050,Effluent Gross,Q1,MO AVG,2017-08-31,,,,C,No Discharge,2017-09-08
OKG950028,"STEWART STONE, INC.-CUSHING",CUSHING,001,50050,Effluent Gross,Q2,DAILY MX,2017-08-31,,,,C,No Discharge,2017-09-08
OK0026701,"CUSHING, CITY OF  - SOUTH STP",CUSHING,001,50050,Effluent Gross,Q1,MO AVG,2017-09-30,.92,MGD,=,,,2017-10-05
OK0026701,"CUSHING, CITY OF  - SOUTH STP",CUSHING,001,50050,Effluent Gross,Q2,DAILY MX,2017-09-30,1.625,MGD,=,,,2017-10-05
OK0043320,GREENFIELD ENVIRONMENTAL MULTISTATE TRUST LLC-CUSHING,CUSHING,001,50050,Effluent Gross,Q1,MO AVG,2017-09-30,,,,C,No Discharge,2017-10-04
OK0043320,GREENFIELD ENVIRONMENTAL MULTISTATE TRUST LLC-CUSHING,CUSHING,001,50050,Effluent Gross,Q2,DAILY MX,2017-09-30,,,,C,No Discharge,2017-10-04
OK0043320,GREENFIELD ENVIRONMENTAL MULTISTATE TRUST LLC-CUSHING,CUSHING,007,50050,Effluent Gross,Q1,MO AVG,2017-09-30,,,,C,No Discharge,2017-10-04
OK0043320,GREENFIELD ENVIRONMENTAL MULTISTATE TRUST LLC-CUSHING,CUSHING,007,50050,Effluent Gross,Q2,DAILY MX,2017-09-30,,,,C,No Discharge,2017-10-04
OK0043320,GREENFIELD ENVIRONMENTAL MULTISTATE TRUST LLC-CUSHING,CUSHING,008,50050,Effluent Gross,Q1,MO AVG,2017-09-30,,,,C,No Discharge,2017-10-04
OK0043320,GREENFIELD ENVIRONMENTAL MULTISTATE TRUST LLC-CUSHING,CUSHING,008,50050,Effluent Gross,Q2,DAILY MX,2017-09-30,,,,C,No Discharge,2017-10-04
OK0044598,GREENFIELD ENVIRONMENTAL MULTISTATE TRUST LLC-SKULL CK,CUSHING,001,50050,Effluent Gross,Q1,MO AVG,2017-09-30,8000,gal/d,=,,,2017-10-04
OK0044598,GREENFIELD ENVIRONMENTAL MULTISTATE TRUST LLC-SKULL CK,CUSHING,001,50050,Effluent Gross,Q2,DAILY MX,2017-09-30,8000,gal/d,=,,,2017-10-04
OKG950028,"STEWART STONE, INC.-CUSHING",CUSHING,001,50050,Effluent Gross,Q1,MO AVG,2017-09-30,,,,C,No Discharge,2017-10-11
OKG950028,"STEWART STONE, INC.-CUSHING",CUSHING,001,50050,Effluent Gross,Q2,DAILY MX,2017-09-30,,,,C,No Discharge,2017-10-11
OK0026701,"CUSHING, CITY OF  - SOUTH STP",CUSHING,001,50050,Effluent Gross,Q1,MO AVG,2017-10-31,1.11,MGD,=,,,2017-11-06
OK0026701,"CUSHING, CITY OF  - SOUTH STP",CUSHING,001,50050,Effluent Gross,Q2,DAILY MX,2017-10-31,2.533,MGD,=,,,2017-11-06
OK0043320,GREENFIELD ENVIRONMENTAL MULTISTATE TRUST LLC-CUSHING,CUSHING,001,50050,Effluent Gross,Q1,MO AVG,2017-10-31,,,,C,No Discharge,2017-11-09
OK0043320,GREENFIELD ENVIRONMENTAL MULTISTATE TRUST LLC-CUSHING,CUSHING,001,50050,Effluent Gross,Q2,DAILY MX,2017-10-31,,,,C,No Discharge,2017-11-09
OK0043320,GREENFIELD ENVIRONMENTAL MULTISTATE TRUST LLC-CUSHING,CUSHING,007,50050,Effluent Gross,Q1,MO AVG,2017-10-31,.09,MGD,=,,,2017-11-09
OK0043320,GREENFIELD ENVIRONMENTAL MULTISTATE TRUST LLC-CUSHING,CUSHING,007,50050,Effluent Gross,Q2,DAILY MX,2017-10-31,.09,MGD,=,,,2017-11-09
OK0043320,GREENFIELD ENVIRONMENTAL MULTISTATE TRUST LLC-CUSHING,CUSHING,008,50050,Effluent Gross,Q1,MO AVG,2017-10-31,.09,MGD,=,,,2017-11-09
OK0043320,GREENFIELD ENVIRONMENTAL MULTISTATE TRUST LLC-CUSHING,CUSHING,008,50050,Effluent Gross,Q2,DAILY MX,2017-10-31,.09,MGD,=,,,2017-11-09
OK0044598,GREENFIELD ENVIRONMENTAL MULTISTATE TRUST LLC-SKULL CK,CUSHING,001,50050,Effluent Gross,Q1,MO AVG,2017-10-31,8000,gal/d,=,,,2017-11-09
OK0044598,GREENFIELD ENVIRONMENTAL MULTISTATE TRUST LLC-SKULL CK,CUSHING,001,50050,Effluent Gross,Q2,DAILY MX,2017-10-31,8000,gal/d,=,,,2017-11-09
OKG950028,"STEWART STONE, INC.-CUSHING",CUSHING,001,50050,Effluent Gross,Q1,MO AVG,2017-10-31,,,,C,No Discharge,2017-11-15
OKG950028,"STEWART STONE, INC.-CUSHING",CUSHING,001,50050,Effluent Gross,Q2,DAILY MX,2017-10-31,,,,C,No Discharge,2017-11-15
OK0026701,"CUSHING, CITY OF  - SOUTH STP",CUSHING,001,50050,Effluent Gross,Q1,MO AVG,2017-11-30,.88,MGD,=,,,2017-12-07
OK0026701,"CUSHING, CITY OF  - SOUTH STP",CUSHING,001,50050,Effluent Gross,Q2,DAILY MX,2017-11-30,.957,MGD,=,,,2017-12-07
OK0043320,GREENFIELD ENVIRONMENTAL MULTISTATE TRUST LLC-CUSHING,CUSHING,001,50050,Effluent Gross,Q1,MO AVG,2017-11-30,,,,C,No Discharge,2017-12-07
OK0043320,GREENFIELD ENVIRONMENTAL MULTISTATE TRUST LLC-CUSHING,CUSHING,001,50050,Effluent Gross,Q2,DAILY MX,2017-11-30,,,,C,No Discharge,2017-12-07
OK0043320,GREENFIELD ENVIRONMENTAL MULTISTATE TRUST LLC-CUSHING,CUSHING,007,50050,Effluent Gross,Q1,MO AVG,2017-11-30,,,,C,No Discharge,2017-12-07
OK0043320,GREENFIELD ENVIRONMENTAL MULTISTATE TRUST LLC-CUSHING,CUSHING,007,50050,Effluent Gross,Q2,DAILY MX,2017-11-30,,,,C,No Discharge,2017-12-07
OK0043320,GREENFIELD ENVIRONMENTAL MULTISTATE TRUST LLC-CUSHING,CUSHING,008,50050,Effluent Gross,Q1,MO AVG,2017-11-30,,,,C,No Discharge,2017-12-07
OK0043320,GREENFIELD ENVIRONMENTAL MULTISTATE TRUST LLC-CUSHING,CUSHING,008,50050,Effluent Gross,Q2,DAILY MX,2017-11-30,,,,C,No Discharge,2017-12-07
OK0044598,GREENFIELD ENVIRONMENTAL MULTISTATE TRUST LLC-SKULL CK,CUSHING,001,50050,Effluent Gross,Q1,MO AVG,2017-11-30,8000,gal/d,=,,,2017-12-07
OK0044598,GREENFIELD ENVIRONMENTAL MULTISTATE TRUST LLC-SKULL CK,CUSHING,001,50050,Effluent Gross,Q2,DAILY MX,2017-11-30,8000,gal/d,=,,,2017-12-07
OKG950028,"STEWART STONE, INC.-CUSHING",CUSHING,001,50050,Effluent Gross,Q1,MO AVG,2017-11-30,,,,C,No Discharge,2017-12-12
OKG950028,"STEWART STONE, INC.-CUSHING",CUSHING,001,50050,Effluent Gross,Q2,DAILY MX,2017-11-30,,,,C,No Discharge,2017-12-12
OK0026701,"CUSHING, CITY OF  - SOUTH STP",CUSHING,001,50050,Effluent Gross,Q1,MO AVG,2017-12-31,.88,MGD,=,,,2018-01-05
OK0026701,"CUSHING, CITY OF  - SOUTH STP",CUSHING,001,50050,Effluent Gross,Q2,DAILY MX,2017-12-31,1.308,MGD,=,,,2018-01-05
OK0043320,GREENFIELD ENVIRONMENTAL MULTISTATE TRUST LLC-CUSHING,CUSHING,001,50050,Effluent Gross,Q1,MO AVG,2017-12-31,,,,C,No Discharge,2018-01-12
OK0043320,GREENFIELD ENVIRONMENTAL MULTISTATE TRUST LLC-CUSHING,CUSHING,001,50050,Effluent Gross,Q2,DAILY MX,2017-12-31,,,,C,No Discharge,2018-01-12
OK0043320,GREENFIELD ENVIRONMENTAL MULTISTATE TRUST LLC-CUSHING,CUSHING,007,50050,Effluent Gross,Q1,MO AVG,2017-12-31,,,,C,No Discharge,2018-01-12
OK0043320,GREENFIELD ENVIRONMENTAL MULTISTATE TRUST LLC-CUSHING,CUSHING,007,50050,Effluent Gross,Q2,DAILY MX,2017-12-31,,,,C,No Discharge,2018-01-12
OK0043320,GREENFIELD ENVIRONMENTAL MULTISTATE TRUST LLC-CUSHING,CUSHING,008,50050,Effluent Gross,Q1,MO AVG,2017-12-31,,,,C,No Discharge,2018-01-12
OK0043320,GREENFIELD ENVIRONMENTAL MULTISTATE TRUST LLC-CUSHING,CUSHING,008,50050,Effluent Gross,Q2,DAILY MX,2017-12-31,,,,C,No Discharge,2018-01-12
OK0044598,GREENFIELD ENVIRONMENTAL MULTISTATE TRUST LLC-SKULL CK,CUSHING,001,50050,Effluent Gross,Q1,MO AVG,2017-12-31,8000,gal/d,=,,,2018-01-12
OK0044598,GREENFIELD ENVIRONMENTAL MULTISTATE TRUST LLC-SKULL CK,CUSHING,001,50050,Effluent Gross,Q2,DAILY MX,2017-12-31,8000,gal/d,=,,,2018-01-12
OKG950028,"STEWART STONE, INC.-CUSHING",CUSHING,001,50050,Effluent Gross,Q1,MO AVG,2017-12-31,,,,C,No Discharge,2018-01-15
OKG950028,"STEWART STONE, INC.-CUSHING",CUSHING,001,50050,Effluent Gross,Q2,DAILY MX,2017-12-31,,,,C,No Discharge,2018-01-15
OK0026701,"CUSHING, CITY OF  - SOUTH STP",CUSHING,001,50050,Effluent Gross,Q1,MO AVG,2018-01-31,.83,MGD,=,,,2018-02-07
OK0026701,"CUSHING, CITY OF  - SOUTH STP",CUSHING,001,50050,Effluent Gross,Q2,DAILY MX,2018-01-31,.973,MGD,=,,,2018-02-07
OK0043320,GREENFIELD ENVIRONMENTAL MULTISTATE TRUST LLC-CUSHING,CUSHING,001,50050,Effluent Gross,Q1,MO AVG,2018-01-31,,,,C,No Discharge,2018-02-12
OK0043320,GREENFIELD ENVIRONMENTAL MULTISTATE TRUST LLC-CUSHING,CUSHING,001,50050,Effluent Gross,Q2,DAILY MX,2018-01-31,,,,C,No Discharge,2018-02-12
OK0043320,GREENFIELD ENVIRONMENTAL MULTISTATE TRUST LLC-CUSHING,CUSHING,007,50050,Effluent Gross,Q1,MO AVG,2018-01-31,,,,C,No Discharge,2018-02-12
OK0043320,GREENFIELD ENVIRONMENTAL MULTISTATE TRUST LLC-CUSHING,CUSHING,007,50050,Effluent Gross,Q2,DAILY MX,2018-01-31,,,,C,No Discharge,2018-02-12
OK0043320,GREENFIELD ENVIRONMENTAL MULTISTATE TRUST LLC-CUSHING,CUSHING,008,50050,Effluent Gross,Q1,MO AVG,2018-01-31,,,,C,No Discharge,2018-02-12
OK0043320,GREENFIELD ENVIRONMENTAL MULTISTATE TRUST LLC-CUSHING,CUSHING,008,50050,Effluent Gross,Q2,DAILY MX,2018-01-31,,,,C,No Discharge,2018-02-12
OK0044598,GREENFIELD ENVIRONMENTAL MULTISTATE TRUST LLC-SKULL CK,CUSHING,001,50050,Effluent Gross,Q1,MO AVG,2018-01-31,8000,gal/d,=,,,2018-02-12
OK0044598,GREENFIELD ENVIRONMENTAL MULTISTATE TRUST LLC-SKULL CK,CUSHING,001,50050,Effluent Gross,Q2,DAILY MX,2018-01-31,8000,gal/d,=,,,2018-02-12
OKG950028,"STEWART STONE, INC.-CUSHING",CUSHING,001,50050,Effluent Gross,Q1,MO AVG,2018-01-31,,,,C,No Discharge,2018-02-12
OKG950028,"STEWART STONE, INC.-CUSHING",CUSHING,001,50050,Effluent Gross,Q2,DAILY MX,2018-01-31,,,,C,No Discharge,2018-02-12
OK0026701,"CUSHING, CITY OF  - SOUTH STP",CUSHING,001,50050,Effluent Gross,Q1,MO AVG,2018-02-28,1.16,MGD,=,,,2018-04-05
OK0026701,"CUSHING, CITY OF  - SOUTH STP",CUSHING,001,50050,Effluent Gross,Q2,DAILY MX,2018-02-28,3.137,MGD,=,,,2018-04-05
OK0043320,GREENFIELD ENVIRONMENTAL MULTISTATE TRUST LLC-CUSHING,CUSHING,001,50050,Effluent Gross,Q1,MO AVG,2018-02-28,,,,C,No Discharge,2018-03-08
OK0043320,GREENFIELD ENVIRONMENTAL MULTISTATE TRUST LLC-CUSHING,CUSHING,001,50050,Effluent Gross,Q2,DAILY MX,2018-02-28,,,,C,No Discharge,2018-03-08
OK0043320,GREENFIELD ENVIRONMENTAL MULTISTATE TRUST LLC-CUSHING,CUSHING,007,50050,Effluent Gross,Q1,MO AVG,2018-02-28,.09,MGD,=,,,2018-03-08
OK0043320,GREENFIELD ENVIRONMENTAL MULTISTATE TRUST LLC-CUSHING,CUSHING,007,50050,Effluent Gross,Q2,DAILY MX,2018-02-28,.09,MGD,=,,,2018-03-08
OK0043320,GREENFIELD ENVIRONMENTAL MULTISTATE TRUST LLC-CUSHING,CUSHING,008,50050,Effluent Gross,Q1,MO AVG,2018-02-28,.09,MGD,=,,,2018-03-08
OK0043320,GREENFIELD ENVIRONMENTAL MULTISTATE TRUST LLC-CUSHING,CUSHING,008,50050,Effluent Gross,Q2,DAILY MX,2018-02-28,.09,MGD,=,,,2018-03-08
OK0044598,GREENFIELD ENVIRONMENTAL MULTISTATE TRUST LLC-SKULL CK,CUSHING,001,50050,Effluent Gross,Q1,MO AVG,2018-02-28,8000,gal/d,=,,,2018-03-12
OK0044598,GREENFIELD ENVIRONMENTAL MULTISTATE TRUST LLC-SKULL CK,CUSHING,001,50050,Effluent Gross,Q2,DAILY MX,2018-02-28,8000,gal/d,=,,,2018-03-12
OKG950028,"STEWART STONE, INC.-CUSHING",CUSHING,001,50050,Effluent Gross,Q1,MO AVG,2018-02-28,,,,C,No Discharge,2018-03-05
OKG950028,"STEWART STONE, INC.-CUSHING",CUSHING,001,50050,Effluent Gross,Q2,DAILY MX,2018-02-28,,,,C,No Discharge,2018-03-05
OK0026701,"CUSHING, CITY OF  - SOUTH STP",CUSHING,001,50050,Effluent Gross,Q1,MO AVG,2018-03-31,.99,MGD,=,,,2018-04-05
OK0026701,"CUSHING, CITY OF  - SOUTH STP",CUSHING,001,50050,Effluent Gross,Q2,DAILY MX,2018-03-31,1.527,MGD,=,,,2018-04-05
OK0043320,GREENFIELD ENVIRONMENTAL MULTISTATE TRUST LLC-CUSHING,CUSHING,001,50050,Effluent Gross,Q1,MO AVG,2018-03-31,,,,C,No Discharge,2018-04-06
OK0043320,GREENFIELD ENVIRONMENTAL MULTISTATE TRUST LLC-CUSHING,CUSHING,001,50050,Effluent Gross,Q2,DAILY MX,2018-03-31,,,,C,No Discharge,2018-04-06
OK0043320,GREENFIELD ENVIRONMENTAL MULTISTATE TRUST LLC-CUSHING,CUSHING,007,50050,Effluent Gross,Q1,MO AVG,2018-03-31,,,,C,No Discharge,2018-04-06
OK0043320,GREENFIELD ENVIRONMENTAL MULTISTATE TRUST LLC-CUSHING,CUSHING,007,50050,Effluent Gross,Q2,DAILY MX,2018-03-31,,,,C,No Discharge,2018-04-06
OK0043320,GREENFIELD ENVIRONMENTAL MULTISTATE TRUST LLC-CUSHING,CUSHING,008,50050,Effluent Gross,Q1,MO AVG,2018-03-31,,,,C,No Discharge,2018-04-06
OK0043320,GREENFIELD ENVIRONMENTAL MULTISTATE TRUST LLC-CUSHING,CUSHING,008,50050,Effluent Gross,Q2,DAILY MX,2018-03-31,,,,C,No Discharge,2018-04-06
OK0044598,GREENFIELD ENVIRONMENTAL MULTISTATE TRUST LLC-SKULL CK,CUSHING,001,50050,Effluent Gross,Q1,MO AVG,2018-03-31,7000,gal/d,=,,,2018-04-06
OK0044598,GREENFIELD ENVIRONMENTAL MULTISTATE TRUST LLC-SKULL CK,CUSHING,001,50050,Effluent Gross,Q2,DAILY MX,2018-03-31,7000,gal/d,=,,,2018-04-06
OKG950028,"STEWART STONE, INC.-CUSHING",CUSHING,001,50050,Effluent Gross,Q1,MO AVG,2018-03-31,,,,C,No Discharge,2018-04-11
OKG950028,"STEWART STONE, INC.-CUSHING",CUSHING,001,50050,Effluent Gross,Q2,DAILY MX,2018-03-31,,,,C,No Discharge,2018-04-11
OK0026701,"CUSHING, CITY OF  - SOUTH STP",CUSHING,001,50050,Effluent Gross,Q1,MO AVG,2018-04-30,1.06,MGD,=,,,2018-05-02
OK0026701,"CUSHING, CITY OF  - SOUTH STP",CUSHING,001,50050,Effluent Gross,Q2,DAILY MX,2018-04-30,2.338,MGD,=,,,2018-05-02
OK0043320,GREENFIELD ENVIRONMENTAL MULTISTATE TRUST LLC-CUSHING,CUSHING,001,50050,Effluent Gross,Q1,MO AVG,2018-04-30,,,,C,No Discharge,2018-05-08
OK0043320,GREENFIELD ENVIRONMENTAL MULTISTATE TRUST LLC-CUSHING,CUSHING,001,50050,Effluent Gross,Q2,DAILY MX,2018-04-30,,,,C,No Discharge,2018-05-08
OK0043320,GREENFIELD ENVIRONMENTAL MULTISTATE TRUST LLC-CUSHING,CUSHING,007,50050,Effluent Gross,Q1,MO AVG,2018-04-30,,,,C,No Discharge,2018-05-08
OK0043320,GREENFIELD ENVIRONMENTAL MULTISTATE TRUST LLC-CUSHING,CUSHING,007,50050,Effluent Gross,Q2,DAILY MX,2018-04-30,,,,C,No Discharge,2018-05-08
OK0043320,GREENFIELD ENVIRONMENTAL MULTISTATE TRUST LLC-CUSHING,CUSHING,008,50050,Effluent Gross,Q1,MO AVG,2018-04-30,,,,C,No Discharge,2018-05-08
OK0043320,GREENFIELD ENVIRONMENTAL MULTISTATE TRUST LLC-CUSHING,CUSHING,008,50050,Effluent Gross,Q2,DAILY MX,2018-04-30,,,,C,No Discharge,2018-05-08
OK0044598,GREENFIELD ENVIRONMENTAL MULTISTATE TRUST LLC-SKULL CK,CUSHING,001,50050,Effluent Gross,Q1,MO AVG,2018-04-30,7000,gal/d,=,,,2018-05-08
OK0044598,GREENFIELD ENVIRONMENTAL MULTISTATE TRUST LLC-SKULL CK,CUSHING,001,50050,Effluent Gross,Q2,DAILY MX,2018-04-30,7000,gal/d,=,,,2018-05-08
OKG950028,"STEWART STONE, INC.-CUSHING",CUSHING,001,50050,Effluent Gross,Q1,MO AVG,2018-04-30,,,,C,No Discharge,2018-05-15
OKG950028,"STEWART STONE, INC.-CUSHING",CUSHING,001,50050,Effluent Gross,Q2,DAILY MX,2018-04-30,,,,C,No Discharge,2018-05-15
OK0026701,"CUSHING, CITY OF  - SOUTH STP",CUSHING,001,50050,Effluent Gross,Q1,MO AVG,2018-05-31,1.09,MGD,=,,,2018-06-08
OK0026701,"CUSHING, CITY OF  - SOUTH STP",CUSHING,001,50050,Effluent Gross,Q2,DAILY MX,2018-05-31,2.251,MGD,=,,,2018-06-08
OK0043320,GREENFIELD ENVIRONMENTAL MULTISTATE TRUST LLC-CUSHING,CUSHING,001,50050,Effluent Gross,Q1,MO AVG,2018-05-31,,,,C,No Discharge,2018-06-13
OK0043320,GREENFIELD ENVIRONMENTAL MULTISTATE TRUST LLC-CUSHING,CUSHING,001,50050,Effluent Gross,Q2,DAILY MX,2018-05-31,,,,C,No Discharge,2018-06-13
OK0043320,GREENFIELD ENVIRONMENTAL MULTISTATE TRUST LLC-CUSHING,CUSHING,007,50050,Effluent Gross,Q1,MO AVG,2018-05-31,.09,MGD,=,,,2018-06-13
OK0043320,GREENFIELD ENVIRONMENTAL MULTISTATE TRUST LLC-CUSHING,CUSHING,007,50050,Effluent Gross,Q2,DAILY MX,2018-05-31,.09,MGD,=,,,2018-06-13
OK0043320,GREENFIELD ENVIRONMENTAL MULTISTATE TRUST LLC-CUSHING,CUSHING,008,50050,Effluent Gross,Q1,MO AVG,2018-05-31,.09,MGD,=,,,2018-06-13
OK0043320,GREENFIELD ENVIRONMENTAL MULTISTATE TRUST LLC-CUSHING,CUSHING,008,50050,Effluent Gross,Q2,DAILY MX,2018-05-31,.09,MGD,=,,,2018-06-13
OK0044598,GREENFIELD ENVIRONMENTAL MULTISTATE TRUST LLC-SKULL CK,CUSHING,001,50050,Effluent Gross,Q1,MO AVG,2018-05-31,8000,gal/d,=,,,2018-06-13
OK0044598,GREENFIELD ENVIRONMENTAL MULTISTATE TRUST LLC-SKULL CK,CUSHING,001,50050,Effluent Gross,Q2,DAILY MX,2018-05-31,8000,gal/d,=,,,2018-06-13
OKG950028,"STEWART STONE, INC.-CUSHING",CUSHING,001,50050,Effluent Gross,Q1,MO AVG,2018-05-31,,,,C,No Discharge,2018-06-14
OKG950028,"STEWART STONE, INC.-CUSHING",CUSHING,001,50050,Effluent Gross,Q2,DAILY MX,2018-05-31,,,,C,No Discharge,2018-06-14
OK0026701,"CUSHING, CITY OF  - SOUTH STP",CUSHING,001,50050,Effluent Gross,Q1,MO AVG,2018-06-30,1.1,MGD,=,,,2018-07-06
OK0026701,"CUSHING, CITY OF  - SOUTH STP",CUSHING,001,50050,Effluent Gross,Q2,DAILY MX,2018-06-30,1.984,MGD,=,,,2018-07-06
OK0043320,GREENFIELD ENVIRONMENTAL MULTISTATE TRUST LLC-CUSHING,CUSHING,001,50050,Effluent Gross,Q1,MO AVG,2018-06-30,,,,C,No Discharge,2018-07-10
OK0043320,GREENFIELD ENVIRONMENTAL MULTISTATE TRUST LLC-CUSHING,CUSHING,001,50050,Effluent Gross,Q2,DAILY MX,2018-06-30,,,,C,No Discharge,2018-07-10
OK0043320,GREENFIELD ENVIRONMENTAL MULTISTATE TRUST LLC-CUSHING,CUSHING,007,50050,Effluent Gross,Q1,MO AVG,2018-06-30,,,,C,No Discharge,2018-07-10
OK0043320,GREENFIELD ENVIRONMENTAL MULTISTATE TRUST LLC-CUSHING,CUSHING,007,50050,Effluent Gross,Q2,DAILY MX,2018-06-30,,,,C,No Discharge,2018-07-10
OK0043320,GREENFIELD ENVIRONMENTAL MULTISTATE TRUST LLC-CUSHING,CUSHING,008,50050,Effluent Gross,Q1,MO AVG,2018-06-30,,,,C,No Discharge,2018-07-10
OK0043320,GREENFIELD ENVIRONMENTAL MULTISTATE TRUST LLC-CUSHING,CUSHING,008,50050,Effluent Gross,Q2,DAILY MX,2018-06-30,,,,C,No Discharge,2018-07-10
OK0044598,GREENFIELD ENVIRONMENTAL MULTISTATE TRUST LLC-SKULL CK,CUSHING,001,50050,Effluent Gross,Q1,MO AVG,2018-06-30,8000,gal/d,=,,,2018-07-10
OK0044598,GREENFIELD ENVIRONMENTAL MULTISTATE TRUST LLC-SKULL CK,CUSHING,001,50050,Effluent Gross,Q2,DAILY MX,2018-06-30,8000,gal/d,=,,,2018-07-10
OKG950028,"STEWART STONE, INC.-CUSHING",CUSHING,001,50050,Effluent Gross,Q1,MO AVG,2018-06-30,,,,C,No Discharge,2018-07-03
OKG950028,"STEWART STONE, INC.-CUSHING",CUSHING,001,50050,Effluent Gross,Q2,DAILY MX,2018-06-30,,,,C,No Discharge,2018-07-03
OK0026701,"CUSHING, CITY OF  - SOUTH STP",CUSHING,001,50050,Effluent Gross,Q1,MO AVG,2018-07-31,.94,MGD,=,,,2018-08-07
OK0026701,"CUSHING, CITY OF  - SOUTH STP",CUSHING,001,50050,Effluent Gross,Q2,DAILY MX,2018-07-31,1.462,MGD,=,,,2018-08-07
OK0043320,GREENFIELD ENVIRONMENTAL MULTISTATE TRUST LLC-CUSHING,CUSHING,001,50050,Effluent Gross,Q1,MO AVG,2018-07-31,,,,C,No Discharge,2018-08-13
OK0043320,GREENFIELD ENVIRONMENTAL MULTISTATE TRUST LLC-CUSHING,CUSHING,001,50050,Effluent Gross,Q2,DAILY MX,2018-07-31,,,,C,No Discharge,2018-08-13
OK0043320,GREENFIELD ENVIRONMENTAL MULTISTATE TRUST LLC-CUSHING,CUSHING,007,50050,Effluent Gross,Q1,MO AVG,2018-07-31,,,,C,No Discharge,2018-08-13
OK0043320,GREENFIELD ENVIRONMENTAL MULTISTATE TRUST LLC-CUSHING,CUSHING,007,50050,Effluent Gross,Q2,DAILY MX,2018-07-31,,,,C,No Discharge,2018-08-13
OK0043320,GREENFIELD ENVIRONMENTAL MULTISTATE TRUST LLC-CUSHING,CUSHING,008,50050,Effluent Gross,Q1,MO AVG,2018-07-31,,,,C,No Discharge,2018-08-13
OK0043320,GREENFIELD ENVIRONMENTAL MULTISTATE TRUST LLC-CUSHING,CUSHING,008,50050,Effluent Gross,Q2,DAILY MX,2018-07-31,,,,C,No Discharge,2018-08-13
OK0044598,GREENFIELD ENVIRONMENTAL MULTISTATE TRUST LLC-SKULL CK,CUSHING,001,50050,Effluent Gross,Q1,MO AVG,2018-07-31,8000,gal/d,=,,,2018-08-13
OK0044598,GREENFIELD ENVIRONMENTAL MULTISTATE TRUST LLC-SKULL CK,CUSHING,001,50050,Effluent Gross,Q2,DAILY MX,2018-07-31,8000,gal/d,=,,,2018-08-13
OKG950028,"STEWART STONE, INC.-CUSHING",CUSHING,001,50050,Effluent Gross,Q1,MO AVG,2018-07-31,,,,C,No Discharge,2018-08-15
OKG950028,"STEWART STONE, INC.-CUSHING",CUSHING,001,50050,Effluent Gross,Q2,DAILY MX,2018-07-31,,,,C,No Discharge,2018-08-15
OK0026701,"CUSHING, CITY OF  - SOUTH STP",CUSHING,001,50050,Effluent Gross,Q1,MO AVG,2018-08-31,.96,MGD,=,,,2018-09-07
OK0026701,"CUSHING, CITY OF  - SOUTH STP",CUSHING,001,50050,Effluent Gross,Q2,DAILY MX,2018-08-31,1.775,MGD,=,,,2018-09-07
OK0043320,GREENFIELD ENVIRONMENTAL MULTISTATE TRUST LLC-CUSHING,CUSHING,001,50050,Effluent Gross,Q1,MO AVG,2018-08-31,,,,C,No Discharge,2018-09-06
OK0043320,GREENFIELD ENVIRONMENTAL MULTISTATE TRUST LLC-CUSHING,CUSHING,001,50050,Effluent Gross,Q2,DAILY MX,2018-08-31,,,,C,No Discharge,2018-09-06
OK0043320,GREENFIELD ENVIRONMENTAL MULTISTATE TRUST LLC-CUSHING,CUSHING,007,50050,Effluent Gross,Q1,MO AVG,2018-08-31,,,,C,No Discharge,2018-09-06
OK0043320,GREENFIELD ENVIRONMENTAL MULTISTATE TRUST LLC-CUSHING,CUSHING,007,50050,Effluent Gross,Q2,DAILY MX,2018-08-31,,,,C,No Discharge,2018-09-06
OK0043320,GREENFIELD ENVIRONMENTAL MULTISTATE TRUST LLC-CUSHING,CUSHING,008,50050,Effluent Gross,Q1,MO AVG,2018-08-31,,,,C,No Discharge,2018-09-06
OK0043320,GREENFIELD ENVIRONMENTAL MULTISTATE TRUST LLC-CUSHING,CUSHING,008,50050,Effluent Gross,Q2,DAILY MX,2018-08-31,,,,C,No Discharge,2018-09-06
OK0044598,GREENFIELD ENVIRONMENTAL MULTISTATE TRUST LLC-SKULL CK,CUSHING,001,50050,Effluent Gross,Q1,MO AVG,2018-08-31,8000,gal/d,=,,,2018-09-06
OK0044598,GREENFIELD ENVIRONMENTAL MULTISTATE TRUST LLC-SKULL CK,CUSHING,001,50050,Effluent Gross,Q2,DAILY MX,2018-08-31,8000,gal/d,=,,,2018-09-06
OKG950028,"STEWART STONE, INC.-CUSHING",CUSHING,001,50050,Effluent Gross,Q1,MO AVG,2018-08-31,,,,C,No Discharge,2018-10-04
OKG950028,"STEWART STONE, INC.-CUSHING",CUSHING,001,50050,Effluent Gross,Q2,DAILY MX,2018-08-31,,,,C,No Discharge,2018-10-04
OK0026701,"CUSHING, CITY OF  - SOUTH STP",CUSHING,001,50050,Effluent Gross,Q1,MO AVG,2018-09-30,1.13,MGD,=,,,2018-10-03
OK0026701,"CUSHING, CITY OF  - SOUTH STP",CUSHING,001,50050,Effluent Gross,Q2,DAILY MX,2018-09-30,1.894,MGD,=,,,2018-10-03
OK0043320,GREENFIELD ENVIRONMENTAL MULTISTATE TRUST LLC-CUSHING,CUSHING,001,50050,Effluent Gross,Q1,MO AVG,2018-09-30,,,,C,No Discharge,2018-10-04
OK0043320,GREENFIELD ENVIRONMENTAL MULTISTATE TRUST LLC-CUSHING,CUSHING,001,50050,Effluent Gross,Q2,DAILY MX,2018-09-30,,,,C,No Discharge,2018-10-04
OK0043320,GREENFIELD ENVIRONMENTAL MULTISTATE TRUST LLC-CUSHING,CUSHING,007,50050,Effluent Gross,Q1,MO AVG,2018-09-30,.09,MGD,=,,,2018-10-04
OK0043320,GREENFIELD ENVIRONMENTAL MULTISTATE TRUST LLC-CUSHING,CUSHING,007,50050,Effluent Gross,Q2,DAILY MX,2018-09-30,.09,MGD,=,,,2018-10-04
OK0043320,GREENFIELD ENVIRONMENTAL MULTISTATE TRUST LLC-CUSHING,CUSHING,008,50050,Effluent Gross,Q1,MO AVG,2018-09-30,.09,MGD,=,,,2018-10-04
OK0043320,GREENFIELD ENVIRONMENTAL MULTISTATE TRUST LLC-CUSHING,CUSHING,008,50050,Effluent Gross,Q2,DAILY MX,2018-09-30,.09,MGD,=,,,2018-10-04
OK0044598,GREENFIELD ENVIRONMENTAL MULTISTATE TRUST LLC-SKULL CK,CUSHING,001,50050,Effluent Gross,Q1,MO AVG,2018-09-30,8000,gal/d,=,,,2018-10-04
OK0044598,GREENFIELD ENVIRONMENTAL MULTISTATE TRUST LLC-SKULL CK,CUSHING,001,50050,Effluent Gross,Q2,DAILY MX,2018-09-30,8000,gal/d,=,,,2018-10-04
OKG950028,"STEWART STONE, INC.-CUSHING",CUSHING,001,50050,Effluent Gross,Q1,MO AVG,2018-09-30,,,,C,No Discharge,2018-10-04
OKG950028,"STEWART STONE, INC.-CUSHING",CUSHING,001,50050,Effluent Gross,Q2,DAILY MX,2018-09-30,,,,C,No Discharge,2018-10-04
OK0026701,"CUSHING, CITY OF  - SOUTH STP",CUSHING,001,50050,Effluent Gross,Q1,MO AVG,2018-10-31,1.05,MGD,=,,,2018-11-08
OK0026701,"CUSHING, CITY OF  - SOUTH STP",CUSHING,001,50050,Effluent Gross,Q2,DAILY MX,2018-10-31,1.736,MGD,=,,,2018-11-08
OK0043320,GREENFIELD ENVIRONMENTAL MULTISTATE TRUST LLC-CUSHING,CUSHING,001,50050,Effluent Gross,Q1,MO AVG,2018-10-31,,,,C,No Discharge,2018-11-08
OK0043320,GREENFIELD ENVIRONMENTAL MULTISTATE TRUST LLC-CUSHING,CUSHING,001,50050,Effluent Gross,Q2,DAILY MX,2018-10-31,,,,C,No Discharge,2018-11-08
OK0043320,GREENFIELD ENVIRONMENTAL MULTISTATE TRUST LLC-CUSHING,CUSHING,007,50050,Effluent Gross,Q1,MO AVG,2018-10-31,.09,MGD,=,,,2018-11-08
OK0043320,GREENFIELD ENVIRONMENTAL MULTISTATE TRUST LLC-CUSHING,CUSHING,007,50050,Effluent Gross,Q2,DAILY MX,2018-10-31,.09,MGD,=,,,2018-11-08
OK0043320,GREENFIELD ENVIRONMENTAL MULTISTATE TRUST LLC-CUSHING,CUSHING,008,50050,Effluent Gross,Q1,MO AVG,2018-10-31,.09,MGD,=,,,2018-11-08
OK0043320,GREENFIELD ENVIRONMENTAL MULTISTATE TRUST LLC-CUSHING,CUSHING,008,50050,Effluent Gross,Q2,DAILY MX,2018-10-31,.09,MGD,=,,,2018-11-08
OK0044598,GREENFIELD ENVIRONMENTAL MULTISTATE TRUST LLC-SKULL CK,CUSHING,001,50050,Effluent Gross,Q1,MO AVG,2018-10-31,8000,gal/d,=,,,2018-11-08
OK0044598,GREENFIELD ENVIRONMENTAL MULTISTATE TRUST LLC-SKULL CK,CUSHING,001,50050,Effluent Gross,Q2,DAILY MX,2018-10-31,8000,gal/d,=,,,2018-11-08
OKG950028,"STEWART STONE, INC.-CUSHING",CUSHING,001,50050,Effluent Gross,Q1,MO AVG,2018-10-31,.125,MGD,=,,,2018-11-13
OKG950028,"STEWART STONE, INC.-CUSHING",CUSHING,001,50050,Effluent Gross,Q2,DAILY MX,2018-10-31,.648,MGD,=,,,2018-11-13
OK0026701,"CUSHING, CITY OF  - SOUTH STP",CUSHING,001,50050,Effluent Gross,Q1,MO AVG,2018-11-30,.91,MGD,=,,,2018-12-07
OK0026701,"CUSHING, CITY OF  - SOUTH STP",CUSHING,001,50050,Effluent Gross,Q2,DAILY MX,2018-11-30,1.036,MGD,=,,,2018-12-07
OK0043320,GREENFIELD ENVIRONMENTAL MULTISTATE TRUST LLC-CUSHING,CUSHING,001,50050,Effluent Gross,Q1,MO AVG,2018-11-30,,,,C,No Discharge,2018-12-07
OK0043320,GREENFIELD ENVIRONMENTAL MULTISTATE TRUST LLC-CUSHING,CUSHING,001,50050,Effluent Gross,Q2,DAILY MX,2018-11-30,,,,C,No Discharge,2018-12-07
OK0043320,GREENFIELD ENVIRONMENTAL MULTISTATE TRUST LLC-CUSHING,CUSHING,007,50050,Effluent Gross,Q1,MO AVG,2018-11-30,,,,C,No Discharge,2018-12-07
OK0043320,GREENFIELD ENVIRONMENTAL MULTISTATE TRUST LLC-CUSHING,CUSHING,007,50050,Effluent Gross,Q2,DAILY MX,2018-11-30,,,,C,No Discharge,2018-12-07
OK0043320,GREENFIELD ENVIRONMENTAL MULTISTATE TRUST LLC-CUSHING,CUSHING,008,50050,Effluent Gross,Q1,MO AVG,2018-11-30,,,,C,No Discharge,2018-12-07
OK0043320,GREENFIELD ENVIRONMENTAL MULTISTATE TRUST LLC-CUSHING,CUSHING,008,50050,Effluent Gross,Q2,DAILY MX,2018-11-30,,,,C,No Discharge,2018-12-07
OK0044598,GREENFIELD ENVIRONMENTAL MULTISTATE TRUST LLC-SKULL CK,CUSHING,001,50050,Effluent Gross,Q1,MO AVG,2018-11-30,8000,gal/d,=,,,2018-12-07
OK0044598,GREENFIELD ENVIRONMENTAL MULTISTATE TRUST LLC-SKULL CK,CUSHING,001,50050,Effluent Gross,Q2,DAILY MX,2018-11-30,8000,gal/d,=,,,2018-12-07
OKG950028,"STEWART STONE, INC.-CUSHING",CUSHING,001,50050,Effluent Gross,Q1,MO AVG,2018-11-30,,,,C,No Discharge,2018-12-04
OKG950028,"STEWART STONE, INC.-CUSHING",CUSHING,001,50050,Effluent Gross,Q2,DAILY MX,2018-11-30,,,,C,No Discharge,2018-12-04
OK0026701,"CUSHING, CITY OF  - SOUTH STP",CUSHING,001,50050,Effluent Gross,Q1,MO AVG,2018-12-31,1.03,MGD,=,,,2019-01-07
OK0026701,"CUSHING, CITY OF  - SOUTH STP",CUSHING,001,50050,Effluent Gross,Q2,DAILY MX,2018-12-31,1.865,MGD,=,,,2019-01-07
OK0043320,GREENFIELD ENVIRONMENTAL MULTISTATE TRUST LLC-CUSHING,CUSHING,001,50050,Effluent Gross,Q1,MO AVG,2018-12-31,,,,C,No Discharge,2019-01-14
OK0043320,GREENFIELD ENVIRONMENTAL MULTISTATE TRUST LLC-CUSHING,CUSHING,001,50050,Effluent Gross,Q2,DAILY MX,2018-12-31,,,,C,No Discharge,2019-01-14
OK0043320,GREENFIELD ENVIRONMENTAL MULTISTATE TRUST LLC-CUSHING,CUSHING,007,50050,Effluent Gross,Q1,MO AVG,2018-12-31,,,,C,No Discharge,2019-01-14
OK0043320,GREENFIELD ENVIRONMENTAL MULTISTATE TRUST LLC-CUSHING,CUSHING,007,50050,Effluent Gross,Q2,DAILY MX,2018-12-31,,,,C,No Discharge,2019-01-14
OK0043320,GREENFIELD ENVIRONMENTAL MULTISTATE TRUST LLC-CUSHING,CUSHING,008,50050,Effluent Gross,Q1,MO AVG,2018-12-31,,,,C,No Discharge,2019-01-14
OK0043320,GREENFIELD ENVIRONMENTAL MULTISTATE TRUST LLC-CUSHING,CUSHING,008,50050,Effluent Gross,Q2,DAILY MX,2018-12-31,,,,C,No Discharge,2019-01-14
OK0044598,GREENFIELD ENVIRONMENTAL MULTISTATE TRUST LLC-SKULL CK,CUSHING,001,50050,Effluent Gross,Q1,MO AVG,2018-12-31,8000,gal/d,=,,,2019-01-14
OK0044598,GREENFIELD ENVIRONMENTAL MULTISTATE TRUST LLC-SKULL CK,CUSHING,001,50050,Effluent Gross,Q2,DAILY MX,2018-12-31,8000,gal/d,=,,,2019-01-14
OKG950028,"STEWART STONE, INC.-CUSHING",CUSHING,001,50050,Effluent Gross,Q1,MO AVG,2018-12-31,,,,C,No Discharge,2019-01-08
OKG950028,"STEWART STONE, INC.-CUSHING",CUSHING,001,50050,Effluent Gross,Q2,DAILY MX,2018-12-31,,,,C,No Discharge,2019-01-08
OK0026701,"CUSHING, CITY OF  - SOUTH STP",CUSHING,001,50050,Effluent Gross,Q1,MO AVG,2019-01-31,1.57,MGD,=,,,2019-02-05
OK0026701,"CUSHING, CITY OF  - SOUTH STP",CUSHING,001,50050,Effluent Gross,Q2,DAILY MX,2019-01-31,2.967,MGD,=,,,2019-02-05
OK0043320,GREENFIELD ENVIRONMENTAL MULTISTATE TRUST LLC-CUSHING,CUSHING,001,50050,Effluent Gross,Q1,MO AVG,2019-01-31,,,,C,No Discharge,2019-02-11
OK0043320,GREENFIELD ENVIRONMENTAL MULTISTATE TRUST LLC-CUSHING,CUSHING,001,50050,Effluent Gross,Q2,DAILY MX,2019-01-31,,,,C,No Discharge,2019-02-11
OK0043320,GREENFIELD ENVIRONMENTAL MULTISTATE TRUST LLC-CUSHING,CUSHING,007,50050,Effluent Gross,Q1,MO AVG,2019-01-31,.09,MGD,=,,,2019-02-11
OK0043320,GREENFIELD ENVIRONMENTAL MULTISTATE TRUST LLC-CUSHING,CUSHING,007,50050,Effluent Gross,Q2,DAILY MX,2019-01-31,.09,MGD,=,,,2019-02-11
OK0043320,GREENFIELD ENVIRONMENTAL MULTISTATE TRUST LLC-CUSHING,CUSHING,008,50050,Effluent Gross,Q1,MO AVG,2019-01-31,.09,MGD,=,,,2019-02-11
OK0043320,GREENFIELD ENVIRONMENTAL MULTISTATE TRUST LLC-CUSHING,CUSHING,008,50050,Effluent Gross,Q2,DAILY MX,2019-01-31,.09,MGD,=,,,2019-02-11
OK0044598,GREENFIELD ENVIRONMENTAL MULTISTATE TRUST LLC-SKULL CK,CUSHING,001,50050,Effluent Gross,Q1,MO AVG,2019-01-31,8000,gal/d,=,,,2019-02-11
OK0044598,GREENFIELD ENVIRONMENTAL MULTISTATE TRUST LLC-SKULL CK,CUSHING,001,50050,Effluent Gross,Q2,DAILY MX,2019-01-31,8000,gal/d,=,,,2019-02-11
OKG950028,"STEWART STONE, INC.-CUSHING",CUSHING,001,50050,Effluent Gross,Q1,MO AVG,2019-01-31,,,,C,No Discharge,2019-02-13
OKG950028,"STEWART STONE, INC.-CUSHING",CUSHING,001,50050,Effluent Gross,Q2,DAILY MX,2019-01-31,,,,C,No Discharge,2019-02-13
OK0026701,"CUSHING, CITY OF  - SOUTH STP",CUSHING,001,50050,Effluent Gross,Q1,MO AVG,2019-02-28,1.2,MGD,=,,,2019-03-07
OK0026701,"CUSHING, CITY OF  - SOUTH STP",CUSHING,001,50050,Effluent Gross,Q2,DAILY MX,2019-02-28,2.117,MGD,=,,,2019-03-07
OK0043320,GREENFIELD ENVIRONMENTAL MULTISTATE TRUST LLC-CUSHING,CUSHING,001,50050,Effluent Gross,Q1,MO AVG,2019-02-28,,,,C,No Discharge,2019-03-08
OK0043320,GREENFIELD ENVIRONMENTAL MULTISTATE TRUST LLC-CUSHING,CUSHING,001,50050,Effluent Gross,Q2,DAILY MX,2019-02-28,,,,C,No Discharge,2019-03-08
OK0043320,GREENFIELD ENVIRONMENTAL MULTISTATE TRUST LLC-CUSHING,CUSHING,007,50050,Effluent Gross,Q1,MO AVG,2019-02-28,,,,C,No Discharge,2019-03-08
OK0043320,GREENFIELD ENVIRONMENTAL MULTISTATE TRUST LLC-CUSHING,CUSHING,007,50050,Effluent Gross,Q2,DAILY MX,2019-02-28,,,,C,No Discharge,2019-03-08
OK0043320,GREENFIELD ENVIRONMENTAL MULTISTATE TRUST LLC-CUSHING,CUSHING,008,50050,Effluent Gross,Q1,MO AVG,2019-02-28,,,,C,No Discharge,2019-03-08
OK0043320,GREENFIELD ENVIRONMENTAL MULTISTATE TRUST LLC-CUSHING,CUSHING,008,50050,Effluent Gross,Q2,DAILY MX,2019-02-28,,,,C,No Discharge,2019-03-08
OK0044598,GREENFIELD ENVIRONMENTAL MULTISTATE TRUST LLC-SKULL CK,CUSHING,001,50050,Effluent Gross,Q1,MO AVG,2019-02-28,8000,gal/d,=,,,2019-03-08
OK0044598,GREENFIELD ENVIRONMENTAL MULTISTATE TRUST LLC-SKULL CK,CUSHING,001,50050,Effluent Gross,Q2,DAILY MX,2019-02-28,8000,gal/d,=,,,2019-03-08
OKG950028,"STEWART STONE, INC.-CUSHING",CUSHING,001,50050,Effluent Gross,Q1,MO AVG,2019-02-28,75.6,MGD,=,,,2019-03-14
OKG950028,"STEWART STONE, INC.-CUSHING",CUSHING,001,50050,Effluent Gross,Q2,DAILY MX,2019-02-28,259.2,MGD,=,,,2019-03-14
OK0026701,"CUSHING, CITY OF  - SOUTH STP",CUSHING,001,50050,Effluent Gross,Q1,MO AVG,2019-03-31,1.19,MGD,=,,,2019-04-08
OK0026701,"CUSHING, CITY OF  - SOUTH STP",CUSHING,001,50050,Effluent Gross,Q2,DAILY MX,2019-03-31,1.916,MGD,=,,,2019-04-08
OK0043320,GREENFIELD ENVIRONMENTAL MULTISTATE TRUST LLC-CUSHING,CUSHING,001,50050,Effluent Gross,Q1,MO AVG,2019-03-31,,,,C,No Discharge,2019-04-02
OK0043320,GREENFIELD ENVIRONMENTAL MULTISTATE TRUST LLC-CUSHING,CUSHING,001,50050,Effluent Gross,Q2,DAILY MX,2019-03-31,,,,C,No Discharge,2019-04-02
OK0043320,GREENFIELD ENVIRONMENTAL MULTISTATE TRUST LLC-CUSHING,CUSHING,007,50050,Effluent Gross,Q1,MO AVG,2019-03-31,.09,MGD,=,,,2019-04-02
OK0043320,GREENFIELD ENVIRONMENTAL MULTISTATE TRUST LLC-CUSHING,CUSHING,007,50050,Effluent Gross,Q2,DAILY MX,2019-03-31,.09,MGD,=,,,2019-04-02
OK0043320,GREENFIELD ENVIRONMENTAL MULTISTATE TRUST LLC-CUSHING,CUSHING,008,50050,Effluent Gross,Q1,MO AVG,2019-03-31,.09,MGD,=,,,2019-04-02
OK0043320,GREENFIELD ENVIRONMENTAL MULTISTATE TRUST LLC-CUSHING,CUSHING,008,50050,Effluent Gross,Q2,DAILY MX,2019-03-31,.09,MGD,=,,,2019-04-02
OK0044598,GREENFIELD ENVIRONMENTAL MULTISTATE TRUST LLC-SKULL CK,CUSHING,001,50050,Effluent Gross,Q1,MO AVG,2019-03-31,8000,gal/d,=,,,2019-04-02
OK0044598,GREENFIELD ENVIRONMENTAL MULTISTATE TRUST LLC-SKULL CK,CUSHING,001,50050,Effluent Gross,Q2,DAILY MX,2019-03-31,8000,gal/d,=,,,2019-04-02
OKG950028,"STEWART STONE, INC.-CUSHING",CUSHING,001,50050,Effluent Gross,Q1,MO AVG,2019-03-31,,,,C,No Discharge,2019-04-17
OKG950028,"STEWART STONE, INC.-CUSHING",CUSHING,001,50050,Effluent Gross,Q2,DAILY MX,2019-03-31,,,,C,No Discharge,2019-04-17
OK0026701,"CUSHING, CITY OF  - SOUTH STP",CUSHING,001,50050,Effluent Gross,Q1,MO AVG,2019-04-30,1.39,MGD,=,,,2019-05-02
OK0026701,"CUSHING, CITY OF  - SOUTH STP",CUSHING,001,50050,Effluent Gross,Q2,DAILY MX,2019-04-30,2.22,MGD,=,,,2019-05-02
OK0043320,GREENFIELD ENVIRONMENTAL MULTISTATE TRUST LLC-CUSHING,CUSHING,001,50050,Effluent Gross,Q1,MO AVG,2019-04-30,,,,C,No Discharge,2019-05-07
OK0043320,GREENFIELD ENVIRONMENTAL MULTISTATE TRUST LLC-CUSHING,CUSHING,001,50050,Effluent Gross,Q2,DAILY MX,2019-04-30,,,,C,No Discharge,2019-05-07
OK0043320,GREENFIELD ENVIRONMENTAL MULTISTATE TRUST LLC-CUSHING,CUSHING,007,50050,Effluent Gross,Q1,MO AVG,2019-04-30,,,,C,No Discharge,2019-05-07
OK0043320,GREENFIELD ENVIRONMENTAL MULTISTATE TRUST LLC-CUSHING,CUSHING,007,50050,Effluent Gross,Q2,DAILY MX,2019-04-30,,,,C,No Discharge,2019-05-07
OK0043320,GREENFIELD ENVIRONMENTAL MULTISTATE TRUST LLC-CUSHING,CUSHING,008,50050,Effluent Gross,Q1,MO AVG,2019-04-30,,,,C,No Discharge,2019-05-07
OK0043320,GREENFIELD ENVIRONMENTAL MULTISTATE TRUST LLC-CUSHING,CUSHING,008,50050,Effluent Gross,Q2,DAILY MX,2019-04-30,,,,C,No Discharge,2019-05-07
OK0044598,GREENFIELD ENVIRONMENTAL MULTISTATE TRUST LLC-SKULL CK,CUSHING,001,50050,Effluent Gross,Q1,MO AVG,2019-04-30,8000,gal/d,=,,,2019-05-07
OK0044598,GREENFIELD ENVIRONMENTAL MULTISTATE TRUST LLC-SKULL CK,CUSHING,001,50050,Effluent Gross,Q2,DAILY MX,2019-04-30,8000,gal/d,=,,,2019-05-07
OKG950028,"STEWART STONE, INC.-CUSHING",CUSHING,001,50050,Effluent Gross,Q1,MO AVG,2019-04-30,,,,C,No Discharge,2019-05-13
OKG950028,"STEWART STONE, INC.-CUSHING",CUSHING,001,50050,Effluent Gross,Q2,DAILY MX,2019-04-30,,,,C,No Discharge,2019-05-13
OK0026701,"CUSHING, CITY OF  - SOUTH STP",CUSHING,001,50050,Effluent Gross,Q1,MO AVG,2019-05-31,2.432,MGD,=,,,2019-06-10
OK0026701,"CUSHING, CITY OF  - SOUTH STP",CUSHING,001,50050,Effluent Gross,Q2,DAILY MX,2019-05-31,3.977,MGD,=,,,2019-06-10
OK0043320,GREENFIELD ENVIRONMENTAL MULTISTATE TRUST LLC-CUSHING,CUSHING,001,50050,Effluent Gross,Q1,MO AVG,2019-05-31,,,,C,No Discharge,2019-06-12
OK0043320,GREENFIELD ENVIRONMENTAL MULTISTATE TRUST LLC-CUSHING,CUSHING,001,50050,Effluent Gross,Q2,DAILY MX,2019-05-31,,,,C,No Discharge,2019-06-12
OK0043320,GREENFIELD ENVIRONMENTAL MULTISTATE TRUST LLC-CUSHING,CUSHING,007,50050,Effluent Gross,Q1,MO AVG,2019-05-31,.09,MGD,=,,,2019-06-12
OK0043320,GREENFIELD ENVIRONMENTAL MULTISTATE TRUST LLC-CUSHING,CUSHING,007,50050,Effluent Gross,Q2,DAILY MX,2019-05-31,.09,MGD,=,,,2019-06-12
OK0043320,GREENFIELD ENVIRONMENTAL MULTISTATE TRUST LLC-CUSHING,CUSHING,008,50050,Effluent Gross,Q1,MO AVG,2019-05-31,.09,MGD,=,,,2019-06-12
OK0043320,GREENFIELD ENVIRONMENTAL MULTISTATE TRUST LLC-CUSHING,CUSHING,008,50050,Effluent Gross,Q2,DAILY MX,2019-05-31,.09,MGD,=,,,2019-06-12
OK0044598,GREENFIELD ENVIRONMENTAL MULTISTATE TRUST LLC-SKULL CK,CUSHING,001,50050,Effluent Gross,Q1,MO AVG,2019-05-31,8000,gal/d,=,,,2019-06-12
OK0044598,GREENFIELD ENVIRONMENTAL MULTISTATE TRUST LLC-SKULL CK,CUSHING,001,50050,Effluent Gross,Q2,DAILY MX,2019-05-31,8000,gal/d,=,,,2019-06-12
OKG950028,"STEWART STONE, INC.-CUSHING",CUSHING,001,50050,Effluent Gross,Q1,MO AVG,2019-05-31,.192,MGD,=,,,2019-06-04
OKG950028,"STEWART STONE, INC.-CUSHING",CUSHING,001,50050,Effluent Gross,Q2,DAILY MX,2019-05-31,.648,MGD,=,,,2019-06-04
OK0026701,"CUSHING, CITY OF  - SOUTH STP",CUSHING,001,50050,Effluent Gross,Q1,MO AVG,2019-06-30,1.634,MGD,=,,,2019-07-10
OK0026701,"CUSHING, CITY OF  - SOUTH STP",CUSHING,001,50050,Effluent Gross,Q2,DAILY MX,2019-06-30,2.96,MGD,=,,,2019-07-10
OK0043320,GREENFIELD ENVIRONMENTAL MULTISTATE TRUST LLC-CUSHING,CUSHING,001,50050,Effluent Gross,Q1,MO AVG,2019-06-30,,,,C,No Discharge,2019-07-08
OK0043320,GREENFIELD ENVIRONMENTAL MULTISTATE TRUST LLC-CUSHING,CUSHING,001,50050,Effluent Gross,Q2,DAILY MX,2019-06-30,,,,C,No Discharge,2019-07-08
OK0043320,GREENFIELD ENVIRONMENTAL MULTISTATE TRUST LLC-CUSHING,CUSHING,007,50050,Effluent Gross,Q1,MO AVG,2019-06-30,.09,MGD,=,,,2019-07-08
OK0043320,GREENFIELD ENVIRONMENTAL MULTISTATE TRUST LLC-CUSHING,CUSHING,007,50050,Effluent Gross,Q2,DAILY MX,2019-06-30,.09,MGD,=,,,2019-07-08
OK0043320,GREENFIELD ENVIRONMENTAL MULTISTATE TRUST LLC-CUSHING,CUSHING,008,50050,Effluent Gross,Q1,MO AVG,2019-06-30,.09,MGD,=,,,2019-07-08
OK0043320,GREENFIELD ENVIRONMENTAL MULTISTATE TRUST LLC-CUSHING,CUSHING,008,50050,Effluent Gross,Q2,DAILY MX,2019-06-30,.09,MGD,=,,,2019-07-08
OK0044598,GREENFIELD ENVIRONMENTAL MULTISTATE TRUST LLC-SKULL CK,CUSHING,001,50050,Effluent Gross,Q1,MO AVG,2019-06-30,8000,gal/d,=,,,2019-07-08
OK0044598,GREENFIELD ENVIRONMENTAL MULTISTATE TRUST LLC-SKULL CK,CUSHING,001,50050,Effluent Gross,Q2,DAILY MX,2019-06-30,8000,gal/d,=,,,2019-07-08
OKG950028,"STEWART STONE, INC.-CUSHING",CUSHING,001,50050,Effluent Gross,Q1,MO AVG,2019-06-30,,,,C,No Discharge,2019-07-15
OKG950028,"STEWART STONE, INC.-CUSHING",CUSHING,001,50050,Effluent Gross,Q2,DAILY MX,2019-06-30,,,,C,No Discharge,2019-07-15
OK0026701,"CUSHING, CITY OF  - SOUTH STP",CUSHING,001,50050,Effluent Gross,Q1,MO AVG,2019-07-31,1.02,MGD,=,,,2019-08-09
OK0026701,"CUSHING, CITY OF  - SOUTH STP",CUSHING,001,50050,Effluent Gross,Q2,DAILY MX,2019-07-31,1.203,MGD,=,,,2019-08-09
OK0043320,GREENFIELD ENVIRONMENTAL MULTISTATE TRUST LLC-CUSHING,CUSHING,001,50050,Effluent Gross,Q1,MO AVG,2019-07-31,,,,C,No Discharge,2019-08-13
OK0043320,GREENFIELD ENVIRONMENTAL MULTISTATE TRUST LLC-CUSHING,CUSHING,001,50050,Effluent Gross,Q2,DAILY MX,2019-07-31,,,,C,No Discharge,2019-08-13
OK0043320,GREENFIELD ENVIRONMENTAL MULTISTATE TRUST LLC-CUSHING,CUSHING,007,50050,Effluent Gross,Q1,MO AVG,2019-07-31,.09,MGD,=,,,2019-08-13
OK0043320,GREENFIELD ENVIRONMENTAL MULTISTATE TRUST LLC-CUSHING,CUSHING,007,50050,Effluent Gross,Q2,DAILY MX,2019-07-31,.09,MGD,=,,,2019-08-13
OK0043320,GREENFIELD ENVIRONMENTAL MULTISTATE TRUST LLC-CUSHING,CUSHING,008,50050,Effluent Gross,Q1,MO AVG,2019-07-31,.09,MGD,=,,,2019-08-13
OK0043320,GREENFIELD ENVIRONMENTAL MULTISTATE TRUST LLC-CUSHING,CUSHING,008,50050,Effluent Gross,Q2,DAILY MX,2019-07-31,.09,MGD,=,,,2019-08-13
OK0044598,GREENFIELD ENVIRONMENTAL MULTISTATE TRUST LLC-SKULL CK,CUSHING,001,50050,Effluent Gross,Q1,MO AVG,2019-07-31,8000,gal/d,=,,,2019-08-13
OK0044598,GREENFIELD ENVIRONMENTAL MULTISTATE TRUST LLC-SKULL CK,CUSHING,001,50050,Effluent Gross,Q2,DAILY MX,2019-07-31,8000,gal/d,=,,,2019-08-13
OKG950028,"STEWART STONE, INC.-CUSHING",CUSHING,001,50050,Effluent Gross,Q1,MO AVG,2019-07-31,,,,C,No Discharge,2019-08-12
OKG950028,"STEWART STONE, INC.-CUSHING",CUSHING,001,50050,Effluent Gross,Q2,DAILY MX,2019-07-31,,,,C,No Discharge,2019-08-12
OK0026701,"CUSHING, CITY OF  - SOUTH STP",CUSHING,001,50050,Effluent Gross,Q1,MO AVG,2019-08-31,1.508,MGD,=,,,2019-09-06
OK0026701,"CUSHING, CITY OF  - SOUTH STP",CUSHING,001,50050,Effluent Gross,Q2,DAILY MX,2019-08-31,3.342,MGD,=,,,2019-09-06
OK0043320,GREENFIELD ENVIRONMENTAL MULTISTATE TRUST LLC-CUSHING,CUSHING,001,50050,Effluent Gross,Q1,MO AVG,2019-08-31,,,,C,No Discharge,2019-09-11
OK0043320,GREENFIELD ENVIRONMENTAL MULTISTATE TRUST LLC-CUSHING,CUSHING,001,50050,Effluent Gross,Q2,DAILY MX,2019-08-31,,,,C,No Discharge,2019-09-11
OK0043320,GREENFIELD ENVIRONMENTAL MULTISTATE TRUST LLC-CUSHING,CUSHING,007,50050,Effluent Gross,Q1,MO AVG,2019-08-31,,,,C,No Discharge,2019-09-11
OK0043320,GREENFIELD ENVIRONMENTAL MULTISTATE TRUST LLC-CUSHING,CUSHING,007,50050,Effluent Gross,Q2,DAILY MX,2019-08-31,,,,C,No Discharge,2019-09-11
OK0043320,GREENFIELD ENVIRONMENTAL MULTISTATE TRUST LLC-CUSHING,CUSHING,008,50050,Effluent Gross,Q1,MO AVG,2019-08-31,,,,C,No Discharge,2019-09-11
OK0043320,GREENFIELD ENVIRONMENTAL MULTISTATE TRUST LLC-CUSHING,CUSHING,008,50050,Effluent Gross,Q2,DAILY MX,2019-08-31,,,,C,No Discharge,2019-09-11
OK0044598,GREENFIELD ENVIRONMENTAL MULTISTATE TRUST LLC-SKULL CK,CUSHING,001,50050,Effluent Gross,Q1,MO AVG,2019-08-31,6000,gal/d,=,,,2019-09-11
OK0044598,GREENFIELD ENVIRONMENTAL MULTISTATE TRUST LLC-SKULL CK,CUSHING,001,50050,Effluent Gross,Q2,DAILY MX,2019-08-31,6000,gal/d,=,,,2019-09-11
OKG950028,"STEWART STONE, INC.-CUSHING",CUSHING,001,50050,Effluent Gross,Q1,MO AVG,2019-08-31,,,,C,No Discharge,2019-09-04
OKG950028,"STEWART STONE, INC.-CUSHING",CUSHING,001,50050,Effluent Gross,Q2,DAILY MX,2019-08-31,,,,C,No Discharge,2019-09-04
OK0026701,"CUSHING, CITY OF  - SOUTH STP",CUSHING,001,50050,Effluent Gross,Q1,MO AVG,2019-09-30,1.332,MGD,=,,,2019-10-14
OK0026701,"CUSHING, CITY OF  - SOUTH STP",CUSHING,001,50050,Effluent Gross,Q2,DAILY MX,2019-09-30,2.54,MGD,=,,,2019-10-14
OK0043320,GREENFIELD ENVIRONMENTAL MULTISTATE TRUST LLC-CUSHING,CUSHING,001,50050,Effluent Gross,Q1,MO AVG,2019-09-30,,,,C,No Discharge,2019-10-10
OK0043320,GREENFIELD ENVIRONMENTAL MULTISTATE TRUST LLC-CUSHING,CUSHING,001,50050,Effluent Gross,Q2,DAILY MX,2019-09-30,,,,C,No Discharge,2019-10-10
OK0043320,GREENFIELD ENVIRONMENTAL MULTISTATE TRUST LLC-CUSHING,CUSHING,007,50050,Effluent Gross,Q1,MO AVG,2019-09-30,.09,MGD,=,,,2019-10-10
OK0043320,GREENFIELD ENVIRONMENTAL MULTISTATE TRUST LLC-CUSHING,CUSHING,007,50050,Effluent Gross,Q2,DAILY MX,2019-09-30,.09,MGD,=,,,2019-10-10
OK0043320,GREENFIELD ENVIRONMENTAL MULTISTATE TRUST LLC-CUSHING,CUSHING,008,50050,Effluent Gross,Q1,MO AVG,2019-09-30,.09,MGD,=,,,2019-10-10
OK0043320,GREENFIELD ENVIRONMENTAL MULTISTATE TRUST LLC-CUSHING,CUSHING,008,50050,Effluent Gross,Q2,DAILY MX,2019-09-30,.09,MGD,=,,,2019-10-10
OK0044598,GREENFIELD ENVIRONMENTAL MULTISTATE TRUST LLC-SKULL CK,CUSHING,001,50050,Effluent Gross,Q1,MO AVG,2019-09-30,6000,gal/d,=,,,2019-10-10
OK0044598,GREENFIELD ENVIRONMENTAL MULTISTATE TRUST LLC-SKULL CK,CUSHING,001,50050,Effluent Gross,Q2,DAILY MX,2019-09-30,6000,gal/d,=,,,2019-10-10
OKG950028,"STEWART STONE, INC.-CUSHING",CUSHING,001,50050,Effluent Gross,Q1,MO AVG,2019-09-30,,,,C,No Discharge,2019-10-04
OKG950028,"STEWART STONE, INC.-CUSHING",CUSHING,001,50050,Effluent Gross,Q2,DAILY MX,2019-09-30,,,,C,No Discharge,2019-10-04
OK0026701,"CUSHING, CITY OF  - SOUTH STP",CUSHING,001,50050,Effluent Gross,Q1,MO AVG,2019-10-31,1.308,MGD,=,,,2019-11-10
OK0026701,"CUSHING, CITY OF  - SOUTH STP",CUSHING,001,50050,Effluent Gross,Q2,DAILY MX,2019-10-31,2.45,MGD,=,,,2019-11-10
OK0043320,GREENFIELD ENVIRONMENTAL MULTISTATE TRUST LLC-CUSHING,CUSHING,001,50050,Effluent Gross,Q1,MO AVG,2019-10-31,,,,C,No Discharge,2019-11-11
OK0043320,GREENFIELD ENVIRONMENTAL MULTISTATE TRUST LLC-CUSHING,CUSHING,001,50050,Effluent Gross,Q2,DAILY MX,2019-10-31,,,,C,No Discharge,2019-11-11
OK0043320,GREENFIELD ENVIRONMENTAL MULTISTATE TRUST LLC-CUSHING,CUSHING,007,50050,Effluent Gross,Q1,MO AVG,2019-10-31,.09,MGD,=,,,2019-11-11
OK0043320,GREENFIELD ENVIRONMENTAL MULTISTATE TRUST LLC-CUSHING,CUSHING,007,50050,Effluent Gross,Q2,DAILY MX,2019-10-31,.09,MGD,=,,,2019-11-11
OK0043320,GREENFIELD ENVIRONMENTAL MULTISTATE TRUST LLC-CUSHING,CUSHING,008,50050,Effluent Gross,Q1,MO AVG,2019-10-31,.09,MGD,=,,,2019-11-11
OK0043320,GREENFIELD ENVIRONMENTAL MULTISTATE TRUST LLC-CUSHING,CUSHING,008,50050,Effluent Gross,Q2,DAILY MX,2019-10-31,.09,MGD,=,,,2019-11-11
OK0044598,GREENFIELD ENVIRONMENTAL MULTISTATE TRUST LLC-SKULL CK,CUSHING,001,50050,Effluent Gross,Q1,MO AVG,2019-10-31,6000,gal/d,=,,,2019-11-11
OK0044598,GREENFIELD ENVIRONMENTAL MULTISTATE TRUST LLC-SKULL CK,CUSHING,001,50050,Effluent Gross,Q2,DAILY MX,2019-10-31,6000,gal/d,=,,,2019-11-11
OKG950028,"STEWART STONE, INC.-CUSHING",CUSHING,001,50050,Effluent Gross,Q1,MO AVG,2019-10-31,,,,C,No Discharge,2019-11-14
OKG950028,"STEWART STONE, INC.-CUSHING",CUSHING,001,50050,Effluent Gross,Q2,DAILY MX,2019-10-31,,,,C,No Discharge,2019-11-14
OK0026701,"CUSHING, CITY OF  - SOUTH STP",CUSHING,001,50050,Effluent Gross,Q1,MO AVG,2019-11-30,1.613,MGD,=,,,2019-12-11
OK0026701,"CUSHING, CITY OF  - SOUTH STP",CUSHING,001,50050,Effluent Gross,Q2,DAILY MX,2019-11-30,2.58,MGD,=,,,2019-12-11
OK0043320,GREENFIELD ENVIRONMENTAL MULTISTATE TRUST LLC-CUSHING,CUSHING,001,50050,Effluent Gross,Q1,MO AVG,2019-11-30,,,,C,No Discharge,2019-12-12
OK0043320,GREENFIELD ENVIRONMENTAL MULTISTATE TRUST LLC-CUSHING,CUSHING,001,50050,Effluent Gross,Q2,DAILY MX,2019-11-30,,,,C,No Discharge,2019-12-12
OK0043320,GREENFIELD ENVIRONMENTAL MULTISTATE TRUST LLC-CUSHING,CUSHING,007,50050,Effluent Gross,Q1,MO AVG,2019-11-30,,,,C,No Discharge,2019-12-12
OK0043320,GREENFIELD ENVIRONMENTAL MULTISTATE TRUST LLC-CUSHING,CUSHING,007,50050,Effluent Gross,Q2,DAILY MX,2019-11-30,,,,C,No Discharge,2019-12-12
OK0043320,GREENFIELD ENVIRONMENTAL MULTISTATE TRUST LLC-CUSHING,CUSHING,008,50050,Effluent Gross,Q1,MO AVG,2019-11-30,,,,C,No Discharge,2019-12-12
OK0043320,GREENFIELD ENVIRONMENTAL MULTISTATE TRUST LLC-CUSHING,CUSHING,008,50050,Effluent Gross,Q2,DAILY MX,2019-11-30,,,,C,No Discharge,2019-12-12
OK0044598,GREENFIELD ENVIRONMENTAL MULTISTATE TRUST LLC-SKULL CK,CUSHING,001,50050,Effluent Gross,Q1,MO AVG,2019-11-30,6000,gal/d,=,,,2019-12-12
OK0044598,GREENFIELD ENVIRONMENTAL MULTISTATE TRUST LLC-SKULL CK,CUSHING,001,50050,Effluent Gross,Q2,DAILY MX,2019-11-30,6000,gal/d,=,,,2019-12-12
OKG950028,"STEWART STONE, INC.-CUSHING",CUSHING,001,50050,Effluent Gross,Q1,MO AVG,2019-11-30,,,,C,No Discharge,2019-12-05
OKG950028,"STEWART STONE, INC.-CUSHING",CUSHING,001,50050,Effluent Gross,Q2,DAILY MX,2019-11-30,,,,C,No Discharge,2019-12-05
OK0026701,"CUSHING, CITY OF  - SOUTH STP",CUSHING,001,50050,Effluent Gross,Q1,MO AVG,2019-12-31,1.145,MGD,=,,,2020-01-03
OK0026701,"CUSHING, CITY OF  - SOUTH STP",CUSHING,001,50050,Effluent Gross,Q2,DAILY MX,2019-12-31,1.74,MGD,=,,,2020-01-03
OK0043320,GREENFIELD ENVIRONMENTAL MULTISTATE TRUST LLC-CUSHING,CUSHING,001,50050,Effluent Gross,Q1,MO AVG,2019-12-31,,,,C,No Discharge,2020-01-10
OK0043320,GREENFIELD ENVIRONMENTAL MULTISTATE TRUST LLC-CUSHING,CUSHING,001,50050,Effluent Gross,Q2,DAILY MX,2019-12-31,,,,C,No Discharge,2020-01-10
OK0043320,GREENFIELD ENVIRONMENTAL MULTISTATE TRUST LLC-CUSHING,CUSHING,007,50050,Effluent Gross,Q1,MO AVG,2019-12-31,,,,C,No Discharge,2020-01-10
OK0043320,GREENFIELD ENVIRONMENTAL MULTISTATE TRUST LLC-CUSHING,CUSHING,007,50050,Effluent Gross,Q2,DAILY MX,2019-12-31,,,,C,No Discharge,2020-01-10
OK0043320,GREENFIELD ENVIRONMENTAL MULTISTATE TRUST LLC-CUSHING,CUSHING,008,50050,Effluent Gross,Q1,MO AVG,2019-12-31,,,,C,No Discharge,2020-01-10
OK0043320,GREENFIELD ENVIRONMENTAL MULTISTATE TRUST LLC-CUSHING,CUSHING,008,50050,Effluent Gross,Q2,DAILY MX,2019-12-31,,,,C,No Discharge,2020-01-10
OK0044598,GREENFIELD ENVIRONMENTAL MULTISTATE TRUST LLC-SKULL CK,CUSHING,001,50050,Effluent Gross,Q1,MO AVG,2019-12-31,6000,gal/d,=,,,2020-01-10
OK0044598,GREENFIELD ENVIRONMENTAL MULTISTATE TRUST LLC-SKULL CK,CUSHING,001,50050,Effluent Gross,Q2,DAILY MX,2019-12-31,6000,gal/d,=,,,2020-01-10
OKG950028,"STEWART STONE, INC.-CUSHING",CUSHING,001,50050,Effluent Gross,Q1,MO AVG,2019-12-31,,,,C,No Discharge,2020-01-13
OKG950028,"STEWART STONE, INC.-CUSHING",CUSHING,001,50050,Effluent Gross,Q2,DAILY MX,2019-12-31,,,,C,No Discharge,2020-01-13
OK0026701,"CUSHING, CITY OF  - SOUTH STP",CUSHING,001,50050,Effluent Gross,Q1,MO AVG,2020-01-31,1.78,MGD,=,,,2020-02-05
OK0026701,"CUSHING, CITY OF  - SOUTH STP",CUSHING,001,50050,Effluent Gross,Q2,DAILY MX,2020-01-31,3.34,MGD,=,,,2020-02-05
OK0043320,GREENFIELD ENVIRONMENTAL MULTISTATE TRUST LLC-CUSHING,CUSHING,001,50050,Effluent Gross,Q1,MO AVG,2020-01-31,,,,C,No Discharge,2020-02-12
OK0043320,GREENFIELD ENVIRONMENTAL MULTISTATE TRUST LLC-CUSHING,CUSHING,001,50050,Effluent Gross,Q2,DAILY MX,2020-01-31,,,,C,No Discharge,2020-02-12
OK0043320,GREENFIELD ENVIRONMENTAL MULTISTATE TRUST LLC-CUSHING,CUSHING,007,50050,Effluent Gross,Q1,MO AVG,2020-01-31,,,,C,No Discharge,2020-02-12
OK0043320,GREENFIELD ENVIRONMENTAL MULTISTATE TRUST LLC-CUSHING,CUSHING,007,50050,Effluent Gross,Q2,DAILY MX,2020-01-31,,,,C,No Discharge,2020-02-12
OK0043320,GREENFIELD ENVIRONMENTAL MULTISTATE TRUST LLC-CUSHING,CUSHING,008,50050,Effluent Gross,Q1,MO AVG,2020-01-31,,,,C,No Discharge,2020-02-12
OK0043320,GREENFIELD ENVIRONMENTAL MULTISTATE TRUST LLC-CUSHING,CUSHING,008,50050,Effluent Gross,Q2,DAILY MX,2020-01-31,,,,C,No Discharge,2020-02-12
OK0044598,GREENFIELD ENVIRONMENTAL MULTISTATE TRUST LLC-SKULL CK,CUSHING,001,50050,Effluent Gross,Q1,MO AVG,2020-01-31,6000,gal/d,=,,,2020-02-12
OK0044598,GREENFIELD ENVIRONMENTAL MULTISTATE TRUST LLC-SKULL CK,CUSHING,001,50050,Effluent Gross,Q2,DAILY MX,2020-01-31,6000,gal/d,=,,,2020-02-12
OKG950028,"STEWART STONE, INC.-CUSHING",CUSHING,001,50050,Effluent Gross,Q1,MO AVG,2020-01-31,,,,C,No Discharge,2020-02-17
OKG950028,"STEWART STONE, INC.-CUSHING",CUSHING,001,50050,Effluent Gross,Q2,DAILY MX,2020-01-31,,,,C,No Discharge,2020-02-17
OK0026701,"CUSHING, CITY OF  - SOUTH STP",CUSHING,001,50050,Effluent Gross,Q1,MO AVG,2020-02-29,1.491,MGD,=,,,2020-03-03
OK0026701,"CUSHING, CITY OF  - SOUTH STP",CUSHING,001,50050,Effluent Gross,Q2,DAILY MX,2020-02-29,2.24,MGD,=,,,2020-03-03
OK0043320,GREENFIELD ENVIRONMENTAL MULTISTATE TRUST LLC-CUSHING,CUSHING,001,50050,Effluent Gross,Q1,MO AVG,2020-02-29,,,,C,No Discharge,2020-03-09
OK0043320,GREENFIELD ENVIRONMENTAL MULTISTATE TRUST LLC-CUSHING,CUSHING,001,50050,Effluent Gross,Q2,DAILY MX,2020-02-29,,,,C,No Discharge,2020-03-09
OK0043320,GREENFIELD ENVIRONMENTAL MULTISTATE TRUST LLC-CUSHING,CUSHING,007,50050,Effluent Gross,Q1,MO AVG,2020-02-29,.09,MGD,=,,,2020-03-09
OK0043320,GREENFIELD ENVIRONMENTAL MULTISTATE TRUST LLC-CUSHING,CUSHING,007,50050,Effluent Gross,Q2,DAILY MX,2020-02-29,.09,MGD,=,,,2020-03-09
OK0043320,GREENFIELD ENVIRONMENTAL MULTISTATE TRUST LLC-CUSHING,CUSHING,008,50050,Effluent Gross,Q1,MO AVG,2020-02-29,.09,MGD,=,,,2020-03-09
OK0043320,GREENFIELD ENVIRONMENTAL MULTISTATE TRUST LLC-CUSHING,CUSHING,008,50050,Effluent Gross,Q2,DAILY MX,2020-02-29,.09,MGD,=,,,2020-03-09
OK0044598,GREENFIELD ENVIRONMENTAL MULTISTATE TRUST LLC-SKULL CK,CUSHING,001,50050,Effluent Gross,Q1,MO AVG,2020-02-29,6000,gal/d,=,,,2020-03-09
OK0044598,GREENFIELD ENVIRONMENTAL MULTISTATE TRUST LLC-SKULL CK,CUSHING,001,50050,Effluent Gross,Q2,DAILY MX,2020-02-29,6000,gal/d,=,,,2020-03-09
OKG950028,"STEWART STONE, INC.-CUSHING",CUSHING,001,50050,Effluent Gross,Q1,MO AVG,2020-02-29,,,,C,No Discharge,2020-03-17
OKG950028,"STEWART STONE, INC.-CUSHING",CUSHING,001,50050,Effluent Gross,Q2,DAILY MX,2020-02-29,,,,C,No Discharge,2020-03-17
OK0026701,"CUSHING, CITY OF  - SOUTH STP",CUSHING,001,50050,Effluent Gross,Q1,MO AVG,2020-03-31,1.941,MGD,=,,,2020-04-02
OK0026701,"CUSHING, CITY OF  - SOUTH STP",CUSHING,001,50050,Effluent Gross,Q2,DAILY MX,2020-03-31,3.45,MGD,=,,,2020-04-02
OK0043320,GREENFIELD ENVIRONMENTAL MULTISTATE TRUST LLC-CUSHING,CUSHING,001,50050,Effluent Gross,Q1,MO AVG,2020-03-31,,,,C,No Discharge,2020-04-10
OK0043320,GREENFIELD ENVIRONMENTAL MULTISTATE TRUST LLC-CUSHING,CUSHING,001,50050,Effluent Gross,Q2,DAILY MX,2020-03-31,,,,C,No Discharge,2020-04-10
OK0043320,GREENFIELD ENVIRONMENTAL MULTISTATE TRUST LLC-CUSHING,CUSHING,007,50050,Effluent Gross,Q1,MO AVG,2020-03-31,.09,MGD,=,,,2020-04-10
OK0043320,GREENFIELD ENVIRONMENTAL MULTISTATE TRUST LLC-CUSHING,CUSHING,007,50050,Effluent Gross,Q2,DAILY MX,2020-03-31,.09,MGD,=,,,2020-04-10
OK0043320,GREENFIELD ENVIRONMENTAL MULTISTATE TRUST LLC-CUSHING,CUSHING,008,50050,Effluent Gross,Q1,MO AVG,2020-03-31,.09,MGD,=,,,2020-04-10
OK0043320,GREENFIELD ENVIRONMENTAL MULTISTATE TRUST LLC-CUSHING,CUSHING,008,50050,Effluent Gross,Q2,DAILY MX,2020-03-31,.09,MGD,=,,,2020-04-10
OK0044598,GREENFIELD ENVIRONMENTAL MULTISTATE TRUST LLC-SKULL CK,CUSHING,001,50050,Effluent Gross,Q1,MO AVG,2020-03-31,6000,gal/d,=,,,2020-04-10
OK0044598,GREENFIELD ENVIRONMENTAL MULTISTATE TRUST LLC-SKULL CK,CUSHING,001,50050,Effluent Gross,Q2,DAILY MX,2020-03-31,6000,gal/d,=,,,2020-04-10
OKG950028,"STEWART STONE, INC.-CUSHING",CUSHING,001,50050,Effluent Gross,Q1,MO AVG,2020-03-31,.25,MGD,=,,,2020-04-14
OKG950028,"STEWART STONE, INC.-CUSHING",CUSHING,001,50050,Effluent Gross,Q2,DAILY MX,2020-03-31,.388,MGD,=,,,2020-04-14
OK0026701,"CUSHING, CITY OF  - SOUTH STP",CUSHING,001,50050,Effluent Gross,Q1,MO AVG,2020-04-30,1.358,MGD,=,,,2020-05-06
OK0026701,"CUSHING, CITY OF  - SOUTH STP",CUSHING,001,50050,Effluent Gross,Q2,DAILY MX,2020-04-30,2.12,MGD,=,,,2020-05-06
OK0043320,GREENFIELD ENVIRONMENTAL MULTISTATE TRUST LLC-CUSHING,CUSHING,001,50050,Effluent Gross,Q1,MO AVG,2020-04-30,,,,C,No Discharge,2020-05-11
OK0043320,GREENFIELD ENVIRONMENTAL MULTISTATE TRUST LLC-CUSHING,CUSHING,001,50050,Effluent Gross,Q2,DAILY MX,2020-04-30,,,,C,No Discharge,2020-05-11
OK0043320,GREENFIELD ENVIRONMENTAL MULTISTATE TRUST LLC-CUSHING,CUSHING,007,50050,Effluent Gross,Q1,MO AVG,2020-04-30,.09,MGD,=,,,2020-05-11
OK0043320,GREENFIELD ENVIRONMENTAL MULTISTATE TRUST LLC-CUSHING,CUSHING,007,50050,Effluent Gross,Q2,DAILY MX,2020-04-30,.09,MGD,=,,,2020-05-11
OK0043320,GREENFIELD ENVIRONMENTAL MULTISTATE TRUST LLC-CUSHING,CUSHING,008,50050,Effluent Gross,Q1,MO AVG,2020-04-30,.09,MGD,=,,,2020-05-11
OK0043320,GREENFIELD ENVIRONMENTAL MULTISTATE TRUST LLC-CUSHING,CUSHING,008,50050,Effluent Gross,Q2,DAILY MX,2020-04-30,.09,MGD,=,,,2020-05-11
OK0044598,GREENFIELD ENVIRONMENTAL MULTISTATE TRUST LLC-SKULL CK,CUSHING,001,50050,Effluent Gross,Q1,MO AVG,2020-04-30,6000,gal/d,=,,,2020-05-11
OK0044598,GREENFIELD ENVIRONMENTAL MULTISTATE TRUST LLC-SKULL CK,CUSHING,001,50050,Effluent Gross,Q2,DAILY MX,2020-04-30,6000,gal/d,=,,,2020-05-11
OKG950028,"STEWART STONE, INC.-CUSHING",CUSHING,001,50050,Effluent Gross,Q1,MO AVG,2020-04-30,,,,C,No Discharge,2020-05-08
OKG950028,"STEWART STONE, INC.-CUSHING",CUSHING,001,50050,Effluent Gross,Q2,DAILY MX,2020-04-30,,,,C,No Discharge,2020-05-08
OK0026701,"CUSHING, CITY OF  - SOUTH STP",CUSHING,001,50050,Effluent Gross,Q1,MO AVG,2020-05-31,1.103,MGD,=,,,2020-06-05
OK0026701,"CUSHING, CITY OF  - SOUTH STP",CUSHING,001,50050,Effluent Gross,Q2,DAILY MX,2020-05-31,1.89,MGD,=,,,2020-06-05
OK0043320,GREENFIELD ENVIRONMENTAL MULTISTATE TRUST LLC-CUSHING,CUSHING,001,50050,Effluent Gross,Q1,MO AVG,2020-05-31,,,,C,No Discharge,2020-06-03
OK0043320,GREENFIELD ENVIRONMENTAL MULTISTATE TRUST LLC-CUSHING,CUSHING,001,50050,Effluent Gross,Q2,DAILY MX,2020-05-31,,,,C,No Discharge,2020-06-03
OK0043320,GREENFIELD ENVIRONMENTAL MULTISTATE TRUST LLC-CUSHING,CUSHING,007,50050,Effluent Gross,Q1,MO AVG,2020-05-31,,,,C,No Discharge,2020-06-03
OK0043320,GREENFIELD ENVIRONMENTAL MULTISTATE TRUST LLC-CUSHING,CUSHING,007,50050,Effluent Gross,Q2,DAILY MX,2020-05-31,,,,C,No Discharge,2020-06-03
OK0043320,GREENFIELD ENVIRONMENTAL MULTISTATE TRUST LLC-CUSHING,CUSHING,008,50050,Effluent Gross,Q1,MO AVG,2020-05-31,,,,C,No Discharge,2020-06-03
OK0043320,GREENFIELD ENVIRONMENTAL MULTISTATE TRUST LLC-CUSHING,CUSHING,008,50050,Effluent Gross,Q2,DAILY MX,2020-05-31,,,,C,No Discharge,2020-06-03
OK0044598,GREENFIELD ENVIRONMENTAL MULTISTATE TRUST LLC-SKULL CK,CUSHING,001,50050,Effluent Gross,Q1,MO AVG,2020-05-31,6000,gal/d,=,,,2020-06-03
OK0044598,GREENFIELD ENVIRONMENTAL MULTISTATE TRUST LLC-SKULL CK,CUSHING,001,50050,Effluent Gross,Q2,DAILY MX,2020-05-31,6000,gal/d,=,,,2020-06-03
OKG950028,"STEWART STONE, INC.-CUSHING",CUSHING,001,50050,Effluent Gross,Q1,MO AVG,2020-05-31,,,,C,No Discharge,2020-06-08
OKG950028,"STEWART STONE, INC.-CUSHING",CUSHING,001,50050,Effluent Gross,Q2,DAILY MX,2020-05-31,,,,C,No Discharge,2020-06-08
OK0026701,"CUSHING, CITY OF  - SOUTH STP",CUSHING,001,50050,Effluent Gross,Q1,MO AVG,2020-06-30,1.104,MGD,=,,,2020-07-06
OK0026701,"CUSHING, CITY OF  - SOUTH STP",CUSHING,001,50050,Effluent Gross,Q2,DAILY MX,2020-06-30,1.72,MGD,=,,,2020-07-06
OK0043320,GREENFIELD ENVIRONMENTAL MULTISTATE TRUST LLC-CUSHING,CUSHING,001,50050,Effluent Gross,Q1,MO AVG,2020-06-30,,,,C,No Discharge,2020-07-15
OK0043320,GREENFIELD ENVIRONMENTAL MULTISTATE TRUST LLC-CUSHING,CUSHING,001,50050,Effluent Gross,Q2,DAILY MX,2020-06-30,,,,C,No Discharge,2020-07-15
OK0043320,GREENFIELD ENVIRONMENTAL MULTISTATE TRUST LLC-CUSHING,CUSHING,007,50050,Effluent Gross,Q1,MO AVG,2020-06-30,,,,C,No Discharge,2020-07-15
OK0043320,GREENFIELD ENVIRONMENTAL MULTISTATE TRUST LLC-CUSHING,CUSHING,007,50050,Effluent Gross,Q2,DAILY MX,2020-06-30,,,,C,No Discharge,2020-07-15
OK0043320,GREENFIELD ENVIRONMENTAL MULTISTATE TRUST LLC-CUSHING,CUSHING,008,50050,Effluent Gross,Q1,MO AVG,2020-06-30,,,,C,No Discharge,2020-07-15
OK0043320,GREENFIELD ENVIRONMENTAL MULTISTATE TRUST LLC-CUSHING,CUSHING,008,50050,Effluent Gross,Q2,DAILY MX,2020-06-30,,,,C,No Discharge,2020-07-15
OK0044598,GREENFIELD ENVIRONMENTAL MULTISTATE TRUST LLC-SKULL CK,CUSHING,001,50050,Effluent Gross,Q1,MO AVG,2020-06-30,6000,gal/d,=,,,2020-07-15
OK0044598,GREENFIELD ENVIRONMENTAL MULTISTATE TRUST LLC-SKULL CK,CUSHING,001,50050,Effluent Gross,Q2,DAILY MX,2020-06-30,6000,gal/d,=,,,2020-07-15
OKG950028,"STEWART STONE, INC.-CUSHING",CUSHING,001,50050,Effluent Gross,Q1,MO AVG,2020-06-30,,,,C,No Discharge,2020-07-15
OKG950028,"STEWART STONE, INC.-CUSHING",CUSHING,001,50050,Effluent Gross,Q2,DAILY MX,2020-06-30,,,,C,No Discharge,2020-07-15
OK0026701,"CUSHING, CITY OF  - SOUTH STP",CUSHING,001,50050,Effluent Gross,Q1,MO AVG,2020-07-31,1.137,MGD,=,,,2020-08-05
OK0026701,"CUSHING, CITY OF  - SOUTH STP",CUSHING,001,50050,Effluent Gross,Q2,DAILY MX,2020-07-31,2.12,MGD,=,,,2020-08-05
OK0043320,GREENFIELD ENVIRONMENTAL MULTISTATE TRUST LLC-CUSHING,CUSHING,001,50050,Effluent Gross,Q1,MO AVG,2020-07-31,,,,C,No Discharge,2020-08-10
OK0043320,GREENFIELD ENVIRONMENTAL MULTISTATE TRUST LLC-CUSHING,CUSHING,001,50050,Effluent Gross,Q2,DAILY MX,2020-07-31,,,,C,No Discharge,2020-08-10
OK0043320,GREENFIELD ENVIRONMENTAL MULTISTATE TRUST LLC-CUSHING,CUSHING,007,50050,Effluent Gross,Q1,MO AVG,2020-07-31,.09,MGD,=,,,2020-08-10
OK0043320,GREENFIELD ENVIRONMENTAL MULTISTATE TRUST LLC-CUSHING,CUSHING,007,50050,Effluent Gross,Q2,DAILY MX,2020-07-31,.09,MGD,=,,,2020-08-10
OK0043320,GREENFIELD ENVIRONMENTAL MULTISTATE TRUST LLC-CUSHING,CUSHING,008,50050,Effluent Gross,Q1,MO AVG,2020-07-31,.09,MGD,=,,,2020-08-10
OK0043320,GREENFIELD ENVIRONMENTAL MULTISTATE TRUST LLC-CUSHING,CUSHING,008,50050,Effluent Gross,Q2,DAILY MX,2020-07-31,.09,MGD,=,,,2020-08-10
OK0044598,GREENFIELD ENVIRONMENTAL MULTISTATE TRUST LLC-SKULL CK,CUSHING,001,50050,Effluent Gross,Q1,MO AVG,2020-07-31,6000,gal/d,=,,,2020-08-10
OK0044598,GREENFIELD ENVIRONMENTAL MULTISTATE TRUST LLC-SKULL CK,CUSHING,001,50050,Effluent Gross,Q2,DAILY MX,2020-07-31,6000,gal/d,=,,,2020-08-10
OKG270057,WILDHORSE TERMINAL,CUSHING,001,50050,Effluent Gross,Q1,MO AVG,2020-07-31,2124375,MGD,=,,,2020-09-08
OKG270057,WILDHORSE TERMINAL,CUSHING,001,50050,Effluent Gross,Q2,DAILY MX,2020-07-31,2124375,MGD,=,,,2020-09-08
OKG950028,"STEWART STONE, INC.-CUSHING",CUSHING,001,50050,Effluent Gross,Q1,MO AVG,2020-07-31,,,,C,No Discharge,2020-08-13
OKG950028,"STEWART STONE, INC.-CUSHING",CUSHING,001,50050,Effluent Gross,Q2,DAILY MX,2020-07-31,,,,C,No Discharge,2020-08-13
OK0026701,"CUSHING, CITY OF  - SOUTH STP",CUSHING,001,50050,Effluent Gross,Q1,MO AVG,2020-08-31,.87,MGD,=,,,2020-09-09
OK0026701,"CUSHING, CITY OF  - SOUTH STP",CUSHING,001,50050,Effluent Gross,Q2,DAILY MX,2020-08-31,1.16,MGD,=,,,2020-09-09
OK0043320,GREENFIELD ENVIRONMENTAL MULTISTATE TRUST LLC-CUSHING,CUSHING,001,50050,Effluent Gross,Q1,MO AVG,2020-08-31,,,,C,No Discharge,2020-09-11
OK0043320,GREENFIELD ENVIRONMENTAL MULTISTATE TRUST LLC-CUSHING,CUSHING,001,50050,Effluent Gross,Q2,DAILY MX,2020-08-31,,,,C,No Discharge,2020-09-11
OK0043320,GREENFIELD ENVIRONMENTAL MULTISTATE TRUST LLC-CUSHING,CUSHING,007,50050,Effluent Gross,Q1,MO AVG,2020-08-31,.09,MGD,=,,,2020-09-11
OK0043320,GREENFIELD ENVIRONMENTAL MULTISTATE TRUST LLC-CUSHING,CUSHING,007,50050,Effluent Gross,Q2,DAILY MX,2020-08-31,.09,MGD,=,,,2020-09-11
OK0043320,GREENFIELD ENVIRONMENTAL MULTISTATE TRUST LLC-CUSHING,CUSHING,008,50050,Effluent Gross,Q1,MO AVG,2020-08-31,.09,MGD,=,,,2020-09-11
OK0043320,GREENFIELD ENVIRONMENTAL MULTISTATE TRUST LLC-CUSHING,CUSHING,008,50050,Effluent Gross,Q2,DAILY MX,2020-08-31,.9,MGD,=,,,2020-09-11
OK0044598,GREENFIELD ENVIRONMENTAL MULTISTATE TRUST LLC-SKULL CK,CUSHING,001,50050,Effluent Gross,Q1,MO AVG,2020-08-31,6000,gal/d,=,,,2020-09-11
OK0044598,GREENFIELD ENVIRONMENTAL MULTISTATE TRUST LLC-SKULL CK,CUSHING,001,50050,Effluent Gross,Q2,DAILY MX,2020-08-31,6000,gal/d,=,,,2020-09-11
OKG270057,WILDHORSE TERMINAL,CUSHING,001,50050,Effluent Gross,Q1,MO AVG,2020-08-31,843319,MGD,=,,,2020-09-09
OKG270057,WILDHORSE TERMINAL,CUSHING,001,50050,Effluent Gross,Q2,DAILY MX,2020-08-31,843319,MGD,=,,,2020-09-09
OKG950028,"STEWART STONE, INC.-CUSHING",CUSHING,001,50050,Effluent Gross,Q1,MO AVG,2020-08-31,,,,C,No Discharge,2020-09-14
OKG950028,"STEWART STONE, INC.-CUSHING",CUSHING,001,50050,Effluent Gross,Q2,DAILY MX,2020-08-31,,,,C,No Discharge,2020-09-14
OK0026701,"CUSHING, CITY OF  - SOUTH STP",CUSHING,001,50050,Effluent Gross,Q1,MO AVG,2020-09-30,.01,MGD,<,,,2020-10-09
OK0026701,"CUSHING, CITY OF  - SOUTH STP",CUSHING,001,50050,Effluent Gross,Q2,DAILY MX,2020-09-30,.01,MGD,<,,,2020-10-09
OK0043320,GREENFIELD ENVIRONMENTAL MULTISTATE TRUST LLC-CUSHING,CUSHING,001,50050,Effluent Gross,Q1,MO AVG,2020-09-30,,,,C,No Discharge,2020-10-13
OK0043320,GREENFIELD ENVIRONMENTAL MULTISTATE TRUST LLC-CUSHING,CUSHING,001,50050,Effluent Gross,Q2,DAILY MX,2020-09-30,,,,C,No Discharge,2020-10-13
OK0043320,GREENFIELD ENVIRONMENTAL MULTISTATE TRUST LLC-CUSHING,CUSHING,007,50050,Effluent Gross,Q1,MO AVG,2020-09-30,,,,C,No Discharge,2020-10-13
OK0043320,GREENFIELD ENVIRONMENTAL MULTISTATE TRUST LLC-CUSHING,CUSHING,007,50050,Effluent Gross,Q2,DAILY MX,2020-09-30,,,,C,No Discharge,2020-10-13
OK0043320,GREENFIELD ENVIRONMENTAL MULTISTATE TRUST LLC-CUSHING,CUSHING,008,50050,Effluent Gross,Q1,MO AVG,2020-09-30,,,,C,No Discharge,2020-10-13
OK0043320,GREENFIELD ENVIRONMENTAL MULTISTATE TRUST LLC-CUSHING,CUSHING,008,50050,Effluent Gross,Q2,DAILY MX,2020-09-30,,,,C,No Discharge,2020-10-13
OK0044598,GREENFIELD ENVIRONMENTAL MULTISTATE TRUST LLC-SKULL CK,CUSHING,001,50050,Effluent Gross,Q1,MO AVG,2020-09-30,6000,gal/d,=,,,2020-10-13
OK0044598,GREENFIELD ENVIRONMENTAL MULTISTATE TRUST LLC-SKULL CK,CUSHING,001,50050,Effluent Gross,Q2,DAILY MX,2020-09-30,6000,gal/d,=,,,2020-10-13
OKG270057,WILDHORSE TERMINAL,CUSHING,001,50050,Effluent Gross,Q1,MO AVG,2020-09-30,,,,C,No Discharge,2020-10-15
OKG270057,WILDHORSE TERMINAL,CUSHING,001,50050,Effluent Gross,Q2,DAILY MX,2020-09-30,,,,C,No Discharge,2020-10-15
OKG950028,"STEWART STONE, INC.-CUSHING",CUSHING,001,50050,Effluent Gross,Q1,MO AVG,2020-09-30,,,,C,No Discharge,2020-10-06
OKG950028,"STEWART STONE, INC.-CUSHING",CUSHING,001,50050,Effluent Gross,Q2,DAILY MX,2020-09-30,,,,C,No Discharge,2020-10-06
OK0026701,"CUSHING, CITY OF  - SOUTH STP",CUSHING,001,50050,Effluent Gross,Q1,MO AVG,2020-10-31,.953,MGD,=,,,2020-11-09
OK0026701,"CUSHING, CITY OF  - SOUTH STP",CUSHING,001,50050,Effluent Gross,Q2,DAILY MX,2020-10-31,2.47,MGD,=,,,2020-11-09
OK0043320,GREENFIELD ENVIRONMENTAL MULTISTATE TRUST LLC-CUSHING,CUSHING,001,50050,Effluent Gross,Q1,MO AVG,2020-10-31,,,,C,No Discharge,2020-11-02
OK0043320,GREENFIELD ENVIRONMENTAL MULTISTATE TRUST LLC-CUSHING,CUSHING,001,50050,Effluent Gross,Q2,DAILY MX,2020-10-31,,,,C,No Discharge,2020-11-02
OK0043320,GREENFIELD ENVIRONMENTAL MULTISTATE TRUST LLC-CUSHING,CUSHING,007,50050,Effluent Gross,Q1,MO AVG,2020-10-31,,,,C,No Discharge,2020-11-02
OK0043320,GREENFIELD ENVIRONMENTAL MULTISTATE TRUST LLC-CUSHING,CUSHING,007,50050,Effluent Gross,Q2,DAILY MX,2020-10-31,,,,C,No Discharge,2020-11-02
OK0043320,GREENFIELD ENVIRONMENTAL MULTISTATE TRUST LLC-CUSHING,CUSHING,008,50050,Effluent Gross,Q1,MO AVG,2020-10-31,,,,C,No Discharge,2020-11-02
OK0043320,GREENFIELD ENVIRONMENTAL MULTISTATE TRUST LLC-CUSHING,CUSHING,008,50050,Effluent Gross,Q2,DAILY MX,2020-10-31,,,,C,No Discharge,2020-11-02
OK0044598,GREENFIELD ENVIRONMENTAL MULTISTATE TRUST LLC-SKULL CK,CUSHING,001,50050,Effluent Gross,Q1,MO AVG,2020-10-31,6000,gal/d,=,,,2020-11-02
OK0044598,GREENFIELD ENVIRONMENTAL MULTISTATE TRUST LLC-SKULL CK,CUSHING,001,50050,Effluent Gross,Q2,DAILY MX,2020-10-31,6000,gal/d,=,,,2020-11-02
OKG270057,WILDHORSE TERMINAL,CUSHING,001,50050,Effluent Gross,Q1,MO AVG,2020-10-31,,,,C,No Discharge,2020-11-13
OKG270057,WILDHORSE TERMINAL,CUSHING,001,50050,Effluent Gross,Q2,DAILY MX,2020-10-31,,,,C,No Discharge,2020-11-13
OKG950028,"STEWART STONE, INC.-CUSHING",CUSHING,001,50050,Effluent Gross,Q1,MO AVG,2020-10-31,,,,C,No Discharge,2020-11-19
OKG950028,"STEWART STONE, INC.-CUSHING",CUSHING,001,50050,Effluent Gross,Q2,DAILY MX,2020-10-31,,,,C,No Discharge,2020-11-19
OK0026701,"CUSHING, CITY OF  - SOUTH STP",CUSHING,001,50050,Effluent Gross,Q1,MO AVG,2020-11-30,.867,MGD,=,,,2020-12-03
OK0026701,"CUSHING, CITY OF  - SOUTH STP",CUSHING,001,50050,Effluent Gross,Q2,DAILY MX,2020-11-30,1.35,MGD,=,,,2020-12-03
OK0043320,GREENFIELD ENVIRONMENTAL MULTISTATE TRUST LLC-CUSHING,CUSHING,001,50050,Effluent Gross,Q1,MO AVG,2020-11-30,.09,MGD,=,,,2020-12-11
OK0043320,GREENFIELD ENVIRONMENTAL MULTISTATE TRUST LLC-CUSHING,CUSHING,001,50050,Effluent Gross,Q2,DAILY MX,2020-11-30,.09,MGD,=,,,2020-12-11
OK0043320,GREENFIELD ENVIRONMENTAL MULTISTATE TRUST LLC-CUSHING,CUSHING,007,50050,Effluent Gross,Q1,MO AVG,2020-11-30,.09,MGD,=,,,2020-12-11
OK0043320,GREENFIELD ENVIRONMENTAL MULTISTATE TRUST LLC-CUSHING,CUSHING,007,50050,Effluent Gross,Q2,DAILY MX,2020-11-30,.09,MGD,=,,,2020-12-11
OK0043320,GREENFIELD ENVIRONMENTAL MULTISTATE TRUST LLC-CUSHING,CUSHING,008,50050,Effluent Gross,Q1,MO AVG,2020-11-30,.09,MGD,=,,,2020-12-11
OK0043320,GREENFIELD ENVIRONMENTAL MULTISTATE TRUST LLC-CUSHING,CUSHING,008,50050,Effluent Gross,Q2,DAILY MX,2020-11-30,.09,MGD,=,,,2020-12-11
OK0044598,GREENFIELD ENVIRONMENTAL MULTISTATE TRUST LLC-SKULL CK,CUSHING,001,50050,Effluent Gross,Q1,MO AVG,2020-11-30,6000,gal/d,=,,,2020-12-11
OK0044598,GREENFIELD ENVIRONMENTAL MULTISTATE TRUST LLC-SKULL CK,CUSHING,001,50050,Effluent Gross,Q2,DAILY MX,2020-11-30,6000,gal/d,=,,,2020-12-11
OKG270057,WILDHORSE TERMINAL,CUSHING,001,50050,Effluent Gross,Q1,MO AVG,2020-11-30,,,,C,No Discharge,2020-12-15
OKG270057,WILDHORSE TERMINAL,CUSHING,001,50050,Effluent Gross,Q2,DAILY MX,2020-11-30,,,,C,No Discharge,2020-12-15
OKG950028,"STEWART STONE, INC.-CUSHING",CUSHING,001,50050,Effluent Gross,Q1,MO AVG,2020-11-30,,,,C,No Discharge,2020-12-08
OKG950028,"STEWART STONE, INC.-CUSHING",CUSHING,001,50050,Effluent Gross,Q2,DAILY MX,2020-11-30,,,,C,No Discharge,2020-12-08
OK0026701,"CUSHING, CITY OF  - SOUTH STP",CUSHING,001,50050,Effluent Gross,Q1,MO AVG,2020-12-31,1.025,MGD,=,,,2021-01-06
OK0026701,"CUSHING, CITY OF  - SOUTH STP",CUSHING,001,50050,Effluent Gross,Q2,DAILY MX,2020-12-31,2.48,MGD,=,,,2021-01-06
OK0043320,GREENFIELD ENVIRONMENTAL MULTISTATE TRUST LLC-CUSHING,CUSHING,001,50050,Effluent Gross,Q1,MO AVG,2020-12-31,,,,C,No Discharge,2021-01-11
OK0043320,GREENFIELD ENVIRONMENTAL MULTISTATE TRUST LLC-CUSHING,CUSHING,001,50050,Effluent Gross,Q2,DAILY MX,2020-12-31,,,,C,No Discharge,2021-01-11
OK0043320,GREENFIELD ENVIRONMENTAL MULTISTATE TRUST LLC-CUSHING,CUSHING,007,50050,Effluent Gross,Q1,MO AVG,2020-12-31,.09,MGD,=,,,2021-01-11
OK0043320,GREENFIELD ENVIRONMENTAL MULTISTATE TRUST LLC-CUSHING,CUSHING,007,50050,Effluent Gross,Q2,DAILY MX,2020-12-31,.09,MGD,=,,,2021-01-11
OK0043320,GREENFIELD ENVIRONMENTAL MULTISTATE TRUST LLC-CUSHING,CUSHING,008,50050,Effluent Gross,Q1,MO AVG,2020-12-31,.09,MGD,=,,,2021-01-11
OK0043320,GREENFIELD ENVIRONMENTAL MULTISTATE TRUST LLC-CUSHING,CUSHING,008,50050,Effluent Gross,Q2,DAILY MX,2020-12-31,.09,MGD,=,,,2021-01-11
OK0044598,GREENFIELD ENVIRONMENTAL MULTISTATE TRUST LLC-SKULL CK,CUSHING,001,50050,Effluent Gross,Q1,MO AVG,2020-12-31,6000,gal/d,=,,,2021-01-11
OK0044598,GREENFIELD ENVIRONMENTAL MULTISTATE TRUST LLC-SKULL CK,CUSHING,001,50050,Effluent Gross,Q2,DAILY MX,2020-12-31,6000,gal/d,=,,,2021-01-11
OKG270057,WILDHORSE TERMINAL,CUSHING,001,50050,Effluent Gross,Q1,MO AVG,2020-12-31,,,,C,No Discharge,2021-01-15
OKG270057,WILDHORSE TERMINAL,CUSHING,001,50050,Effluent Gross,Q2,DAILY MX,2020-12-31,,,,C,No Discharge,2021-01-15
OKG950028,"STEWART STONE, INC.-CUSHING",CUSHING,001,50050,Effluent Gross,Q1,MO AVG,2020-12-31,,,,C,No Discharge,2021-01-18
OKG950028,"STEWART STONE, INC.-CUSHING",CUSHING,001,50050,Effluent Gross,Q2,DAILY MX,2020-12-31,,,,C,No Discharge,2021-01-18
OK0026701,"CUSHING, CITY OF  - SOUTH STP",CUSHING,001,50050,Effluent Gross,Q1,MO AVG,2021-01-31,1.42,MGD,=,,,2021-02-08
OK0026701,"CUSHING, CITY OF  - SOUTH STP",CUSHING,001,50050,Effluent Gross,Q2,DAILY MX,2021-01-31,3.04,MGD,=,,,2021-02-08
OK0043320,GREENFIELD ENVIRONMENTAL MULTISTATE TRUST LLC-CUSHING,CUSHING,001,50050,Effluent Gross,Q1,MO AVG,2021-01-31,,,,C,No Discharge,2021-02-12
OK0043320,GREENFIELD ENVIRONMENTAL MULTISTATE TRUST LLC-CUSHING,CUSHING,001,50050,Effluent Gross,Q2,DAILY MX,2021-01-31,,,,C,No Discharge,2021-02-12
OK0043320,GREENFIELD ENVIRONMENTAL MULTISTATE TRUST LLC-CUSHING,CUSHING,007,50050,Effluent Gross,Q1,MO AVG,2021-01-31,.09,MGD,=,,,2021-02-12
OK0043320,GREENFIELD ENVIRONMENTAL MULTISTATE TRUST LLC-CUSHING,CUSHING,007,50050,Effluent Gross,Q2,DAILY MX,2021-01-31,.09,MGD,=,,,2021-02-12
OK0043320,GREENFIELD ENVIRONMENTAL MULTISTATE TRUST LLC-CUSHING,CUSHING,008,50050,Effluent Gross,Q1,MO AVG,2021-01-31,.09,MGD,=,,,2021-02-12
OK0043320,GREENFIELD ENVIRONMENTAL MULTISTATE TRUST LLC-CUSHING,CUSHING,008,50050,Effluent Gross,Q2,DAILY MX,2021-01-31,.09,MGD,=,,,2021-02-12
OK0044598,GREENFIELD ENVIRONMENTAL MULTISTATE TRUST LLC-SKULL CK,CUSHING,001,50050,Effluent Gross,Q1,MO AVG,2021-01-31,6000,gal/d,=,,,2021-02-12
OK0044598,GREENFIELD ENVIRONMENTAL MULTISTATE TRUST LLC-SKULL CK,CUSHING,001,50050,Effluent Gross,Q2,DAILY MX,2021-01-31,6000,gal/d,=,,,2021-02-12
OKG270057,WILDHORSE TERMINAL,CUSHING,001,50050,Effluent Gross,Q1,MO AVG,2021-01-31,,,,C,No Discharge,2021-03-08
OKG270057,WILDHORSE TERMINAL,CUSHING,001,50050,Effluent Gross,Q2,DAILY MX,2021-01-31,,,,C,No Discharge,2021-03-08
OKG950028,"STEWART STONE, INC.-CUSHING",CUSHING,001,50050,Effluent Gross,Q1,MO AVG,2021-01-31,,,,C,No Discharge,2021-02-19
OKG950028,"STEWART STONE, INC.-CUSHING",CUSHING,001,50050,Effluent Gross,Q2,DAILY MX,2021-01-31,,,,C,No Discharge,2021-02-19
OK0026701,"CUSHING, CITY OF  - SOUTH STP",CUSHING,001,50050,Effluent Gross,Q1,MO AVG,2021-02-28,1.179,MGD,=,,,2021-03-11
OK0026701,"CUSHING, CITY OF  - SOUTH STP",CUSHING,001,50050,Effluent Gross,Q2,DAILY MX,2021-02-28,2.039,MGD,=,,,2021-03-11
OK0043320,GREENFIELD ENVIRONMENTAL MULTISTATE TRUST LLC-CUSHING,CUSHING,001,50050,Effluent Gross,Q1,MO AVG,2021-02-28,,,,C,No Discharge,2021-03-04
OK0043320,GREENFIELD ENVIRONMENTAL MULTISTATE TRUST LLC-CUSHING,CUSHING,001,50050,Effluent Gross,Q2,DAILY MX,2021-02-28,,,,C,No Discharge,2021-03-04
OK0043320,GREENFIELD ENVIRONMENTAL MULTISTATE TRUST LLC-CUSHING,CUSHING,007,50050,Effluent Gross,Q1,MO AVG,2021-02-28,,,,C,No Discharge,2021-03-04
OK0043320,GREENFIELD ENVIRONMENTAL MULTISTATE TRUST LLC-CUSHING,CUSHING,007,50050,Effluent Gross,Q2,DAILY MX,2021-02-28,,,,C,No Discharge,2021-03-04
OK0043320,GREENFIELD ENVIRONMENTAL MULTISTATE TRUST LLC-CUSHING,CUSHING,008,50050,Effluent Gross,Q1,MO AVG,2021-02-28,,,,C,No Discharge,2021-03-04
OK0043320,GREENFIELD ENVIRONMENTAL MULTISTATE TRUST LLC-CUSHING,CUSHING,008,50050,Effluent Gross,Q2,DAILY MX,2021-02-28,,,,C,No Discharge,2021-03-04
OK0044598,GREENFIELD ENVIRONMENTAL MULTISTATE TRUST LLC-SKULL CK,CUSHING,001,50050,Effluent Gross,Q1,MO AVG,2021-02-28,6000,gal/d,=,,,2021-03-04
OK0044598,GREENFIELD ENVIRONMENTAL MULTISTATE TRUST LLC-SKULL CK,CUSHING,001,50050,Effluent Gross,Q2,DAILY MX,2021-02-28,6000,gal/d,=,,,2021-03-04
OKG950028,"STEWART STONE, INC.-CUSHING",CUSHING,001,50050,Effluent Gross,Q1,MO AVG,2021-02-28,,,,C,No Discharge,2021-03-10
OKG950028,"STEWART STONE, INC.-CUSHING",CUSHING,001,50050,Effluent Gross,Q2,DAILY MX,2021-02-28,,,,C,No Discharge,2021-03-10
OK0026701,"CUSHING, CITY OF  - SOUTH STP",CUSHING,001,50050,Effluent Gross,Q1,MO AVG,2021-03-31,1.355,MGD,=,,,2021-04-09
OK0026701,"CUSHING, CITY OF  - SOUTH STP",CUSHING,001,50050,Effluent Gross,Q2,DAILY MX,2021-03-31,2.851,MGD,=,,,2021-04-09
OK0043320,GREENFIELD ENVIRONMENTAL MULTISTATE TRUST LLC-CUSHING,CUSHING,001,50050,Effluent Gross,Q1,MO AVG,2021-03-31,,,,C,No Discharge,2021-04-14
OK0043320,GREENFIELD ENVIRONMENTAL MULTISTATE TRUST LLC-CUSHING,CUSHING,001,50050,Effluent Gross,Q2,DAILY MX,2021-03-31,,,,C,No Discharge,2021-04-14
OK0043320,GREENFIELD ENVIRONMENTAL MULTISTATE TRUST LLC-CUSHING,CUSHING,007,50050,Effluent Gross,Q1,MO AVG,2021-03-31,.09,MGD,=,,,2021-04-14
OK0043320,GREENFIELD ENVIRONMENTAL MULTISTATE TRUST LLC-CUSHING,CUSHING,007,50050,Effluent Gross,Q2,DAILY MX,2021-03-31,.09,MGD,=,,,2021-04-14
OK0043320,GREENFIELD ENVIRONMENTAL MULTISTATE TRUST LLC-CUSHING,CUSHING,008,50050,Effluent Gross,Q1,MO AVG,2021-03-31,.09,MGD,=,,,2021-04-14
OK0043320,GREENFIELD ENVIRONMENTAL MULTISTATE TRUST LLC-CUSHING,CUSHING,008,50050,Effluent Gross,Q2,DAILY MX,2021-03-31,.09,MGD,=,,,2021-04-14
OK0044598,GREENFIELD ENVIRONMENTAL MULTISTATE TRUST LLC-SKULL CK,CUSHING,001,50050,Effluent Gross,Q1,MO AVG,2021-03-31,6000,gal/d,=,,,2021-04-14
OK0044598,GREENFIELD ENVIRONMENTAL MULTISTATE TRUST LLC-SKULL CK,CUSHING,001,50050,Effluent Gross,Q2,DAILY MX,2021-03-31,6000,gal/d,=,,,2021-04-14
OKG950028,"STEWART STONE, INC.-CUSHING",CUSHING,001,50050,Effluent Gross,Q1,MO AVG,2021-03-31,,,,C,No Discharge,2021-04-08
OKG950028,"STEWART STONE, INC.-CUSHING",CUSHING,001,50050,Effluent Gross,Q2,DAILY MX,2021-03-31,,,,C,No Discharge,2021-04-08
OK0026701,"CUSHING, CITY OF  - SOUTH STP",CUSHING,001,50050,Effluent Gross,Q1,MO AVG,2021-04-30,1.533,MGD,=,,,2021-05-06
OK0026701,"CUSHING, CITY OF  - SOUTH STP",CUSHING,001,50050,Effluent Gross,Q2,DAILY MX,2021-04-30,2.63,MGD,=,,,2021-05-06
OK0043320,GREENFIELD ENVIRONMENTAL MULTISTATE TRUST LLC-CUSHING,CUSHING,001,50050,Effluent Gross,Q1,MO AVG,2021-04-30,,,,C,No Discharge,2021-05-14
OK0043320,GREENFIELD ENVIRONMENTAL MULTISTATE TRUST LLC-CUSHING,CUSHING,001,50050,Effluent Gross,Q2,DAILY MX,2021-04-30,,,,C,No Discharge,2021-05-14
OK0043320,GREENFIELD ENVIRONMENTAL MULTISTATE TRUST LLC-CUSHING,CUSHING,007,50050,Effluent Gross,Q1,MO AVG,2021-04-30,.09,MGD,=,,,2021-05-14
OK0043320,GREENFIELD ENVIRONMENTAL MULTISTATE TRUST LLC-CUSHING,CUSHING,007,50050,Effluent Gross,Q2,DAILY MX,2021-04-30,.09,MGD,=,,,2021-05-14
OK0043320,GREENFIELD ENVIRONMENTAL MULTISTATE TRUST LLC-CUSHING,CUSHING,008,50050,Effluent Gross,Q1,MO AVG,2021-04-30,.09,MGD,=,,,2021-05-14
OK0043320,GREENFIELD ENVIRONMENTAL MULTISTATE TRUST LLC-CUSHING,CUSHING,008,50050,Effluent Gross,Q2,DAILY MX,2021-04-30,.09,MGD,=,,,2021-05-14
OK0044598,GREENFIELD ENVIRONMENTAL MULTISTATE TRUST LLC-SKULL CK,CUSHING,001,50050,Effluent Gross,Q1,MO AVG,2021-04-30,6000,gal/d,=,,,2021-05-14
OK0044598,GREENFIELD ENVIRONMENTAL MULTISTATE TRUST LLC-SKULL CK,CUSHING,001,50050,Effluent Gross,Q2,DAILY MX,2021-04-30,6000,gal/d,=,,,2021-05-14
OKG950028,"STEWART STONE, INC.-CUSHING",CUSHING,001,50050,Effluent Gross,Q1,MO AVG,2021-04-30,,,,C,No Discharge,2021-05-12
OKG950028,"STEWART STONE, INC.-CUSHING",CUSHING,001,50050,Effluent Gross,Q2,DAILY MX,2021-04-30,,,,C,No Discharge,2021-05-12
OK0026701,"CUSHING, CITY OF  - SOUTH STP",CUSHING,001,50050,Effluent Gross,Q1,MO AVG,2021-05-31,1.861,MGD,=,,,2021-06-11
OK0026701,"CUSHING, CITY OF  - SOUTH STP",CUSHING,001,50050,Effluent Gross,Q2,DAILY MX,2021-05-31,2.803,MGD,=,,,2021-06-11
OK0043320,GREENFIELD ENVIRONMENTAL MULTISTATE TRUST LLC-CUSHING,CUSHING,001,50050,Effluent Gross,Q1,MO AVG,2021-05-31,.08,MGD,=,,,2021-06-14
OK0043320,GREENFIELD ENVIRONMENTAL MULTISTATE TRUST LLC-CUSHING,CUSHING,001,50050,Effluent Gross,Q2,DAILY MX,2021-05-31,.08,MGD,=,,,2021-06-14
OK0043320,GREENFIELD ENVIRONMENTAL MULTISTATE TRUST LLC-CUSHING,CUSHING,007,50050,Effluent Gross,Q1,MO AVG,2021-05-31,.09,MGD,=,,,2021-06-14
OK0043320,GREENFIELD ENVIRONMENTAL MULTISTATE TRUST LLC-CUSHING,CUSHING,007,50050,Effluent Gross,Q2,DAILY MX,2021-05-31,.09,MGD,=,,,2021-06-14
OK0043320,GREENFIELD ENVIRONMENTAL MULTISTATE TRUST LLC-CUSHING,CUSHING,008,50050,Effluent Gross,Q1,MO AVG,2021-05-31,.09,MGD,=,,,2021-06-14
OK0043320,GREENFIELD ENVIRONMENTAL MULTISTATE TRUST LLC-CUSHING,CUSHING,008,50050,Effluent Gross,Q2,DAILY MX,2021-05-31,.09,MGD,=,,,2021-06-14
OK0044598,GREENFIELD ENVIRONMENTAL MULTISTATE TRUST LLC-SKULL CK,CUSHING,001,50050,Effluent Gross,Q1,MO AVG,2021-05-31,6000,gal/d,=,,,2021-06-14
OK0044598,GREENFIELD ENVIRONMENTAL MULTISTATE TRUST LLC-SKULL CK,CUSHING,001,50050,Effluent Gross,Q2,DAILY MX,2021-05-31,6000,gal/d,=,,,2021-06-14
OKG950028,"STEWART STONE, INC.-CUSHING",CUSHING,001,50050,Effluent Gross,Q1,MO AVG,2021-05-31,3.6,MGD,=,,,2021-06-14
OKG950028,"STEWART STONE, INC.-CUSHING",CUSHING,001,50050,Effluent Gross,Q2,DAILY MX,2021-05-31,7.8,MGD,=,,,2021-06-14
OK0026701,"CUSHING, CITY OF  - SOUTH STP",CUSHING,001,50050,Effluent Gross,Q1,MO AVG,2021-06-30,1.833,MGD,=,,,2021-07-12
OK0026701,"CUSHING, CITY OF  - SOUTH STP",CUSHING,001,50050,Effluent Gross,Q2,DAILY MX,2021-06-30,3.417,MGD,=,,,2021-07-12
OK0043320,GREENFIELD ENVIRONMENTAL MULTISTATE TRUST LLC-CUSHING,CUSHING,001,50050,Effluent Gross,Q1,MO AVG,2021-06-30,,,,C,No Discharge,2021-07-13
OK0043320,GREENFIELD ENVIRONMENTAL MULTISTATE TRUST LLC-CUSHING,CUSHING,001,50050,Effluent Gross,Q2,DAILY MX,2021-06-30,,,,C,No Discharge,2021-07-13
OK0043320,GREENFIELD ENVIRONMENTAL MULTISTATE TRUST LLC-CUSHING,CUSHING,007,50050,Effluent Gross,Q1,MO AVG,2021-06-30,.09,MGD,=,,,2021-07-13
OK0043320,GREENFIELD ENVIRONMENTAL MULTISTATE TRUST LLC-CUSHING,CUSHING,007,50050,Effluent Gross,Q2,DAILY MX,2021-06-30,.09,MGD,=,,,2021-07-13
OK0043320,GREENFIELD ENVIRONMENTAL MULTISTATE TRUST LLC-CUSHING,CUSHING,008,50050,Effluent Gross,Q1,MO AVG,2021-06-30,.09,MGD,=,,,2021-07-13
OK0043320,GREENFIELD ENVIRONMENTAL MULTISTATE TRUST LLC-CUSHING,CUSHING,008,50050,Effluent Gross,Q2,DAILY MX,2021-06-30,.09,MGD,=,,,2021-07-13
OK0044598,GREENFIELD ENVIRONMENTAL MULTISTATE TRUST LLC-SKULL CK,CUSHING,001,50050,Effluent Gross,Q1,MO AVG,2021-06-30,6000,gal/d,=,,,2021-07-14
OK0044598,GREENFIELD ENVIRONMENTAL MULTISTATE TRUST LLC-SKULL CK,CUSHING,001,50050,Effluent Gross,Q2,DAILY MX,2021-06-30,6000,gal/d,=,,,2021-07-14
OKG950028,"STEWART STONE, INC.-CUSHING",CUSHING,001,50050,Effluent Gross,Q1,MO AVG,2021-06-30,,,,C,No Discharge,2021-07-13
OKG950028,"STEWART STONE, INC.-CUSHING",CUSHING,001,50050,Effluent Gross,Q2,DAILY MX,2021-06-30,,,,C,No Discharge,2021-07-13
OK0026701,"CUSHING, CITY OF  - SOUTH STP",CUSHING,001,50050,Effluent Gross,Q1,MO AVG,2021-07-31,1.644,MGD,=,,,2021-08-05
OK0026701,"CUSHING, CITY OF  - SOUTH STP",CUSHING,001,50050,Effluent Gross,Q2,DAILY MX,2021-07-31,2.568,MGD,=,,,2021-08-05
OK0043320,GREENFIELD ENVIRONMENTAL MULTISTATE TRUST LLC-CUSHING,CUSHING,001,50050,Effluent Gross,Q1,MO AVG,2021-07-31,,,,C,No Discharge,2021-08-15
OK0043320,GREENFIELD ENVIRONMENTAL MULTISTATE TRUST LLC-CUSHING,CUSHING,001,50050,Effluent Gross,Q2,DAILY MX,2021-07-31,,,,C,No Discharge,2021-08-15
OK0043320,GREENFIELD ENVIRONMENTAL MULTISTATE TRUST LLC-CUSHING,CUSHING,007,50050,Effluent Gross,Q1,MO AVG,2021-07-31,.09,MGD,=,,,2021-08-15
OK0043320,GREENFIELD ENVIRONMENTAL MULTISTATE TRUST LLC-CUSHING,CUSHING,007,50050,Effluent Gross,Q2,DAILY MX,2021-07-31,.09,MGD,=,,,2021-08-15
OK0043320,GREENFIELD ENVIRONMENTAL MULTISTATE TRUST LLC-CUSHING,CUSHING,008,50050,Effluent Gross,Q1,MO AVG,2021-07-31,.09,MGD,=,,,2021-08-15
OK0043320,GREENFIELD ENVIRONMENTAL MULTISTATE TRUST LLC-CUSHING,CUSHING,008,50050,Effluent Gross,Q2,DAILY MX,2021-07-31,.09,MGD,=,,,2021-08-15
OK0044598,GREENFIELD ENVIRONMENTAL MULTISTATE TRUST LLC-SKULL CK,CUSHING,001,50050,Effluent Gross,Q1,MO AVG,2021-07-31,6000,gal/d,=,,,2021-08-15
OK0044598,GREENFIELD ENVIRONMENTAL MULTISTATE TRUST LLC-SKULL CK,CUSHING,001,50050,Effluent Gross,Q2,DAILY MX,2021-07-31,6000,gal/d,=,,,2021-08-15
OKG950028,"STEWART STONE, INC.-CUSHING",CUSHING,001,50050,Effluent Gross,Q1,MO AVG,2021-07-31,.46,MGD,=,,,2021-08-10
OKG950028,"STEWART STONE, INC.-CUSHING",CUSHING,001,50050,Effluent Gross,Q2,DAILY MX,2021-07-31,2.08,MGD,=,,,2021-08-10
OK0026701,"CUSHING, CITY OF  - SOUTH STP",CUSHING,001,50050,Effluent Gross,Q1,MO AVG,2021-08-31,1.154,MGD,=,,,2021-09-10
OK0026701,"CUSHING, CITY OF  - SOUTH STP",CUSHING,001,50050,Effluent Gross,Q2,DAILY MX,2021-08-31,1.892,MGD,=,,,2021-09-10
OK0043320,GREENFIELD ENVIRONMENTAL MULTISTATE TRUST LLC-CUSHING,CUSHING,001,50050,Effluent Gross,Q1,MO AVG,2021-08-31,.05,MGD,=,,,2021-09-15
OK0043320,GREENFIELD ENVIRONMENTAL MULTISTATE TRUST LLC-CUSHING,CUSHING,001,50050,Effluent Gross,Q2,DAILY MX,2021-08-31,.05,MGD,=,,,2021-09-15
OK0043320,GREENFIELD ENVIRONMENTAL MULTISTATE TRUST LLC-CUSHING,CUSHING,007,50050,Effluent Gross,Q1,MO AVG,2021-08-31,.09,MGD,=,,,2021-09-15
OK0043320,GREENFIELD ENVIRONMENTAL MULTISTATE TRUST LLC-CUSHING,CUSHING,007,50050,Effluent Gross,Q2,DAILY MX,2021-08-31,.09,MGD,=,,,2021-09-15
OK0043320,GREENFIELD ENVIRONMENTAL MULTISTATE TRUST LLC-CUSHING,CUSHING,008,50050,Effluent Gross,Q1,MO AVG,2021-08-31,.09,MGD,=,,,2021-09-15
OK0043320,GREENFIELD ENVIRONMENTAL MULTISTATE TRUST LLC-CUSHING,CUSHING,008,50050,Effluent Gross,Q2,DAILY MX,2021-08-31,.09,MGD,=,,,2021-09-15
OK0044598,GREENFIELD ENVIRONMENTAL MULTISTATE TRUST LLC-SKULL CK,CUSHING,001,50050,Effluent Gross,Q1,MO AVG,2021-08-31,6000,gal/d,=,,,2021-09-15
OK0044598,GREENFIELD ENVIRONMENTAL MULTISTATE TRUST LLC-SKULL CK,CUSHING,001,50050,Effluent Gross,Q2,DAILY MX,2021-08-31,6000,gal/d,=,,,2021-09-15
OKG950028,"STEWART STONE, INC.-CUSHING",CUSHING,001,50050,Effluent Gross,Q1,MO AVG,2021-08-31,,,,C,No Discharge,2021-09-15
OKG950028,"STEWART STONE, INC.-CUSHING",CUSHING,001,50050,Effluent Gross,Q2,DAILY MX,2021-08-31,,,,C,No Discharge,2021-09-15
OK0026701,"CUSHING, CITY OF  - SOUTH STP",CUSHING,001,50050,Effluent Gross,Q1,MO AVG,2021-09-30,.835,MGD,=,,,2021-10-12
OK0026701,"CUSHING, CITY OF  - SOUTH STP",CUSHING,001,50050,Effluent Gross,Q2,DAILY MX,2021-09-30,1.24,MGD,=,,,2021-10-12
OK0043320,GREENFIELD ENVIRONMENTAL MULTISTATE TRUST LLC-CUSHING,CUSHING,001,50050,Effluent Gross,Q1,MO AVG,2021-09-30,.09,MGD,=,,,2021-10-13
OK0043320,GREENFIELD ENVIRONMENTAL MULTISTATE TRUST LLC-CUSHING,CUSHING,001,50050,Effluent Gross,Q2,DAILY MX,2021-09-30,.09,MGD,=,,,2021-10-13
OK0043320,GREENFIELD ENVIRONMENTAL MULTISTATE TRUST LLC-CUSHING,CUSHING,007,50050,Effluent Gross,Q1,MO AVG,2021-09-30,.09,MGD,=,,,2021-10-13
OK0043320,GREENFIELD ENVIRONMENTAL MULTISTATE TRUST LLC-CUSHING,CUSHING,007,50050,Effluent Gross,Q2,DAILY MX,2021-09-30,.09,MGD,=,,,2021-10-13
OK0043320,GREENFIELD ENVIRONMENTAL MULTISTATE TRUST LLC-CUSHING,CUSHING,008,50050,Effluent Gross,Q1,MO AVG,2021-09-30,.09,MGD,=,,,2021-10-13
OK0043320,GREENFIELD ENVIRONMENTAL MULTISTATE TRUST LLC-CUSHING,CUSHING,008,50050,Effluent Gross,Q2,DAILY MX,2021-09-30,.09,MGD,=,,,2021-10-13
OK0044598,GREENFIELD ENVIRONMENTAL MULTISTATE TRUST LLC-SKULL CK,CUSHING,001,50050,Effluent Gross,Q1,MO AVG,2021-09-30,6000,gal/d,=,,,2021-10-21
OK0044598,GREENFIELD ENVIRONMENTAL MULTISTATE TRUST LLC-SKULL CK,CUSHING,001,50050,Effluent Gross,Q2,DAILY MX,2021-09-30,6000,gal/d,=,,,2021-10-21
OKG950028,"STEWART STONE, INC.-CUSHING",CUSHING,001,50050,Effluent Gross,Q1,MO AVG,2021-09-30,,,,C,No Discharge,2021-10-13
OKG950028,"STEWART STONE, INC.-CUSHING",CUSHING,001,50050,Effluent Gross,Q2,DAILY MX,2021-09-30,,,,C,No Discharge,2021-10-13
OK0026701,"CUSHING, CITY OF  - SOUTH STP",CUSHING,001,50050,Effluent Gross,Q1,MO AVG,2021-10-31,1.08,MGD,=,,,2021-11-09
OK0026701,"CUSHING, CITY OF  - SOUTH STP",CUSHING,001,50050,Effluent Gross,Q2,DAILY MX,2021-10-31,2.179,MGD,=,,,2021-11-09
OK0043320,GREENFIELD ENVIRONMENTAL MULTISTATE TRUST LLC-CUSHING,CUSHING,001,50050,Effluent Gross,Q1,MO AVG,2021-10-31,,,,C,No Discharge,2021-11-08
OK0043320,GREENFIELD ENVIRONMENTAL MULTISTATE TRUST LLC-CUSHING,CUSHING,001,50050,Effluent Gross,Q2,DAILY MX,2021-10-31,,,,C,No Discharge,2021-11-08
OK0043320,GREENFIELD ENVIRONMENTAL MULTISTATE TRUST LLC-CUSHING,CUSHING,007,50050,Effluent Gross,Q1,MO AVG,2021-10-31,.09,MGD,=,,,2021-11-08
OK0043320,GREENFIELD ENVIRONMENTAL MULTISTATE TRUST LLC-CUSHING,CUSHING,007,50050,Effluent Gross,Q2,DAILY MX,2021-10-31,.09,MGD,=,,,2021-11-08
OK0043320,GREENFIELD ENVIRONMENTAL MULTISTATE TRUST LLC-CUSHING,CUSHING,008,50050,Effluent Gross,Q1,MO AVG,2021-10-31,.09,MGD,=,,,2021-11-08
OK0043320,GREENFIELD ENVIRONMENTAL MULTISTATE TRUST LLC-CUSHING,CUSHING,008,50050,Effluent Gross,Q2,DAILY MX,2021-10-31,.09,MGD,=,,,2021-11-08
OK0044598,GREENFIELD ENVIRONMENTAL MULTISTATE TRUST LLC-SKULL CK,CUSHING,001,50050,Effluent Gross,Q1,MO AVG,2021-10-31,6000,gal/d,=,,,2021-11-08
OK0044598,GREENFIELD ENVIRONMENTAL MULTISTATE TRUST LLC-SKULL CK,CUSHING,001,50050,Effluent Gross,Q2,DAILY MX,2021-10-31,6000,gal/d,=,,,2021-11-08
OKG950028,"STEWART STONE, INC.-CUSHING",CUSHING,001,50050,Effluent Gross,Q1,MO AVG,2021-10-31,,,,C,No Discharge,2021-11-10
OKG950028,"STEWART STONE, INC.-CUSHING",CUSHING,001,50050,Effluent Gross,Q2,DAILY MX,2021-10-31,,,,C,No Discharge,2021-11-10
OK0026701,"CUSHING, CITY OF  - SOUTH STP",CUSHING,001,50050,Effluent Gross,Q1,MO AVG,2021-11-30,.976,MGD,=,,,2021-12-10
OK0026701,"CUSHING, CITY OF  - SOUTH STP",CUSHING,001,50050,Effluent Gross,Q2,DAILY MX,2021-11-30,1.449,MGD,=,,,2021-12-10
OK0043320,GREENFIELD ENVIRONMENTAL MULTISTATE TRUST LLC-CUSHING,CUSHING,001,50050,Effluent Gross,Q1,MO AVG,2021-11-30,,,,C,No Discharge,2021-12-13
OK0043320,GREENFIELD ENVIRONMENTAL MULTISTATE TRUST LLC-CUSHING,CUSHING,001,50050,Effluent Gross,Q2,DAILY MX,2021-11-30,,,,C,No Discharge,2021-12-13
OK0043320,GREENFIELD ENVIRONMENTAL MULTISTATE TRUST LLC-CUSHING,CUSHING,007,50050,Effluent Gross,Q1,MO AVG,2021-11-30,.09,MGD,=,,,2021-12-13
OK0043320,GREENFIELD ENVIRONMENTAL MULTISTATE TRUST LLC-CUSHING,CUSHING,007,50050,Effluent Gross,Q2,DAILY MX,2021-11-30,.09,MGD,=,,,2021-12-13
OK0043320,GREENFIELD ENVIRONMENTAL MULTISTATE TRUST LLC-CUSHING,CUSHING,008,50050,Effluent Gross,Q1,MO AVG,2021-11-30,.09,MGD,=,,,2021-12-13
OK0043320,GREENFIELD ENVIRONMENTAL MULTISTATE TRUST LLC-CUSHING,CUSHING,008,50050,Effluent Gross,Q2,DAILY MX,2021-11-30,.09,MGD,=,,,2021-12-13
OK0044598,GREENFIELD ENVIRONMENTAL MULTISTATE TRUST LLC-SKULL CK,CUSHING,001,50050,Effluent Gross,Q1,MO AVG,2021-11-30,6000,gal/d,=,,,2021-12-13
OK0044598,GREENFIELD ENVIRONMENTAL MULTISTATE TRUST LLC-SKULL CK,CUSHING,001,50050,Effluent Gross,Q2,DAILY MX,2021-11-30,6000,gal/d,=,,,2021-12-13
OKG950028,"STEWART STONE, INC.-CUSHING",CUSHING,001,50050,Effluent Gross,Q1,MO AVG,2021-11-30,,,,C,No Discharge,2021-12-15
OKG950028,"STEWART STONE, INC.-CUSHING",CUSHING,001,50050,Effluent Gross,Q2,DAILY MX,2021-11-30,,,,C,No Discharge,2021-12-15
OK0026701,"CUSHING, CITY OF  - SOUTH STP",CUSHING,001,50050,Effluent Gross,Q1,MO AVG,2021-12-31,.839,MGD,=,,,2022-01-11
OK0026701,"CUSHING, CITY OF  - SOUTH STP",CUSHING,001,50050,Effluent Gross,Q2,DAILY MX,2021-12-31,1.002,MGD,=,,,2022-01-11
OK0043320,GREENFIELD ENVIRONMENTAL MULTISTATE TRUST LLC-CUSHING,CUSHING,001,50050,Effluent Gross,Q1,MO AVG,2021-12-31,,,,C,No Discharge,2022-01-11
OK0043320,GREENFIELD ENVIRONMENTAL MULTISTATE TRUST LLC-CUSHING,CUSHING,001,50050,Effluent Gross,Q2,DAILY MX,2021-12-31,,,,C,No Discharge,2022-01-11
OK0043320,GREENFIELD ENVIRONMENTAL MULTISTATE TRUST LLC-CUSHING,CUSHING,007,50050,Effluent Gross,Q1,MO AVG,2021-12-31,.09,MGD,=,,,2022-01-11
OK0043320,GREENFIELD ENVIRONMENTAL MULTISTATE TRUST LLC-CUSHING,CUSHING,007,50050,Effluent Gross,Q2,DAILY MX,2021-12-31,.09,MGD,=,,,2022-01-11
OK0043320,GREENFIELD ENVIRONMENTAL MULTISTATE TRUST LLC-CUSHING,CUSHING,008,50050,Effluent Gross,Q1,MO AVG,2021-12-31,.09,MGD,=,,,2022-01-11
OK0043320,GREENFIELD ENVIRONMENTAL MULTISTATE TRUST LLC-CUSHING,CUSHING,008,50050,Effluent Gross,Q2,DAILY MX,2021-12-31,.09,MGD,=,,,2022-01-11
OK0044598,GREENFIELD ENVIRONMENTAL MULTISTATE TRUST LLC-SKULL CK,CUSHING,001,50050,Effluent Gross,Q1,MO AVG,2021-12-31,6000,gal/d,=,,,2022-01-13
OK0044598,GREENFIELD ENVIRONMENTAL MULTISTATE TRUST LLC-SKULL CK,CUSHING,001,50050,Effluent Gross,Q2,DAILY MX,2021-12-31,6000,gal/d,=,,,2022-01-13
OKG950028,"STEWART STONE, INC.-CUSHING",CUSHING,001,50050,Effluent Gross,Q1,MO AVG,2021-12-31,,,,C,No Discharge,2022-01-17
OKG950028,"STEWART STONE, INC.-CUSHING",CUSHING,001,50050,Effluent Gross,Q2,DAILY MX,2021-12-31,,,,C,No Discharge,2022-01-17
OK0026701,"CUSHING, CITY OF  - SOUTH STP",CUSHING,001,50050,Effluent Gross,Q1,MO AVG,2022-01-31,.838,MGD,=,,,2022-02-02
OK0026701,"CUSHING, CITY OF  - SOUTH STP",CUSHING,001,50050,Effluent Gross,Q2,DAILY MX,2022-01-31,1.555,MGD,=,,,2022-02-02
OK0043320,GREENFIELD ENVIRONMENTAL MULTISTATE TRUST LLC-CUSHING,CUSHING,001,50050,Effluent Gross,Q1,MO AVG,2022-01-31,.07,MGD,=,,,2022-02-10
OK0043320,GREENFIELD ENVIRONMENTAL MULTISTATE TRUST LLC-CUSHING,CUSHING,001,50050,Effluent Gross,Q2,DAILY MX,2022-01-31,.07,MGD,=,,,2022-02-10
OK0043320,GREENFIELD ENVIRONMENTAL MULTISTATE TRUST LLC-CUSHING,CUSHING,007,50050,Effluent Gross,Q1,MO AVG,2022-01-31,,,,C,No Discharge,2022-02-10
OK0043320,GREENFIELD ENVIRONMENTAL MULTISTATE TRUST LLC-CUSHING,CUSHING,007,50050,Effluent Gross,Q2,DAILY MX,2022-01-31,,,,C,No Discharge,2022-02-10
OK0043320,GREENFIELD ENVIRONMENTAL MULTISTATE TRUST LLC-CUSHING,CUSHING,008,50050,Effluent Gross,Q1,MO AVG,2022-01-31,,,,C,No Discharge,2022-02-10
OK0043320,GREENFIELD ENVIRONMENTAL MULTISTATE TRUST LLC-CUSHING,CUSHING,008,50050,Effluent Gross,Q2,DAILY MX,2022-01-31,,,,C,No Discharge,2022-02-10
OK0044598,GREENFIELD ENVIRONMENTAL MULTISTATE TRUST LLC-SKULL CK,CUSHING,001,50050,Effluent Gross,Q1,MO AVG,2022-01-31,6000,gal/d,=,,,2022-02-10
OK0044598,GREENFIELD ENVIRONMENTAL MULTISTATE TRUST LLC-SKULL CK,CUSHING,001,50050,Effluent Gross,Q2,DAILY MX,2022-01-31,6000,gal/d,=,,,2022-02-10
OKG950028,"STEWART STONE, INC.-CUSHING",CUSHING,001,50050,Effluent Gross,Q1,MO AVG,2022-01-31,,,,C,No Discharge,2022-02-14
OKG950028,"STEWART STONE, INC.-CUSHING",CUSHING,001,50050,Effluent Gross,Q2,DAILY MX,2022-01-31,,,,C,No Discharge,2022-02-14
OK0026701,"CUSHING, CITY OF  - SOUTH STP",CUSHING,001,50050,Effluent Gross,Q1,MO AVG,2022-02-28,1.021,MGD,=,,,2022-03-07
OK0026701,"CUSHING, CITY OF  - SOUTH STP",CUSHING,001,50050,Effluent Gross,Q2,DAILY MX,2022-02-28,2.002,MGD,=,,,2022-03-07
OK0043320,GREENFIELD ENVIRONMENTAL MULTISTATE TRUST LLC-CUSHING,CUSHING,001,50050,Effluent Gross,Q1,MO AVG,2022-02-28,,,,C,No Discharge,2022-03-09
OK0043320,GREENFIELD ENVIRONMENTAL MULTISTATE TRUST LLC-CUSHING,CUSHING,001,50050,Effluent Gross,Q2,DAILY MX,2022-02-28,,,,C,No Discharge,2022-03-09
OK0043320,GREENFIELD ENVIRONMENTAL MULTISTATE TRUST LLC-CUSHING,CUSHING,007,50050,Effluent Gross,Q1,MO AVG,2022-02-28,,,,C,No Discharge,2022-03-09
OK0043320,GREENFIELD ENVIRONMENTAL MULTISTATE TRUST LLC-CUSHING,CUSHING,007,50050,Effluent Gross,Q2,DAILY MX,2022-02-28,,,,C,No Discharge,2022-03-09
OK0043320,GREENFIELD ENVIRONMENTAL MULTISTATE TRUST LLC-CUSHING,CUSHING,008,50050,Effluent Gross,Q1,MO AVG,2022-02-28,,,,C,No Discharge,2022-03-09
OK0043320,GREENFIELD ENVIRONMENTAL MULTISTATE TRUST LLC-CUSHING,CUSHING,008,50050,Effluent Gross,Q2,DAILY MX,2022-02-28,,,,C,No Discharge,2022-03-09
OK0044598,GREENFIELD ENVIRONMENTAL MULTISTATE TRUST LLC-SKULL CK,CUSHING,001,50050,Effluent Gross,Q1,MO AVG,2022-02-28,6000,gal/d,=,,,2022-03-09
OK0044598,GREENFIELD ENVIRONMENTAL MULTISTATE TRUST LLC-SKULL CK,CUSHING,001,50050,Effluent Gross,Q2,DAILY MX,2022-02-28,6000,gal/d,=,,,2022-03-09
OKG950028,"STEWART STONE, INC.-CUSHING",CUSHING,001,50050,Effluent Gross,Q1,MO AVG,2022-02-28,,,,C,No Discharge,2022-03-10
OKG950028,"STEWART STONE, INC.-CUSHING",CUSHING,001,50050,Effluent Gross,Q2,DAILY MX,2022-02-28,,,,C,No Discharge,2022-03-10
OK0026701,"CUSHING, CITY OF  - SOUTH STP",CUSHING,001,50050,Effluent Gross,Q1,MO AVG,2022-03-31,1.104,MGD,=,,,2022-04-12
OK0026701,"CUSHING, CITY OF  - SOUTH STP",CUSHING,001,50050,Effluent Gross,Q2,DAILY MX,2022-03-31,1.714,MGD,=,,,2022-04-12
OK0043320,GREENFIELD ENVIRONMENTAL MULTISTATE TRUST LLC-CUSHING,CUSHING,001,50050,Effluent Gross,Q1,MO AVG,2022-03-31,,,,C,No Discharge,2022-05-12
OK0043320,GREENFIELD ENVIRONMENTAL MULTISTATE TRUST LLC-CUSHING,CUSHING,001,50050,Effluent Gross,Q2,DAILY MX,2022-03-31,,,,C,No Discharge,2022-05-12
OK0043320,GREENFIELD ENVIRONMENTAL MULTISTATE TRUST LLC-CUSHING,CUSHING,007,50050,Effluent Gross,Q1,MO AVG,2022-03-31,.09,MGD,=,,,2022-04-15
OK0043320,GREENFIELD ENVIRONMENTAL MULTISTATE TRUST LLC-CUSHING,CUSHING,007,50050,Effluent Gross,Q2,DAILY MX,2022-03-31,.09,MGD,=,,,2022-04-15
OK0043320,GREENFIELD ENVIRONMENTAL MULTISTATE TRUST LLC-CUSHING,CUSHING,008,50050,Effluent Gross,Q1,MO AVG,2022-03-31,.09,MGD,=,,,2022-04-15
OK0043320,GREENFIELD ENVIRONMENTAL MULTISTATE TRUST LLC-CUSHING,CUSHING,008,50050,Effluent Gross,Q2,DAILY MX,2022-03-31,.09,MGD,=,,,2022-04-15
OK0044598,GREENFIELD ENVIRONMENTAL MULTISTATE TRUST LLC-SKULL CK,CUSHING,001,50050,Effluent Gross,Q1,MO AVG,2022-03-31,6000,gal/d,=,,,2022-04-18
OK0044598,GREENFIELD ENVIRONMENTAL MULTISTATE TRUST LLC-SKULL CK,CUSHING,001,50050,Effluent Gross,Q2,DAILY MX,2022-03-31,6000,gal/d,=,,,2022-04-18
OKG950028,"STEWART STONE, INC.-CUSHING",CUSHING,001,50050,Effluent Gross,Q1,MO AVG,2022-03-31,,,,C,No Discharge,2022-04-12
OKG950028,"STEWART STONE, INC.-CUSHING",CUSHING,001,50050,Effluent Gross,Q2,DAILY MX,2022-03-31,,,,C,No Discharge,2022-04-12
OK0026701,"CUSHING, CITY OF  - SOUTH STP",CUSHING,001,50050,Effluent Gross,Q1,MO AVG,2022-04-30,.948,MGD,=,,,2022-05-09
OK0026701,"CUSHING, CITY OF  - SOUTH STP",CUSHING,001,50050,Effluent Gross,Q2,DAILY MX,2022-04-30,1.35,MGD,=,,,2022-05-09
OK0043320,GREENFIELD ENVIRONMENTAL MULTISTATE TRUST LLC-CUSHING,CUSHING,001,50050,Effluent Gross,Q1,MO AVG,2022-04-30,,,,C,No Discharge,2022-05-12
OK0043320,GREENFIELD ENVIRONMENTAL MULTISTATE TRUST LLC-CUSHING,CUSHING,001,50050,Effluent Gross,Q2,DAILY MX,2022-04-30,,,,C,No Discharge,2022-05-12
OK0043320,GREENFIELD ENVIRONMENTAL MULTISTATE TRUST LLC-CUSHING,CUSHING,007,50050,Effluent Gross,Q1,MO AVG,2022-04-30,.09,MGD,=,,,2022-05-12
OK0043320,GREENFIELD ENVIRONMENTAL MULTISTATE TRUST LLC-CUSHING,CUSHING,007,50050,Effluent Gross,Q2,DAILY MX,2022-04-30,.09,MGD,=,,,2022-05-12
OK0043320,GREENFIELD ENVIRONMENTAL MULTISTATE TRUST LLC-CUSHING,CUSHING,008,50050,Effluent Gross,Q1,MO AVG,2022-04-30,.09,MGD,=,,,2022-05-12
OK0043320,GREENFIELD ENVIRONMENTAL MULTISTATE TRUST LLC-CUSHING,CUSHING,008,50050,Effluent Gross,Q2,DAILY MX,2022-04-30,.09,MGD,=,,,2022-05-12
OK0044598,GREENFIELD ENVIRONMENTAL MULTISTATE TRUST LLC-SKULL CK,CUSHING,001,50050,Effluent Gross,Q1,MO AVG,2022-04-30,6000,gal/d,=,,,2022-05-12
OK0044598,GREENFIELD ENVIRONMENTAL MULTISTATE TRUST LLC-SKULL CK,CUSHING,001,50050,Effluent Gross,Q2,DAILY MX,2022-04-30,6000,gal/d,=,,,2022-05-12
OKG950028,"STEWART STONE, INC.-CUSHING",CUSHING,001,50050,Effluent Gross,Q1,MO AVG,2022-04-30,,,,C,No Discharge,2022-05-09
OKG950028,"STEWART STONE, INC.-CUSHING",CUSHING,001,50050,Effluent Gross,Q2,DAILY MX,2022-04-30,,,,C,No Discharge,2022-05-09
OK0026701,"CUSHING, CITY OF  - SOUTH STP",CUSHING,001,50050,Effluent Gross,Q1,MO AVG,2022-05-31,1.399,MGD,=,,,2022-06-03
OK0026701,"CUSHING, CITY OF  - SOUTH STP",CUSHING,001,50050,Effluent Gross,Q2,DAILY MX,2022-05-31,3.378,MGD,=,,,2022-06-03
OK0043320,GREENFIELD ENVIRONMENTAL MULTISTATE TRUST LLC-CUSHING,CUSHING,001,50050,Effluent Gross,Q1,MO AVG,2022-05-31,,,,C,No Discharge,2022-06-10
OK0043320,GREENFIELD ENVIRONMENTAL MULTISTATE TRUST LLC-CUSHING,CUSHING,001,50050,Effluent Gross,Q2,DAILY MX,2022-05-31,,,,C,No Discharge,2022-06-10
OK0043320,GREENFIELD ENVIRONMENTAL MULTISTATE TRUST LLC-CUSHING,CUSHING,007,50050,Effluent Gross,Q1,MO AVG,2022-05-31,.09,MGD,=,,,2022-06-10
OK0043320,GREENFIELD ENVIRONMENTAL MULTISTATE TRUST LLC-CUSHING,CUSHING,007,50050,Effluent Gross,Q2,DAILY MX,2022-05-31,.09,MGD,=,,,2022-06-10
OK0043320,GREENFIELD ENVIRONMENTAL MULTISTATE TRUST LLC-CUSHING,CUSHING,008,50050,Effluent Gross,Q1,MO AVG,2022-05-31,.09,MGD,=,,,2022-06-10
OK0043320,GREENFIELD ENVIRONMENTAL MULTISTATE TRUST LLC-CUSHING,CUSHING,008,50050,Effluent Gross,Q2,DAILY MX,2022-05-31,.09,MGD,=,,,2022-06-10
OK0044598,GREENFIELD ENVIRONMENTAL MULTISTATE TRUST LLC-SKULL CK,CUSHING,001,50050,Effluent Gross,Q1,MO AVG,2022-05-31,6000,gal/d,=,,,2022-06-10
OK0044598,GREENFIELD ENVIRONMENTAL MULTISTATE TRUST LLC-SKULL CK,CUSHING,001,50050,Effluent Gross,Q2,DAILY MX,2022-05-31,6000,gal/d,=,,,2022-06-10
OKG950028,"STEWART STONE, INC.-CUSHING",CUSHING,001,50050,Effluent Gross,Q1,MO AVG,2022-05-31,.225,MGD,=,,,2022-06-10
OKG950028,"STEWART STONE, INC.-CUSHING",CUSHING,001,50050,Effluent Gross,Q2,DAILY MX,2022-05-31,1.16,MGD,=,,,2022-06-10
OK0026701,"CUSHING, CITY OF  - SOUTH STP",CUSHING,001,50050,Effluent Gross,Q1,MO AVG,2022-06-30,1.498,MGD,=,,,2022-07-07
OK0026701,"CUSHING, CITY OF  - SOUTH STP",CUSHING,001,50050,Effluent Gross,Q2,DAILY MX,2022-06-30,2.92,MGD,=,,,2022-07-07
OK0043320,GREENFIELD ENVIRONMENTAL MULTISTATE TRUST LLC-CUSHING,CUSHING,001,50050,Effluent Gross,Q1,MO AVG,2022-06-30,,,,C,No Discharge,2022-07-14
OK0043320,GREENFIELD ENVIRONMENTAL MULTISTATE TRUST LLC-CUSHING,CUSHING,001,50050,Effluent Gross,Q2,DAILY MX,2022-06-30,,,,C,No Discharge,2022-07-14
OK0043320,GREENFIELD ENVIRONMENTAL MULTISTATE TRUST LLC-CUSHING,CUSHING,007,50050,Effluent Gross,Q1,MO AVG,2022-06-30,.09,MGD,=,,,2022-07-14
OK0043320,GREENFIELD ENVIRONMENTAL MULTISTATE TRUST LLC-CUSHING,CUSHING,007,50050,Effluent Gross,Q2,DAILY MX,2022-06-30,.09,MGD,=,,,2022-07-14
OK0043320,GREENFIELD ENVIRONMENTAL MULTISTATE TRUST LLC-CUSHING,CUSHING,008,50050,Effluent Gross,Q1,MO AVG,2022-06-30,.09,MGD,=,,,2022-07-14
OK0043320,GREENFIELD ENVIRONMENTAL MULTISTATE TRUST LLC-CUSHING,CUSHING,008,50050,Effluent Gross,Q2,DAILY MX,2022-06-30,.09,MGD,=,,,2022-07-14
OK0044598,GREENFIELD ENVIRONMENTAL MULTISTATE TRUST LLC-SKULL CK,CUSHING,001,50050,Effluent Gross,Q1,MO AVG,2022-06-30,6000,gal/d,=,,,2022-07-14
OK0044598,GREENFIELD ENVIRONMENTAL MULTISTATE TRUST LLC-SKULL CK,CUSHING,001,50050,Effluent Gross,Q2,DAILY MX,2022-06-30,6000,gal/d,=,,,2022-07-14
OKG950028,"STEWART STONE, INC.-CUSHING",CUSHING,001,50050,Effluent Gross,Q1,MO AVG,2022-06-30,,,,C,No Discharge,2022-07-05
OKG950028,"STEWART STONE, INC.-CUSHING",CUSHING,001,50050,Effluent Gross,Q2,DAILY MX,2022-06-30,,,,C,No Discharge,2022-07-05
OK0026701,"CUSHING, CITY OF  - SOUTH STP",CUSHING,001,50050,Effluent Gross,Q1,MO AVG,2022-07-31,.954,MGD,=,,,2022-08-04
OK0026701,"CUSHING, CITY OF  - SOUTH STP",CUSHING,001,50050,Effluent Gross,Q2,DAILY MX,2022-07-31,1.291,MGD,=,,,2022-08-04
OK0043320,GREENFIELD ENVIRONMENTAL MULTISTATE TRUST LLC-CUSHING,CUSHING,001,50050,Effluent Gross,Q1,MO AVG,2022-07-31,,,,C,No Discharge,2022-08-11
OK0043320,GREENFIELD ENVIRONMENTAL MULTISTATE TRUST LLC-CUSHING,CUSHING,001,50050,Effluent Gross,Q2,DAILY MX,2022-07-31,,,,C,No Discharge,2022-08-11
OK0043320,GREENFIELD ENVIRONMENTAL MULTISTATE TRUST LLC-CUSHING,CUSHING,007,50050,Effluent Gross,Q1,MO AVG,2022-07-31,,,,C,No Discharge,2022-08-11
OK0043320,GREENFIELD ENVIRONMENTAL MULTISTATE TRUST LLC-CUSHING,CUSHING,007,50050,Effluent Gross,Q2,DAILY MX,2022-07-31,,,,C,No Discharge,2022-08-11
OK0043320,GREENFIELD ENVIRONMENTAL MULTISTATE TRUST LLC-CUSHING,CUSHING,008,50050,Effluent Gross,Q1,MO AVG,2022-07-31,,,,C,No Discharge,2022-08-11
OK0043320,GREENFIELD ENVIRONMENTAL MULTISTATE TRUST LLC-CUSHING,CUSHING,008,50050,Effluent Gross,Q2,DAILY MX,2022-07-31,,,,C,No Discharge,2022-08-11
OK0044598,GREENFIELD ENVIRONMENTAL MULTISTATE TRUST LLC-SKULL CK,CUSHING,001,50050,Effluent Gross,Q1,MO AVG,2022-07-31,6000,gal/d,=,,,2022-08-11
OK0044598,GREENFIELD ENVIRONMENTAL MULTISTATE TRUST LLC-SKULL CK,CUSHING,001,50050,Effluent Gross,Q2,DAILY MX,2022-07-31,6000,gal/d,=,,,2022-08-11
OKG950028,"STEWART STONE, INC.-CUSHING",CUSHING,001,50050,Effluent Gross,Q1,MO AVG,2022-07-31,,,,C,No Discharge,2022-08-11
OKG950028,"STEWART STONE, INC.-CUSHING",CUSHING,001,50050,Effluent Gross,Q2,DAILY MX,2022-07-31,,,,C,No Discharge,2022-08-11
OK0026701,"CUSHING, CITY OF  - SOUTH STP",CUSHING,001,50050,Effluent Gross,Q1,MO AVG,2022-08-31,.954,MGD,=,,,2022-09-09
OK0026701,"CUSHING, CITY OF  - SOUTH STP",CUSHING,001,50050,Effluent Gross,Q2,DAILY MX,2022-08-31,1.446,MGD,=,,,2022-09-09
OK0043320,GREENFIELD ENVIRONMENTAL MULTISTATE TRUST LLC-CUSHING,CUSHING,001,50050,Effluent Gross,Q1,MO AVG,2022-08-31,,,,C,No Discharge,2022-09-01
OK0043320,GREENFIELD ENVIRONMENTAL MULTISTATE TRUST LLC-CUSHING,CUSHING,001,50050,Effluent Gross,Q2,DAILY MX,2022-08-31,,,,C,No Discharge,2022-09-01
OK0043320,GREENFIELD ENVIRONMENTAL MULTISTATE TRUST LLC-CUSHING,CUSHING,007,50050,Effluent Gross,Q1,MO AVG,2022-08-31,.09,MGD,=,,,2022-09-01
OK0043320,GREENFIELD ENVIRONMENTAL MULTISTATE TRUST LLC-CUSHING,CUSHING,007,50050,Effluent Gross,Q2,DAILY MX,2022-08-31,.09,MGD,=,,,2022-09-01
OK0043320,GREENFIELD ENVIRONMENTAL MULTISTATE TRUST LLC-CUSHING,CUSHING,008,50050,Effluent Gross,Q1,MO AVG,2022-08-31,.09,MGD,=,,,2022-09-01
OK0043320,GREENFIELD ENVIRONMENTAL MULTISTATE TRUST LLC-CUSHING,CUSHING,008,50050,Effluent Gross,Q2,DAILY MX,2022-08-31,.09,MGD,=,,,2022-09-01
OK0044598,GREENFIELD ENVIRONMENTAL MULTISTATE TRUST LLC-SKULL CK,CUSHING,001,50050,Effluent Gross,Q1,MO AVG,2022-08-31,6000,gal/d,=,,,2022-09-01
OK0044598,GREENFIELD ENVIRONMENTAL MULTISTATE TRUST LLC-SKULL CK,CUSHING,001,50050,Effluent Gross,Q2,DAILY MX,2022-08-31,6000,gal/d,=,,,2022-09-01
OKG950028,"STEWART STONE, INC.-CUSHING",CUSHING,001,50050,Effluent Gross,Q1,MO AVG,2022-08-31,,,,C,No Discharge,2022-09-06
OKG950028,"STEWART STONE, INC.-CUSHING",CUSHING,001,50050,Effluent Gross,Q2,DAILY MX,2022-08-31,,,,C,No Discharge,2022-09-06
OK0026701,"CUSHING, CITY OF  - SOUTH STP",CUSHING,001,50050,Effluent Gross,Q1,MO AVG,2022-09-30,.821,MGD,=,,,2022-10-07
OK0026701,"CUSHING, CITY OF  - SOUTH STP",CUSHING,001,50050,Effluent Gross,Q2,DAILY MX,2022-09-30,.927,MGD,=,,,2022-10-07
OK0043320,GREENFIELD ENVIRONMENTAL MULTISTATE TRUST LLC-CUSHING,CUSHING,001,50050,Effluent Gross,Q1,MO AVG,2022-09-30,,,,C,No Discharge,2022-10-06
OK0043320,GREENFIELD ENVIRONMENTAL MULTISTATE TRUST LLC-CUSHING,CUSHING,001,50050,Effluent Gross,Q2,DAILY MX,2022-09-30,,,,C,No Discharge,2022-10-06
OK0043320,GREENFIELD ENVIRONMENTAL MULTISTATE TRUST LLC-CUSHING,CUSHING,007,50050,Effluent Gross,Q1,MO AVG,2022-09-30,,,,C,No Discharge,2022-10-06
OK0043320,GREENFIELD ENVIRONMENTAL MULTISTATE TRUST LLC-CUSHING,CUSHING,007,50050,Effluent Gross,Q2,DAILY MX,2022-09-30,,,,C,No Discharge,2022-10-06
OK0043320,GREENFIELD ENVIRONMENTAL MULTISTATE TRUST LLC-CUSHING,CUSHING,008,50050,Effluent Gross,Q1,MO AVG,2022-09-30,,,,C,No Discharge,2022-10-06
OK0043320,GREENFIELD ENVIRONMENTAL MULTISTATE TRUST LLC-CUSHING,CUSHING,008,50050,Effluent Gross,Q2,DAILY MX,2022-09-30,,,,C,No Discharge,2022-10-06
OK0044598,GREENFIELD ENVIRONMENTAL MULTISTATE TRUST LLC-SKULL CK,CUSHING,001,50050,Effluent Gross,Q1,MO AVG,2022-09-30,6000,gal/d,=,,,2022-10-06
OK0044598,GREENFIELD ENVIRONMENTAL MULTISTATE TRUST LLC-SKULL CK,CUSHING,001,50050,Effluent Gross,Q2,DAILY MX,2022-09-30,6000,gal/d,=,,,2022-10-06
OKG950028,"STEWART STONE, INC.-CUSHING",CUSHING,001,50050,Effluent Gross,Q1,MO AVG,2022-09-30,,,,C,No Discharge,2022-10-03
OKG950028,"STEWART STONE, INC.-CUSHING",CUSHING,001,50050,Effluent Gross,Q2,DAILY MX,2022-09-30,,,,C,No Discharge,2022-10-03
OK0026701,"CUSHING, CITY OF  - SOUTH STP",CUSHING,001,50050,Effluent Gross,Q1,MO AVG,2022-10-31,.837,MGD,=,,,2022-11-09
OK0026701,"CUSHING, CITY OF  - SOUTH STP",CUSHING,001,50050,Effluent Gross,Q2,DAILY MX,2022-10-31,1.308,MGD,=,,,2022-11-09
OK0043320,GREENFIELD ENVIRONMENTAL MULTISTATE TRUST LLC-CUSHING,CUSHING,001,50050,Effluent Gross,Q1,MO AVG,2022-10-31,,,,C,No Discharge,2022-11-09
OK0043320,GREENFIELD ENVIRONMENTAL MULTISTATE TRUST LLC-CUSHING,CUSHING,001,50050,Effluent Gross,Q2,DAILY MX,2022-10-31,,,,C,No Discharge,2022-11-09
OK0043320,GREENFIELD ENVIRONMENTAL MULTISTATE TRUST LLC-CUSHING,CUSHING,007,50050,Effluent Gross,Q1,MO AVG,2022-10-31,,,,C,No Discharge,2022-11-09
OK0043320,GREENFIELD ENVIRONMENTAL MULTISTATE TRUST LLC-CUSHING,CUSHING,007,50050,Effluent Gross,Q2,DAILY MX,2022-10-31,,,,C,No Discharge,2022-11-09
OK0043320,GREENFIELD ENVIRONMENTAL MULTISTATE TRUST LLC-CUSHING,CUSHING,008,50050,Effluent Gross,Q1,MO AVG,2022-10-31,,,,C,No Discharge,2022-11-09
OK0043320,GREENFIELD ENVIRONMENTAL MULTISTATE TRUST LLC-CUSHING,CUSHING,008,50050,Effluent Gross,Q2,DAILY MX,2022-10-31,,,,C,No Discharge,2022-11-09
OK0044598,GREENFIELD ENVIRONMENTAL MULTISTATE TRUST LLC-SKULL CK,CUSHING,001,50050,Effluent Gross,Q1,MO AVG,2022-10-31,6000,gal/d,=,,,2022-11-09
OK0044598,GREENFIELD ENVIRONMENTAL MULTISTATE TRUST LLC-SKULL CK,CUSHING,001,50050,Effluent Gross,Q2,DAILY MX,2022-10-31,6000,gal/d,=,,,2022-11-09
OKG950028,"STEWART STONE, INC.-CUSHING",CUSHING,001,50050,Effluent Gross,Q1,MO AVG,2022-10-31,,,,C,No Discharge,2022-11-08
OKG950028,"STEWART STONE, INC.-CUSHING",CUSHING,001,50050,Effluent Gross,Q2,DAILY MX,2022-10-31,,,,C,No Discharge,2022-11-08
OK0026701,"CUSHING, CITY OF  - SOUTH STP",CUSHING,001,50050,Effluent Gross,Q1,MO AVG,2022-11-30,.851,MGD,=,,,2022-12-12
OK0026701,"CUSHING, CITY OF  - SOUTH STP",CUSHING,001,50050,Effluent Gross,Q2,DAILY MX,2022-11-30,1.453,MGD,=,,,2022-12-12
OK0043320,GREENFIELD ENVIRONMENTAL MULTISTATE TRUST LLC-CUSHING,CUSHING,001,50050,Effluent Gross,Q1,MO AVG,2022-11-30,,,,C,No Discharge,2022-12-09
OK0043320,GREENFIELD ENVIRONMENTAL MULTISTATE TRUST LLC-CUSHING,CUSHING,001,50050,Effluent Gross,Q2,DAILY MX,2022-11-30,,,,C,No Discharge,2022-12-09
OK0043320,GREENFIELD ENVIRONMENTAL MULTISTATE TRUST LLC-CUSHING,CUSHING,007,50050,Effluent Gross,Q1,MO AVG,2022-11-30,,,,C,No Discharge,2022-12-09
OK0043320,GREENFIELD ENVIRONMENTAL MULTISTATE TRUST LLC-CUSHING,CUSHING,007,50050,Effluent Gross,Q2,DAILY MX,2022-11-30,,,,C,No Discharge,2022-12-09
OK0043320,GREENFIELD ENVIRONMENTAL MULTISTATE TRUST LLC-CUSHING,CUSHING,008,50050,Effluent Gross,Q1,MO AVG,2022-11-30,,,,C,No Discharge,2022-12-09
OK0043320,GREENFIELD ENVIRONMENTAL MULTISTATE TRUST LLC-CUSHING,CUSHING,008,50050,Effluent Gross,Q2,DAILY MX,2022-11-30,,,,C,No Discharge,2022-12-09
OK0044598,GREENFIELD ENVIRONMENTAL MULTISTATE TRUST LLC-SKULL CK,CUSHING,001,50050,Effluent Gross,Q1,MO AVG,2022-11-30,6000,gal/d,=,,,2022-12-09
OK0044598,GREENFIELD ENVIRONMENTAL MULTISTATE TRUST LLC-SKULL CK,CUSHING,001,50050,Effluent Gross,Q2,DAILY MX,2022-11-30,6000,gal/d,=,,,2022-12-09
OKG950028,"STEWART STONE, INC.-CUSHING",CUSHING,001,50050,Effluent Gross,Q1,MO AVG,2022-11-30,,,,C,No Discharge,2022-12-08
OKG950028,"STEWART STONE, INC.-CUSHING",CUSHING,001,50050,Effluent Gross,Q2,DAILY MX,2022-11-30,,,,C,No Discharge,2022-12-08
OK0026701,"CUSHING, CITY OF  - SOUTH STP",CUSHING,001,50050,Effluent Gross,Q1,MO AVG,2022-12-31,.889,MGD,=,,,2023-01-05
OK0026701,"CUSHING, CITY OF  - SOUTH STP",CUSHING,001,50050,Effluent Gross,Q2,DAILY MX,2022-12-31,1.466,MGD,=,,,2023-01-05
OK0043320,GREENFIELD ENVIRONMENTAL MULTISTATE TRUST LLC-CUSHING,CUSHING,001,50050,Effluent Gross,Q1,MO AVG,2022-12-31,,,,C,No Discharge,2023-01-13
OK0043320,GREENFIELD ENVIRONMENTAL MULTISTATE TRUST LLC-CUSHING,CUSHING,001,50050,Effluent Gross,Q2,DAILY MX,2022-12-31,,,,C,No Discharge,2023-01-13
OK0043320,GREENFIELD ENVIRONMENTAL MULTISTATE TRUST LLC-CUSHING,CUSHING,007,50050,Effluent Gross,Q1,MO AVG,2022-12-31,,,,C,No Discharge,2023-01-13
OK0043320,GREENFIELD ENVIRONMENTAL MULTISTATE TRUST LLC-CUSHING,CUSHING,007,50050,Effluent Gross,Q2,DAILY MX,2022-12-31,,,,C,No Discharge,2023-01-13
OK0043320,GREENFIELD ENVIRONMENTAL MULTISTATE TRUST LLC-CUSHING,CUSHING,008,50050,Effluent Gross,Q1,MO AVG,2022-12-31,,,,C,No Discharge,2023-01-13
OK0043320,GREENFIELD ENVIRONMENTAL MULTISTATE TRUST LLC-CUSHING,CUSHING,008,50050,Effluent Gross,Q2,DAILY MX,2022-12-31,,,,C,No Discharge,2023-01-13
OK0044598,GREENFIELD ENVIRONMENTAL MULTISTATE TRUST LLC-SKULL CK,CUSHING,001,50050,Effluent Gross,Q1,MO AVG,2022-12-31,6000,gal/d,=,,,2023-01-13
OK0044598,GREENFIELD ENVIRONMENTAL MULTISTATE TRUST LLC-SKULL CK,CUSHING,001,50050,Effluent Gross,Q2,DAILY MX,2022-12-31,6000,gal/d,=,,,2023-01-13
OKG950028,"STEWART STONE, INC.-CUSHING",CUSHING,001,50050,Effluent Gross,Q1,MO AVG,2022-12-31,,,,C,No Discharge,2023-01-04
OKG950028,"STEWART STONE, INC.-CUSHING",CUSHING,001,50050,Effluent Gross,Q2,DAILY MX,2022-12-31,,,,C,No Discharge,2023-01-04
OK0026701,"CUSHING, CITY OF  - SOUTH STP",CUSHING,001,50050,Effluent Gross,Q1,MO AVG,2023-01-31,.805,MGD,=,,,2023-02-03
OK0026701,"CUSHING, CITY OF  - SOUTH STP",CUSHING,001,50050,Effluent Gross,Q2,DAILY MX,2023-01-31,1.145,MGD,=,,,2023-02-03
OK0043320,GREENFIELD ENVIRONMENTAL MULTISTATE TRUST LLC-CUSHING,CUSHING,001,50050,Effluent Gross,Q1,MO AVG,2023-01-31,,,,C,No Discharge,2023-02-15
OK0043320,GREENFIELD ENVIRONMENTAL MULTISTATE TRUST LLC-CUSHING,CUSHING,001,50050,Effluent Gross,Q2,DAILY MX,2023-01-31,,,,C,No Discharge,2023-02-15
OK0043320,GREENFIELD ENVIRONMENTAL MULTISTATE TRUST LLC-CUSHING,CUSHING,007,50050,Effluent Gross,Q1,MO AVG,2023-01-31,,,,C,No Discharge,2023-02-15
OK0043320,GREENFIELD ENVIRONMENTAL MULTISTATE TRUST LLC-CUSHING,CUSHING,007,50050,Effluent Gross,Q2,DAILY MX,2023-01-31,,,,C,No Discharge,2023-02-15
OK0043320,GREENFIELD ENVIRONMENTAL MULTISTATE TRUST LLC-CUSHING,CUSHING,008,50050,Effluent Gross,Q1,MO AVG,2023-01-31,,,,C,No Discharge,2023-02-15
OK0043320,GREENFIELD ENVIRONMENTAL MULTISTATE TRUST LLC-CUSHING,CUSHING,008,50050,Effluent Gross,Q2,DAILY MX,2023-01-31,,,,C,No Discharge,2023-02-15
OK0044598,GREENFIELD ENVIRONMENTAL MULTISTATE TRUST LLC-SKULL CK,CUSHING,001,50050,Effluent Gross,Q1,MO AVG,2023-01-31,6000,gal/d,=,,,2023-02-15
OK0044598,GREENFIELD ENVIRONMENTAL MULTISTATE TRUST LLC-SKULL CK,CUSHING,001,50050,Effluent Gross,Q2,DAILY MX,2023-01-31,6000,gal/d,=,,,2023-02-15
OKG950028,"STEWART STONE, INC.-CUSHING",CUSHING,001,50050,Effluent Gross,Q1,MO AVG,2023-01-31,,,,C,No Discharge,2023-02-01
OKG950028,"STEWART STONE, INC.-CUSHING",CUSHING,001,50050,Effluent Gross,Q2,DAILY MX,2023-01-31,,,,C,No Discharge,2023-02-01
OK0026701,"CUSHING, CITY OF  - SOUTH STP",CUSHING,001,50050,Effluent Gross,Q1,MO AVG,2023-02-28,.983,MGD,=,,,2023-03-03
OK0026701,"CUSHING, CITY OF  - SOUTH STP",CUSHING,001,50050,Effluent Gross,Q2,DAILY MX,2023-02-28,1.963,MGD,=,,,2023-03-03
OK0043320,GREENFIELD ENVIRONMENTAL MULTISTATE TRUST LLC-CUSHING,CUSHING,001,50050,Effluent Gross,Q1,MO AVG,2023-02-28,,,,C,No Discharge,2023-03-02
OK0043320,GREENFIELD ENVIRONMENTAL MULTISTATE TRUST LLC-CUSHING,CUSHING,001,50050,Effluent Gross,Q2,DAILY MX,2023-02-28,,,,C,No Discharge,2023-03-02
OK0043320,GREENFIELD ENVIRONMENTAL MULTISTATE TRUST LLC-CUSHING,CUSHING,007,50050,Effluent Gross,Q1,MO AVG,2023-02-28,,,,C,No Discharge,2023-03-02
OK0043320,GREENFIELD ENVIRONMENTAL MULTISTATE TRUST LLC-CUSHING,CUSHING,007,50050,Effluent Gross,Q2,DAILY MX,2023-02-28,,,,C,No Discharge,2023-03-02
OK0043320,GREENFIELD ENVIRONMENTAL MULTISTATE TRUST LLC-CUSHING,CUSHING,008,50050,Effluent Gross,Q1,MO AVG,2023-02-28,,,,C,No Discharge,2023-03-02
OK0043320,GREENFIELD ENVIRONMENTAL MULTISTATE TRUST LLC-CUSHING,CUSHING,008,50050,Effluent Gross,Q2,DAILY MX,2023-02-28,,,,C,No Discharge,2023-03-02
OK0044598,GREENFIELD ENVIRONMENTAL MULTISTATE TRUST LLC-SKULL CK,CUSHING,001,50050,Effluent Gross,Q1,MO AVG,2023-02-28,6000,gal/d,=,,,2023-03-02
OK0044598,GREENFIELD ENVIRONMENTAL MULTISTATE TRUST LLC-SKULL CK,CUSHING,001,50050,Effluent Gross,Q2,DAILY MX,2023-02-28,6000,gal/d,=,,,2023-03-02
OKG950028,"STEWART STONE, INC.-CUSHING",CUSHING,001,50050,Effluent Gross,Q1,MO AVG,2023-02-28,,,,C,No Discharge,2023-03-02
OKG950028,"STEWART STONE, INC.-CUSHING",CUSHING,001,50050,Effluent Gross,Q2,DAILY MX,2023-02-28,,,,C,No Discharge,2023-03-02
OK0026701,"CUSHING, CITY OF  - SOUTH STP",CUSHING,001,50050,Effluent Gross,Q1,MO AVG,2023-03-31,.909,MGD,=,,,2023-04-06
OK0026701,"CUSHING, CITY OF  - SOUTH STP",CUSHING,001,50050,Effluent Gross,Q2,DAILY MX,2023-03-31,1.656,MGD,=,,,2023-04-06
OK0043320,GREENFIELD ENVIRONMENTAL MULTISTATE TRUST LLC-CUSHING,CUSHING,001,50050,Effluent Gross,Q1,MO AVG,2023-03-31,,,,C,No Discharge,2023-04-13
OK0043320,GREENFIELD ENVIRONMENTAL MULTISTATE TRUST LLC-CUSHING,CUSHING,001,50050,Effluent Gross,Q2,DAILY MX,2023-03-31,,,,C,No Discharge,2023-04-13
OK0043320,GREENFIELD ENVIRONMENTAL MULTISTATE TRUST LLC-CUSHING,CUSHING,007,50050,Effluent Gross,Q1,MO AVG,2023-03-31,.09,MGD,=,,,2023-04-13
OK0043320,GREENFIELD ENVIRONMENTAL MULTISTATE TRUST LLC-CUSHING,CUSHING,007,50050,Effluent Gross,Q2,DAILY MX,2023-03-31,.09,MGD,=,,,2023-04-13
OK0043320,GREENFIELD ENVIRONMENTAL MULTISTATE TRUST LLC-CUSHING,CUSHING,008,50050,Effluent Gross,Q1,MO AVG,2023-03-31,.09,MGD,=,,,2023-04-13
OK0043320,GREENFIELD ENVIRONMENTAL MULTISTATE TRUST LLC-CUSHING,CUSHING,008,50050,Effluent Gross,Q2,DAILY MX,2023-03-31,.09,MGD,=,,,2023-04-13
OK0044598,GREENFIELD ENVIRONMENTAL MULTISTATE TRUST LLC-SKULL CK,CUSHING,001,50050,Effluent Gross,Q1,MO AVG,2023-03-31,6000,gal/d,=,,,2023-04-13
OK0044598,GREENFIELD ENVIRONMENTAL MULTISTATE TRUST LLC-SKULL CK,CUSHING,001,50050,Effluent Gross,Q2,DAILY MX,2023-03-31,6000,gal/d,=,,,2023-04-13
OKG950028,"STEWART STONE, INC.-CUSHING",CUSHING,001,50050,Effluent Gross,Q1,MO AVG,2023-03-31,,,,C,No Discharge,2023-04-05
OKG950028,"STEWART STONE, INC.-CUSHING",CUSHING,001,50050,Effluent Gross,Q2,DAILY MX,2023-03-31,,,,C,No Discharge,2023-04-05
OK0026701,"CUSHING, CITY OF  - SOUTH STP",CUSHING,001,50050,Effluent Gross,Q1,MO AVG,2023-04-30,.9,MGD,=,,,2023-05-05
OK0026701,"CUSHING, CITY OF  - SOUTH STP",CUSHING,001,50050,Effluent Gross,Q2,DAILY MX,2023-04-30,2.18,MGD,=,,,2023-05-05
OK0043320,GREENFIELD ENVIRONMENTAL MULTISTATE TRUST LLC-CUSHING,CUSHING,001,50050,Effluent Gross,Q1,MO AVG,2023-04-30,,,,C,No Discharge,2023-05-11
OK0043320,GREENFIELD ENVIRONMENTAL MULTISTATE TRUST LLC-CUSHING,CUSHING,001,50050,Effluent Gross,Q2,DAILY MX,2023-04-30,,,,C,No Discharge,2023-05-11
OK0043320,GREENFIELD ENVIRONMENTAL MULTISTATE TRUST LLC-CUSHING,CUSHING,007,50050,Effluent Gross,Q1,MO AVG,2023-04-30,,,,C,No Discharge,2023-05-11
OK0043320,GREENFIELD ENVIRONMENTAL MULTISTATE TRUST LLC-CUSHING,CUSHING,007,50050,Effluent Gross,Q2,DAILY MX,2023-04-30,,,,C,No Discharge,2023-05-11
OK0043320,GREENFIELD ENVIRONMENTAL MULTISTATE TRUST LLC-CUSHING,CUSHING,008,50050,Effluent Gross,Q1,MO AVG,2023-04-30,,,,C,No Discharge,2023-05-11
OK0043320,GREENFIELD ENVIRONMENTAL MULTISTATE TRUST LLC-CUSHING,CUSHING,008,50050,Effluent Gross,Q2,DAILY MX,2023-04-30,,,,C,No Discharge,2023-05-11
OK0044598,GREENFIELD ENVIRONMENTAL MULTISTATE TRUST LLC-SKULL CK,CUSHING,001,50050,Effluent Gross,Q1,MO AVG,2023-04-30,6000,gal/d,=,,,2023-05-11
OK0044598,GREENFIELD ENVIRONMENTAL MULTISTATE TRUST LLC-SKULL CK,CUSHING,001,50050,Effluent Gross,Q2,DAILY MX,2023-04-30,6000,gal/d,=,,,2023-05-11
OKG950028,"STEWART STONE, INC.-CUSHING",CUSHING,001,50050,Effluent Gross,Q1,MO AVG,2023-04-30,,,,C,No Discharge,2023-05-01
OKG950028,"STEWART STONE, INC.-CUSHING",CUSHING,001,50050,Effluent Gross,Q2,DAILY MX,2023-04-30,,,,C,No Discharge,2023-05-01
OK0026701,"CUSHING, CITY OF  - SOUTH STP",CUSHING,001,50050,Effluent Gross,Q1,MO AVG,2023-05-31,1.396,MGD,=,,,2023-06-12
OK0026701,"CUSHING, CITY OF  - SOUTH STP",CUSHING,001,50050,Effluent Gross,Q2,DAILY MX,2023-05-31,2.893,MGD,=,,,2023-06-12
OK0043320,GREENFIELD ENVIRONMENTAL MULTISTATE TRUST LLC-CUSHING,CUSHING,001,50050,Effluent Gross,Q1,MO AVG,2023-05-31,,,,C,No Discharge,2023-06-06
OK0043320,GREENFIELD ENVIRONMENTAL MULTISTATE TRUST LLC-CUSHING,CUSHING,001,50050,Effluent Gross,Q2,DAILY MX,2023-05-31,,,,C,No Discharge,2023-06-06
OK0043320,GREENFIELD ENVIRONMENTAL MULTISTATE TRUST LLC-CUSHING,CUSHING,007,50050,Effluent Gross,Q1,MO AVG,2023-05-31,,,,C,No Discharge,2023-06-06
OK0043320,GREENFIELD ENVIRONMENTAL MULTISTATE TRUST LLC-CUSHING,CUSHING,007,50050,Effluent Gross,Q2,DAILY MX,2023-05-31,,,,C,No Discharge,2023-06-06
OK0043320,GREENFIELD ENVIRONMENTAL MULTISTATE TRUST LLC-CUSHING,CUSHING,008,50050,Effluent Gross,Q1,MO AVG,2023-05-31,,,,C,No Discharge,2023-06-06
OK0043320,GREENFIELD ENVIRONMENTAL MULTISTATE TRUST LLC-CUSHING,CUSHING,008,50050,Effluent Gross,Q2,DAILY MX,2023-05-31,,,,C,No Discharge,2023-06-06
OK0044598,GREENFIELD ENVIRONMENTAL MULTISTATE TRUST LLC-SKULL CK,CUSHING,001,50050,Effluent Gross,Q1,MO AVG,2023-05-31,6000,gal/d,=,,,2023-06-08
OK0044598,GREENFIELD ENVIRONMENTAL MULTISTATE TRUST LLC-SKULL CK,CUSHING,001,50050,Effluent Gross,Q2,DAILY MX,2023-05-31,6000,gal/d,=,,,2023-06-08
OKG950028,"STEWART STONE, INC.-CUSHING",CUSHING,001,50050,Effluent Gross,Q1,MO AVG,2023-05-31,,,,C,No Discharge,2023-06-08
OKG950028,"STEWART STONE, INC.-CUSHING",CUSHING,001,50050,Effluent Gross,Q2,DAILY MX,2023-05-31,,,,C,No Discharge,2023-06-08
OK0026701,"CUSHING, CITY OF  - SOUTH STP",CUSHING,001,50050,Effluent Gross,Q1,MO AVG,2023-06-30,1.042,MGD,=,,,2023-07-07
OK0026701,"CUSHING, CITY OF  - SOUTH STP",CUSHING,001,50050,Effluent Gross,Q2,DAILY MX,2023-06-30,1.62,MGD,=,,,2023-07-07
OK0043320,GREENFIELD ENVIRONMENTAL MULTISTATE TRUST LLC-CUSHING,CUSHING,001,50050,Effluent Gross,Q1,MO AVG,2023-06-30,,,,C,No Discharge,2023-07-11
OK0043320,GREENFIELD ENVIRONMENTAL MULTISTATE TRUST LLC-CUSHING,CUSHING,001,50050,Effluent Gross,Q2,DAILY MX,2023-06-30,,,,C,No Discharge,2023-07-11
OK0043320,GREENFIELD ENVIRONMENTAL MULTISTATE TRUST LLC-CUSHING,CUSHING,007,50050,Effluent Gross,Q1,MO AVG,2023-06-30,.09,MGD,=,,,2023-07-11
OK0043320,GREENFIELD ENVIRONMENTAL MULTISTATE TRUST LLC-CUSHING,CUSHING,007,50050,Effluent Gross,Q2,DAILY MX,2023-06-30,.09,MGD,=,,,2023-07-11
OK0043320,GREENFIELD ENVIRONMENTAL MULTISTATE TRUST LLC-CUSHING,CUSHING,008,50050,Effluent Gross,Q1,MO AVG,2023-06-30,.09,MGD,=,,,2023-07-11
OK0043320,GREENFIELD ENVIRONMENTAL MULTISTATE TRUST LLC-CUSHING,CUSHING,008,50050,Effluent Gross,Q2,DAILY MX,2023-06-30,.09,MGD,=,,,2023-07-11
OK0044598,GREENFIELD ENVIRONMENTAL MULTISTATE TRUST LLC-SKULL CK,CUSHING,001,50050,Effluent Gross,Q1,MO AVG,2023-06-30,6000,gal/d,=,,,2023-07-11
OK0044598,GREENFIELD ENVIRONMENTAL MULTISTATE TRUST LLC-SKULL CK,CUSHING,001,50050,Effluent Gross,Q2,DAILY MX,2023-06-30,6000,gal/d,=,,,2023-07-11
OKG950028,"STEWART STONE, INC.-CUSHING",CUSHING,001,50050,Effluent Gross,Q1,MO AVG,2023-06-30,,,,C,No Discharge,2023-07-10
OKG950028,"STEWART STONE, INC.-CUSHING",CUSHING,001,50050,Effluent Gross,Q2,DAILY MX,2023-06-30,,,,C,No Discharge,2023-07-10
OK0026701,"CUSHING, CITY OF  - SOUTH STP",CUSHING,001,50050,Effluent Gross,Q1,MO AVG,2023-07-31,1.323,MGD,=,,,2023-08-09
OK0026701,"CUSHING, CITY OF  - SOUTH STP",CUSHING,001,50050,Effluent Gross,Q2,DAILY MX,2023-07-31,2.613,MGD,=,,,2023-08-09
OK0043320,GREENFIELD ENVIRONMENTAL MULTISTATE TRUST LLC-CUSHING,CUSHING,001,50050,Effluent Gross,Q1,MO AVG,2023-07-31,,,,C,No Discharge,2023-08-14
OK0043320,GREENFIELD ENVIRONMENTAL MULTISTATE TRUST LLC-CUSHING,CUSHING,001,50050,Effluent Gross,Q2,DAILY MX,2023-07-31,,,,C,No Discharge,2023-08-14
OK0043320,GREENFIELD ENVIRONMENTAL MULTISTATE TRUST LLC-CUSHING,CUSHING,007,50050,Effluent Gross,Q1,MO AVG,2023-07-31,,,,C,No Discharge,2023-08-14
OK0043320,GREENFIELD ENVIRONMENTAL MULTISTATE TRUST LLC-CUSHING,CUSHING,007,50050,Effluent Gross,Q2,DAILY MX,2023-07-31,,,,C,No Discharge,2023-08-14
OK0043320,GREENFIELD ENVIRONMENTAL MULTISTATE TRUST LLC-CUSHING,CUSHING,008,50050,Effluent Gross,Q1,MO AVG,2023-07-31,,,,C,No Discharge,2023-08-14
OK0043320,GREENFIELD ENVIRONMENTAL MULTISTATE TRUST LLC-CUSHING,CUSHING,008,50050,Effluent Gross,Q2,DAILY MX,2023-07-31,,,,C,No Discharge,2023-08-14
OK0044598,GREENFIELD ENVIRONMENTAL MULTISTATE TRUST LLC-SKULL CK,CUSHING,001,50050,Effluent Gross,Q1,MO AVG,2023-07-31,6000,gal/d,=,,,2023-08-14
OK0044598,GREENFIELD ENVIRONMENTAL MULTISTATE TRUST LLC-SKULL CK,CUSHING,001,50050,Effluent Gross,Q2,DAILY MX,2023-07-31,6000,gal/d,=,,,2023-08-14
OKG950028,"STEWART STONE, INC.-CUSHING",CUSHING,001,50050,Effluent Gross,Q1,MO AVG,2023-07-31,,,,C,No Discharge,2023-08-04
OKG950028,"STEWART STONE, INC.-CUSHING",CUSHING,001,50050,Effluent Gross,Q2,DAILY MX,2023-07-31,,,,C,No Discharge,2023-08-04
OK0026701,"CUSHING, CITY OF  - SOUTH STP",CUSHING,001,50050,Effluent Gross,Q1,MO AVG,2023-08-31,1.023,MGD,=,,,2023-09-07
OK0026701,"CUSHING, CITY OF  - SOUTH STP",CUSHING,001,50050,Effluent Gross,Q2,DAILY MX,2023-08-31,1.869,MGD,=,,,2023-09-07
OK0043320,GREENFIELD ENVIRONMENTAL MULTISTATE TRUST LLC-CUSHING,CUSHING,001,50050,Effluent Gross,Q1,MO AVG,2023-08-31,,,,C,No Discharge,2023-09-15
OK0043320,GREENFIELD ENVIRONMENTAL MULTISTATE TRUST LLC-CUSHING,CUSHING,001,50050,Effluent Gross,Q2,DAILY MX,2023-08-31,,,,C,No Discharge,2023-09-15
OK0043320,GREENFIELD ENVIRONMENTAL MULTISTATE TRUST LLC-CUSHING,CUSHING,007,50050,Effluent Gross,Q1,MO AVG,2023-08-31,.09,MGD,=,,,2023-09-15
OK0043320,GREENFIELD ENVIRONMENTAL MULTISTATE TRUST LLC-CUSHING,CUSHING,007,50050,Effluent Gross,Q2,DAILY MX,2023-08-31,.09,MGD,=,,,2023-09-15
OK0043320,GREENFIELD ENVIRONMENTAL MULTISTATE TRUST LLC-CUSHING,CUSHING,008,50050,Effluent Gross,Q1,MO AVG,2023-08-31,.09,MGD,=,,,2023-09-15
OK0043320,GREENFIELD ENVIRONMENTAL MULTISTATE TRUST LLC-CUSHING,CUSHING,008,50050,Effluent Gross,Q2,DAILY MX,2023-08-31,.09,MGD,=,,,2023-09-15
OK0044598,GREENFIELD ENVIRONMENTAL MULTISTATE TRUST LLC-SKULL CK,CUSHING,001,50050,Effluent Gross,Q1,MO AVG,2023-08-31,6000,gal/d,=,,,2023-09-15
OK0044598,GREENFIELD ENVIRONMENTAL MULTISTATE TRUST LLC-SKULL CK,CUSHING,001,50050,Effluent Gross,Q2,DAILY MX,2023-08-31,6000,gal/d,=,,,2023-09-15
OKG950028,"STEWART STONE, INC.-CUSHING",CUSHING,001,50050,Effluent Gross,Q1,MO AVG,2023-08-31,,,,C,No Discharge,2023-09-06
OKG950028,"STEWART STONE, INC.-CUSHING",CUSHING,001,50050,Effluent Gross,Q2,DAILY MX,2023-08-31,,,,C,No Discharge,2023-09-06
OK0026701,"CUSHING, CITY OF  - SOUTH STP",CUSHING,001,50050,Effluent Gross,Q1,MO AVG,2023-09-30,.811,MGD,=,,,2023-10-10
OK0026701,"CUSHING, CITY OF  - SOUTH STP",CUSHING,001,50050,Effluent Gross,Q2,DAILY MX,2023-09-30,1.383,MGD,=,,,2023-10-10
OK0043320,GREENFIELD ENVIRONMENTAL MULTISTATE TRUST LLC-CUSHING,CUSHING,001,50050,Effluent Gross,Q1,MO AVG,2023-09-30,,,,C,No Discharge,2023-10-13
OK0043320,GREENFIELD ENVIRONMENTAL MULTISTATE TRUST LLC-CUSHING,CUSHING,001,50050,Effluent Gross,Q2,DAILY MX,2023-09-30,,,,C,No Discharge,2023-10-13
OK0043320,GREENFIELD ENVIRONMENTAL MULTISTATE TRUST LLC-CUSHING,CUSHING,007,50050,Effluent Gross,Q1,MO AVG,2023-09-30,.09,MGD,=,,,2023-10-13
OK0043320,GREENFIELD ENVIRONMENTAL MULTISTATE TRUST LLC-CUSHING,CUSHING,007,50050,Effluent Gross,Q2,DAILY MX,2023-09-30,.09,MGD,=,,,2023-10-13
OK0043320,GREENFIELD ENVIRONMENTAL MULTISTATE TRUST LLC-CUSHING,CUSHING,008,50050,Effluent Gross,Q1,MO AVG,2023-09-30,.09,MGD,=,,,2023-10-13
OK0043320,GREENFIELD ENVIRONMENTAL MULTISTATE TRUST LLC-CUSHING,CUSHING,008,50050,Effluent Gross,Q2,DAILY MX,2023-09-30,.09,MGD,=,,,2023-10-13
OK0044598,GREENFIELD ENVIRONMENTAL MULTISTATE TRUST LLC-SKULL CK,CUSHING,001,50050,Effluent Gross,Q1,MO AVG,2023-09-30,6000,gal/d,=,,,2023-10-13
OK0044598,GREENFIELD ENVIRONMENTAL MULTISTATE TRUST LLC-SKULL CK,CUSHING,001,50050,Effluent Gross,Q2,DAILY MX,2023-09-30,6000,gal/d,=,,,2023-10-13
OKG950028,"STEWART STONE, INC.-CUSHING",CUSHING,001,50050,Effluent Gross,Q1,MO AVG,2023-09-30,,,,C,No Discharge,2023-10-06
OKG950028,"STEWART STONE, INC.-CUSHING",CUSHING,001,50050,Effluent Gross,Q2,DAILY MX,2023-09-30,,,,C,No Discharge,2023-10-06
OK0026701,"CUSHING, CITY OF  - SOUTH STP",CUSHING,001,50050,Effluent Gross,Q1,MO AVG,2023-10-31,.844,MGD,=,,,2023-11-02
OK0026701,"CUSHING, CITY OF  - SOUTH STP",CUSHING,001,50050,Effluent Gross,Q2,DAILY MX,2023-10-31,1.736,MGD,=,,,2023-11-02
OK0043320,GREENFIELD ENVIRONMENTAL MULTISTATE TRUST LLC-CUSHING,CUSHING,001,50050,Effluent Gross,Q1,MO AVG,2023-10-31,,,,C,No Discharge,2023-11-09
OK0043320,GREENFIELD ENVIRONMENTAL MULTISTATE TRUST LLC-CUSHING,CUSHING,001,50050,Effluent Gross,Q2,DAILY MX,2023-10-31,,,,C,No Discharge,2023-11-09
OK0043320,GREENFIELD ENVIRONMENTAL MULTISTATE TRUST LLC-CUSHING,CUSHING,007,50050,Effluent Gross,Q1,MO AVG,2023-10-31,,,,C,No Discharge,2023-11-09
OK0043320,GREENFIELD ENVIRONMENTAL MULTISTATE TRUST LLC-CUSHING,CUSHING,007,50050,Effluent Gross,Q2,DAILY MX,2023-10-31,,,,C,No Discharge,2023-11-09
OK0043320,GREENFIELD ENVIRONMENTAL MULTISTATE TRUST LLC-CUSHING,CUSHING,008,50050,Effluent Gross,Q1,MO AVG,2023-10-31,,,,C,No Discharge,2023-11-09
OK0043320,GREENFIELD ENVIRONMENTAL MULTISTATE TRUST LLC-CUSHING,CUSHING,008,50050,Effluent Gross,Q2,DAILY MX,2023-10-31,,,,C,No Discharge,2023-11-09
OK0044598,GREENFIELD ENVIRONMENTAL MULTISTATE TRUST LLC-SKULL CK,CUSHING,001,50050,Effluent Gross,Q1,MO AVG,2023-10-31,6000,gal/d,=,,,2023-11-09
OK0044598,GREENFIELD ENVIRONMENTAL MULTISTATE TRUST LLC-SKULL CK,CUSHING,001,50050,Effluent Gross,Q2,DAILY MX,2023-10-31,6000,gal/d,=,,,2023-11-09
OKG950028,"STEWART STONE, INC.-CUSHING",CUSHING,001,50050,Effluent Gross,Q1,MO AVG,2023-10-31,,,,C,No Discharge,2023-11-07
OKG950028,"STEWART STONE, INC.-CUSHING",CUSHING,001,50050,Effluent Gross,Q2,DAILY MX,2023-10-31,,,,C,No Discharge,2023-11-07
OK0026701,"CUSHING, CITY OF  - SOUTH STP",CUSHING,001,50050,Effluent Gross,Q1,MO AVG,2023-11-30,.802,MGD,=,,,2023-12-11
OK0026701,"CUSHING, CITY OF  - SOUTH STP",CUSHING,001,50050,Effluent Gross,Q2,DAILY MX,2023-11-30,1.246,MGD,=,,,2023-12-11
OK0043320,GREENFIELD ENVIRONMENTAL MULTISTATE TRUST LLC-CUSHING,CUSHING,001,50050,Effluent Gross,Q1,MO AVG,2023-11-30,,,,C,No Discharge,2023-12-04
OK0043320,GREENFIELD ENVIRONMENTAL MULTISTATE TRUST LLC-CUSHING,CUSHING,001,50050,Effluent Gross,Q2,DAILY MX,2023-11-30,,,,C,No Discharge,2023-12-04
OK0043320,GREENFIELD ENVIRONMENTAL MULTISTATE TRUST LLC-CUSHING,CUSHING,007,50050,Effluent Gross,Q1,MO AVG,2023-11-30,,,,C,No Discharge,2023-12-04
OK0043320,GREENFIELD ENVIRONMENTAL MULTISTATE TRUST LLC-CUSHING,CUSHING,007,50050,Effluent Gross,Q2,DAILY MX,2023-11-30,,,,C,No Discharge,2023-12-04
OK0043320,GREENFIELD ENVIRONMENTAL MULTISTATE TRUST LLC-CUSHING,CUSHING,008,50050,Effluent Gross,Q1,MO AVG,2023-11-30,,,,C,No Discharge,2023-12-04
OK0043320,GREENFIELD ENVIRONMENTAL MULTISTATE TRUST LLC-CUSHING,CUSHING,008,50050,Effluent Gross,Q2,DAILY MX,2023-11-30,,,,C,No Discharge,2023-12-04
OK0044598,GREENFIELD ENVIRONMENTAL MULTISTATE TRUST LLC-SKULL CK,CUSHING,001,50050,Effluent Gross,Q1,MO AVG,2023-11-30,6000,gal/d,=,,,2023-12-15
OK0044598,GREENFIELD ENVIRONMENTAL MULTISTATE TRUST LLC-SKULL CK,CUSHING,001,50050,Effluent Gross,Q2,DAILY MX,2023-11-30,6000,gal/d,=,,,2023-12-15
OKG950028,"STEWART STONE, INC.-CUSHING",CUSHING,001,50050,Effluent Gross,Q1,MO AVG,2023-11-30,,,,C,No Discharge,2023-12-08
OKG950028,"STEWART STONE, INC.-CUSHING",CUSHING,001,50050,Effluent Gross,Q2,DAILY MX,2023-11-30,,,,C,No Discharge,2023-12-08
OK0026701,"CUSHING, CITY OF  - SOUTH STP",CUSHING,001,50050,Effluent Gross,Q1,MO AVG,2023-12-31,.953,MGD,=,,,2024-01-08
OK0026701,"CUSHING, CITY OF  - SOUTH STP",CUSHING,001,50050,Effluent Gross,Q2,DAILY MX,2023-12-31,2.442,MGD,=,,,2024-01-08
OK0043320,GREENFIELD ENVIRONMENTAL MULTISTATE TRUST LLC-CUSHING,CUSHING,001,50050,Effluent Gross,Q1,MO AVG,2023-12-31,,,,C,No Discharge,2024-01-12
OK0043320,GREENFIELD ENVIRONMENTAL MULTISTATE TRUST LLC-CUSHING,CUSHING,001,50050,Effluent Gross,Q2,DAILY MX,2023-12-31,,,,C,No Discharge,2024-01-12
OK0043320,GREENFIELD ENVIRONMENTAL MULTISTATE TRUST LLC-CUSHING,CUSHING,007,50050,Effluent Gross,Q1,MO AVG,2023-12-31,.09,MGD,=,,,2024-01-12
OK0043320,GREENFIELD ENVIRONMENTAL MULTISTATE TRUST LLC-CUSHING,CUSHING,007,50050,Effluent Gross,Q2,DAILY MX,2023-12-31,.09,MGD,=,,,2024-01-12
OK0043320,GREENFIELD ENVIRONMENTAL MULTISTATE TRUST LLC-CUSHING,CUSHING,008,50050,Effluent Gross,Q1,MO AVG,2023-12-31,.09,MGD,=,,,2024-01-12
OK0043320,GREENFIELD ENVIRONMENTAL MULTISTATE TRUST LLC-CUSHING,CUSHING,008,50050,Effluent Gross,Q2,DAILY MX,2023-12-31,.09,MGD,=,,,2024-01-12
OK0044598,GREENFIELD ENVIRONMENTAL MULTISTATE TRUST LLC-SKULL CK,CUSHING,001,50050,Effluent Gross,Q1,MO AVG,2023-12-31,6000,gal/d,=,,,2024-01-17
OK0044598,GREENFIELD ENVIRONMENTAL MULTISTATE TRUST LLC-SKULL CK,CUSHING,001,50050,Effluent Gross,Q2,DAILY MX,2023-12-31,6000,gal/d,=,,,2024-01-17
OKG950028,"STEWART STONE, INC.-CUSHING",CUSHING,001,50050,Effluent Gross,Q1,MO AVG,2023-12-31,,,,C,No Discharge,2024-01-10
OKG950028,"STEWART STONE, INC.-CUSHING",CUSHING,001,50050,Effluent Gross,Q2,DAILY MX,2023-12-31,,,,C,No Discharge,2024-01-10
OK0026701,"CUSHING, CITY OF  - SOUTH STP",CUSHING,001,50050,Effluent Gross,Q1,MO AVG,2024-01-31,1.148,MGD,=,,,2024-02-08
OK0026701,"CUSHING, CITY OF  - SOUTH STP",CUSHING,001,50050,Effluent Gross,Q2,DAILY MX,2024-01-31,2.245,MGD,=,,,2024-02-08
OK0043320,GREENFIELD ENVIRONMENTAL MULTISTATE TRUST LLC-CUSHING,CUSHING,001,50050,Effluent Gross,Q1,MO AVG,2024-01-31,,,,C,No Discharge,2024-02-14
OK0043320,GREENFIELD ENVIRONMENTAL MULTISTATE TRUST LLC-CUSHING,CUSHING,001,50050,Effluent Gross,Q2,DAILY MX,2024-01-31,,,,C,No Discharge,2024-02-14
OK0043320,GREENFIELD ENVIRONMENTAL MULTISTATE TRUST LLC-CUSHING,CUSHING,007,50050,Effluent Gross,Q1,MO AVG,2024-01-31,,,,C,No Discharge,2024-02-14
OK0043320,GREENFIELD ENVIRONMENTAL MULTISTATE TRUST LLC-CUSHING,CUSHING,007,50050,Effluent Gross,Q2,DAILY MX,2024-01-31,,,,C,No Discharge,2024-02-14
OK0043320,GREENFIELD ENVIRONMENTAL MULTISTATE TRUST LLC-CUSHING,CUSHING,008,50050,Effluent Gross,Q1,MO AVG,2024-01-31,,,,C,No Discharge,2024-02-14
OK0043320,GREENFIELD ENVIRONMENTAL MULTISTATE TRUST LLC-CUSHING,CUSHING,008,50050,Effluent Gross,Q2,DAILY MX,2024-01-31,,,,C,No Discharge,2024-02-14
OK0044598,GREENFIELD ENVIRONMENTAL MULTISTATE TRUST LLC-SKULL CK,CUSHING,001,50050,Effluent Gross,Q1,MO AVG,2024-01-31,6000,gal/d,=,,,2024-02-14
OK0044598,GREENFIELD ENVIRONMENTAL MULTISTATE TRUST LLC-SKULL CK,CUSHING,001,50050,Effluent Gross,Q2,DAILY MX,2024-01-31,6000,gal/d,=,,,2024-02-14
OKG950028,"STEWART STONE, INC.-CUSHING",CUSHING,001,50050,Effluent Gross,Q1,MO AVG,2024-01-31,,,,C,No Discharge,2024-02-02
OKG950028,"STEWART STONE, INC.-CUSHING",CUSHING,001,50050,Effluent Gross,Q2,DAILY MX,2024-01-31,,,,C,No Discharge,2024-02-02
OK0026701,"CUSHING, CITY OF  - SOUTH STP",CUSHING,001,50050,Effluent Gross,Q1,MO AVG,2024-02-29,1.373,MGD,=,,,2024-03-11
OK0026701,"CUSHING, CITY OF  - SOUTH STP",CUSHING,001,50050,Effluent Gross,Q2,DAILY MX,2024-02-29,2.337,MGD,=,,,2024-03-11
OK0043320,GREENFIELD ENVIRONMENTAL MULTISTATE TRUST LLC-CUSHING,CUSHING,001,50050,Effluent Gross,Q1,MO AVG,2024-02-29,,,,C,No Discharge,2024-03-11
OK0043320,GREENFIELD ENVIRONMENTAL MULTISTATE TRUST LLC-CUSHING,CUSHING,001,50050,Effluent Gross,Q2,DAILY MX,2024-02-29,,,,C,No Discharge,2024-03-11
OK0043320,GREENFIELD ENVIRONMENTAL MULTISTATE TRUST LLC-CUSHING,CUSHING,007,50050,Effluent Gross,Q1,MO AVG,2024-02-29,,,,C,No Discharge,2024-03-11
OK0043320,GREENFIELD ENVIRONMENTAL MULTISTATE TRUST LLC-CUSHING,CUSHING,007,50050,Effluent Gross,Q2,DAILY MX,2024-02-29,,,,C,No Discharge,2024-03-11
OK0043320,GREENFIELD ENVIRONMENTAL MULTISTATE TRUST LLC-CUSHING,CUSHING,008,50050,Effluent Gross,Q1,MO AVG,2024-02-29,,,,C,No Discharge,2024-03-11
OK0043320,GREENFIELD ENVIRONMENTAL MULTISTATE TRUST LLC-CUSHING,CUSHING,008,50050,Effluent Gross,Q2,DAILY MX,2024-02-29,,,,C,No Discharge,2024-03-11
OK0044598,GREENFIELD ENVIRONMENTAL MULTISTATE TRUST LLC-SKULL CK,CUSHING,001,50050,Effluent Gross,Q1,MO AVG,2024-02-29,6000,gal/d,=,,,2024-03-11
OK0044598,GREENFIELD ENVIRONMENTAL MULTISTATE TRUST LLC-SKULL CK,CUSHING,001,50050,Effluent Gross,Q2,DAILY MX,2024-02-29,6000,gal/d,=,,,2024-03-11
OKG950028,"STEWART STONE, INC.-CUSHING",CUSHING,001,50050,Effluent Gross,Q1,MO AVG,2024-02-29,,,,C,No Discharge,2024-03-01
OKG950028,"STEWART STONE, INC.-CUSHING",CUSHING,001,50050,Effluent Gross,Q2,DAILY MX,2024-02-29,,,,C,No Discharge,2024-03-01
OK0026701,"CUSHING, CITY OF  - SOUTH STP",CUSHING,001,50050,Effluent Gross,Q1,MO AVG,2024-03-31,.982,MGD,=,,,2024-04-05
OK0026701,"CUSHING, CITY OF  - SOUTH STP",CUSHING,001,50050,Effluent Gross,Q2,DAILY MX,2024-03-31,1.929,MGD,=,,,2024-04-05
OK0043320,GREENFIELD ENVIRONMENTAL MULTISTATE TRUST LLC-CUSHING,CUSHING,001,50050,Effluent Gross,Q1,MO AVG,2024-03-31,,,,C,No Discharge,2024-04-11
OK0043320,GREENFIELD ENVIRONMENTAL MULTISTATE TRUST LLC-CUSHING,CUSHING,001,50050,Effluent Gross,Q2,DAILY MX,2024-03-31,,,,C,No Discharge,2024-04-11
OK0043320,GREENFIELD ENVIRONMENTAL MULTISTATE TRUST LLC-CUSHING,CUSHING,007,50050,Effluent Gross,Q1,MO AVG,2024-03-31,,,,C,No Discharge,2024-04-11
OK0043320,GREENFIELD ENVIRONMENTAL MULTISTATE TRUST LLC-CUSHING,CUSHING,007,50050,Effluent Gross,Q2,DAILY MX,2024-03-31,,,,C,No Discharge,2024-04-11
OK0043320,GREENFIELD ENVIRONMENTAL MULTISTATE TRUST LLC-CUSHING,CUSHING,008,50050,Effluent Gross,Q1,MO AVG,2024-03-31,,,,C,No Discharge,2024-04-11
OK0043320,GREENFIELD ENVIRONMENTAL MULTISTATE TRUST LLC-CUSHING,CUSHING,008,50050,Effluent Gross,Q2,DAILY MX,2024-03-31,,,,C,No Discharge,2024-04-11
OK0044598,GREENFIELD ENVIRONMENTAL MULTISTATE TRUST LLC-SKULL CK,CUSHING,001,50050,Effluent Gross,Q1,MO AVG,2024-03-31,6000,gal/d,=,,,2024-04-11
OK0044598,GREENFIELD ENVIRONMENTAL MULTISTATE TRUST LLC-SKULL CK,CUSHING,001,50050,Effluent Gross,Q2,DAILY MX,2024-03-31,6000,gal/d,=,,,2024-04-11
OKG950028,"STEWART STONE, INC.-CUSHING",CUSHING,001,50050,Effluent Gross,Q1,MO AVG,2024-03-31,,,,C,No Discharge,2024-04-02
OKG950028,"STEWART STONE, INC.-CUSHING",CUSHING,001,50050,Effluent Gross,Q2,DAILY MX,2024-03-31,,,,C,No Discharge,2024-04-02
OK0026701,"CUSHING, CITY OF  - SOUTH STP",CUSHING,001,50050,Effluent Gross,Q1,MO AVG,2024-04-30,.905,MGD,=,,,2024-05-08
OK0026701,"CUSHING, CITY OF  - SOUTH STP",CUSHING,001,50050,Effluent Gross,Q2,DAILY MX,2024-04-30,1.178,MGD,=,,,2024-05-08
OK0043320,GREENFIELD ENVIRONMENTAL MULTISTATE TRUST LLC-CUSHING,CUSHING,001,50050,Effluent Gross,Q1,MO AVG,2024-04-30,,,,C,No Discharge,2024-05-14
OK0043320,GREENFIELD ENVIRONMENTAL MULTISTATE TRUST LLC-CUSHING,CUSHING,001,50050,Effluent Gross,Q2,DAILY MX,2024-04-30,,,,C,No Discharge,2024-05-14
OK0043320,GREENFIELD ENVIRONMENTAL MULTISTATE TRUST LLC-CUSHING,CUSHING,007,50050,Effluent Gross,Q1,MO AVG,2024-04-30,,,,C,No Discharge,2024-05-14
OK0043320,GREENFIELD ENVIRONMENTAL MULTISTATE TRUST LLC-CUSHING,CUSHING,007,50050,Effluent Gross,Q2,DAILY MX,2024-04-30,,,,C,No Discharge,2024-05-14
OK0043320,GREENFIELD ENVIRONMENTAL MULTISTATE TRUST LLC-CUSHING,CUSHING,008,50050,Effluent Gross,Q1,MO AVG,2024-04-30,,,,C,No Discharge,2024-05-14
OK0043320,GREENFIELD ENVIRONMENTAL MULTISTATE TRUST LLC-CUSHING,CUSHING,008,50050,Effluent Gross,Q2,DAILY MX,2024-04-30,,,,C,No Discharge,2024-05-14
OK0044598,GREENFIELD ENVIRONMENTAL MULTISTATE TRUST LLC-SKULL CK,CUSHING,001,50050,Effluent Gross,Q1,MO AVG,2024-04-30,6000,gal/d,=,,,2024-05-14
OK0044598,GREENFIELD ENVIRONMENTAL MULTISTATE TRUST LLC-SKULL CK,CUSHING,001,50050,Effluent Gross,Q2,DAILY MX,2024-04-30,6000,gal/d,=,,,2024-05-14
OKG950028,"STEWART STONE, INC.-CUSHING",CUSHING,001,50050,Effluent Gross,Q1,MO AVG,2024-04-30,,,,C,No Discharge,2024-05-02
OKG950028,"STEWART STONE, INC.-CUSHING",CUSHING,001,50050,Effluent Gross,Q2,DAILY MX,2024-04-30,,,,C,No Discharge,2024-05-02
OK0026701,"CUSHING, CITY OF  - SOUTH STP",CUSHING,001,50050,Effluent Gross,Q1,MO AVG,2024-05-31,1.513,MGD,=,,,2024-06-07
OK0026701,"CUSHING, CITY OF  - SOUTH STP",CUSHING,001,50050,Effluent Gross,Q2,DAILY MX,2024-05-31,3.078,MGD,=,,,2024-06-07
OK0043320,GREENFIELD ENVIRONMENTAL MULTISTATE TRUST LLC-CUSHING,CUSHING,001,50050,Effluent Gross,Q1,MO AVG,2024-05-31,,,,C,No Discharge,2024-06-15
OK0043320,GREENFIELD ENVIRONMENTAL MULTISTATE TRUST LLC-CUSHING,CUSHING,001,50050,Effluent Gross,Q2,DAILY MX,2024-05-31,,,,C,No Discharge,2024-06-15
OK0043320,GREENFIELD ENVIRONMENTAL MULTISTATE TRUST LLC-CUSHING,CUSHING,007,50050,Effluent Gross,Q1,MO AVG,2024-05-31,.09,MGD,=,,,2024-06-15
OK0043320,GREENFIELD ENVIRONMENTAL MULTISTATE TRUST LLC-CUSHING,CUSHING,007,50050,Effluent Gross,Q2,DAILY MX,2024-05-31,.09,MGD,=,,,2024-06-15
OK0043320,GREENFIELD ENVIRONMENTAL MULTISTATE TRUST LLC-CUSHING,CUSHING,008,50050,Effluent Gross,Q1,MO AVG,2024-05-31,.09,MGD,=,,,2024-06-15
OK0043320,GREENFIELD ENVIRONMENTAL MULTISTATE TRUST LLC-CUSHING,CUSHING,008,50050,Effluent Gross,Q2,DAILY MX,2024-05-31,.09,MGD,=,,,2024-06-15
OK0044598,GREENFIELD ENVIRONMENTAL MULTISTATE TRUST LLC-SKULL CK,CUSHING,001,50050,Effluent Gross,Q1,MO AVG,2024-05-31,6000,gal/d,=,,,2024-06-17
OK0044598,GREENFIELD ENVIRONMENTAL MULTISTATE TRUST LLC-SKULL CK,CUSHING,001,50050,Effluent Gross,Q2,DAILY MX,2024-05-31,6000,gal/d,=,,,2024-06-17
OKG950028,"STEWART STONE, INC.-CUSHING",CUSHING,001,50050,Effluent Gross,Q1,MO AVG,2024-05-31,,,,C,No Discharge,2024-06-07
OKG950028,"STEWART STONE, INC.-CUSHING",CUSHING,001,50050,Effluent Gross,Q2,DAILY MX,2024-05-31,,,,C,No Discharge,2024-06-07
OK0026701,"CUSHING, CITY OF  - SOUTH STP",CUSHING,001,50050,Effluent Gross,Q1,MO AVG,2024-06-30,.982,MGD,=,,,2024-07-09
OK0026701,"CUSHING, CITY OF  - SOUTH STP",CUSHING,001,50050,Effluent Gross,Q2,DAILY MX,2024-06-30,1.187,MGD,=,,,2024-07-09
OK0043320,GREENFIELD ENVIRONMENTAL MULTISTATE TRUST LLC-CUSHING,CUSHING,001,50050,Effluent Gross,Q1,MO AVG,2024-06-30,,,,C,No Discharge,2024-07-01
OK0043320,GREENFIELD ENVIRONMENTAL MULTISTATE TRUST LLC-CUSHING,CUSHING,001,50050,Effluent Gross,Q2,DAILY MX,2024-06-30,,,,C,No Discharge,2024-07-01
OK0043320,GREENFIELD ENVIRONMENTAL MULTISTATE TRUST LLC-CUSHING,CUSHING,007,50050,Effluent Gross,Q1,MO AVG,2024-06-30,,,,C,No Discharge,2024-07-01
OK0043320,GREENFIELD ENVIRONMENTAL MULTISTATE TRUST LLC-CUSHING,CUSHING,007,50050,Effluent Gross,Q2,DAILY MX,2024-06-30,,,,C,No Discharge,2024-07-01
OK0043320,GREENFIELD ENVIRONMENTAL MULTISTATE TRUST LLC-CUSHING,CUSHING,008,50050,Effluent Gross,Q1,MO AVG,2024-06-30,,,,C,No Discharge,2024-07-01
OK0043320,GREENFIELD ENVIRONMENTAL MULTISTATE TRUST LLC-CUSHING,CUSHING,008,50050,Effluent Gross,Q2,DAILY MX,2024-06-30,,,,C,No Discharge,2024-07-01
OK0044598,GREENFIELD ENVIRONMENTAL MULTISTATE TRUST LLC-SKULL CK,CUSHING,001,50050,Effluent Gross,Q1,MO AVG,2024-06-30,6000,gal/d,=,,,2024-07-01
OK0044598,GREENFIELD ENVIRONMENTAL MULTISTATE TRUST LLC-SKULL CK,CUSHING,001,50050,Effluent Gross,Q2,DAILY MX,2024-06-30,6000,gal/d,=,,,2024-07-01
OKG950028,"STEWART STONE, INC.-CUSHING",CUSHING,001,50050,Effluent Gross,Q1,MO AVG,2024-06-30,,,,C,No Discharge,2024-07-09
OKG950028,"STEWART STONE, INC.-CUSHING",CUSHING,001,50050,Effluent Gross,Q2,DAILY MX,2024-06-30,,,,C,No Discharge,2024-07-09
OK0026701,"CUSHING, CITY OF  - SOUTH STP",CUSHING,001,50050,Effluent Gross,Q1,MO AVG,2024-07-31,.893,MGD,=,,,2024-08-13
OK0026701,"CUSHING, CITY OF  - SOUTH STP",CUSHING,001,50050,Effluent Gross,Q2,DAILY MX,2024-07-31,1.26,MGD,=,,,2024-08-13
OK0043320,GREENFIELD ENVIRONMENTAL MULTISTATE TRUST LLC-CUSHING,CUSHING,001,50050,Effluent Gross,Q1,MO AVG,2024-07-31,,,,C,No Discharge,2024-08-08
OK0043320,GREENFIELD ENVIRONMENTAL MULTISTATE TRUST LLC-CUSHING,CUSHING,001,50050,Effluent Gross,Q2,DAILY MX,2024-07-31,,,,C,No Discharge,2024-08-08
OK0043320,GREENFIELD ENVIRONMENTAL MULTISTATE TRUST LLC-CUSHING,CUSHING,007,50050,Effluent Gross,Q1,MO AVG,2024-07-31,.09,MGD,=,,,2024-08-08
OK0043320,GREENFIELD ENVIRONMENTAL MULTISTATE TRUST LLC-CUSHING,CUSHING,007,50050,Effluent Gross,Q2,DAILY MX,2024-07-31,.09,MGD,=,,,2024-08-08
OK0043320,GREENFIELD ENVIRONMENTAL MULTISTATE TRUST LLC-CUSHING,CUSHING,008,50050,Effluent Gross,Q1,MO AVG,2024-07-31,.09,MGD,=,,,2024-08-08
OK0043320,GREENFIELD ENVIRONMENTAL MULTISTATE TRUST LLC-CUSHING,CUSHING,008,50050,Effluent Gross,Q2,DAILY MX,2024-07-31,.09,MGD,=,,,2024-08-08
OK0044598,GREENFIELD ENVIRONMENTAL MULTISTATE TRUST LLC-SKULL CK,CUSHING,001,50050,Effluent Gross,Q1,MO AVG,2024-07-31,6000,gal/d,=,,,2024-08-08
OK0044598,GREENFIELD ENVIRONMENTAL MULTISTATE TRUST LLC-SKULL CK,CUSHING,001,50050,Effluent Gross,Q2,DAILY MX,2024-07-31,6000,gal/d,=,,,2024-08-08
OKG950028,"STEWART STONE, INC.-CUSHING",CUSHING,001,50050,Effluent Gross,Q1,MO AVG,2024-07-31,,,,C,No Discharge,2024-08-13
OKG950028,"STEWART STONE, INC.-CUSHING",CUSHING,001,50050,Effluent Gross,Q2,DAILY MX,2024-07-31,,,,C,No Discharge,2024-08-13
OK0026701,"CUSHING, CITY OF  - SOUTH STP",CUSHING,001,50050,Effluent Gross,Q1,MO AVG,2024-08-31,.868,MGD,=,,,2024-09-10
OK0026701,"CUSHING, CITY OF  - SOUTH STP",CUSHING,001,50050,Effluent Gross,Q2,DAILY MX,2024-08-31,1.012,MGD,=,,,2024-09-10
OK0043320,GREENFIELD ENVIRONMENTAL MULTISTATE TRUST LLC-CUSHING,CUSHING,001,50050,Effluent Gross,Q1,MO AVG,2024-08-31,,,,C,No Discharge,2024-09-13
OK0043320,GREENFIELD ENVIRONMENTAL MULTISTATE TRUST LLC-CUSHING,CUSHING,001,50050,Effluent Gross,Q2,DAILY MX,2024-08-31,,,,C,No Discharge,2024-09-13
OK0043320,GREENFIELD ENVIRONMENTAL MULTISTATE TRUST LLC-CUSHING,CUSHING,007,50050,Effluent Gross,Q1,MO AVG,2024-08-31,,,,C,No Discharge,2024-09-13
OK0043320,GREENFIELD ENVIRONMENTAL MULTISTATE TRUST LLC-CUSHING,CUSHING,007,50050,Effluent Gross,Q2,DAILY MX,2024-08-31,,,,C,No Discharge,2024-09-13
OK0043320,GREENFIELD ENVIRONMENTAL MULTISTATE TRUST LLC-CUSHING,CUSHING,008,50050,Effluent Gross,Q1,MO AVG,2024-08-31,,,,C,No Discharge,2024-09-13
OK0043320,GREENFIELD ENVIRONMENTAL MULTISTATE TRUST LLC-CUSHING,CUSHING,008,50050,Effluent Gross,Q2,DAILY MX,2024-08-31,,,,C,No Discharge,2024-09-13
OK0044598,GREENFIELD ENVIRONMENTAL MULTISTATE TRUST LLC-SKULL CK,CUSHING,001,50050,Effluent Gross,Q1,MO AVG,2024-08-31,6000,gal/d,=,,,2024-09-13
OK0044598,GREENFIELD ENVIRONMENTAL MULTISTATE TRUST LLC-SKULL CK,CUSHING,001,50050,Effluent Gross,Q2,DAILY MX,2024-08-31,6000,gal/d,=,,,2024-09-13
OKG950028,"STEWART STONE, INC.-CUSHING",CUSHING,001,50050,Effluent Gross,Q1,MO AVG,2024-08-31,,,,C,No Discharge,2024-09-09
OKG950028,"STEWART STONE, INC.-CUSHING",CUSHING,001,50050,Effluent Gross,Q2,DAILY MX,2024-08-31,,,,C,No Discharge,2024-09-09
OK0026701,"CUSHING, CITY OF  - SOUTH STP",CUSHING,001,50050,Effluent Gross,Q1,MO AVG,2024-09-30,.721,MGD,=,,,2024-10-10
OK0026701,"CUSHING, CITY OF  - SOUTH STP",CUSHING,001,50050,Effluent Gross,Q2,DAILY MX,2024-09-30,.895,MGD,=,,,2024-10-10
OK0043320,GREENFIELD ENVIRONMENTAL MULTISTATE TRUST LLC-CUSHING,CUSHING,001,50050,Effluent Gross,Q1,MO AVG,2024-09-30,,,,C,No Discharge,2024-10-14
OK0043320,GREENFIELD ENVIRONMENTAL MULTISTATE TRUST LLC-CUSHING,CUSHING,001,50050,Effluent Gross,Q2,DAILY MX,2024-09-30,,,,C,No Discharge,2024-10-14
OK0043320,GREENFIELD ENVIRONMENTAL MULTISTATE TRUST LLC-CUSHING,CUSHING,007,50050,Effluent Gross,Q1,MO AVG,2024-09-30,,,,C,No Discharge,2024-10-14
OK0043320,GREENFIELD ENVIRONMENTAL MULTISTATE TRUST LLC-CUSHING,CUSHING,007,50050,Effluent Gross,Q2,DAILY MX,2024-09-30,,,,C,No Discharge,2024-10-14
OK0043320,GREENFIELD ENVIRONMENTAL MULTISTATE TRUST LLC-CUSHING,CUSHING,008,50050,Effluent Gross,Q1,MO AVG,2024-09-30,,,,C,No Discharge,2024-10-14
OK0043320,GREENFIELD ENVIRONMENTAL MULTISTATE TRUST LLC-CUSHING,CUSHING,008,50050,Effluent Gross,Q2,DAILY MX,2024-09-30,,,,C,No Discharge,2024-10-14
OK0044598,GREENFIELD ENVIRONMENTAL MULTISTATE TRUST LLC-SKULL CK,CUSHING,001,50050,Effluent Gross,Q1,MO AVG,2024-09-30,6000,gal/d,=,,,2024-10-14
OK0044598,GREENFIELD ENVIRONMENTAL MULTISTATE TRUST LLC-SKULL CK,CUSHING,001,50050,Effluent Gross,Q2,DAILY MX,2024-09-30,6000,gal/d,=,,,2024-10-14
OKG950028,"STEWART STONE, INC.-CUSHING",CUSHING,001,50050,Effluent Gross,Q1,MO AVG,2024-09-30,,,,C,No Discharge,2024-10-08
OKG950028,"STEWART STONE, INC.-CUSHING",CUSHING,001,50050,Effluent Gross,Q2,DAILY MX,2024-09-30,,,,C,No Discharge,2024-10-08
OK0026701,"CUSHING, CITY OF  - SOUTH STP",CUSHING,001,50050,Effluent Gross,Q1,MO AVG,2024-10-31,.658,MGD,=,,,2024-11-08
OK0026701,"CUSHING, CITY OF  - SOUTH STP",CUSHING,001,50050,Effluent Gross,Q2,DAILY MX,2024-10-31,.873,MGD,=,,,2024-11-08
OK0043320,GREENFIELD ENVIRONMENTAL MULTISTATE TRUST LLC-CUSHING,CUSHING,001,50050,Effluent Gross,Q1,MO AVG,2024-10-31,,,,C,No Discharge,2024-11-01
OK0043320,GREENFIELD ENVIRONMENTAL MULTISTATE TRUST LLC-CUSHING,CUSHING,001,50050,Effluent Gross,Q2,DAILY MX,2024-10-31,,,,C,No Discharge,2024-11-01
OK0043320,GREENFIELD ENVIRONMENTAL MULTISTATE TRUST LLC-CUSHING,CUSHING,007,50050,Effluent Gross,Q1,MO AVG,2024-10-31,,,,C,No Discharge,2024-11-01
OK0043320,GREENFIELD ENVIRONMENTAL MULTISTATE TRUST LLC-CUSHING,CUSHING,007,50050,Effluent Gross,Q2,DAILY MX,2024-10-31,,,,C,No Discharge,2024-11-01
OK0043320,GREENFIELD ENVIRONMENTAL MULTISTATE TRUST LLC-CUSHING,CUSHING,008,50050,Effluent Gross,Q1,MO AVG,2024-10-31,,,,C,No Discharge,2024-11-01
OK0043320,GREENFIELD ENVIRONMENTAL MULTISTATE TRUST LLC-CUSHING,CUSHING,008,50050,Effluent Gross,Q2,DAILY MX,2024-10-31,,,,C,No Discharge,2024-11-01
OK0044598,GREENFIELD ENVIRONMENTAL MULTISTATE TRUST LLC-SKULL CK,CUSHING,001,50050,Effluent Gross,Q1,MO AVG,2024-10-31,6000,gal/d,=,,,2024-11-01
OK0044598,GREENFIELD ENVIRONMENTAL MULTISTATE TRUST LLC-SKULL CK,CUSHING,001,50050,Effluent Gross,Q2,DAILY MX,2024-10-31,6000,gal/d,=,,,2024-11-01
OKG950028,"STEWART STONE, INC.-CUSHING",CUSHING,001,50050,Effluent Gross,Q1,MO AVG,2024-10-31,,,,C,No Discharge,2024-11-14
OKG950028,"STEWART STONE, INC.-CUSHING",CUSHING,001,50050,Effluent Gross,Q2,DAILY MX,2024-10-31,,,,C,No Discharge,2024-11-14
OK0026701,"CUSHING, CITY OF  - SOUTH STP",CUSHING,001,50050,Effluent Gross,Q1,MO AVG,2024-11-30,1.001,MGD,=,,,2024-12-10
OK0026701,"CUSHING, CITY OF  - SOUTH STP",CUSHING,001,50050,Effluent Gross,Q2,DAILY MX,2024-11-30,2.204,MGD,=,,,2024-12-10
OK0043320,GREENFIELD ENVIRONMENTAL MULTISTATE TRUST LLC-CUSHING,CUSHING,001,50050,Effluent Gross,Q1,MO AVG,2024-11-30,,,,C,No Discharge,2024-12-10
OK0043320,GREENFIELD ENVIRONMENTAL MULTISTATE TRUST LLC-CUSHING,CUSHING,001,50050,Effluent Gross,Q2,DAILY MX,2024-11-30,,,,C,No Discharge,2024-12-10
OK0043320,GREENFIELD ENVIRONMENTAL MULTISTATE TRUST LLC-CUSHING,CUSHING,007,50050,Effluent Gross,Q1,MO AVG,2024-11-30,.09,MGD,=,,,2024-12-10
OK0043320,GREENFIELD ENVIRONMENTAL MULTISTATE TRUST LLC-CUSHING,CUSHING,007,50050,Effluent Gross,Q2,DAILY MX,2024-11-30,.09,MGD,=,,,2024-12-10
OK0043320,GREENFIELD ENVIRONMENTAL MULTISTATE TRUST LLC-CUSHING,CUSHING,008,50050,Effluent Gross,Q1,MO AVG,2024-11-30,.09,MGD,=,,,2024-12-10
OK0043320,GREENFIELD ENVIRONMENTAL MULTISTATE TRUST LLC-CUSHING,CUSHING,008,50050,Effluent Gross,Q2,DAILY MX,2024-11-30,.09,MGD,=,,,2024-12-10
OK0044598,GREENFIELD ENVIRONMENTAL MULTISTATE TRUST LLC-SKULL CK,CUSHING,001,50050,Effluent Gross,Q1,MO AVG,2024-11-30,6000,gal/d,=,,,2024-12-12
OK0044598,GREENFIELD ENVIRONMENTAL MULTISTATE TRUST LLC-SKULL CK,CUSHING,001,50050,Effluent Gross,Q2,DAILY MX,2024-11-30,6000,gal/d,=,,,2024-12-12
OKG950028,"STEWART STONE, INC.-CUSHING",CUSHING,001,50050,Effluent Gross,Q1,MO AVG,2024-11-30,,,,C,No Discharge,2024-12-18
OKG950028,"STEWART STONE, INC.-CUSHING",CUSHING,001,50050,Effluent Gross,Q2,DAILY MX,2024-11-30,,,,C,No Discharge,2024-12-18
OK0026701,"CUSHING, CITY OF  - SOUTH STP",CUSHING,001,50050,Effluent Gross,Q1,MO AVG,2024-12-31,.7,MGD,=,,,2025-01-14
OK0026701,"CUSHING, CITY OF  - SOUTH STP",CUSHING,001,50050,Effluent Gross,Q2,DAILY MX,2024-12-31,.851,MGD,=,,,2025-01-14
OK0043320,GREENFIELD ENVIRONMENTAL MULTISTATE TRUST LLC-CUSHING,CUSHING,001,50050,Effluent Gross,Q1,MO AVG,2024-12-31,,,,C,No Discharge,2025-01-14
OK0043320,GREENFIELD ENVIRONMENTAL MULTISTATE TRUST LLC-CUSHING,CUSHING,001,50050,Effluent Gross,Q2,DAILY MX,2024-12-31,,,,C,No Discharge,2025-01-14
OK0043320,GREENFIELD ENVIRONMENTAL MULTISTATE TRUST LLC-CUSHING,CUSHING,007,50050,Effluent Gross,Q1,MO AVG,2024-12-31,,,,C,No Discharge,2025-01-14
OK0043320,GREENFIELD ENVIRONMENTAL MULTISTATE TRUST LLC-CUSHING,CUSHING,007,50050,Effluent Gross,Q2,DAILY MX,2024-12-31,,,,C,No Discharge,2025-01-14
OK0043320,GREENFIELD ENVIRONMENTAL MULTISTATE TRUST LLC-CUSHING,CUSHING,008,50050,Effluent Gross,Q1,MO AVG,2024-12-31,,,,C,No Discharge,2025-01-14
OK0043320,GREENFIELD ENVIRONMENTAL MULTISTATE TRUST LLC-CUSHING,CUSHING,008,50050,Effluent Gross,Q2,DAILY MX,2024-12-31,,,,C,No Discharge,2025-01-14
OK0044598,GREENFIELD ENVIRONMENTAL MULTISTATE TRUST LLC-SKULL CK,CUSHING,001,50050,Effluent Gross,Q1,MO AVG,2024-12-31,6000,gal/d,=,,,2025-01-14
OK0044598,GREENFIELD ENVIRONMENTAL MULTISTATE TRUST LLC-SKULL CK,CUSHING,001,50050,Effluent Gross,Q2,DAILY MX,2024-12-31,6000,gal/d,=,,,2025-01-14
OKG950028,"STEWART STONE, INC.-CUSHING",CUSHING,001,50050,Effluent Gross,Q1,MO AVG,2024-12-31,,,,C,No Discharge,2025-01-17
OKG950028,"STEWART STONE, INC.-CUSHING",CUSHING,001,50050,Effluent Gross,Q2,DAILY MX,2024-12-31,,,,C,No Discharge,2025-01-17
OK0026701,"CUSHING, CITY OF  - SOUTH STP",CUSHING,001,50050,Effluent Gross,Q1,MO AVG,2025-01-31,.713,MGD,=,,,2025-02-07
OK0026701,"CUSHING, CITY OF  - SOUTH STP",CUSHING,001,50050,Effluent Gross,Q2,DAILY MX,2025-01-31,.941,MGD,=,,,2025-02-07
OK0043320,GREENFIELD ENVIRONMENTAL MULTISTATE TRUST LLC-CUSHING,CUSHING,001,50050,Effluent Gross,Q1,MO AVG,2025-01-31,,,,C,No Discharge,2025-02-07
OK0043320,GREENFIELD ENVIRONMENTAL MULTISTATE TRUST LLC-CUSHING,CUSHING,001,50050,Effluent Gross,Q2,DAILY MX,2025-01-31,,,,C,No Discharge,2025-02-07
OK0043320,GREENFIELD ENVIRONMENTAL MULTISTATE TRUST LLC-CUSHING,CUSHING,007,50050,Effluent Gross,Q1,MO AVG,2025-01-31,,,,C,No Discharge,2025-02-07
OK0043320,GREENFIELD ENVIRONMENTAL MULTISTATE TRUST LLC-CUSHING,CUSHING,007,50050,Effluent Gross,Q2,DAILY MX,2025-01-31,,,,C,No Discharge,2025-02-07
OK0043320,GREENFIELD ENVIRONMENTAL MULTISTATE TRUST LLC-CUSHING,CUSHING,008,50050,Effluent Gross,Q1,MO AVG,2025-01-31,,,,C,No Discharge,2025-02-07
OK0043320,GREENFIELD ENVIRONMENTAL MULTISTATE TRUST LLC-CUSHING,CUSHING,008,50050,Effluent Gross,Q2,DAILY MX,2025-01-31,,,,C,No Discharge,2025-02-07
OK0044598,GREENFIELD ENVIRONMENTAL MULTISTATE TRUST LLC-SKULL CK,CUSHING,001,50050,Effluent Gross,Q1,MO AVG,2025-01-31,6000,gal/d,=,,,2025-02-07
OK0044598,GREENFIELD ENVIRONMENTAL MULTISTATE TRUST LLC-SKULL CK,CUSHING,001,50050,Effluent Gross,Q2,DAILY MX,2025-01-31,6000,gal/d,=,,,2025-02-07
OKG950028,"STEWART STONE, INC.-CUSHING",CUSHING,001,50050,Effluent Gross,Q1,MO AVG,2025-01-31,,,,C,No Discharge,2025-02-13
OKG950028,"STEWART STONE, INC.-CUSHING",CUSHING,001,50050,Effluent Gross,Q2,DAILY MX,2025-01-31,,,,C,No Discharge,2025-02-13
OK0026701,"CUSHING, CITY OF  - SOUTH STP",CUSHING,001,50050,Effluent Gross,Q1,MO AVG,2025-02-28,.795,MGD,=,,,2025-03-10
OK0026701,"CUSHING, CITY OF  - SOUTH STP",CUSHING,001,50050,Effluent Gross,Q2,DAILY MX,2025-02-28,.931,MGD,=,,,2025-03-10
OK0043320,GREENFIELD ENVIRONMENTAL MULTISTATE TRUST LLC-CUSHING,CUSHING,001,50050,Effluent Gross,Q1,MO AVG,2025-02-28,,,,C,No Discharge,2025-03-14
OK0043320,GREENFIELD ENVIRONMENTAL MULTISTATE TRUST LLC-CUSHING,CUSHING,001,50050,Effluent Gross,Q2,DAILY MX,2025-02-28,,,,C,No Discharge,2025-03-14
OK0043320,GREENFIELD ENVIRONMENTAL MULTISTATE TRUST LLC-CUSHING,CUSHING,007,50050,Effluent Gross,Q1,MO AVG,2025-02-28,,,,C,No Discharge,2025-03-14
OK0043320,GREENFIELD ENVIRONMENTAL MULTISTATE TRUST LLC-CUSHING,CUSHING,007,50050,Effluent Gross,Q2,DAILY MX,2025-02-28,,,,C,No Discharge,2025-03-14
OK0043320,GREENFIELD ENVIRONMENTAL MULTISTATE TRUST LLC-CUSHING,CUSHING,008,50050,Effluent Gross,Q1,MO AVG,2025-02-28,,,,C,No Discharge,2025-03-14
OK0043320,GREENFIELD ENVIRONMENTAL MULTISTATE TRUST LLC-CUSHING,CUSHING,008,50050,Effluent Gross,Q2,DAILY MX,2025-02-28,,,,C,No Discharge,2025-03-14
OK0044598,GREENFIELD ENVIRONMENTAL MULTISTATE TRUST LLC-SKULL CK,CUSHING,001,50050,Effluent Gross,Q1,MO AVG,2025-02-28,6000,gal/d,=,,,2025-03-14
OK0044598,GREENFIELD ENVIRONMENTAL MULTISTATE TRUST LLC-SKULL CK,CUSHING,001,50050,Effluent Gross,Q2,DAILY MX,2025-02-28,6000,gal/d,=,,,2025-03-14
OKG950028,"STEWART STONE, INC.-CUSHING",CUSHING,001,50050,Effluent Gross,Q1,MO AVG,2025-02-28,,,,C,No Discharge,2025-03-18
OKG950028,"STEWART STONE, INC.-CUSHING",CUSHING,001,50050,Effluent Gross,Q2,DAILY MX,2025-02-28,,,,C,No Discharge,2025-03-18
OK0026701,"CUSHING, CITY OF  - SOUTH STP",CUSHING,001,50050,Effluent Gross,Q1,MO AVG,2025-03-31,.799,MGD,=,,,2025-04-07
OK0026701,"CUSHING, CITY OF  - SOUTH STP",CUSHING,001,50050,Effluent Gross,Q2,DAILY MX,2025-03-31,.917,MGD,=,,,2025-04-07
OK0043320,GREENFIELD ENVIRONMENTAL MULTISTATE TRUST LLC-CUSHING,CUSHING,001,50050,Effluent Gross,Q1,MO AVG,2025-03-31,,,,C,No Discharge,2025-04-15
OK0043320,GREENFIELD ENVIRONMENTAL MULTISTATE TRUST LLC-CUSHING,CUSHING,001,50050,Effluent Gross,Q2,DAILY MX,2025-03-31,,,,C,No Discharge,2025-04-15
OK0043320,GREENFIELD ENVIRONMENTAL MULTISTATE TRUST LLC-CUSHING,CUSHING,007,50050,Effluent Gross,Q1,MO AVG,2025-03-31,.09,MGD,=,,,2025-04-15
OK0043320,GREENFIELD ENVIRONMENTAL MULTISTATE TRUST LLC-CUSHING,CUSHING,007,50050,Effluent Gross,Q2,DAILY MX,2025-03-31,.09,MGD,=,,,2025-04-15
OK0043320,GREENFIELD ENVIRONMENTAL MULTISTATE TRUST LLC-CUSHING,CUSHING,008,50050,Effluent Gross,Q1,MO AVG,2025-03-31,.09,MGD,=,,,2025-04-15
OK0043320,GREENFIELD ENVIRONMENTAL MULTISTATE TRUST LLC-CUSHING,CUSHING,008,50050,Effluent Gross,Q2,DAILY MX,2025-03-31,.09,MGD,=,,,2025-04-15
OK0044598,GREENFIELD ENVIRONMENTAL MULTISTATE TRUST LLC-SKULL CK,CUSHING,001,50050,Effluent Gross,Q1,MO AVG,2025-03-31,6000,gal/d,=,,,2025-04-15
OK0044598,GREENFIELD ENVIRONMENTAL MULTISTATE TRUST LLC-SKULL CK,CUSHING,001,50050,Effluent Gross,Q2,DAILY MX,2025-03-31,6000,gal/d,=,,,2025-04-15
OKG950028,"STEWART STONE, INC.-CUSHING",CUSHING,001,50050,Effluent Gross,Q1,MO AVG,2025-03-31,,,,C,No Discharge,2025-04-10
OKG950028,"STEWART STONE, INC.-CUSHING",CUSHING,001,50050,Effluent Gross,Q2,DAILY MX,2025-03-31,,,,C,No Discharge,2025-04-10
OK0026701,"CUSHING, CITY OF  - SOUTH STP",CUSHING,001,50050,Effluent Gross,Q1,MO AVG,2025-04-30,1.354,MGD,=,,,2025-05-08
OK0026701,"CUSHING, CITY OF  - SOUTH STP",CUSHING,001,50050,Effluent Gross,Q2,DAILY MX,2025-04-30,3.104,MGD,=,,,2025-05-08
OK0043320,GREENFIELD ENVIRONMENTAL MULTISTATE TRUST LLC-CUSHING,CUSHING,001,50050,Effluent Gross,Q1,MO AVG,2025-04-30,,,,C,No Discharge,2025-05-13
OK0043320,GREENFIELD ENVIRONMENTAL MULTISTATE TRUST LLC-CUSHING,CUSHING,001,50050,Effluent Gross,Q2,DAILY MX,2025-04-30,,,,C,No Discharge,2025-05-13
OK0043320,GREENFIELD ENVIRONMENTAL MULTISTATE TRUST LLC-CUSHING,CUSHING,007,50050,Effluent Gross,Q1,MO AVG,2025-04-30,,,,C,No Discharge,2025-05-13
OK0043320,GREENFIELD ENVIRONMENTAL MULTISTATE TRUST LLC-CUSHING,CUSHING,007,50050,Effluent Gross,Q2,DAILY MX,2025-04-30,,,,C,No Discharge,2025-05-13
OK0043320,GREENFIELD ENVIRONMENTAL MULTISTATE TRUST LLC-CUSHING,CUSHING,008,50050,Effluent Gross,Q1,MO AVG,2025-04-30,,,,C,No Discharge,2025-05-13
OK0043320,GREENFIELD ENVIRONMENTAL MULTISTATE TRUST LLC-CUSHING,CUSHING,008,50050,Effluent Gross,Q2,DAILY MX,2025-04-30,,,,C,No Discharge,2025-05-13
OK0044598,GREENFIELD ENVIRONMENTAL MULTISTATE TRUST LLC-SKULL CK,CUSHING,001,50050,Effluent Gross,Q1,MO AVG,2025-04-30,6000,gal/d,=,,,2025-05-13
OK0044598,GREENFIELD ENVIRONMENTAL MULTISTATE TRUST LLC-SKULL CK,CUSHING,001,50050,Effluent Gross,Q2,DAILY MX,2025-04-30,6000,gal/d,=,,,2025-05-13
OKG950028,"STEWART STONE, INC.-CUSHING",CUSHING,001,50050,Effluent Gross,Q1,MO AVG,2025-04-30,,,,C,No Discharge,2025-05-07
OKG950028,"STEWART STONE, INC.-CUSHING",CUSHING,001,50050,Effluent Gross,Q2,DAILY MX,2025-04-30,,,,C,No Discharge,2025-05-07
OK0026701,"CUSHING, CITY OF  - SOUTH STP",CUSHING,001,50050,Effluent Gross,Q1,MO AVG,2025-05-31,1.711,MGD,=,,,2025-06-06
OK0026701,"CUSHING, CITY OF  - SOUTH STP",CUSHING,001,50050,Effluent Gross,Q2,DAILY MX,2025-05-31,2.866,MGD,=,,,2025-06-06
OK0043320,GREENFIELD ENVIRONMENTAL MULTISTATE TRUST LLC-CUSHING,CUSHING,001,50050,Effluent Gross,Q1,MO AVG,2025-05-31,,,,C,No Discharge,2025-06-13
OK0043320,GREENFIELD ENVIRONMENTAL MULTISTATE TRUST LLC-CUSHING,CUSHING,001,50050,Effluent Gross,Q2,DAILY MX,2025-05-31,,,,C,No Discharge,2025-06-13
OK0043320,GREENFIELD ENVIRONMENTAL MULTISTATE TRUST LLC-CUSHING,CUSHING,007,50050,Effluent Gross,Q1,MO AVG,2025-05-31,.09,MGD,=,,,2025-06-13
OK0043320,GREENFIELD ENVIRONMENTAL MULTISTATE TRUST LLC-CUSHING,CUSHING,007,50050,Effluent Gross,Q2,DAILY MX,2025-05-31,.09,MGD,=,,,2025-06-13
OK0043320,GREENFIELD ENVIRONMENTAL MULTISTATE TRUST LLC-CUSHING,CUSHING,008,50050,Effluent Gross,Q1,MO AVG,2025-05-31,.09,MGD,=,,,2025-06-13
OK0043320,GREENFIELD ENVIRONMENTAL MULTISTATE TRUST LLC-CUSHING,CUSHING,008,50050,Effluent Gross,Q2,DAILY MX,2025-05-31,.09,MGD,=,,,2025-06-13
OK0044598,GREENFIELD ENVIRONMENTAL MULTISTATE TRUST LLC-SKULL CK,CUSHING,001,50050,Effluent Gross,Q1,MO AVG,2025-05-31,6000,gal/d,=,,,2025-06-13
OK0044598,GREENFIELD ENVIRONMENTAL MULTISTATE TRUST LLC-SKULL CK,CUSHING,001,50050,Effluent Gross,Q2,DAILY MX,2025-05-31,6000,gal/d,=,,,2025-06-13
OKG950028,"STEWART STONE, INC.-CUSHING",CUSHING,001,50050,Effluent Gross,Q1,MO AVG,2025-05-31,.013,MGD,=,,,2025-06-05
OKG950028,"STEWART STONE, INC.-CUSHING",CUSHING,001,50050,Effluent Gross,Q2,DAILY MX,2025-05-31,.086,MGD,=,,,2025-06-05
OK0026701,"CUSHING, CITY OF  - SOUTH STP",CUSHING,001,50050,Effluent Gross,Q1,MO AVG,2025-06-30,1.873,MGD,=,,,2025-07-08
OK0026701,"CUSHING, CITY OF  - SOUTH STP",CUSHING,001,50050,Effluent Gross,Q2,DAILY MX,2025-06-30,3.428,MGD,=,,,2025-07-08
OK0043320,GREENFIELD ENVIRONMENTAL MULTISTATE TRUST LLC-CUSHING,CUSHING,001,50050,Effluent Gross,Q1,MO AVG,2025-06-30,,,,C,No Discharge,2025-07-11
OK0043320,GREENFIELD ENVIRONMENTAL MULTISTATE TRUST LLC-CUSHING,CUSHING,001,50050,Effluent Gross,Q2,DAILY MX,2025-06-30,,,,C,No Discharge,2025-07-11
OK0043320,GREENFIELD ENVIRONMENTAL MULTISTATE TRUST LLC-CUSHING,CUSHING,007,50050,Effluent Gross,Q1,MO AVG,2025-06-30,.09,MGD,=,,,2025-07-11
OK0043320,GREENFIELD ENVIRONMENTAL MULTISTATE TRUST LLC-CUSHING,CUSHING,007,50050,Effluent Gross,Q2,DAILY MX,2025-06-30,.09,MGD,=,,,2025-07-11
OK0043320,GREENFIELD ENVIRONMENTAL MULTISTATE TRUST LLC-CUSHING,CUSHING,008,50050,Effluent Gross,Q1,MO AVG,2025-06-30,.09,MGD,=,,,2025-07-11
OK0043320,GREENFIELD ENVIRONMENTAL MULTISTATE TRUST LLC-CUSHING,CUSHING,008,50050,Effluent Gross,Q2,DAILY MX,2025-06-30,.09,MGD,=,,,2025-07-11
OK0044598,GREENFIELD ENVIRONMENTAL MULTISTATE TRUST LLC-SKULL CK,CUSHING,001,50050,Effluent Gross,Q1,MO AVG,2025-06-30,6000,gal/d,=,,,2025-07-11
OK0044598,GREENFIELD ENVIRONMENTAL MULTISTATE TRUST LLC-SKULL CK,CUSHING,001,50050,Effluent Gross,Q2,DAILY MX,2025-06-30,6000,gal/d,=,,,2025-07-11
OKG950028,"STEWART STONE, INC.-CUSHING",CUSHING,001,50050,Effluent Gross,Q1,MO AVG,2025-06-30,.04,MGD,=,,,2025-07-09
OKG950028,"STEWART STONE, INC.-CUSHING",CUSHING,001,50050,Effluent Gross,Q2,DAILY MX,2025-06-30,.058,MGD,=,,,2025-07-09
OK0026701,"CUSHING, CITY OF  - SOUTH STP",CUSHING,001,50050,Effluent Gross,Q1,MO AVG,2025-07-31,1.069,MGD,=,,,2025-08-06
OK0026701,"CUSHING, CITY OF  - SOUTH STP",CUSHING,001,50050,Effluent Gross,Q2,DAILY MX,2025-07-31,1.34,MGD,=,,,2025-08-06
OK0043320,GREENFIELD ENVIRONMENTAL MULTISTATE TRUST LLC-CUSHING,CUSHING,001,50050,Effluent Gross,Q1,MO AVG,2025-07-31,,,,C,No Discharge,2025-08-08
OK0043320,GREENFIELD ENVIRONMENTAL MULTISTATE TRUST LLC-CUSHING,CUSHING,001,50050,Effluent Gross,Q2,DAILY MX,2025-07-31,,,,C,No Discharge,2025-08-08
OK0043320,GREENFIELD ENVIRONMENTAL MULTISTATE TRUST LLC-CUSHING,CUSHING,007,50050,Effluent Gross,Q1,MO AVG,2025-07-31,.09,MGD,=,,,2025-08-08
OK0043320,GREENFIELD ENVIRONMENTAL MULTISTATE TRUST LLC-CUSHING,CUSHING,007,50050,Effluent Gross,Q2,DAILY MX,2025-07-31,.09,MGD,=,,,2025-08-08
OK0043320,GREENFIELD ENVIRONMENTAL MULTISTATE TRUST LLC-CUSHING,CUSHING,008,50050,Effluent Gross,Q1,MO AVG,2025-07-31,.09,MGD,=,,,2025-08-08
OK0043320,GREENFIELD ENVIRONMENTAL MULTISTATE TRUST LLC-CUSHING,CUSHING,008,50050,Effluent Gross,Q2,DAILY MX,2025-07-31,.09,MGD,=,,,2025-08-08
OK0044598,GREENFIELD ENVIRONMENTAL MULTISTATE TRUST LLC-SKULL CK,CUSHING,001,50050,Effluent Gross,Q1,MO AVG,2025-07-31,6000,gal/d,=,,,2025-08-08
OK0044598,GREENFIELD ENVIRONMENTAL MULTISTATE TRUST LLC-SKULL CK,CUSHING,001,50050,Effluent Gross,Q2,DAILY MX,2025-07-31,6000,gal/d,=,,,2025-08-08
OKG950028,"STEWART STONE, INC.-CUSHING",CUSHING,001,50050,Effluent Gross,Q1,MO AVG,2025-07-31,,,,C,No Discharge,2025-08-14
OKG950028,"STEWART STONE, INC.-CUSHING",CUSHING,001,50050,Effluent Gross,Q2,DAILY MX,2025-07-31,,,,C,No Discharge,2025-08-14
OK0026701,"CUSHING, CITY OF  - SOUTH STP",CUSHING,001,50050,Effluent Gross,Q1,MO AVG,2025-08-31,1.043,MGD,=,,,2025-09-23
OK0026701,"CUSHING, CITY OF  - SOUTH STP",CUSHING,001,50050,Effluent Gross,Q2,DAILY MX,2025-08-31,1.72,MGD,=,,,2025-09-23
OK0043320,GREENFIELD ENVIRONMENTAL MULTISTATE TRUST LLC-CUSHING,CUSHING,001,50050,Effluent Gross,Q1,MO AVG,2025-08-31,,,,C,No Discharge,2025-09-11
OK0043320,GREENFIELD ENVIRONMENTAL MULTISTATE TRUST LLC-CUSHING,CUSHING,001,50050,Effluent Gross,Q2,DAILY MX,2025-08-31,,,,C,No Discharge,2025-09-11
OK0043320,GREENFIELD ENVIRONMENTAL MULTISTATE TRUST LLC-CUSHING,CUSHING,007,50050,Effluent Gross,Q1,MO AVG,2025-08-31,,,,C,No Discharge,2025-09-11
OK0043320,GREENFIELD ENVIRONMENTAL MULTISTATE TRUST LLC-CUSHING,CUSHING,007,50050,Effluent Gross,Q2,DAILY MX,2025-08-31,,,,C,No Discharge,2025-09-11
OK0043320,GREENFIELD ENVIRONMENTAL MULTISTATE TRUST LLC-CUSHING,CUSHING,008,50050,Effluent Gross,Q1,MO AVG,2025-08-31,,,,C,No Discharge,2025-09-11
OK0043320,GREENFIELD ENVIRONMENTAL MULTISTATE TRUST LLC-CUSHING,CUSHING,008,50050,Effluent Gross,Q2,DAILY MX,2025-08-31,,,,C,No Discharge,2025-09-11
OK0044598,GREENFIELD ENVIRONMENTAL MULTISTATE TRUST LLC-SKULL CK,CUSHING,001,50050,Effluent Gross,Q1,MO AVG,2025-08-31,6000,gal/d,=,,,2025-09-11
OK0044598,GREENFIELD ENVIRONMENTAL MULTISTATE TRUST LLC-SKULL CK,CUSHING,001,50050,Effluent Gross,Q2,DAILY MX,2025-08-31,6000,gal/d,=,,,2025-09-11
OKG950028,"STEWART STONE, INC.-CUSHING",CUSHING,001,50050,Effluent Gross,Q1,MO AVG,2025-08-31,,,,C,No Discharge,2025-09-09
OKG950028,"STEWART STONE, INC.-CUSHING",CUSHING,001,50050,Effluent Gross,Q2,DAILY MX,2025-08-31,,,,C,No Discharge,2025-09-09
OK0026701,"CUSHING, CITY OF  - SOUTH STP",CUSHING,001,50050,Effluent Gross,Q1,MO AVG,2025-09-30,.819,MGD,=,,,2025-10-06
OK0026701,"CUSHING, CITY OF  - SOUTH STP",CUSHING,001,50050,Effluent Gross,Q2,DAILY MX,2025-09-30,.883,MGD,=,,,2025-10-06
OK0043320,GREENFIELD ENVIRONMENTAL MULTISTATE TRUST LLC-CUSHING,CUSHING,001,50050,Effluent Gross,Q1,MO AVG,2025-09-30,,,,C,No Discharge,2025-10-10
OK0043320,GREENFIELD ENVIRONMENTAL MULTISTATE TRUST LLC-CUSHING,CUSHING,001,50050,Effluent Gross,Q2,DAILY MX,2025-09-30,,,,C,No Discharge,2025-10-10
OK0043320,GREENFIELD ENVIRONMENTAL MULTISTATE TRUST LLC-CUSHING,CUSHING,007,50050,Effluent Gross,Q1,MO AVG,2025-09-30,,,,C,No Discharge,2025-10-10
OK0043320,GREENFIELD ENVIRONMENTAL MULTISTATE TRUST LLC-CUSHING,CUSHING,007,50050,Effluent Gross,Q2,DAILY MX,2025-09-30,,,,C,No Discharge,2025-10-10
OK0043320,GREENFIELD ENVIRONMENTAL MULTISTATE TRUST LLC-CUSHING,CUSHING,008,50050,Effluent Gross,Q1,MO AVG,2025-09-30,,,,C,No Discharge,2025-10-10
OK0043320,GREENFIELD ENVIRONMENTAL MULTISTATE TRUST LLC-CUSHING,CUSHING,008,50050,Effluent Gross,Q2,DAILY MX,2025-09-30,,,,C,No Discharge,2025-10-10
OK0044598,GREENFIELD ENVIRONMENTAL MULTISTATE TRUST LLC-SKULL CK,CUSHING,001,50050,Effluent Gross,Q1,MO AVG,2025-09-30,6000,gal/d,=,,,2025-10-10
OK0044598,GREENFIELD ENVIRONMENTAL MULTISTATE TRUST LLC-SKULL CK,CUSHING,001,50050,Effluent Gross,Q2,DAILY MX,2025-09-30,6000,gal/d,=,,,2025-10-10
OKG950028,"STEWART STONE, INC.-CUSHING",CUSHING,001,50050,Effluent Gross,Q1,MO AVG,2025-09-30,,,,C,No Discharge,2025-10-08
OKG950028,"STEWART STONE, INC.-CUSHING",CUSHING,001,50050,Effluent Gross,Q2,DAILY MX,2025-09-30,,,,C,No Discharge,2025-10-08
OK0026701,"CUSHING, CITY OF  - SOUTH STP",CUSHING,001,50050,Effluent Gross,Q1,MO AVG,2025-10-31,.902,MGD,=,,,2025-11-06
OK0026701,"CUSHING, CITY OF  - SOUTH STP",CUSHING,001,50050,Effluent Gross,Q2,DAILY MX,2025-10-31,1.943,MGD,=,,,2025-11-06
OK0043320,GREENFIELD ENVIRONMENTAL MULTISTATE TRUST LLC-CUSHING,CUSHING,001,50050,Effluent Gross,Q1,MO AVG,2025-10-31,,,,C,No Discharge,2025-11-12
OK0043320,GREENFIELD ENVIRONMENTAL MULTISTATE TRUST LLC-CUSHING,CUSHING,001,50050,Effluent Gross,Q2,DAILY MX,2025-10-31,,,,C,No Discharge,2025-11-12
OK0043320,GREENFIELD ENVIRONMENTAL MULTISTATE TRUST LLC-CUSHING,CUSHING,007,50050,Effluent Gross,Q1,MO AVG,2025-10-31,.09,MGD,=,,,2025-11-12
OK0043320,GREENFIELD ENVIRONMENTAL MULTISTATE TRUST LLC-CUSHING,CUSHING,007,50050,Effluent Gross,Q2,DAILY MX,2025-10-31,.09,MGD,=,,,2025-11-12
OK0043320,GREENFIELD ENVIRONMENTAL MULTISTATE TRUST LLC-CUSHING,CUSHING,008,50050,Effluent Gross,Q1,MO AVG,2025-10-31,.09,MGD,=,,,2025-11-12
OK0043320,GREENFIELD ENVIRONMENTAL MULTISTATE TRUST LLC-CUSHING,CUSHING,008,50050,Effluent Gross,Q2,DAILY MX,2025-10-31,.09,MGD,=,,,2025-11-12
OK0044598,GREENFIELD ENVIRONMENTAL MULTISTATE TRUST LLC-SKULL CK,CUSHING,001,50050,Effluent Gross,Q1,MO AVG,2025-10-31,886,gal/d,=,,,2025-11-12
OK0044598,GREENFIELD ENVIRONMENTAL MULTISTATE TRUST LLC-SKULL CK,CUSHING,001,50050,Effluent Gross,Q2,DAILY MX,2025-10-31,1630,gal/d,=,,,2025-11-12
OKG950028,"STEWART STONE, INC.-CUSHING",CUSHING,001,50050,Effluent Gross,Q1,MO AVG,2025-10-31,,,,C,No Discharge,2025-11-06
OKG950028,"STEWART STONE, INC.-CUSHING",CUSHING,001,50050,Effluent Gross,Q2,DAILY MX,2025-10-31,,,,C,No Discharge,2025-11-06
OK0026701,"CUSHING, CITY OF  - SOUTH STP",CUSHING,001,50050,Effluent Gross,Q1,MO AVG,2025-11-30,.821,MGD,=,,,2025-12-05
OK0026701,"CUSHING, CITY OF  - SOUTH STP",CUSHING,001,50050,Effluent Gross,Q2,DAILY MX,2025-11-30,1.057,MGD,=,,,2025-12-05
OK0043320,GREENFIELD ENVIRONMENTAL MULTISTATE TRUST LLC-CUSHING,CUSHING,001,50050,Effluent Gross,Q1,MO AVG,2025-11-30,,,,C,No Discharge,2025-12-10
OK0043320,GREENFIELD ENVIRONMENTAL MULTISTATE TRUST LLC-CUSHING,CUSHING,001,50050,Effluent Gross,Q2,DAILY MX,2025-11-30,,,,C,No Discharge,2025-12-10
OK0043320,GREENFIELD ENVIRONMENTAL MULTISTATE TRUST LLC-CUSHING,CUSHING,007,50050,Effluent Gross,Q1,MO AVG,2025-11-30,,,,C,No Discharge,2025-12-10
OK0043320,GREENFIELD ENVIRONMENTAL MULTISTATE TRUST LLC-CUSHING,CUSHING,007,50050,Effluent Gross,Q2,DAILY MX,2025-11-30,,,,C,No Discharge,2025-12-10
OK0043320,GREENFIELD ENVIRONMENTAL MULTISTATE TRUST LLC-CUSHING,CUSHING,008,50050,Effluent Gross,Q1,MO AVG,2025-11-30,,,,C,No Discharge,2025-12-10
OK0043320,GREENFIELD ENVIRONMENTAL MULTISTATE TRUST LLC-CUSHING,CUSHING,008,50050,Effluent Gross,Q2,DAILY MX,2025-11-30,,,,C,No Discharge,2025-12-10
OK0044598,GREENFIELD ENVIRONMENTAL MULTISTATE TRUST LLC-SKULL CK,CUSHING,001,50050,Effluent Gross,Q1,MO AVG,2025-11-30,6000,gal/d,=,,,2025-12-10
OK0044598,GREENFIELD ENVIRONMENTAL MULTISTATE TRUST LLC-SKULL CK,CUSHING,001,50050,Effluent Gross,Q2,DAILY MX,2025-11-30,13900,gal/d,=,,,2025-12-10
OKG950028,"STEWART STONE, INC.-CUSHING",CUSHING,001,50050,Effluent Gross,Q1,MO AVG,2025-11-30,,,,C,No Discharge,2025-12-09
OKG950028,"STEWART STONE, INC.-CUSHING",CUSHING,001,50050,Effluent Gross,Q2,DAILY MX,2025-11-30,,,,C,No Discharge,2025-12-09
OK0026701,"CUSHING, CITY OF  - SOUTH STP",CUSHING,001,50050,Effluent Gross,Q1,MO AVG,2025-12-31,.802,MGD,=,,,2026-01-08
OK0026701,"CUSHING, CITY OF  - SOUTH STP",CUSHING,001,50050,Effluent Gross,Q2,DAILY MX,2025-12-31,.912,MGD,=,,,2026-01-08
OK0043320,GREENFIELD ENVIRONMENTAL MULTISTATE TRUST LLC-CUSHING,CUSHING,001,50050,Effluent Gross,Q1,MO AVG,2025-12-31,,,,C,No Discharge,2026-01-14
OK0043320,GREENFIELD ENVIRONMENTAL MULTISTATE TRUST LLC-CUSHING,CUSHING,001,50050,Effluent Gross,Q2,DAILY MX,2025-12-31,,,,C,No Discharge,2026-01-14
OK0043320,GREENFIELD ENVIRONMENTAL MULTISTATE TRUST LLC-CUSHING,CUSHING,007,50050,Effluent Gross,Q1,MO AVG,2025-12-31,.09,MGD,=,,,2026-01-14
OK0043320,GREENFIELD ENVIRONMENTAL MULTISTATE TRUST LLC-CUSHING,CUSHING,007,50050,Effluent Gross,Q2,DAILY MX,2025-12-31,.09,MGD,=,,,2026-01-14
OK0043320,GREENFIELD ENVIRONMENTAL MULTISTATE TRUST LLC-CUSHING,CUSHING,008,50050,Effluent Gross,Q1,MO AVG,2025-12-31,.09,MGD,=,,,2026-01-14
OK0043320,GREENFIELD ENVIRONMENTAL MULTISTATE TRUST LLC-CUSHING,CUSHING,008,50050,Effluent Gross,Q2,DAILY MX,2025-12-31,.09,MGD,=,,,2026-01-14
OK0044598,GREENFIELD ENVIRONMENTAL MULTISTATE TRUST LLC-SKULL CK,CUSHING,001,50050,Effluent Gross,Q1,MO AVG,2025-12-31,6300,gal/d,=,,,2026-01-14
OK0044598,GREENFIELD ENVIRONMENTAL MULTISTATE TRUST LLC-SKULL CK,CUSHING,001,50050,Effluent Gross,Q2,DAILY MX,2025-12-31,11000,gal/d,=,,,2026-01-14
OKG950028,"STEWART STONE, INC.-CUSHING",CUSHING,001,50050,Effluent Gross,Q1,MO AVG,2025-12-31,,,,C,No Discharge,2026-01-14
OKG950028,"STEWART STONE, INC.-CUSHING",CUSHING,001,50050,Effluent Gross,Q2,DAILY MX,2025-12-31,,,,C,No Discharge,2026-01-14
OK0026701,"CUSHING, CITY OF  - SOUTH STP",CUSHING,001,50050,Effluent Gross,Q1,MO AVG,2026-01-31,.837,MGD,=,,,2026-02-04
OK0026701,"CUSHING, CITY OF  - SOUTH STP",CUSHING,001,50050,Effluent Gross,Q2,DAILY MX,2026-01-31,1.083,MGD,=,,,2026-02-04
OK0043320,GREENFIELD ENVIRONMENTAL MULTISTATE TRUST LLC-CUSHING,CUSHING,001,50050,Effluent Gross,Q1,MO AVG,2026-01-31,,,,C,No Discharge,2026-02-10
OK0043320,GREENFIELD ENVIRONMENTAL MULTISTATE TRUST LLC-CUSHING,CUSHING,001,50050,Effluent Gross,Q2,DAILY MX,2026-01-31,,,,C,No Discharge,2026-02-10
OK0043320,GREENFIELD ENVIRONMENTAL MULTISTATE TRUST LLC-CUSHING,CUSHING,007,50050,Effluent Gross,Q1,MO AVG,2026-01-31,,,,C,No Discharge,2026-02-10
OK0043320,GREENFIELD ENVIRONMENTAL MULTISTATE TRUST LLC-CUSHING,CUSHING,007,50050,Effluent Gross,Q2,DAILY MX,2026-01-31,,,,C,No Discharge,2026-02-10
OK0043320,GREENFIELD ENVIRONMENTAL MULTISTATE TRUST LLC-CUSHING,CUSHING,008,50050,Effluent Gross,Q1,MO AVG,2026-01-31,,,,C,No Discharge,2026-02-10
OK0043320,GREENFIELD ENVIRONMENTAL MULTISTATE TRUST LLC-CUSHING,CUSHING,008,50050,Effluent Gross,Q2,DAILY MX,2026-01-31,,,,C,No Discharge,2026-02-10
OK0044598,GREENFIELD ENVIRONMENTAL MULTISTATE TRUST LLC-SKULL CK,CUSHING,001,50050,Effluent Gross,Q1,MO AVG,2026-01-31,5300,gal/d,=,,,2026-02-10
OK0044598,GREENFIELD ENVIRONMENTAL MULTISTATE TRUST LLC-SKULL CK,CUSHING,001,50050,Effluent Gross,Q2,DAILY MX,2026-01-31,11000,gal/d,=,,,2026-02-10
OKG950028,"STEWART STONE, INC.-CUSHING",CUSHING,001,50050,Effluent Gross,Q1,MO AVG,2026-01-31,,,,C,No Discharge,2026-02-14
OKG950028,"STEWART STONE, INC.-CUSHING",CUSHING,001,50050,Effluent Gross,Q2,DAILY MX,2026-01-31,,,,C,No Discharge,2026-02-14
OK0026701,"CUSHING, CITY OF  - SOUTH STP",CUSHING,001,50050,Effluent Gross,Q1,MO AVG,2026-02-28,.624,MGD,=,,,2026-03-06
OK0026701,"CUSHING, CITY OF  - SOUTH STP",CUSHING,001,50050,Effluent Gross,Q2,DAILY MX,2026-02-28,.939,MGD,=,,,2026-03-06
OK0043320,GREENFIELD ENVIRONMENTAL MULTISTATE TRUST LLC-CUSHING,CUSHING,001,50050,Effluent Gross,Q1,MO AVG,2026-02-28,,,,C,No Discharge,2026-03-12
OK0043320,GREENFIELD ENVIRONMENTAL MULTISTATE TRUST LLC-CUSHING,CUSHING,001,50050,Effluent Gross,Q2,DAILY MX,2026-02-28,,,,C,No Discharge,2026-03-12
OK0043320,GREENFIELD ENVIRONMENTAL MULTISTATE TRUST LLC-CUSHING,CUSHING,007,50050,Effluent Gross,Q1,MO AVG,2026-02-28,,,,C,No Discharge,2026-03-12
OK0043320,GREENFIELD ENVIRONMENTAL MULTISTATE TRUST LLC-CUSHING,CUSHING,007,50050,Effluent Gross,Q2,DAILY MX,2026-02-28,,,,C,No Discharge,2026-03-12
OK0043320,GREENFIELD ENVIRONMENTAL MULTISTATE TRUST LLC-CUSHING,CUSHING,008,50050,Effluent Gross,Q1,MO AVG,2026-02-28,,,,C,No Discharge,2026-03-12
OK0043320,GREENFIELD ENVIRONMENTAL MULTISTATE TRUST LLC-CUSHING,CUSHING,008,50050,Effluent Gross,Q2,DAILY MX,2026-02-28,,,,C,No Discharge,2026-03-12
OK0044598,GREENFIELD ENVIRONMENTAL MULTISTATE TRUST LLC-SKULL CK,CUSHING,001,50050,Effluent Gross,Q1,MO AVG,2026-02-28,4000,gal/d,=,,,2026-03-12
OK0044598,GREENFIELD ENVIRONMENTAL MULTISTATE TRUST LLC-SKULL CK,CUSHING,001,50050,Effluent Gross,Q2,DAILY MX,2026-02-28,5500,gal/d,=,,,2026-03-12
OKG950028,"STEWART STONE, INC.-CUSHING",CUSHING,001,50050,Effluent Gross,Q1,MO AVG,2026-02-28,,,,C,No Discharge,2026-03-10
OKG950028,"STEWART STONE, INC.-CUSHING",CUSHING,001,50050,Effluent Gross,Q2,DAILY MX,2026-02-28,,,,C,No Discharge,2026-03-10
OK0026701,"CUSHING, CITY OF  - SOUTH STP",CUSHING,001,50050,Effluent Gross,Q1,MO AVG,2026-03-31,.612,MGD,=,,,2026-04-08
OK0026701,"CUSHING, CITY OF  - SOUTH STP",CUSHING,001,50050,Effluent Gross,Q2,DAILY MX,2026-03-31,.843,MGD,=,,,2026-04-08
OK0043320,GREENFIELD ENVIRONMENTAL MULTISTATE TRUST LLC-CUSHING,CUSHING,001,50050,Effluent Gross,Q1,MO AVG,2026-03-31,,,,C,No Discharge,2026-04-10
OK0043320,GREENFIELD ENVIRONMENTAL MULTISTATE TRUST LLC-CUSHING,CUSHING,001,50050,Effluent Gross,Q2,DAILY MX,2026-03-31,,,,C,No Discharge,2026-04-10
OK0043320,GREENFIELD ENVIRONMENTAL MULTISTATE TRUST LLC-CUSHING,CUSHING,007,50050,Effluent Gross,Q1,MO AVG,2026-03-31,,,,C,No Discharge,2026-04-10
OK0043320,GREENFIELD ENVIRONMENTAL MULTISTATE TRUST LLC-CUSHING,CUSHING,007,50050,Effluent Gross,Q2,DAILY MX,2026-03-31,,,,C,No Discharge,2026-04-10
OK0043320,GREENFIELD ENVIRONMENTAL MULTISTATE TRUST LLC-CUSHING,CUSHING,008,50050,Effluent Gross,Q1,MO AVG,2026-03-31,,,,C,No Discharge,2026-04-10
OK0043320,GREENFIELD ENVIRONMENTAL MULTISTATE TRUST LLC-CUSHING,CUSHING,008,50050,Effluent Gross,Q2,DAILY MX,2026-03-31,,,,C,No Discharge,2026-04-10
OK0044598,GREENFIELD ENVIRONMENTAL MULTISTATE TRUST LLC-SKULL CK,CUSHING,001,50050,Effluent Gross,Q1,MO AVG,2026-03-31,5740,gal/d,=,,,2026-04-10
OK0044598,GREENFIELD ENVIRONMENTAL MULTISTATE TRUST LLC-SKULL CK,CUSHING,001,50050,Effluent Gross,Q2,DAILY MX,2026-03-31,9360,gal/d,=,,,2026-04-10
OKG950028,"STEWART STONE, INC.-CUSHING",CUSHING,001,50050,Effluent Gross,Q1,MO AVG,2026-03-31,,,,C,No Discharge,2026-04-07
OKG950028,"STEWART STONE, INC.-CUSHING",CUSHING,001,50050,Effluent Gross,Q2,DAILY MX,2026-03-31,,,,C,No Discharge,2026-04-07
OK0026701,"CUSHING, CITY OF  - SOUTH STP",CUSHING,001,50050,Effluent Gross,Q1,MO AVG,2026-04-30,1.155,MGD,=,,,2026-05-07
OK0026701,"CUSHING, CITY OF  - SOUTH STP",CUSHING,001,50050,Effluent Gross,Q2,DAILY MX,2026-04-30,1.816,MGD,=,,,2026-05-07
OK0043320,GREENFIELD ENVIRONMENTAL MULTISTATE TRUST LLC-CUSHING,CUSHING,001,50050,Effluent Gross,Q1,MO AVG,2026-04-30,,,,C,No Discharge,2026-05-06
OK0043320,GREENFIELD ENVIRONMENTAL MULTISTATE TRUST LLC-CUSHING,CUSHING,001,50050,Effluent Gross,Q2,DAILY MX,2026-04-30,,,,C,No Discharge,2026-05-06
OK0043320,GREENFIELD ENVIRONMENTAL MULTISTATE TRUST LLC-CUSHING,CUSHING,007,50050,Effluent Gross,Q1,MO AVG,2026-04-30,,,,C,No Discharge,2026-05-06
OK0043320,GREENFIELD ENVIRONMENTAL MULTISTATE TRUST LLC-CUSHING,CUSHING,007,50050,Effluent Gross,Q2,DAILY MX,2026-04-30,,,,C,No Discharge,2026-05-06
OK0043320,GREENFIELD ENVIRONMENTAL MULTISTATE TRUST LLC-CUSHING,CUSHING,008,50050,Effluent Gross,Q1,MO AVG,2026-04-30,,,,C,No Discharge,2026-05-06
OK0043320,GREENFIELD ENVIRONMENTAL MULTISTATE TRUST LLC-CUSHING,CUSHING,008,50050,Effluent Gross,Q2,DAILY MX,2026-04-30,,,,C,No Discharge,2026-05-06
OK0044598,GREENFIELD ENVIRONMENTAL MULTISTATE TRUST LLC-SKULL CK,CUSHING,001,50050,Effluent Gross,Q1,MO AVG,2026-04-30,7700,gal/d,=,,,2026-05-06
OK0044598,GREENFIELD ENVIRONMENTAL MULTISTATE TRUST LLC-SKULL CK,CUSHING,001,50050,Effluent Gross,Q2,DAILY MX,2026-04-30,9400,gal/d,=,,,2026-05-06
OKG950028,"STEWART STONE, INC.-CUSHING",CUSHING,001,50050,Effluent Gross,Q1,MO AVG,2026-04-30,,,,C,No Discharge,2026-05-01
OKG950028,"STEWART STONE, INC.-CUSHING",CUSHING,001,50050,Effluent Gross,Q2,DAILY MX,2026-04-30,,,,C,No Discharge,2026-05-01
OK0026701,"CUSHING, CITY OF  - SOUTH STP",CUSHING,001,50050,Effluent Gross,Q1,MO AVG,2026-05-31,.961,MGD,=,,,2026-06-05
OK0026701,"CUSHING, CITY OF  - SOUTH STP",CUSHING,001,50050,Effluent Gross,Q2,DAILY MX,2026-05-31,1.227,MGD,=,,,2026-06-05
OK0043320,GREENFIELD ENVIRONMENTAL MULTISTATE TRUST LLC-CUSHING,CUSHING,001,50050,Effluent Gross,Q1,MO AVG,2026-05-31,,,,C,No Discharge,2026-06-11
OK0043320,GREENFIELD ENVIRONMENTAL MULTISTATE TRUST LLC-CUSHING,CUSHING,001,50050,Effluent Gross,Q2,DAILY MX,2026-05-31,,,,C,No Discharge,2026-06-11
OK0043320,GREENFIELD ENVIRONMENTAL MULTISTATE TRUST LLC-CUSHING,CUSHING,007,50050,Effluent Gross,Q1,MO AVG,2026-05-31,,,,C,No Discharge,2026-06-11
OK0043320,GREENFIELD ENVIRONMENTAL MULTISTATE TRUST LLC-CUSHING,CUSHING,007,50050,Effluent Gross,Q2,DAILY MX,2026-05-31,,,,C,No Discharge,2026-06-11
OK0043320,GREENFIELD ENVIRONMENTAL MULTISTATE TRUST LLC-CUSHING,CUSHING,008,50050,Effluent Gross,Q1,MO AVG,2026-05-31,,,,C,No Discharge,2026-06-11
OK0043320,GREENFIELD ENVIRONMENTAL MULTISTATE TRUST LLC-CUSHING,CUSHING,008,50050,Effluent Gross,Q2,DAILY MX,2026-05-31,,,,C,No Discharge,2026-06-11
OK0044598,GREENFIELD ENVIRONMENTAL MULTISTATE TRUST LLC-SKULL CK,CUSHING,001,50050,Effluent Gross,Q1,MO AVG,2026-05-31,4300,gal/d,=,,,2026-06-11
OK0044598,GREENFIELD ENVIRONMENTAL MULTISTATE TRUST LLC-SKULL CK,CUSHING,001,50050,Effluent Gross,Q2,DAILY MX,2026-05-31,5500,gal/d,=,,,2026-06-11
OKG950028,"STEWART STONE, INC.-CUSHING",CUSHING,001,50050,Effluent Gross,Q1,MO AVG,2026-05-31,,,,C,No Discharge,2026-07-07
OKG950028,"STEWART STONE, INC.-CUSHING",CUSHING,001,50050,Effluent Gross,Q2,DAILY MX,2026-05-31,,,,C,No Discharge,2026-07-07
OK0026701,"CUSHING, CITY OF  - SOUTH STP",CUSHING,001,50050,Effluent Gross,Q1,MO AVG,2026-06-30,1.369,MGD,=,,,2026-07-07
OK0026701,"CUSHING, CITY OF  - SOUTH STP",CUSHING,001,50050,Effluent Gross,Q2,DAILY MX,2026-06-30,2.782,MGD,=,,,2026-07-07
OK0043320,GREENFIELD ENVIRONMENTAL MULTISTATE TRUST LLC-CUSHING,CUSHING,001,50050,Effluent Gross,Q1,MO AVG,2026-06-30,,,,C,No Discharge,2026-07-13
OK0043320,GREENFIELD ENVIRONMENTAL MULTISTATE TRUST LLC-CUSHING,CUSHING,001,50050,Effluent Gross,Q2,DAILY MX,2026-06-30,,,,C,No Discharge,2026-07-13
OK0043320,GREENFIELD ENVIRONMENTAL MULTISTATE TRUST LLC-CUSHING,CUSHING,007,50050,Effluent Gross,Q1,MO AVG,2026-06-30,,,,C,No Discharge,2026-07-13
OK0043320,GREENFIELD ENVIRONMENTAL MULTISTATE TRUST LLC-CUSHING,CUSHING,007,50050,Effluent Gross,Q2,DAILY MX,2026-06-30,,,,C,No Discharge,2026-07-13
OK0043320,GREENFIELD ENVIRONMENTAL MULTISTATE TRUST LLC-CUSHING,CUSHING,008,50050,Effluent Gross,Q1,MO AVG,2026-06-30,,,,C,No Discharge,2026-07-13
OK0043320,GREENFIELD ENVIRONMENTAL MULTISTATE TRUST LLC-CUSHING,CUSHING,008,50050,Effluent Gross,Q2,DAILY MX,2026-06-30,,,,C,No Discharge,2026-07-13
OK0044598,GREENFIELD ENVIRONMENTAL MULTISTATE TRUST LLC-SKULL CK,CUSHING,001,50050,Effluent Gross,Q1,MO AVG,2026-06-30,8900,gal/d,=,,,2026-07-13
OK0044598,GREENFIELD ENVIRONMENTAL MULTISTATE TRUST LLC-SKULL CK,CUSHING,001,50050,Effluent Gross,Q2,DAILY MX,2026-06-30,19100,gal/d,=,,,2026-07-13
OKG950028,"STEWART STONE, INC.-CUSHING",CUSHING,001,50050,Effluent Gross,Q1,MO AVG,2026-06-30,,,,C,No Discharge,2026-07-07
OKG950028,"STEWART STONE, INC.-CUSHING",CUSHING,001,50050,Effluent Gross,Q2,DAILY MX,2026-06-30,,,,C,No Discharge,2026-07-07
OK0026701,"CUSHING, CITY OF  - SOUTH STP",CUSHING,001,50050,Effluent Gross,Q1,MO AVG,2026-07-31,1.041,MGD,=,,,2026-08-07
OK0026701,"CUSHING, CITY OF  - SOUTH STP",CUSHING,001,50050,Effluent Gross,Q2,DAILY MX,2026-07-31,1.506,MGD,=,,,2026-08-07
OK0043320,GREENFIELD ENVIRONMENTAL MULTISTATE TRUST LLC-CUSHING,CUSHING,001,50050,Effluent Gross,Q1,MO AVG,2026-07-31,,,,C,No Discharge,2026-08-13
OK0043320,GREENFIELD ENVIRONMENTAL MULTISTATE TRUST LLC-CUSHING,CUSHING,001,50050,Effluent Gross,Q2,DAILY MX,2026-07-31,,,,C,No Discharge,2026-08-13
OK0043320,GREENFIELD ENVIRONMENTAL MULTISTATE TRUST LLC-CUSHING,CUSHING,007,50050,Effluent Gross,Q1,MO AVG,2026-07-31,.06,MGD,=,,,2026-08-13
OK0043320,GREENFIELD ENVIRONMENTAL MULTISTATE TRUST LLC-CUSHING,CUSHING,007,50050,Effluent Gross,Q2,DAILY MX,2026-07-31,.08,MGD,=,,,2026-08-13
OK0043320,GREENFIELD ENVIRONMENTAL MULTISTATE TRUST LLC-CUSHING,CUSHING,008,50050,Effluent Gross,Q1,MO AVG,2026-07-31,.08,MGD,=,,,2026-08-13
OK0043320,GREENFIELD ENVIRONMENTAL MULTISTATE TRUST LLC-CUSHING,CUSHING,008,50050,Effluent Gross,Q2,DAILY MX,2026-07-31,.09,MGD,=,,,2026-08-13
OK0044598,GREENFIELD ENVIRONMENTAL MULTISTATE TRUST LLC-SKULL CK,CUSHING,001,50050,Effluent Gross,Q1,MO AVG,2026-07-31,8653,gal/d,=,,,2026-08-13
OK0044598,GREENFIELD ENVIRONMENTAL MULTISTATE TRUST LLC-SKULL CK,CUSHING,001,50050,Effluent Gross,Q2,DAILY MX,2026-07-31,11032,gal/d,=,,,2026-08-13
OKG950028,"STEWART STONE, INC.-CUSHING",CUSHING,001,50050,Effluent Gross,Q1,MO AVG,2026-07-31,,,,C,No Discharge,2026-08-10
OKG950028,"STEWART STONE, INC.-CUSHING",CUSHING,001,50050,Effluent Gross,Q2,DAILY MX,2026-07-31,,,,C,No Discharge,2026-08-10
